station,field,config,flag_day,explained_by,event_day,lag_days
70026027502,TMP,diurnal,29.292361111111113,quality,29.286805555555556,0.0056
70026027502,TMP,diurnal,44.49513888888889,quality,43.95902777777778,0.5361
70026027502,TMP,diurnal,83.66666666666667,quality,83.62013888888889,0.0465
70026027502,TMP,diurnal,94.69444444444444,quality,93.95347222222222,0.741
70026027502,TMP,diurnal,98.24513888888889,quality,97.91180555555556,0.3333
70026027502,TMP,diurnal,157.64375,quality,157.6201388888889,0.0236
70026027502,TMP,diurnal,288.93611111111113,quality,287.78680555555553,1.1493
70026027502,TMP,diurnal,316.86875,quality,316.2034722222222,0.6653
70026027502,TMP,diurnal,324.2708333333333,quality,324.2451388888889,0.0257
70063727406,TMP,diurnal,7.0368055555555555,none,,
70063727406,TMP,diurnal,45.62013888888889,quality,45.49513888888889,0.125
70063727406,TMP,diurnal,55.91180555555555,none,,
70063727406,TMP,diurnal,94.91180555555556,none,,
70063727406,TMP,diurnal,102.70138888888889,none,,
70063727406,TMP,diurnal,112.49513888888889,none,,
70063727406,TMP,diurnal,123.45347222222222,none,,
70063727406,TMP,diurnal,134.3701388888889,quality,134.32847222222222,0.0417
70063727406,TMP,diurnal,165.20347222222222,none,,
70063727406,TMP,diurnal,177.1201388888889,none,,
70063727406,TMP,diurnal,206.41180555555556,none,,
70063727406,TMP,diurnal,246.7451388888889,none,,
70063727406,TMP,diurnal,273.26180555555555,none,,
70063727406,TMP,diurnal,289.7986111111111,none,,
70063727406,TMP,diurnal,294.6201388888889,none,,
70063727406,TMP,diurnal,301.27569444444447,none,,
70063727406,TMP,diurnal,324.7034722222222,none,,
70063727406,TMP,diurnal,330.4534722222222,none,,
70063727406,TMP,diurnal,363.8701388888889,none,,
70133026616,TMP,diurnal,13.245138888888889,quality,13.203472222222222,0.0417
70133026616,TMP,diurnal,16.411805555555556,none,,
70133026616,TMP,diurnal,29.70347222222222,quality,28.041666666666668,1.6618
70133026616,TMP,diurnal,45.15208333333333,quality,44.331944444444446,0.8201
70133026616,TMP,diurnal,57.75,none,,
70133026616,TMP,diurnal,62.43819444444444,quality,62.363194444444446,0.075
70133026616,TMP,diurnal,66.16180555555556,none,,
70133026616,TMP,diurnal,79.29652777777778,none,,
70133026616,TMP,diurnal,83.07847222222222,none,,
70133026616,TMP,diurnal,87.52708333333334,none,,
70133026616,TMP,diurnal,91.4173611111111,none,,
70133026616,TMP,diurnal,101.28680555555556,quality,100.9798611111111,0.3069
70133026616,TMP,diurnal,105.53680555555556,none,,
70133026616,TMP,diurnal,109.59861111111111,none,,
70133026616,TMP,diurnal,122.49513888888889,quality,120.91944444444445,1.5757
70133026616,TMP,diurnal,135.78680555555556,none,,
70133026616,TMP,diurnal,142.03680555555556,none,,
70133026616,TMP,diurnal,150.2451388888889,none,,
70133026616,TMP,diurnal,159.95347222222222,none,,
70133026616,TMP,diurnal,177.375,none,,
70133026616,TMP,diurnal,193.28680555555556,none,,
70133026616,TMP,diurnal,200.16180555555556,none,,
70133026616,TMP,diurnal,211.95347222222222,none,,
70133026616,TMP,diurnal,219.5,none,,
70133026616,TMP,diurnal,231.7451388888889,none,,
70133026616,TMP,diurnal,239.25,none,,
70133026616,TMP,diurnal,244.5,none,,
70133026616,TMP,diurnal,249.82847222222222,none,,
70133026616,TMP,diurnal,258.375,none,,
70133026616,TMP,diurnal,266.875,none,,
70133026616,TMP,diurnal,291.4951388888889,none,,
70133026616,TMP,diurnal,298.8701388888889,quality,297.75,1.1201
70133026616,TMP,diurnal,324.46319444444447,none,,
70133026616,TMP,diurnal,331.2451388888889,quality,330.69305555555553,0.5521
70133026616,TMP,diurnal,349.6201388888889,none,,
70133026616,TMP,diurnal,356.7034722222222,none,,
70174026533,TMP,diurnal,7.4534722222222225,quality,6.7034722222222225,0.75
70174026533,TMP,diurnal,29.07847222222222,quality,28.585416666666667,0.4931
70174026533,TMP,diurnal,58.12013888888889,none,,
70174026533,TMP,diurnal,162.6201388888889,none,,
70174026533,TMP,diurnal,217.5,none,,
70174026533,TMP,diurnal,291.26875,none,,
70174026533,TMP,diurnal,348.2034722222222,none,,
70200026617,TMP,diurnal,20.37013888888889,none,,
70200026617,TMP,diurnal,30.87013888888889,quality,29.70486111111111,1.1653
70200026617,TMP,diurnal,57.87013888888889,none,,
70200026617,TMP,diurnal,75.87013888888889,none,,
70200026617,TMP,diurnal,83.87013888888889,none,,
70200026617,TMP,diurnal,87.28680555555556,none,,
70200026617,TMP,diurnal,98.625,none,,
70200026617,TMP,diurnal,109.49513888888889,none,,
70200026617,TMP,diurnal,126.125,none,,
70200026617,TMP,diurnal,145.1201388888889,none,,
70200026617,TMP,diurnal,204.0,none,,
70200026617,TMP,diurnal,232.53680555555556,none,,
70200026617,TMP,diurnal,236.5,none,,
70200026617,TMP,diurnal,241.91180555555556,none,,
70200026617,TMP,diurnal,246.7451388888889,none,,
70200026617,TMP,diurnal,301.31597222222223,none,,
70200026617,TMP,diurnal,307.26180555555555,none,,
70200026617,TMP,diurnal,313.7451388888889,none,,
70200026617,TMP,diurnal,323.68194444444447,none,,
70200026617,TMP,diurnal,330.78680555555553,none,,
70200026617,TMP,diurnal,350.3701388888889,none,,
70200026617,TMP,diurnal,363.7034722222222,none,,
70219026615,TMP,diurnal,9.745138888888889,none,,
70219026615,TMP,diurnal,20.5,none,,
70219026615,TMP,diurnal,44.875,none,,
70219026615,TMP,diurnal,58.74513888888889,none,,
70219026615,TMP,diurnal,74.37013888888889,quality,73.30833333333334,1.0618
70219026615,TMP,diurnal,93.41180555555556,none,,
70219026615,TMP,diurnal,97.95347222222222,none,,
70219026615,TMP,diurnal,131.625,none,,
70219026615,TMP,diurnal,155.53680555555556,none,,
70219026615,TMP,diurnal,169.2451388888889,none,,
70219026615,TMP,diurnal,178.25,none,,
70219026615,TMP,diurnal,201.25,quality,199.9951388888889,1.2549
70219026615,TMP,diurnal,216.6201388888889,none,,
70219026615,TMP,diurnal,232.9951388888889,none,,
70219026615,TMP,diurnal,244.70347222222222,none,,
70219026615,TMP,diurnal,298.75,none,,
70219026615,TMP,diurnal,324.5854166666667,none,,
70219026615,TMP,diurnal,331.875,none,,
70219026615,TMP,diurnal,337.8701388888889,none,,
70219026615,TMP,diurnal,350.0784722222222,none,,
70219026615,TMP,diurnal,362.28680555555553,none,,
70222026501,TMP,diurnal,11.705555555555556,none,,
70222026501,TMP,diurnal,16.686805555555555,none,,
70222026501,TMP,diurnal,68.91388888888889,none,,
70222026501,TMP,diurnal,76.6138888888889,none,,
70222026501,TMP,diurnal,87.70208333333333,none,,
70222026501,TMP,diurnal,93.61527777777778,none,,
70222026501,TMP,diurnal,99.12222222222222,none,,
70222026501,TMP,diurnal,207.49583333333334,none,,
70222026501,TMP,diurnal,217.1638888888889,none,,
70222026501,TMP,diurnal,277.6638888888889,none,,
70222026501,TMP,diurnal,324.2055555555556,none,,
70222026501,TMP,diurnal,331.4458333333333,none,,
70222026501,TMP,diurnal,349.6638888888889,none,,
70231026510,TMP,diurnal,12.625,none,,
70231026510,TMP,diurnal,22.24513888888889,none,,
70231026510,TMP,diurnal,30.45347222222222,none,,
70231026510,TMP,diurnal,42.60138888888889,none,,
70231026510,TMP,diurnal,62.875,none,,
70231026510,TMP,diurnal,72.66180555555556,none,,
70231026510,TMP,diurnal,97.62013888888889,none,,
70231026510,TMP,diurnal,142.32847222222222,none,,
70231026510,TMP,diurnal,233.03680555555556,quality,232.91180555555556,0.125
70231026510,TMP,diurnal,238.91180555555556,none,,
70231026510,TMP,diurnal,277.5784722222222,none,,
70231026510,TMP,diurnal,300.625,none,,
70231026510,TMP,diurnal,324.03680555555553,none,,
70231026510,TMP,diurnal,327.28680555555553,none,,
70231026510,TMP,diurnal,331.45208333333335,none,,
70231026510,TMP,diurnal,336.8701388888889,none,,
70231026510,TMP,diurnal,346.2451388888889,none,,
70231026510,TMP,diurnal,350.52708333333334,none,,
70251026528,TMP,diurnal,6.6618055555555555,none,,
70251026528,TMP,diurnal,18.036805555555556,quality,17.0,1.0368
70251026528,TMP,diurnal,34.37013888888889,quality,33.0,1.3701
70251026528,TMP,diurnal,45.91180555555555,none,,
70251026528,TMP,diurnal,57.5,none,,
70251026528,TMP,diurnal,68.66180555555556,none,,
70251026528,TMP,diurnal,157.16180555555556,none,,
70251026528,TMP,diurnal,166.57847222222222,none,,
70251026528,TMP,diurnal,192.16180555555556,none,,
70251026528,TMP,diurnal,218.9951388888889,none,,
70251026528,TMP,diurnal,223.00416666666666,none,,
70251026528,TMP,diurnal,226.8701388888889,none,,
70251026528,TMP,diurnal,260.4534722222222,none,,
70251026528,TMP,diurnal,266.625,none,,
70251026528,TMP,diurnal,275.56041666666664,none,,
70251026528,TMP,diurnal,297.7451388888889,none,,
70251026528,TMP,diurnal,331.9534722222222,none,,
70251026528,TMP,diurnal,362.7034722222222,none,,
70259026523,TMP,diurnal,10.870138888888889,none,,
70259026523,TMP,diurnal,17.99513888888889,none,,
70259026523,TMP,diurnal,68.41180555555556,none,,
70259026523,TMP,diurnal,166.9951388888889,none,,
70259026523,TMP,diurnal,202.20347222222222,none,,
70259026523,TMP,diurnal,209.70347222222222,none,,
70259026523,TMP,diurnal,266.7034722222222,none,,
70259026523,TMP,diurnal,316.4534722222222,none,,
70261026411,TMP,diurnal,7.375,none,,
70261026411,TMP,diurnal,35.0,quality,34.541666666666664,0.4583
70261026411,TMP,diurnal,93.07847222222222,none,,
70261026411,TMP,diurnal,160.16180555555556,none,,
70261026411,TMP,diurnal,182.95347222222222,none,,
70261026411,TMP,diurnal,217.25,none,,
70261026411,TMP,diurnal,229.20208333333332,none,,
70261026411,TMP,diurnal,274.6201388888889,none,,
70261026411,TMP,diurnal,319.8284722222222,none,,
70267026415,TMP,diurnal,16.081944444444446,none,,
70267026415,TMP,diurnal,35.24513888888889,quality,33.84861111111111,1.3965
70267026415,TMP,diurnal,41.203472222222224,none,,
70267026415,TMP,diurnal,79.49513888888889,none,,
70267026415,TMP,diurnal,106.66180555555556,none,,
70267026415,TMP,diurnal,209.03680555555556,none,,
70267026415,TMP,diurnal,215.05,none,,
70267026415,TMP,diurnal,232.41180555555556,none,,
70267026415,TMP,diurnal,259.4534722222222,none,,
70267026415,TMP,diurnal,272.28680555555553,none,,
70267026415,TMP,diurnal,294.375,none,,
70267026415,TMP,diurnal,298.61875,none,,
70267026415,TMP,diurnal,305.53680555555553,none,,
70267026415,TMP,diurnal,319.9951388888889,none,,
70267026415,TMP,diurnal,325.28333333333336,none,,
70267026415,TMP,diurnal,333.9951388888889,none,,
70267026415,TMP,diurnal,341.78680555555553,quality,341.0784722222222,0.7083
70267026415,TMP,diurnal,349.16180555555553,none,,
70267026415,TMP,diurnal,365.5,none,,
70271026425,TMP,diurnal,6.8284722222222225,none,,
70271026425,TMP,diurnal,17.49513888888889,none,,
70271026425,TMP,diurnal,30.49513888888889,none,,
70271026425,TMP,diurnal,50.75,none,,
70271026425,TMP,diurnal,72.66180555555556,none,,
70271026425,TMP,diurnal,77.91180555555556,none,,
70271026425,TMP,diurnal,166.125,none,,
70271026425,TMP,diurnal,176.39375,none,,
70271026425,TMP,diurnal,182.25,none,,
70271026425,TMP,diurnal,232.32847222222222,none,,
70271026425,TMP,diurnal,243.4951388888889,none,,
70271026425,TMP,diurnal,271.625,none,,
70271026425,TMP,diurnal,294.75,none,,
70271026425,TMP,diurnal,309.7034722222222,none,,
70271026425,TMP,diurnal,342.4951388888889,none,,
70272026401,TMP,diurnal,15.121527777777779,quality,14.686111111111112,0.4354
70272026401,TMP,diurnal,46.62152777777778,none,,
70272026401,TMP,diurnal,92.91319444444444,none,,
70272026401,TMP,diurnal,295.53819444444446,none,,
70272026401,TMP,diurnal,323.0798611111111,none,,
70272026401,TMP,diurnal,331.87152777777777,quality,331.28819444444446,0.5833
70272526491,TMP,diurnal,18.32847222222222,none,,
70272526491,TMP,diurnal,34.62013888888889,none,,
70272526491,TMP,diurnal,157.66180555555556,none,,
70272526491,TMP,diurnal,294.9951388888889,none,,
70272526491,TMP,diurnal,311.3284722222222,none,,
70272526491,TMP,diurnal,319.90694444444443,none,,
70272526491,TMP,diurnal,344.2034722222222,none,,
70273026451,TMP,diurnal,6.8284722222222225,none,,
70273026451,TMP,diurnal,13.777083333333334,none,,
70273026451,TMP,diurnal,18.411805555555556,none,,
70273026451,TMP,diurnal,35.0,none,,
70273026451,TMP,diurnal,41.74513888888889,none,,
70273026451,TMP,diurnal,107.91180555555556,none,,
70273026451,TMP,diurnal,152.75,none,,
70273026451,TMP,diurnal,219.375,none,,
70273026451,TMP,diurnal,223.95347222222222,none,,
70273026451,TMP,diurnal,266.66180555555553,none,,
70273026451,TMP,diurnal,271.78680555555553,none,,
70273026451,TMP,diurnal,295.0,none,,
70273026451,TMP,diurnal,344.78680555555553,none,,
70273026451,TMP,diurnal,351.4534722222222,none,,
70273526409,TMP,diurnal,18.32847222222222,none,,
70273526409,TMP,diurnal,55.703472222222224,none,,
70273526409,TMP,diurnal,131.91180555555556,none,,
70273526409,TMP,diurnal,219.41180555555556,none,,
70273526409,TMP,diurnal,267.0784722222222,none,,
70273526409,TMP,diurnal,278.03680555555553,none,,
70273526409,TMP,diurnal,295.03680555555553,none,,
70273526409,TMP,diurnal,310.78680555555553,none,,
70273526409,TMP,diurnal,323.18958333333336,none,,
70273526409,TMP,diurnal,332.35277777777776,none,,
70291026412,TMP,diurnal,29.161805555555556,none,,
70291026412,TMP,diurnal,55.328472222222224,quality,54.28680555555555,1.0417
70291026412,TMP,diurnal,231.9951388888889,none,,
70291026412,TMP,diurnal,302.53680555555553,none,,
70291026412,TMP,diurnal,311.0784722222222,none,,
70291026412,TMP,diurnal,326.3701388888889,none,,
70291026412,TMP,diurnal,332.9951388888889,none,,
70296026410,TMP,diurnal,7.138888888888889,none,,
70296026410,TMP,diurnal,31.32847222222222,none,,
70296026410,TMP,diurnal,108.70347222222222,none,,
70296026410,TMP,diurnal,160.47222222222223,none,,
70296026410,TMP,diurnal,166.3701388888889,quality,166.28680555555556,0.0833
70296026410,TMP,diurnal,199.5875,none,,
70296026410,TMP,diurnal,261.47222222222223,none,,
70308025713,TMP,diurnal,5.342361111111111,none,,
70308025713,TMP,diurnal,8.536805555555556,none,,
70308025713,TMP,diurnal,14.411805555555556,none,,
70308025713,TMP,diurnal,29.527083333333334,none,,
70308025713,TMP,diurnal,32.61875,none,,
70308025713,TMP,diurnal,42.49513888888889,none,,
70308025713,TMP,diurnal,55.72847222222222,none,,
70308025713,TMP,diurnal,78.03680555555556,none,,
70308025713,TMP,diurnal,85.60833333333333,none,,
70308025713,TMP,diurnal,87.95347222222222,none,,
70308025713,TMP,diurnal,92.21944444444445,none,,
70308025713,TMP,diurnal,98.78472222222223,none,,
70308025713,TMP,diurnal,121.87013888888889,quality,120.525,1.3451
70308025713,TMP,diurnal,130.20347222222222,none,,
70308025713,TMP,diurnal,156.32847222222222,none,,
70308025713,TMP,diurnal,183.28680555555556,none,,
70308025713,TMP,diurnal,211.96319444444444,none,,
70308025713,TMP,diurnal,221.45347222222222,none,,
70308025713,TMP,diurnal,226.45347222222222,none,,
70308025713,TMP,diurnal,269.25902777777776,none,,
70308025713,TMP,diurnal,280.53680555555553,none,,
70308025713,TMP,diurnal,316.3284722222222,none,,
70308025713,TMP,diurnal,323.66180555555553,none,,
70308025713,TMP,diurnal,336.0513888888889,none,,
70308025713,TMP,diurnal,342.6875,none,,
70308025713,TMP,diurnal,345.9583333333333,none,,
70308025713,TMP,diurnal,364.1201388888889,none,,
70316025624,TMP,diurnal,15.870138888888889,none,,
70316025624,TMP,diurnal,30.95347222222222,none,,
70316025624,TMP,diurnal,35.138194444444444,none,,
70316025624,TMP,diurnal,42.12013888888889,none,,
70316025624,TMP,diurnal,45.03680555555555,none,,
70316025624,TMP,diurnal,49.05277777777778,none,,
70316025624,TMP,diurnal,61.37916666666667,none,,
70316025624,TMP,diurnal,75.99513888888889,none,,
70316025624,TMP,diurnal,86.25,none,,
70316025624,TMP,diurnal,98.99513888888889,none,,
70316025624,TMP,diurnal,122.49513888888889,none,,
70316025624,TMP,diurnal,135.20347222222222,none,,
70316025624,TMP,diurnal,154.6201388888889,none,,
70316025624,TMP,diurnal,158.20347222222222,none,,
70316025624,TMP,diurnal,185.6263888888889,none,,
70316025624,TMP,diurnal,201.41180555555556,none,,
70316025624,TMP,diurnal,213.78680555555556,none,,
70316025624,TMP,diurnal,257.8701388888889,none,,
70316025624,TMP,diurnal,294.5,none,,
70316025624,TMP,diurnal,308.5,none,,
70316025624,TMP,diurnal,326.0784722222222,none,,
70316025624,TMP,diurnal,336.0784722222222,none,,
70316025624,TMP,diurnal,342.5784722222222,none,,
70316025624,TMP,diurnal,363.25,none,,
70326025503,TMP,diurnal,10.375,none,,
70326025503,TMP,diurnal,30.544444444444444,none,,
70326025503,TMP,diurnal,44.0,quality,43.99583333333333,0.0042
70326025503,TMP,diurnal,55.704166666666666,none,,
70326025503,TMP,diurnal,62.875,none,,
70326025503,TMP,diurnal,74.0375,none,,
70326025503,TMP,diurnal,88.62083333333334,none,,
70326025503,TMP,diurnal,147.3527777777778,none,,
70326025503,TMP,diurnal,156.2875,none,,
70326025503,TMP,diurnal,183.74583333333334,none,,
70326025503,TMP,diurnal,199.875,none,,
70326025503,TMP,diurnal,212.0375,quality,211.7875,0.25
70326025503,TMP,diurnal,216.70416666666668,none,,
70326025503,TMP,diurnal,228.4423611111111,none,,
70326025503,TMP,diurnal,266.7875,none,,
70326025503,TMP,diurnal,277.0,none,,
70326025503,TMP,diurnal,285.0375,none,,
70326025503,TMP,diurnal,301.5,none,,
70326025503,TMP,diurnal,310.07916666666665,none,,
70326025503,TMP,diurnal,333.74583333333334,none,,
70326025503,TMP,diurnal,357.85,none,,
70326025503,TMP,diurnal,362.18402777777777,none,,
70340025506,TMP,diurnal,8.120138888888889,none,,
70340025506,TMP,diurnal,34.078472222222224,none,,
70340025506,TMP,diurnal,38.953472222222224,none,,
70340025506,TMP,diurnal,51.453472222222224,none,,
70340025506,TMP,diurnal,56.828472222222224,none,,
70340025506,TMP,diurnal,62.125,none,,
70340025506,TMP,diurnal,65.74513888888889,none,,
70340025506,TMP,diurnal,79.41180555555556,none,,
70340025506,TMP,diurnal,85.92847222222223,quality,85.58888888888889,0.3396
70340025506,TMP,diurnal,99.28680555555556,none,,
70340025506,TMP,diurnal,103.49513888888889,quality,102.53194444444445,0.9632
70340025506,TMP,diurnal,118.16180555555556,none,,
70340025506,TMP,diurnal,146.32847222222222,none,,
70340025506,TMP,diurnal,160.125,none,,
70340025506,TMP,diurnal,166.7451388888889,quality,166.20347222222222,0.5417
70340025506,TMP,diurnal,174.32847222222222,none,,
70340025506,TMP,diurnal,207.20347222222222,none,,
70340025506,TMP,diurnal,213.1201388888889,none,,
70340025506,TMP,diurnal,227.70347222222222,none,,
70340025506,TMP,diurnal,265.75,none,,
70340025506,TMP,diurnal,271.8284722222222,none,,
70340025506,TMP,diurnal,285.0784722222222,none,,
70340025506,TMP,diurnal,306.41180555555553,none,,
70340025506,TMP,diurnal,319.375,quality,318.9840277777778,0.391
70340025506,TMP,diurnal,325.1201388888889,none,,
70341025507,TMP,diurnal,11.453472222222222,none,,
70341025507,TMP,diurnal,37.953472222222224,quality,37.16041666666667,0.7931
70341025507,TMP,diurnal,63.78680555555555,none,,
70341025507,TMP,diurnal,141.57847222222222,none,,
70341025507,TMP,diurnal,167.41180555555556,none,,
70341025507,TMP,diurnal,231.9638888888889,none,,
70341025507,TMP,diurnal,290.66180555555553,none,,
70341025507,TMP,diurnal,319.5784722222222,none,,
70341025507,TMP,diurnal,326.2451388888889,none,,
70341025507,TMP,diurnal,365.78680555555553,none,,
70350025501,TMP,diurnal,5.6618055555555555,none,,
70350025501,TMP,diurnal,15.953472222222222,none,,
70350025501,TMP,diurnal,24.286805555555556,none,,
70350025501,TMP,diurnal,31.161805555555556,none,,
70350025501,TMP,diurnal,59.25,none,,
70350025501,TMP,diurnal,79.45347222222222,none,,
70350025501,TMP,diurnal,119.70347222222222,none,,
70350025501,TMP,diurnal,125.25,none,,
70350025501,TMP,diurnal,129.94027777777777,none,,
70350025501,TMP,diurnal,156.20347222222222,none,,
70350025501,TMP,diurnal,166.875,none,,
70350025501,TMP,diurnal,173.8701388888889,none,,
70350025501,TMP,diurnal,186.5,none,,
70350025501,TMP,diurnal,202.2451388888889,none,,
70350025501,TMP,diurnal,212.70347222222222,none,,
70350025501,TMP,diurnal,222.9951388888889,none,,
70350025501,TMP,diurnal,230.82847222222222,none,,
70350025501,TMP,diurnal,257.41180555555553,none,,
70350025501,TMP,diurnal,271.5833333333333,none,,
70350025501,TMP,diurnal,276.16180555555553,none,,
70350025501,TMP,diurnal,284.0,none,,
70350025501,TMP,diurnal,289.5784722222222,none,,
70350025501,TMP,diurnal,308.875,none,,
70350025501,TMP,diurnal,313.6388888888889,none,,
70350025501,TMP,diurnal,326.4534722222222,none,,
70350025501,TMP,diurnal,347.41180555555553,none,,
70350025501,TMP,diurnal,361.9347222222222,none,,
70361025339,TMP,diurnal,6.726388888888889,none,,
70361025339,TMP,diurnal,16.130555555555556,none,,
70361025339,TMP,diurnal,34.50277777777778,none,,
70361025339,TMP,diurnal,37.77013888888889,none,,
70361025339,TMP,diurnal,44.15694444444444,none,,
70361025339,TMP,diurnal,56.453472222222224,none,,
70361025339,TMP,diurnal,61.625,none,,
70361025339,TMP,diurnal,106.07847222222222,quality,104.77361111111111,1.3049
70361025339,TMP,diurnal,125.12013888888889,none,,
70361025339,TMP,diurnal,139.5,none,,
70361025339,TMP,diurnal,149.5951388888889,none,,
70361025339,TMP,diurnal,160.80972222222223,quality,159.82847222222222,0.9813
70361025339,TMP,diurnal,164.7451388888889,none,,
70361025339,TMP,diurnal,201.07847222222222,quality,200.0375,1.041
70361025339,TMP,diurnal,214.4298611111111,none,,
70361025339,TMP,diurnal,252.28680555555556,none,,
70361025339,TMP,diurnal,257.78680555555553,none,,
70361025339,TMP,diurnal,261.3284722222222,none,,
70361025339,TMP,diurnal,266.5340277777778,none,,
70361025339,TMP,diurnal,270.1201388888889,none,,
70361025339,TMP,diurnal,274.91180555555553,quality,274.8284722222222,0.0833
70361025339,TMP,diurnal,295.4534722222222,none,,
70361025339,TMP,diurnal,325.28680555555553,none,,
70361025339,TMP,diurnal,334.6201388888889,none,,
70361025339,TMP,diurnal,354.25,none,,
70361025339,TMP,diurnal,364.2034722222222,none,,
70371025333,TMP,diurnal,11.745138888888889,none,,
70371025333,TMP,diurnal,38.99513888888889,none,,
70371025333,TMP,diurnal,62.66180555555555,none,,
70371025333,TMP,diurnal,112.15416666666667,none,,
70371025333,TMP,diurnal,123.49513888888889,quality,121.99583333333334,1.4993
70371025333,TMP,diurnal,152.91180555555556,none,,
70371025333,TMP,diurnal,159.3701388888889,none,,
70371025333,TMP,diurnal,200.8701388888889,none,,
70371025333,TMP,diurnal,215.82847222222222,none,,
70371025333,TMP,diurnal,235.29305555555555,none,,
70371025333,TMP,diurnal,240.50208333333333,quality,240.20208333333332,0.3
70371025333,TMP,diurnal,261.7451388888889,none,,
70371025333,TMP,diurnal,268.78680555555553,none,,
70371025333,TMP,diurnal,285.8701388888889,none,,
70371025333,TMP,diurnal,295.7451388888889,quality,295.0805555555556,0.6646
70371025333,TMP,diurnal,305.28680555555553,none,,
70371025333,TMP,diurnal,336.37916666666666,none,,
70371025333,TMP,diurnal,354.16180555555553,none,,
70381025309,TMP,diurnal,4.625,none,,
70381025309,TMP,diurnal,17.411805555555556,none,,
70381025309,TMP,diurnal,65.57291666666667,none,,
70381025309,TMP,diurnal,71.28680555555556,none,,
70381025309,TMP,diurnal,84.41180555555556,quality,83.95972222222223,0.4521
70381025309,TMP,diurnal,105.99513888888889,none,,
70381025309,TMP,diurnal,119.28680555555556,none,,
70381025309,TMP,diurnal,160.3701388888889,none,,
70381025309,TMP,diurnal,190.91180555555556,none,,
70381025309,TMP,diurnal,216.95347222222222,none,,
70381025309,TMP,diurnal,234.9875,none,,
70381025309,TMP,diurnal,271.56041666666664,none,,
70381025309,TMP,diurnal,302.7034722222222,none,,
70381025309,TMP,diurnal,329.25,none,,
70381025309,TMP,diurnal,336.53680555555553,none,,
70381025309,TMP,diurnal,341.48055555555555,none,,
70395025325,TMP,diurnal,10.953472222222222,quality,10.245138888888889,0.7083
70395025325,TMP,diurnal,47.203472222222224,none,,
70395025325,TMP,diurnal,66.20347222222222,quality,65.87013888888889,0.3333
70395025325,TMP,diurnal,112.16041666666666,none,,
70395025325,TMP,diurnal,160.82847222222222,quality,159.03680555555556,1.7917
70395025325,TMP,diurnal,174.20347222222222,quality,173.6201388888889,0.5833
70395025325,TMP,diurnal,232.27152777777778,quality,232.1201388888889,0.1514
70395025325,TMP,diurnal,249.16666666666666,none,,
70395025325,TMP,diurnal,254.78680555555556,none,,
70395025325,TMP,diurnal,274.4951388888889,none,,
70395025325,TMP,diurnal,299.3284722222222,none,,
70395025325,TMP,diurnal,336.59930555555553,none,,
70395025325,TMP,diurnal,341.2034722222222,none,,
70395025325,TMP,diurnal,353.5784722222222,none,,
72201012836,TMP,diurnal,18.036805555555556,none,,
72201012836,TMP,diurnal,79.125,none,,
72201012836,TMP,diurnal,121.99513888888889,none,,
72201012836,TMP,diurnal,140.57847222222222,none,,
72201012836,TMP,diurnal,181.8701388888889,quality,181.70347222222222,0.1667
72201012836,TMP,diurnal,192.91180555555556,none,,
72201012836,TMP,diurnal,203.07847222222222,none,,
72201012836,TMP,diurnal,212.45347222222222,none,,
72201012836,TMP,diurnal,236.48263888888889,none,,
72201012836,TMP,diurnal,262.6201388888889,none,,
72201012836,TMP,diurnal,293.2034722222222,quality,291.9534722222222,1.25
72201012836,TMP,diurnal,326.125,none,,
72201012836,TMP,diurnal,346.7451388888889,none,,
72201012836,TMP,diurnal,356.0,none,,
72201512850,TMP,diurnal,29.99513888888889,none,,
72201512850,TMP,diurnal,70.66180555555556,none,,
72201512850,TMP,diurnal,78.91180555555556,none,,
72201512850,TMP,diurnal,141.8701388888889,quality,140.7451388888889,1.125
72201512850,TMP,diurnal,155.70347222222222,none,,
72201512850,TMP,diurnal,346.5784722222222,none,,
72202012839,TMP,diurnal,29.12013888888889,none,,
72202012839,TMP,diurnal,34.953472222222224,none,,
72202012839,TMP,diurnal,78.53472222222223,none,,
72202012839,TMP,diurnal,94.99513888888889,none,,
72202012839,TMP,diurnal,103.75,none,,
72202012839,TMP,diurnal,142.20347222222222,quality,141.8701388888889,0.3333
72202012839,TMP,diurnal,161.73541666666668,none,,
72202012839,TMP,diurnal,174.875,none,,
72202012839,TMP,diurnal,194.1201388888889,none,,
72202012839,TMP,diurnal,203.75,none,,
72202012839,TMP,diurnal,285.1201388888889,none,,
72202012839,TMP,diurnal,327.03680555555553,none,,
72202012839,TMP,diurnal,346.7451388888889,none,,
72202012839,TMP,diurnal,353.75,none,,
72202612826,TMP,diurnal,7.288194444444445,none,,
72202612826,TMP,diurnal,16.586805555555557,none,,
72202612826,TMP,diurnal,21.70486111111111,none,,
72202612826,TMP,diurnal,29.45486111111111,none,,
72202612826,TMP,diurnal,44.954861111111114,none,,
72202612826,TMP,diurnal,70.99652777777777,none,,
72202612826,TMP,diurnal,78.87152777777777,none,,
72202612826,TMP,diurnal,94.57986111111111,none,,
72202612826,TMP,diurnal,103.67430555555555,none,,
72202612826,TMP,diurnal,141.84444444444443,quality,139.91319444444446,1.9312
72202612826,TMP,diurnal,149.16319444444446,none,,
72202612826,TMP,diurnal,159.25694444444446,none,,
72202612826,TMP,diurnal,174.46180555555554,none,,
72202612826,TMP,diurnal,327.12152777777777,none,,
72202912888,TMP,diurnal,22.036805555555556,none,,
72202912888,TMP,diurnal,29.70347222222222,none,,
72202912888,TMP,diurnal,55.53680555555555,none,,
72202912888,TMP,diurnal,79.28680555555556,none,,
72202912888,TMP,diurnal,88.91180555555556,none,,
72202912888,TMP,diurnal,158.82847222222222,none,,
72202912888,TMP,diurnal,204.95347222222222,none,,
72202912888,TMP,diurnal,211.45347222222222,none,,
72202912888,TMP,diurnal,326.91180555555553,none,,
72203012844,TMP,diurnal,8.25,none,,
72203012844,TMP,diurnal,44.12013888888889,none,,
72203012844,TMP,diurnal,88.99513888888889,none,,
72203012844,TMP,diurnal,103.03680555555556,none,,
72203012844,TMP,diurnal,139.28680555555556,quality,138.95347222222222,0.3333
72203012844,TMP,diurnal,193.20347222222222,none,,
72203012844,TMP,diurnal,233.95347222222222,none,,
72203012844,TMP,diurnal,326.3284722222222,none,,
72204012838,TMP,diurnal,17.823611111111113,none,,
72204012838,TMP,diurnal,28.911805555555556,none,,
72204012838,TMP,diurnal,44.62013888888889,none,,
72204012838,TMP,diurnal,80.16180555555556,none,,
72204012838,TMP,diurnal,94.53680555555556,none,,
72204012838,TMP,diurnal,189.95347222222222,none,,
72204012838,TMP,diurnal,289.91180555555553,none,,
72204012838,TMP,diurnal,320.91180555555553,none,,
72205012815,TMP,diurnal,17.75,none,,
72205012815,TMP,diurnal,44.62013888888889,none,,
72205012815,TMP,diurnal,79.49513888888889,none,,
72205012815,TMP,diurnal,94.74513888888889,quality,93.87013888888889,0.875
72205012815,TMP,diurnal,113.32847222222222,none,,
72205012815,TMP,diurnal,135.07847222222222,quality,134.71597222222223,0.3625
72205012815,TMP,diurnal,159.20347222222222,quality,158.0,1.2035
72205012815,TMP,diurnal,176.16180555555556,none,,
72205012815,TMP,diurnal,190.875,quality,189.9951388888889,0.8799
72205012815,TMP,diurnal,290.4534722222222,quality,290.2034722222222,0.25
72205012815,TMP,diurnal,326.5784722222222,quality,326.2034722222222,0.375
72205012815,TMP,diurnal,346.4534722222222,none,,
72205312841,TMP,diurnal,44.41180555555555,none,,
72205312841,TMP,diurnal,79.12013888888889,none,,
72205312841,TMP,diurnal,138.86319444444445,quality,137.4951388888889,1.3681
72205312841,TMP,diurnal,158.91180555555556,quality,158.0090277777778,0.9028
72205312841,TMP,diurnal,176.96597222222223,none,,
72205312841,TMP,diurnal,190.95347222222222,none,,
72205312841,TMP,diurnal,275.47430555555553,none,,
72205312841,TMP,diurnal,291.2034722222222,none,,
72205312841,TMP,diurnal,346.66180555555553,none,,
72205712854,TMP,diurnal,17.82847222222222,none,,
72205712854,TMP,diurnal,44.53680555555555,none,,
72205712854,TMP,diurnal,70.66180555555556,none,,
72205712854,TMP,diurnal,79.91180555555556,none,,
72205712854,TMP,diurnal,279.91180555555553,none,,
72205712854,TMP,diurnal,290.2034722222222,none,,
72205712854,TMP,diurnal,325.91180555555553,none,,
72206013889,TMP,diurnal,13.28888888888889,none,,
72206013889,TMP,diurnal,22.497222222222224,none,,
72206013889,TMP,diurnal,28.5,none,,
72206013889,TMP,diurnal,130.2888888888889,none,,
72206013889,TMP,diurnal,189.9076388888889,none,,
72206013889,TMP,diurnal,196.99722222222223,none,,
72206013889,TMP,diurnal,290.625,none,,
72206013889,TMP,diurnal,319.5375,none,,
72206013889,TMP,diurnal,326.0,none,,
72206593837,TMP,diurnal,44.203472222222224,none,,
72206593837,TMP,diurnal,60.078472222222224,none,,
72206593837,TMP,diurnal,131.16180555555556,none,,
72206593837,TMP,diurnal,289.2451388888889,none,,
72206593837,TMP,diurnal,320.16180555555553,none,,
72206593837,TMP,diurnal,334.4951388888889,none,,
72207003822,TMP,diurnal,111.99513888888889,none,,
72207003822,TMP,diurnal,144.875,none,,
72207003822,TMP,diurnal,157.8701388888889,quality,156.8701388888889,1.0
72207003822,TMP,diurnal,189.85902777777778,none,,
72207003822,TMP,diurnal,220.95347222222222,none,,
72207003822,TMP,diurnal,325.8284722222222,none,,
72207003822,TMP,diurnal,333.8701388888889,none,,
72208013880,TMP,diurnal,112.0375,none,,
72208013880,TMP,diurnal,179.33055555555555,none,,
72208013880,TMP,diurnal,215.1638888888889,none,,
72208013880,TMP,diurnal,221.58055555555555,none,,
72208013880,TMP,diurnal,251.7888888888889,none,,
72208013880,TMP,diurnal,326.7055555555556,none,,
72208013880,TMP,diurnal,334.75,none,,
72208593831,TMP,diurnal,111.82916666666667,none,,
72208593831,TMP,diurnal,130.95555555555555,none,,
72208593831,TMP,diurnal,162.0388888888889,quality,161.96041666666667,0.0785
72208593831,TMP,diurnal,196.24722222222223,quality,194.83055555555555,1.4167
72208593831,TMP,diurnal,261.76666666666665,none,,
72208593831,TMP,diurnal,283.0805555555556,none,,
72208593831,TMP,diurnal,333.6222222222222,none,,
72210612835,TMP,diurnal,70.82847222222222,none,,
72210612835,TMP,diurnal,79.91180555555556,none,,
72210612835,TMP,diurnal,88.53680555555556,none,,
72210612835,TMP,diurnal,125.16180555555556,quality,124.94513888888889,0.2167
72210612835,TMP,diurnal,136.65972222222223,none,,
72210612835,TMP,diurnal,151.16180555555556,quality,150.97083333333333,0.191
72210612835,TMP,diurnal,173.80416666666667,quality,173.77777777777777,0.0264
72210612835,TMP,diurnal,181.0548611111111,none,,
72210612835,TMP,diurnal,228.9951388888889,none,,
72210612835,TMP,diurnal,241.28680555555556,none,,
72210612835,TMP,diurnal,284.6201388888889,none,,
72210612835,TMP,diurnal,326.91180555555553,none,,
72210612835,TMP,diurnal,346.41180555555553,none,,
72210812894,TMP,diurnal,58.62013888888889,quality,56.74652777777778,1.8736
72210812894,TMP,diurnal,71.07847222222222,none,,
72210812894,TMP,diurnal,79.07847222222222,none,,
72210812894,TMP,diurnal,151.66180555555556,none,,
72210812894,TMP,diurnal,174.07847222222222,none,,
72210812894,TMP,diurnal,180.88819444444445,none,,
72210812894,TMP,diurnal,241.03680555555556,quality,240.07847222222222,0.9583
72210812894,TMP,diurnal,269.2034722222222,none,,
72210812894,TMP,diurnal,290.8284722222222,none,,
72210812894,TMP,diurnal,321.1201388888889,none,,
72211012842,TMP,diurnal,70.03680555555556,none,,
72211012842,TMP,diurnal,78.62013888888889,none,,
72211012842,TMP,diurnal,155.78680555555556,none,,
72211012842,TMP,diurnal,162.8513888888889,none,,
72211012842,TMP,diurnal,263.8701388888889,none,,
72211012842,TMP,diurnal,276.9534722222222,quality,276.91180555555553,0.0417
72211012842,TMP,diurnal,289.7034722222222,none,,
72211012842,TMP,diurnal,326.7451388888889,none,,
72211012842,TMP,diurnal,346.5784722222222,none,,
72211612873,TMP,diurnal,13.661805555555556,none,,
72211612873,TMP,diurnal,87.12013888888889,none,,
72211612873,TMP,diurnal,93.88263888888889,none,,
72211612873,TMP,diurnal,162.82847222222222,none,,
72211612873,TMP,diurnal,235.91180555555556,none,,
72212012833,TMP,diurnal,9.46875,quality,9.45486111111111,0.0139
72212012833,TMP,diurnal,22.399305555555557,quality,22.37152777777778,0.0278
72212012833,TMP,diurnal,34.39930555555556,quality,34.37152777777778,0.0278
72212012833,TMP,diurnal,44.16319444444444,quality,44.135416666666664,0.0278
72212012833,TMP,diurnal,181.89930555555554,quality,181.84375,0.0556
72212012833,TMP,diurnal,326.27430555555554,quality,326.2326388888889,0.0417
72213713878,TMP,diurnal,21.98263888888889,quality,21.95486111111111,0.0278
72213713878,TMP,diurnal,29.09375,quality,29.07986111111111,0.0139
72213713878,TMP,diurnal,32.927083333333336,quality,32.91319444444444,0.0139
72213713878,TMP,diurnal,53.34375,quality,53.329861111111114,0.0139
72213713878,TMP,diurnal,57.34375,quality,57.329861111111114,0.0139
72213713878,TMP,diurnal,67.06597222222223,quality,67.03819444444444,0.0278
72213713878,TMP,diurnal,129.96875,quality,129.95486111111111,0.0139
72213713878,TMP,diurnal,178.89930555555554,quality,178.87152777777777,0.0278
72213713878,TMP,diurnal,320.02430555555554,quality,319.9548611111111,0.0694
72213713878,TMP,diurnal,326.1076388888889,quality,326.0798611111111,0.0278
72213713878,TMP,diurnal,334.06597222222223,quality,333.91319444444446,0.1528
72213713878,TMP,diurnal,341.1076388888889,quality,341.0798611111111,0.0278
72214093805,TMP,diurnal,91.41180555555556,none,,
72214093805,TMP,diurnal,112.66180555555556,none,,
72214093805,TMP,diurnal,130.58333333333334,quality,130.4951388888889,0.0882
72214093805,TMP,diurnal,282.5,none,,
72214093805,TMP,diurnal,325.53680555555553,none,,
72214093805,TMP,diurnal,334.0,none,,
72216013869,TMP,diurnal,14.036805555555556,none,,
72216013869,TMP,diurnal,112.07847222222222,none,,
72216013869,TMP,diurnal,162.03680555555556,quality,161.7451388888889,0.2917
72216013869,TMP,diurnal,254.82847222222222,none,,
72216013869,TMP,diurnal,261.41180555555553,none,,
72216013869,TMP,diurnal,283.66180555555553,none,,
72216013869,TMP,diurnal,323.41180555555553,none,,
72216013869,TMP,diurnal,335.03680555555553,none,,
72216013869,TMP,diurnal,346.78680555555553,none,,
72216693845,TMP,diurnal,13.661805555555556,none,,
72216693845,TMP,diurnal,129.91180555555556,quality,129.86875,0.0431
72216693845,TMP,diurnal,197.3701388888889,none,,
72216693845,TMP,diurnal,261.43541666666664,none,,
72216693845,TMP,diurnal,269.5736111111111,quality,268.7888888888889,0.7847
72216693845,TMP,diurnal,281.7451388888889,none,,
72216693845,TMP,diurnal,325.8701388888889,none,,
72216693845,TMP,diurnal,334.7034722222222,none,,
72217003813,TMP,diurnal,13.995138888888889,none,,
72217003813,TMP,diurnal,59.49513888888889,none,,
72217003813,TMP,diurnal,111.64166666666667,none,,
72217003813,TMP,diurnal,130.43958333333333,none,,
72217003813,TMP,diurnal,138.20347222222222,none,,
72217003813,TMP,diurnal,146.3986111111111,none,,
72217003813,TMP,diurnal,159.625,none,,
72217003813,TMP,diurnal,187.9361111111111,none,,
72217003813,TMP,diurnal,196.95347222222222,none,,
72217003813,TMP,diurnal,288.66180555555553,none,,
72217003813,TMP,diurnal,317.75,none,,
72217003813,TMP,diurnal,330.61875,none,,
72217513860,TMP,diurnal,22.430555555555557,none,,
72217513860,TMP,diurnal,31.12152777777778,none,,
72217513860,TMP,diurnal,69.78819444444444,none,,
72217513860,TMP,diurnal,94.65277777777777,none,,
72217513860,TMP,diurnal,129.77569444444444,none,,
72217513860,TMP,diurnal,162.32986111111111,none,,
72217513860,TMP,diurnal,197.28819444444446,quality,196.78819444444446,0.5
72217513860,TMP,diurnal,271.12152777777777,quality,269.91527777777776,1.2063
72217513860,TMP,diurnal,287.91319444444446,quality,286.2048611111111,1.7083
72217513860,TMP,diurnal,318.3340277777778,quality,317.24652777777777,1.0875
72217513860,TMP,diurnal,323.6111111111111,quality,321.7048611111111,1.9062
72217513860,TMP,diurnal,332.43055555555554,none,,
72218003820,TMP,diurnal,18.5,quality,18.036805555555556,0.4632
72218003820,TMP,diurnal,44.703472222222224,none,,
72218003820,TMP,diurnal,145.0,none,,
72218003820,TMP,diurnal,178.92916666666667,none,,
72218003820,TMP,diurnal,199.625,quality,198.91180555555556,0.7132
72218003820,TMP,diurnal,215.82847222222222,none,,
72218003820,TMP,diurnal,288.6201388888889,quality,286.78680555555553,1.8333
72218003820,TMP,diurnal,330.55902777777777,none,,
72218003820,TMP,diurnal,339.7451388888889,none,,
72219013874,TMP,diurnal,14.161111111111111,none,,
72219013874,TMP,diurnal,94.28611111111111,none,,
72219013874,TMP,diurnal,147.5326388888889,quality,147.49444444444444,0.0382
72219013874,TMP,diurnal,186.875,quality,186.86944444444444,0.0056
72219013874,TMP,diurnal,269.5361111111111,none,,
72219013874,TMP,diurnal,287.875,none,,
72219013874,TMP,diurnal,314.7236111111111,none,,
72219013874,TMP,diurnal,325.7027777777778,none,,
72219013874,TMP,diurnal,331.36944444444447,none,,
72219503888,TMP,diurnal,16.82847222222222,none,,
72219503888,TMP,diurnal,28.49513888888889,none,,
72219503888,TMP,diurnal,48.578472222222224,none,,
72219503888,TMP,diurnal,111.99513888888889,none,,
72219503888,TMP,diurnal,179.3701388888889,none,,
72219503888,TMP,diurnal,197.66180555555556,none,,
72219503888,TMP,diurnal,243.57847222222222,none,,
72219503888,TMP,diurnal,268.90416666666664,none,,
72219503888,TMP,diurnal,287.7034722222222,none,,
72219503888,TMP,diurnal,314.91180555555553,none,,
72219503888,TMP,diurnal,332.5784722222222,none,,
72219503888,TMP,diurnal,340.03680555555553,none,,
72221013858,TMP,diurnal,13.496527777777779,quality,11.57986111111111,1.9167
72221013858,TMP,diurnal,20.62152777777778,none,,
72221013858,TMP,diurnal,30.554861111111112,quality,29.663888888888888,0.891
72221013858,TMP,diurnal,43.56944444444444,none,,
72221013858,TMP,diurnal,53.420138888888886,none,,
72221013858,TMP,diurnal,71.95486111111111,none,,
72221013858,TMP,diurnal,77.06388888888888,none,,
72221013858,TMP,diurnal,130.70486111111111,none,,
72221013858,TMP,diurnal,136.37152777777777,none,,
72221013858,TMP,diurnal,140.45486111111111,quality,138.49652777777777,1.9583
72221013858,TMP,diurnal,199.35972222222222,none,,
72221013858,TMP,diurnal,234.90972222222223,quality,233.78819444444446,1.1215
72221013858,TMP,diurnal,290.24652777777777,none,,
72221013858,TMP,diurnal,319.8298611111111,none,,
72221013858,TMP,diurnal,326.28819444444446,quality,325.04027777777776,1.2479
72221013858,TMP,diurnal,333.99652777777777,none,,
72221013858,TMP,diurnal,365.4236111111111,none,,
72222313899,TMP,diurnal,48.62013888888889,none,,
72222313899,TMP,diurnal,60.328472222222224,none,,
72222313899,TMP,diurnal,69.74513888888889,none,,
72222313899,TMP,diurnal,112.78680555555556,none,,
72222313899,TMP,diurnal,130.5638888888889,none,,
72222313899,TMP,diurnal,215.70347222222222,none,,
72222313899,TMP,diurnal,261.9534722222222,none,,
72222313899,TMP,diurnal,290.3701388888889,none,,
72222313899,TMP,diurnal,319.8284722222222,none,,
72222313899,TMP,diurnal,325.3284722222222,none,,
72222503855,TMP,diurnal,9.830555555555556,quality,8.497222222222222,1.3333
72222503855,TMP,diurnal,130.6013888888889,quality,130.59791666666666,0.0035
72222503855,TMP,diurnal,290.2888888888889,none,,
72222503855,TMP,diurnal,319.7472222222222,none,,
72222503855,TMP,diurnal,333.6638888888889,none,,
72223013894,TMP,diurnal,12.705555555555556,none,,
72223013894,TMP,diurnal,48.625,none,,
72223013894,TMP,diurnal,69.75,none,,
72223013894,TMP,diurnal,111.74722222222222,none,,
72223013894,TMP,diurnal,130.37222222222223,none,,
72223013894,TMP,diurnal,155.83055555555555,none,,
72223013894,TMP,diurnal,167.85625,none,,
72223013894,TMP,diurnal,319.8305555555556,none,,
72223013894,TMP,diurnal,339.74375,none,,
72223013894,TMP,diurnal,345.625,none,,
72225013829,TMP,diurnal,15.343055555555555,none,,
72225013829,TMP,diurnal,34.37152777777778,none,,
72225013829,TMP,diurnal,53.38194444444444,none,,
72225013829,TMP,diurnal,69.87152777777777,quality,68.12222222222222,1.7493
72225013829,TMP,diurnal,186.45486111111111,none,,
72225013829,TMP,diurnal,205.78819444444446,none,,
72225013829,TMP,diurnal,216.30555555555554,none,,
72225013829,TMP,diurnal,231.41319444444446,none,,
72225013829,TMP,diurnal,237.66319444444446,none,,
72225013829,TMP,diurnal,261.37152777777777,none,,
72225013829,TMP,diurnal,346.74652777777777,none,,
72225013829,TMP,diurnal,360.5083333333333,none,,
72225013829,TMP,diurnal,363.68055555555554,none,,
72225593842,TMP,diurnal,78.95208333333333,none,,
72225593842,TMP,diurnal,95.24375,none,,
72225593842,TMP,diurnal,137.84375,none,,
72225593842,TMP,diurnal,145.82708333333332,none,,
72225593842,TMP,diurnal,153.28541666666666,none,,
72225593842,TMP,diurnal,197.07708333333332,none,,
72225593842,TMP,diurnal,229.88888888888889,none,,
72225593842,TMP,diurnal,249.91041666666666,none,,
72225593842,TMP,diurnal,268.8534722222222,none,,
72225593842,TMP,diurnal,280.91041666666666,none,,
72225593842,TMP,diurnal,323.72083333333336,none,,
72226013895,TMP,diurnal,9.75,none,,
72226013895,TMP,diurnal,78.375,none,,
72226013895,TMP,diurnal,178.01458333333332,none,,
72226013895,TMP,diurnal,187.625,quality,186.97916666666666,0.6458
72226013895,TMP,diurnal,323.3701388888889,none,,
72226013895,TMP,diurnal,354.125,none,,
72226013895,TMP,diurnal,362.25,none,,
72226903850,TMP,diurnal,8.60625,none,,
72226903850,TMP,diurnal,13.70486111111111,none,,
72226903850,TMP,diurnal,94.41319444444444,none,,
72226903850,TMP,diurnal,135.44444444444446,none,,
72226903850,TMP,diurnal,153.15833333333333,quality,151.76875,1.3896
72226903850,TMP,diurnal,178.03819444444446,quality,177.68819444444443,0.35
72226903850,TMP,diurnal,189.49652777777777,none,,
72226903850,TMP,diurnal,198.79861111111111,none,,
72226903850,TMP,diurnal,205.8388888888889,none,,
72226903850,TMP,diurnal,230.73125,quality,228.95486111111111,1.7764
72226903850,TMP,diurnal,268.8701388888889,none,,
72226903850,TMP,diurnal,270.92569444444445,none,,
72226903850,TMP,diurnal,322.35833333333335,quality,321.7159722222222,0.6424
72226903850,TMP,diurnal,325.69375,none,,
72228013876,TMP,diurnal,18.24513888888889,none,,
72228013876,TMP,diurnal,59.99513888888889,none,,
72228013876,TMP,diurnal,67.78680555555556,none,,
72228013876,TMP,diurnal,93.95347222222222,none,,
72228013876,TMP,diurnal,211.03680555555556,none,,
72228013876,TMP,diurnal,243.7451388888889,none,,
72228013876,TMP,diurnal,287.28680555555553,none,,
72228013876,TMP,diurnal,319.53680555555553,none,,
72228013876,TMP,diurnal,333.66180555555553,none,,
72228693806,TMP,diurnal,18.49375,none,,
72228693806,TMP,diurnal,27.786805555555556,none,,
72228693806,TMP,diurnal,78.70347222222222,none,,
72228693806,TMP,diurnal,178.28680555555556,quality,177.8076388888889,0.4792
72228693806,TMP,diurnal,196.85,none,,
72228693806,TMP,diurnal,215.07847222222222,quality,214.9951388888889,0.0833
72228693806,TMP,diurnal,268.7451388888889,none,,
72228693806,TMP,diurnal,288.2034722222222,quality,286.78680555555553,1.4167
72228693806,TMP,diurnal,326.3701388888889,none,,
72228713871,TMP,diurnal,11.8875,none,,
72228713871,TMP,diurnal,18.313194444444445,none,,
72228713871,TMP,diurnal,59.78680555555555,none,,
72228713871,TMP,diurnal,67.82847222222222,none,,
72228713871,TMP,diurnal,162.57847222222222,none,,
72228713871,TMP,diurnal,177.95347222222222,none,,
72228713871,TMP,diurnal,214.82708333333332,none,,
72228713871,TMP,diurnal,230.05416666666667,none,,
72228713871,TMP,diurnal,268.78680555555553,none,,
72228713871,TMP,diurnal,288.66180555555553,none,,
72228713871,TMP,diurnal,325.9534722222222,none,,
72228713871,TMP,diurnal,332.41180555555553,quality,332.1402777777778,0.2715
72228713871,TMP,diurnal,339.5784722222222,none,,
72228713871,TMP,diurnal,346.3701388888889,none,,
72231012916,TMP,diurnal,79.16180555555556,none,,
72231012916,TMP,diurnal,93.78680555555556,none,,
72231012916,TMP,diurnal,112.45347222222222,none,,
72231012916,TMP,diurnal,149.20347222222222,quality,147.95347222222222,1.25
72231012916,TMP,diurnal,199.1201388888889,none,,
72231012916,TMP,diurnal,261.875,none,,
72231012916,TMP,diurnal,289.9534722222222,none,,
72231012916,TMP,diurnal,326.16180555555553,none,,
72231012916,TMP,diurnal,339.4534722222222,none,,
72231553917,TMP,diurnal,18.143055555555556,none,,
72231553917,TMP,diurnal,43.49513888888889,none,,
72231553917,TMP,diurnal,78.53680555555556,none,,
72231553917,TMP,diurnal,149.2451388888889,none,,
72231553917,TMP,diurnal,184.86388888888888,none,,
72231553917,TMP,diurnal,262.4534722222222,none,,
72231553917,TMP,diurnal,270.0784722222222,none,,
72231553917,TMP,diurnal,289.53680555555553,none,,
72231553917,TMP,diurnal,328.91180555555553,none,,
72234013865,TMP,diurnal,11.25,none,,
72234013865,TMP,diurnal,27.665277777777778,quality,27.218055555555555,0.4472
72234013865,TMP,diurnal,67.74861111111112,quality,66.23194444444445,1.5167
72234013865,TMP,diurnal,83.62361111111112,none,,
72234013865,TMP,diurnal,94.66527777777777,none,,
72234013865,TMP,diurnal,102.54027777777777,none,,
72234013865,TMP,diurnal,110.87361111111112,none,,
72234013865,TMP,diurnal,319.75,none,,
72234013865,TMP,diurnal,325.58194444444445,none,,
72234013865,TMP,diurnal,339.37361111111113,none,,
72235003940,TMP,diurnal,13.0,none,,
72235003940,TMP,diurnal,18.0,quality,16.870833333333334,1.1292
72235003940,TMP,diurnal,48.4125,none,,
72235003940,TMP,diurnal,59.62083333333333,none,,
72235003940,TMP,diurnal,78.0375,none,,
72235003940,TMP,diurnal,150.41041666666666,none,,
72235003940,TMP,diurnal,202.9125,none,,
72235003940,TMP,diurnal,227.9125,none,,
72235003940,TMP,diurnal,319.2875,none,,
72235893919,TMP,diurnal,48.87013888888889,none,,
72235893919,TMP,diurnal,78.62013888888889,none,,
72235893919,TMP,diurnal,157.03680555555556,none,,
72235893919,TMP,diurnal,227.82847222222222,none,,
72235893919,TMP,diurnal,253.95208333333332,none,,
72235893919,TMP,diurnal,282.7451388888889,none,,
72235893919,TMP,diurnal,290.0784722222222,none,,
72235893919,TMP,diurnal,320.4951388888889,none,,
72235893919,TMP,diurnal,331.1201388888889,none,,
72235893919,TMP,diurnal,339.46736111111113,none,,
72239003931,TMP,diurnal,12.32986111111111,none,,
72239003931,TMP,diurnal,49.12152777777778,none,,
72239003931,TMP,diurnal,59.892361111111114,none,,
72239003931,TMP,diurnal,78.53819444444444,none,,
72239003931,TMP,diurnal,93.62152777777777,none,,
72239003931,TMP,diurnal,110.98402777777778,none,,
72239003931,TMP,diurnal,125.19444444444444,quality,123.91319444444444,1.2812
72239003931,TMP,diurnal,133.98680555555555,none,,
72239003931,TMP,diurnal,149.41319444444446,none,,
72239003931,TMP,diurnal,156.32986111111111,quality,155.84375,0.4861
72239003931,TMP,diurnal,217.37152777777777,none,,
72239003931,TMP,diurnal,282.37152777777777,none,,
72239003931,TMP,diurnal,289.9548611111111,quality,289.53819444444446,0.4167
72239003931,TMP,diurnal,330.5798611111111,quality,328.91319444444446,1.6667
72239003931,TMP,diurnal,345.8298611111111,none,,
72240003937,TMP,diurnal,14.875,none,,
72240003937,TMP,diurnal,21.74513888888889,none,,
72240003937,TMP,diurnal,27.125,none,,
72240003937,TMP,diurnal,48.5,none,,
72240003937,TMP,diurnal,54.5,none,,
72240003937,TMP,diurnal,59.91180555555555,none,,
72240003937,TMP,diurnal,78.82847222222222,none,,
72240003937,TMP,diurnal,111.53680555555556,none,,
72240003937,TMP,diurnal,148.9951388888889,quality,148.78680555555556,0.2083
72240003937,TMP,diurnal,156.63819444444445,none,,
72240003937,TMP,diurnal,217.0,none,,
72240003937,TMP,diurnal,231.7451388888889,none,,
72240003937,TMP,diurnal,257.41180555555553,none,,
72240003937,TMP,diurnal,281.9951388888889,none,,
72240003937,TMP,diurnal,289.91180555555553,none,,
72240003937,TMP,diurnal,319.625,none,,
72240003937,TMP,diurnal,325.4534722222222,none,,
72240003937,TMP,diurnal,356.1201388888889,none,,
72240513976,TMP,diurnal,9.953472222222222,none,,
72240513976,TMP,diurnal,84.58541666666666,none,,
72240513976,TMP,diurnal,93.66180555555556,none,,
72240513976,TMP,diurnal,111.31597222222223,none,,
72240513976,TMP,diurnal,131.53680555555556,none,,
72240513976,TMP,diurnal,149.8701388888889,none,,
72240513976,TMP,diurnal,228.57847222222222,none,,
72240513976,TMP,diurnal,237.92291666666668,none,,
72240513976,TMP,diurnal,283.0784722222222,none,,
72240513976,TMP,diurnal,290.3284722222222,none,,
72240513976,TMP,diurnal,319.7451388888889,none,,
72241012917,TMP,diurnal,9.161805555555556,none,,
72241012917,TMP,diurnal,48.16180555555555,none,,
72241012917,TMP,diurnal,93.66180555555556,none,,
72241012917,TMP,diurnal,132.7451388888889,none,,
72241012917,TMP,diurnal,148.82222222222222,none,,
72241012917,TMP,diurnal,183.0,none,,
72241012917,TMP,diurnal,198.72986111111112,none,,
72241012917,TMP,diurnal,270.625,none,,
72241012917,TMP,diurnal,290.03680555555553,none,,
72241012917,TMP,diurnal,316.28680555555553,none,,
72241012917,TMP,diurnal,345.4951388888889,none,,
72243012960,TMP,diurnal,7.558333333333334,none,,
72243012960,TMP,diurnal,42.53680555555555,none,,
72243012960,TMP,diurnal,48.375,none,,
72243012960,TMP,diurnal,59.647222222222226,none,,
72243012960,TMP,diurnal,69.625,none,,
72243012960,TMP,diurnal,74.93472222222222,none,,
72243012960,TMP,diurnal,88.70347222222222,none,,
72243012960,TMP,diurnal,111.53680555555556,none,,
72243012960,TMP,diurnal,133.89027777777778,none,,
72243012960,TMP,diurnal,149.07847222222222,quality,148.82847222222222,0.25
72243012960,TMP,diurnal,157.3701388888889,none,,
72243012960,TMP,diurnal,163.01597222222222,quality,162.06597222222223,0.95
72243012960,TMP,diurnal,188.66180555555556,none,,
72243012960,TMP,diurnal,257.5,none,,
72243012960,TMP,diurnal,270.5,none,,
72243012960,TMP,diurnal,282.4951388888889,none,,
72243012960,TMP,diurnal,289.9951388888889,quality,288.875,1.1201
72243012960,TMP,diurnal,310.16180555555553,quality,308.8701388888889,1.2917
72243012960,TMP,diurnal,347.41180555555553,none,,
72243012960,TMP,diurnal,353.2034722222222,none,,
72244693987,TMP,diurnal,9.953472222222222,none,,
72244693987,TMP,diurnal,110.98055555555555,none,,
72244693987,TMP,diurnal,119.24375,none,,
72244693987,TMP,diurnal,136.8,none,,
72244693987,TMP,diurnal,149.8423611111111,none,,
72244693987,TMP,diurnal,178.4951388888889,none,,
72244693987,TMP,diurnal,241.99305555555554,quality,240.95347222222222,1.0396
72244693987,TMP,diurnal,246.03680555555556,none,,
72244693987,TMP,diurnal,282.9951388888889,none,,
72244693987,TMP,diurnal,290.8284722222222,none,,
72244693987,TMP,diurnal,310.28680555555553,none,,
72244693987,TMP,diurnal,321.6201388888889,none,,
72248013957,TMP,diurnal,10.51388888888889,quality,10.247222222222222,0.2667
72248013957,TMP,diurnal,43.955555555555556,quality,43.24722222222222,0.7083
72248013957,TMP,diurnal,59.49722222222222,none,,
72248013957,TMP,diurnal,72.41388888888889,quality,72.24722222222222,0.1667
72248013957,TMP,diurnal,75.67083333333333,quality,75.24722222222222,0.4236
72248013957,TMP,diurnal,79.78888888888889,quality,79.24722222222222,0.5417
72248013957,TMP,diurnal,94.58055555555555,quality,94.24722222222222,0.3333
72248013957,TMP,diurnal,102.88333333333334,quality,102.24722222222222,0.6361
72248013957,TMP,diurnal,110.58055555555555,quality,110.24722222222222,0.3333
72248013957,TMP,diurnal,137.0548611111111,quality,137.0388888888889,0.016
72248013957,TMP,diurnal,148.875,quality,148.24722222222223,0.6278
72248013957,TMP,diurnal,178.2888888888889,quality,178.24722222222223,0.0417
72248013957,TMP,diurnal,187.37222222222223,quality,187.24722222222223,0.125
72248013957,TMP,diurnal,233.37222222222223,quality,233.24722222222223,0.125
72248013957,TMP,diurnal,242.125,quality,242.12222222222223,0.0028
72248013957,TMP,diurnal,284.4138888888889,quality,284.3305555555556,0.0833
72248013957,TMP,diurnal,330.4138888888889,quality,330.2472222222222,0.1667
72248613942,TMP,diurnal,46.41180555555555,none,,
72248613942,TMP,diurnal,93.78680555555556,none,,
72248613942,TMP,diurnal,110.66180555555556,none,,
72248613942,TMP,diurnal,149.42569444444445,none,,
72248613942,TMP,diurnal,155.06875,none,,
72248613942,TMP,diurnal,187.70347222222222,none,,
72248613942,TMP,diurnal,242.3763888888889,none,,
72248613942,TMP,diurnal,276.91180555555553,none,,
72248613942,TMP,diurnal,319.41180555555553,none,,
72248613942,TMP,diurnal,329.75,none,,
72250012919,TMP,diurnal,15.245138888888889,quality,14.577083333333333,0.6681
72250012919,TMP,diurnal,42.78680555555555,none,,
72250012919,TMP,diurnal,86.28680555555556,none,,
72250012919,TMP,diurnal,94.03680555555556,quality,93.41180555555556,0.625
72250012919,TMP,diurnal,170.5,none,,
72250012919,TMP,diurnal,189.9673611111111,none,,
72250012919,TMP,diurnal,310.66180555555553,none,,
72250012919,TMP,diurnal,345.4534722222222,none,,
72250612959,TMP,diurnal,8.661805555555556,none,,
72250612959,TMP,diurnal,94.16180555555556,none,,
72250612959,TMP,diurnal,101.32847222222222,none,,
72250612959,TMP,diurnal,130.16180555555556,none,,
72250612959,TMP,diurnal,190.53680555555556,none,,
72250612959,TMP,diurnal,238.2451388888889,quality,237.88888888888889,0.3563
72250612959,TMP,diurnal,311.03680555555553,none,,
72250612959,TMP,diurnal,331.1201388888889,none,,
72250612959,TMP,diurnal,344.0784722222222,none,,
72251012924,TMP,diurnal,9.25,none,,
72251012924,TMP,diurnal,68.78541666666666,none,,
72251012924,TMP,diurnal,93.49375,none,,
72251012924,TMP,diurnal,135.27916666666667,quality,135.24375,0.0354
72251012924,TMP,diurnal,162.16041666666666,none,,
72251012924,TMP,diurnal,202.91666666666666,quality,202.86875,0.0479
72251012924,TMP,diurnal,310.5,none,,
72251012924,TMP,diurnal,319.24375,none,,
72251512926,TMP,diurnal,83.12222222222222,none,,
72251512926,TMP,diurnal,134.20555555555555,quality,133.99722222222223,0.2083
72251512926,TMP,diurnal,269.6222222222222,none,,
72251512926,TMP,diurnal,311.6222222222222,none,,
72251712932,TMP,diurnal,6.9118055555555555,none,,
72251712932,TMP,diurnal,43.203472222222224,none,,
72251712932,TMP,diurnal,48.66180555555555,none,,
72251712932,TMP,diurnal,68.62708333333333,none,,
72251712932,TMP,diurnal,94.12013888888889,none,,
72251712932,TMP,diurnal,101.16180555555556,none,,
72251712932,TMP,diurnal,135.35972222222222,none,,
72251712932,TMP,diurnal,188.93958333333333,none,,
72251712932,TMP,diurnal,202.9951388888889,none,,
72251712932,TMP,diurnal,218.91180555555556,none,,
72251712932,TMP,diurnal,240.75347222222223,none,,
72251712932,TMP,diurnal,311.1458333333333,none,,
72251712932,TMP,diurnal,319.66180555555553,none,,
72251712932,TMP,diurnal,347.3284722222222,quality,346.78680555555553,0.5417
72251712932,TMP,diurnal,351.3284722222222,none,,
72253012921,TMP,diurnal,5.625,none,,
72253012921,TMP,diurnal,42.702083333333334,none,,
72253012921,TMP,diurnal,48.28541666666667,none,,
72253012921,TMP,diurnal,59.49375,none,,
72253012921,TMP,diurnal,68.70208333333333,none,,
72253012921,TMP,diurnal,134.875,none,,
72253012921,TMP,diurnal,151.56458333333333,none,,
72253012921,TMP,diurnal,170.9,none,,
72253012921,TMP,diurnal,188.05277777777778,none,,
72253012921,TMP,diurnal,236.36875,none,,
72253012921,TMP,diurnal,290.07708333333335,none,,
72253012921,TMP,diurnal,310.16041666666666,none,,
72253012921,TMP,diurnal,344.0,none,,
72253012921,TMP,diurnal,353.41041666666666,none,,
72253012921,TMP,diurnal,362.53541666666666,none,,
72253312962,TMP,diurnal,12.327083333333333,none,,
72253312962,TMP,diurnal,48.202083333333334,none,,
72253312962,TMP,diurnal,59.99375,none,,
72253312962,TMP,diurnal,135.20208333333332,none,,
72253312962,TMP,diurnal,189.45208333333332,none,,
72253312962,TMP,diurnal,200.45208333333332,none,,
72253312962,TMP,diurnal,217.86875,quality,217.11875,0.75
72253312962,TMP,diurnal,242.24375,none,,
72253312962,TMP,diurnal,253.36875,none,,
72253312962,TMP,diurnal,270.11875,none,,
72253312962,TMP,diurnal,279.78541666666666,none,,
72253312962,TMP,diurnal,311.20208333333335,none,,
72253312962,TMP,diurnal,318.66041666666666,none,,
72253312962,TMP,diurnal,362.65416666666664,none,,
72253512909,TMP,diurnal,5.371527777777778,quality,4.870138888888889,0.5014
72253512909,TMP,diurnal,10.371527777777779,none,,
72253512909,TMP,diurnal,18.82986111111111,none,,
72253512909,TMP,diurnal,25.569444444444443,none,,
72253512909,TMP,diurnal,32.420138888888886,none,,
72253512909,TMP,diurnal,43.079861111111114,none,,
72253512909,TMP,diurnal,59.700694444444444,none,,
72253512909,TMP,diurnal,68.62152777777777,none,,
72253512909,TMP,diurnal,83.35416666666667,none,,
72253512909,TMP,diurnal,134.41319444444446,none,,
72253512909,TMP,diurnal,152.41319444444446,none,,
72253512909,TMP,diurnal,156.70833333333334,none,,
72253512909,TMP,diurnal,188.06666666666666,none,,
72253512909,TMP,diurnal,239.28819444444446,none,,
72253512909,TMP,diurnal,270.49652777777777,none,,
72253512909,TMP,diurnal,311.37152777777777,none,,
72253512909,TMP,diurnal,322.87152777777777,none,,
72253512909,TMP,diurnal,344.24652777777777,none,,
72255012912,TMP,diurnal,7.36875,none,,
72255012912,TMP,diurnal,12.577083333333333,none,,
72255012912,TMP,diurnal,42.952083333333334,none,,
72255012912,TMP,diurnal,68.99375,none,,
72255012912,TMP,diurnal,134.20208333333332,none,,
72255012912,TMP,diurnal,152.52777777777777,none,,
72255012912,TMP,diurnal,156.7125,none,,
72255012912,TMP,diurnal,188.66041666666666,quality,187.91597222222222,0.7444
72255012912,TMP,diurnal,269.45208333333335,none,,
72255012912,TMP,diurnal,321.42847222222224,quality,320.78541666666666,0.6431
72255012912,TMP,diurnal,353.625,none,,
72255512935,TMP,diurnal,38.953472222222224,none,,
72255512935,TMP,diurnal,43.62013888888889,none,,
72255512935,TMP,diurnal,59.578472222222224,none,,
72255512935,TMP,diurnal,69.07847222222222,none,,
72255512935,TMP,diurnal,112.49513888888889,none,,
72255512935,TMP,diurnal,132.20347222222222,none,,
72255512935,TMP,diurnal,149.1201388888889,none,,
72255512935,TMP,diurnal,156.81458333333333,quality,156.7451388888889,0.0694
72255512935,TMP,diurnal,192.66180555555556,none,,
72255512935,TMP,diurnal,269.28680555555553,none,,
72255512935,TMP,diurnal,310.6201388888889,none,,
72255512935,TMP,diurnal,319.7034722222222,none,,
72256013959,TMP,diurnal,12.410416666666666,quality,11.179166666666667,1.2312
72256013959,TMP,diurnal,48.077083333333334,none,,
72256013959,TMP,diurnal,53.827083333333334,none,,
72256013959,TMP,diurnal,86.41041666666666,none,,
72256013959,TMP,diurnal,92.49375,none,,
72256013959,TMP,diurnal,135.03541666666666,none,,
72256013959,TMP,diurnal,150.88958333333332,none,,
72256013959,TMP,diurnal,157.49375,none,,
72256013959,TMP,diurnal,187.53541666666666,none,,
72256013959,TMP,diurnal,221.89791666666667,none,,
72256013959,TMP,diurnal,237.0,quality,235.98263888888889,1.0174
72256013959,TMP,diurnal,254.66041666666666,none,,
72256013959,TMP,diurnal,266.75,none,,
72256013959,TMP,diurnal,289.78541666666666,quality,288.82708333333335,0.9583
72256013959,TMP,diurnal,305.32708333333335,none,,
72256013959,TMP,diurnal,309.22569444444446,none,,
72256013959,TMP,diurnal,362.36875,none,,
72257603902,TMP,diurnal,5.496527777777778,none,,
72257603902,TMP,diurnal,10.913194444444445,none,,
72257603902,TMP,diurnal,19.82986111111111,quality,18.122222222222224,1.7076
72257603902,TMP,diurnal,27.74652777777778,none,,
72257603902,TMP,diurnal,47.704861111111114,none,,
72257603902,TMP,diurnal,86.07986111111111,none,,
72257603902,TMP,diurnal,93.88194444444444,none,,
72257603902,TMP,diurnal,109.86111111111111,none,,
72257603902,TMP,diurnal,143.04236111111112,quality,142.99652777777777,0.0458
72257603902,TMP,diurnal,146.76041666666666,none,,
72257603902,TMP,diurnal,157.49652777777777,quality,156.78819444444446,0.7083
72257603902,TMP,diurnal,188.32986111111111,quality,187.89236111111111,0.4375
72257603902,TMP,diurnal,202.7590277777778,none,,
72257603902,TMP,diurnal,222.34722222222223,none,,
72257603902,TMP,diurnal,237.28819444444446,none,,
72257603902,TMP,diurnal,254.45486111111111,none,,
72257603902,TMP,diurnal,266.87152777777777,none,,
72257603902,TMP,diurnal,289.9548611111111,none,,
72257603902,TMP,diurnal,309.14166666666665,none,,
72257603902,TMP,diurnal,330.37152777777777,quality,328.91319444444446,1.4583
72257603902,TMP,diurnal,352.78819444444446,none,,
72259003927,TMP,diurnal,7.715277777777778,none,,
72259003927,TMP,diurnal,47.703472222222224,none,,
72259003927,TMP,diurnal,59.37013888888889,none,,
72259003927,TMP,diurnal,68.20347222222222,none,,
72259003927,TMP,diurnal,75.12013888888889,none,,
72259003927,TMP,diurnal,80.16180555555556,none,,
72259003927,TMP,diurnal,93.125,none,,
72259003927,TMP,diurnal,187.32847222222222,none,,
72259003927,TMP,diurnal,199.375,none,,
72259003927,TMP,diurnal,222.4951388888889,none,,
72259003927,TMP,diurnal,266.66180555555553,none,,
72259003927,TMP,diurnal,290.375,none,,
72259003927,TMP,diurnal,305.0,none,,
72259003927,TMP,diurnal,309.7451388888889,quality,308.8701388888889,0.875
72259003927,TMP,diurnal,330.53680555555553,quality,328.91180555555553,1.625
72259453909,TMP,diurnal,7.5368055555555555,none,,
72259453909,TMP,diurnal,47.953472222222224,none,,
72259453909,TMP,diurnal,85.87013888888889,none,,
72259453909,TMP,diurnal,92.82847222222222,none,,
72259453909,TMP,diurnal,187.8701388888889,none,,
72259453909,TMP,diurnal,199.66180555555556,none,,
72259453909,TMP,diurnal,223.3701388888889,none,,
72259453909,TMP,diurnal,246.61458333333334,none,,
72259453909,TMP,diurnal,267.0784722222222,none,,
72259453909,TMP,diurnal,290.91180555555553,none,,
72259453909,TMP,diurnal,302.7451388888889,none,,
72259453909,TMP,diurnal,310.16180555555553,none,,
72259453909,TMP,diurnal,329.8701388888889,none,,
72261022010,TMP,diurnal,7.651388888888889,quality,5.875,1.7764
72261022010,TMP,diurnal,42.53680555555555,none,,
72261022010,TMP,diurnal,47.953472222222224,none,,
72261022010,TMP,diurnal,59.62013888888889,none,,
72261022010,TMP,diurnal,68.37013888888889,none,,
72261022010,TMP,diurnal,93.07847222222222,none,,
72261022010,TMP,diurnal,108.04861111111111,none,,
72261022010,TMP,diurnal,133.91180555555556,none,,
72261022010,TMP,diurnal,191.03680555555556,none,,
72261022010,TMP,diurnal,203.95347222222222,none,,
72261022010,TMP,diurnal,217.00625,none,,
72261022010,TMP,diurnal,240.69305555555556,quality,240.08333333333334,0.6097
72261022010,TMP,diurnal,313.0,none,,
72261022010,TMP,diurnal,319.03680555555553,none,,
72261022010,TMP,diurnal,347.625,none,,
72263023034,TMP,diurnal,5.660416666666666,none,,
72263023034,TMP,diurnal,19.49375,quality,18.785416666666666,0.7083
72263023034,TMP,diurnal,47.99375,none,,
72263023034,TMP,diurnal,93.0,none,,
72263023034,TMP,diurnal,109.87569444444445,quality,109.2375,0.6382
72263023034,TMP,diurnal,118.25,none,,
72263023034,TMP,diurnal,188.07708333333332,quality,186.78541666666666,1.2917
72263023034,TMP,diurnal,202.0,quality,201.9986111111111,0.0014
72263023034,TMP,diurnal,215.99375,none,,
72263023034,TMP,diurnal,269.70208333333335,none,,
72263023034,TMP,diurnal,318.625,none,,
72263023034,TMP,diurnal,353.75,none,,
72265023023,TMP,diurnal,5.9534722222222225,none,,
72265023023,TMP,diurnal,19.0,none,,
72265023023,TMP,diurnal,48.0,none,,
72265023023,TMP,diurnal,68.32847222222222,none,,
72265023023,TMP,diurnal,75.23472222222222,none,,
72265023023,TMP,diurnal,79.99513888888889,none,,
72265023023,TMP,diurnal,137.4951388888889,quality,136.9777777777778,0.5174
72265023023,TMP,diurnal,161.4951388888889,none,,
72265023023,TMP,diurnal,171.28680555555556,none,,
72265023023,TMP,diurnal,186.66180555555556,quality,186.125,0.5368
72265023023,TMP,diurnal,243.16180555555556,none,,
72265023023,TMP,diurnal,257.4534722222222,none,,
72265023023,TMP,diurnal,266.1201388888889,none,,
72265023023,TMP,diurnal,289.66180555555553,none,,
72265023023,TMP,diurnal,309.2451388888889,none,,
72265023023,TMP,diurnal,330.3284722222222,none,,
72265023023,TMP,diurnal,365.8284722222222,none,,
72265623040,TMP,diurnal,14.453472222222222,none,,
72265623040,TMP,diurnal,58.91180555555555,none,,
72265623040,TMP,diurnal,115.07847222222222,none,,
72265623040,TMP,diurnal,124.8875,none,,
72265623040,TMP,diurnal,137.45347222222222,none,,
72265623040,TMP,diurnal,149.91180555555556,none,,
72265623040,TMP,diurnal,160.9951388888889,none,,
72265623040,TMP,diurnal,190.07847222222222,none,,
72265623040,TMP,diurnal,228.3701388888889,none,,
72265623040,TMP,diurnal,241.9951388888889,none,,
72265623040,TMP,diurnal,266.41180555555553,none,,
72265623040,TMP,diurnal,305.2034722222222,none,,
72265623040,TMP,diurnal,316.4534722222222,none,,
72265623040,TMP,diurnal,333.4534722222222,none,,
72265623040,TMP,diurnal,340.9534722222222,none,,
72266013962,TMP,diurnal,4.9944444444444445,none,,
72266013962,TMP,diurnal,12.202777777777778,quality,11.702777777777778,0.5
72266013962,TMP,diurnal,58.827777777777776,quality,56.875,1.9528
72266013962,TMP,diurnal,75.20277777777778,quality,74.91111111111111,0.2917
72266013962,TMP,diurnal,79.36944444444444,none,,
72266013962,TMP,diurnal,85.375,none,,
72266013962,TMP,diurnal,130.1027777777778,none,,
72266013962,TMP,diurnal,135.95277777777778,quality,134.82777777777778,1.125
72266013962,TMP,diurnal,187.86944444444444,quality,185.9111111111111,1.9583
72266013962,TMP,diurnal,203.0361111111111,quality,201.82777777777778,1.2083
72266013962,TMP,diurnal,221.99444444444444,quality,220.24444444444444,1.75
72266013962,TMP,diurnal,236.99444444444444,quality,236.1611111111111,0.8333
72266013962,TMP,diurnal,256.9527777777778,none,,
72266013962,TMP,diurnal,287.75,none,,
72266013962,TMP,diurnal,299.61944444444447,none,,
72266013962,TMP,diurnal,318.24444444444447,none,,
72266013962,TMP,diurnal,330.25,none,,
72266013962,TMP,diurnal,344.88958333333335,none,,
72267023042,TMP,diurnal,7.913194444444445,none,,
72267023042,TMP,diurnal,44.37013888888889,none,,
72267023042,TMP,diurnal,58.99513888888889,none,,
72267023042,TMP,diurnal,85.375,none,,
72267023042,TMP,diurnal,93.03680555555556,none,,
72267023042,TMP,diurnal,186.9951388888889,quality,186.03333333333333,0.9618
72267023042,TMP,diurnal,221.25,none,,
72267023042,TMP,diurnal,243.1201388888889,none,,
72267023042,TMP,diurnal,290.16180555555553,none,,
72268023009,TMP,diurnal,17.535416666666666,none,,
72268023009,TMP,diurnal,47.86736111111111,none,,
72268023009,TMP,diurnal,75.00208333333333,none,,
72268023009,TMP,diurnal,82.86875,none,,
72268023009,TMP,diurnal,113.28541666666666,none,,
72268023009,TMP,diurnal,125.03541666666666,none,,
72268023009,TMP,diurnal,137.61875,quality,136.81180555555557,0.8069
72268023009,TMP,diurnal,161.03541666666666,none,,
72268023009,TMP,diurnal,166.70208333333332,none,,
72268023009,TMP,diurnal,202.90902777777777,quality,202.22986111111112,0.6792
72268023009,TMP,diurnal,299.20208333333335,quality,297.875,1.3271
72268023009,TMP,diurnal,304.49375,none,,
72268623008,TMP,diurnal,13.538194444444445,none,,
72268623008,TMP,diurnal,61.24652777777778,none,,
72268623008,TMP,diurnal,68.28541666666666,quality,67.24305555555556,1.0424
72268623008,TMP,diurnal,85.20486111111111,none,,
72268623008,TMP,diurnal,91.99652777777777,none,,
72268623008,TMP,diurnal,109.12152777777777,none,,
72268623008,TMP,diurnal,239.12847222222223,none,,
72268623008,TMP,diurnal,290.24652777777777,none,,
72268623008,TMP,diurnal,304.49652777777777,none,,
72268623008,TMP,diurnal,330.8298611111111,quality,328.91319444444446,1.9167
72268793033,TMP,diurnal,17.37013888888889,none,,
72268793033,TMP,diurnal,160.95347222222222,none,,
72268793033,TMP,diurnal,190.45347222222222,none,,
72268793033,TMP,diurnal,199.7548611111111,none,,
72268793033,TMP,diurnal,299.7451388888889,quality,297.8701388888889,1.875
72268793033,TMP,diurnal,333.4951388888889,none,,
72268793033,TMP,diurnal,343.66180555555553,none,,
72270023044,TMP,diurnal,15.827083333333333,none,,
72270023044,TMP,diurnal,75.25,none,,
72270023044,TMP,diurnal,88.45208333333333,none,,
72270023044,TMP,diurnal,171.16041666666666,quality,170.99375,0.1667
72270023044,TMP,diurnal,178.375,quality,178.11875,0.2562
72270023044,TMP,diurnal,240.03541666666666,quality,239.16041666666666,0.875
72270023044,TMP,diurnal,245.875,none,,
72270023044,TMP,diurnal,304.03541666666666,none,,
72270023044,TMP,diurnal,344.78541666666666,none,,
72271093045,TMP,diurnal,10.411805555555556,none,,
72271093045,TMP,diurnal,41.203472222222224,none,,
72271093045,TMP,diurnal,48.578472222222224,none,,
72271093045,TMP,diurnal,88.74513888888889,none,,
72271093045,TMP,diurnal,137.0,none,,
72271093045,TMP,diurnal,320.53680555555553,none,,
72271093045,TMP,diurnal,344.78680555555553,none,,
72274023160,TMP,diurnal,6.95,none,,
72274023160,TMP,diurnal,84.37013888888889,none,,
72274023160,TMP,diurnal,91.025,none,,
72274023160,TMP,diurnal,96.78680555555556,none,,
72274023160,TMP,diurnal,173.28680555555556,none,,
72274023160,TMP,diurnal,180.06597222222223,quality,180.03680555555556,0.0292
72274023160,TMP,diurnal,194.03680555555556,quality,193.03680555555556,1.0
72274023160,TMP,diurnal,207.41180555555556,quality,207.16180555555556,0.25
72274023160,TMP,diurnal,292.53680555555553,none,,
72274023160,TMP,diurnal,303.1201388888889,none,,
72274023160,TMP,diurnal,346.41180555555553,none,,
72274523109,TMP,diurnal,7.954861111111111,none,,
72274523109,TMP,diurnal,37.893055555555556,none,,
72274523109,TMP,diurnal,59.12152777777778,none,,
72274523109,TMP,diurnal,84.17916666666666,none,,
72274523109,TMP,diurnal,91.03472222222223,none,,
72274523109,TMP,diurnal,95.85625,none,,
72274523109,TMP,diurnal,172.62152777777777,none,,
72274523109,TMP,diurnal,180.10972222222222,quality,180.03819444444446,0.0715
72274523109,TMP,diurnal,193.78819444444446,none,,
72274523109,TMP,diurnal,293.37152777777777,none,,
72274523109,TMP,diurnal,303.0798611111111,none,,
72274793084,TMP,diurnal,36.516666666666666,none,,
72274793084,TMP,diurnal,84.03541666666666,none,,
72274793084,TMP,diurnal,240.82708333333332,none,,
72274793084,TMP,diurnal,293.53541666666666,none,,
72274793084,TMP,diurnal,301.57708333333335,none,,
72278023183,TMP,diurnal,7.285416666666666,none,,
72278023183,TMP,diurnal,32.78541666666667,none,,
72278023183,TMP,diurnal,75.11875,none,,
72278023183,TMP,diurnal,84.0,none,,
72278023183,TMP,diurnal,90.99375,none,,
72278023183,TMP,diurnal,126.78541666666666,none,,
72278023183,TMP,diurnal,141.53541666666666,none,,
72278023183,TMP,diurnal,174.11875,none,,
72278023183,TMP,diurnal,197.41041666666666,quality,196.28541666666666,1.125
72278023183,TMP,diurnal,203.28541666666666,quality,203.03541666666666,0.25
72278023183,TMP,diurnal,230.5,quality,230.36875,0.1312
72278023183,TMP,diurnal,292.28541666666666,none,,
72278023183,TMP,diurnal,353.75,none,,
72286023119,TMP,diurnal,95.07986111111111,none,,
72286023119,TMP,diurnal,102.91319444444444,none,,
72288023152,TMP,diurnal,99.82847222222222,none,,
72290023188,TMP,diurnal,27.875,none,,
72290023188,TMP,diurnal,254.0,none,,
72290023188,TMP,diurnal,295.07708333333335,none,,
72290693112,TMP,diurnal,48.577777777777776,quality,48.513194444444444,0.0646
72290693112,TMP,diurnal,104.78611111111111,quality,104.29583333333333,0.4903
72290693112,TMP,diurnal,175.1611111111111,none,,
72290693112,TMP,diurnal,254.14444444444445,none,,
72292603154,TMP,diurnal,175.37152777777777,none,,
72292603154,TMP,diurnal,214.87152777777777,none,,
72295023174,TMP,diurnal,54.16180555555555,none,,
72295023174,TMP,diurnal,99.95347222222222,none,,
72295023174,TMP,diurnal,250.57847222222222,none,,
72295023174,TMP,diurnal,293.0,none,,
72295023174,TMP,diurnal,342.16180555555553,none,,
72303013714,TMP,diurnal,13.371527777777779,none,,
72303013714,TMP,diurnal,18.05763888888889,none,,
72303013714,TMP,diurnal,22.62152777777778,none,,
72303013714,TMP,diurnal,26.693055555555556,none,,
72303013714,TMP,diurnal,30.538194444444443,none,,
72303013714,TMP,diurnal,70.08611111111111,none,,
72303013714,TMP,diurnal,79.78958333333334,quality,79.69791666666667,0.0917
72303013714,TMP,diurnal,88.72361111111111,quality,88.60138888888889,0.1222
72303013714,TMP,diurnal,94.57986111111111,none,,
72303013714,TMP,diurnal,140.70138888888889,none,,
72303013714,TMP,diurnal,153.62152777777777,none,,
72303013714,TMP,diurnal,181.73402777777778,none,,
72303013714,TMP,diurnal,195.97430555555556,none,,
72303013714,TMP,diurnal,215.16319444444446,none,,
72303013714,TMP,diurnal,229.41319444444446,quality,228.72916666666666,0.684
72303013714,TMP,diurnal,262.25347222222223,none,,
72303013714,TMP,diurnal,272.0138888888889,none,,
72303013714,TMP,diurnal,278.5798611111111,quality,277.4138888888889,1.166
72303593740,TMP,diurnal,28.786805555555556,none,,
72303593740,TMP,diurnal,44.66180555555555,none,,
72303593740,TMP,diurnal,214.9951388888889,quality,214.8701388888889,0.125
72303593740,TMP,diurnal,234.03680555555556,none,,
72303593740,TMP,diurnal,243.24375,none,,
72303593740,TMP,diurnal,282.9534722222222,none,,
72303593740,TMP,diurnal,314.53680555555553,none,,
72303593740,TMP,diurnal,340.0784722222222,none,,
72303593740,TMP,diurnal,346.3701388888889,none,,
72306013722,TMP,diurnal,12.24236111111111,none,,
72306013722,TMP,diurnal,44.452083333333334,none,,
72306013722,TMP,diurnal,53.5,none,,
72306013722,TMP,diurnal,131.70208333333332,none,,
72306013722,TMP,diurnal,179.07708333333332,none,,
72306013722,TMP,diurnal,215.92291666666668,quality,215.91041666666666,0.0125
72306013722,TMP,diurnal,242.76875,none,,
72306013722,TMP,diurnal,282.25,none,,
72306013722,TMP,diurnal,307.625,none,,
72306013722,TMP,diurnal,314.25,none,,
72306013722,TMP,diurnal,339.78541666666666,none,,
72306613713,TMP,diurnal,53.74652777777778,quality,52.84861111111111,0.8979
72306613713,TMP,diurnal,59.829861111111114,none,,
72306613713,TMP,diurnal,177.20486111111111,none,,
72306613713,TMP,diurnal,182.59652777777777,none,,
72306613713,TMP,diurnal,243.45486111111111,quality,242.9111111111111,0.5438
72306613713,TMP,diurnal,282.37291666666664,none,,
72306613713,TMP,diurnal,295.7916666666667,none,,
72306613713,TMP,diurnal,337.28819444444446,none,,
72306613713,TMP,diurnal,363.3298611111111,none,,
72307513769,TMP,diurnal,13.122222222222222,none,,
72307513769,TMP,diurnal,23.580555555555556,none,,
72307513769,TMP,diurnal,44.705555555555556,none,,
72307513769,TMP,diurnal,57.74722222222222,none,,
72307513769,TMP,diurnal,175.74722222222223,quality,175.70555555555555,0.0417
72307513769,TMP,diurnal,232.0326388888889,none,,
72307513769,TMP,diurnal,282.7888888888889,none,,
72307513769,TMP,diurnal,307.1638888888889,none,,
72307513769,TMP,diurnal,315.2472222222222,none,,
72307513769,TMP,diurnal,362.8722222222222,none,,
72308013737,TMP,diurnal,8.99375,none,,
72308013737,TMP,diurnal,40.90902777777778,none,,
72308013737,TMP,diurnal,46.75,none,,
72308013737,TMP,diurnal,53.68819444444444,none,,
72308013737,TMP,diurnal,77.95208333333333,none,,
72308013737,TMP,diurnal,105.49375,none,,
72308013737,TMP,diurnal,124.03541666666666,none,,
72308013737,TMP,diurnal,130.625,none,,
72308013737,TMP,diurnal,175.70208333333332,none,,
72308013737,TMP,diurnal,181.875,none,,
72308013737,TMP,diurnal,199.60347222222222,none,,
72308013737,TMP,diurnal,218.82708333333332,none,,
72308013737,TMP,diurnal,223.11875,none,,
72308013737,TMP,diurnal,230.61875,none,,
72308013737,TMP,diurnal,282.07708333333335,none,,
72308013737,TMP,diurnal,363.5,none,,
72308513750,TMP,diurnal,53.66597222222222,none,,
72308513750,TMP,diurnal,175.83263888888888,none,,
72308513750,TMP,diurnal,272.9576388888889,none,,
72308513750,TMP,diurnal,282.9159722222222,none,,
72308513750,TMP,diurnal,315.2076388888889,none,,
72308513750,TMP,diurnal,343.5826388888889,none,,
72308693741,TMP,diurnal,12.954166666666667,quality,12.036111111111111,0.9181
72308693741,TMP,diurnal,53.699305555555554,none,,
72308693741,TMP,diurnal,143.32916666666668,none,,
72308693741,TMP,diurnal,282.74583333333334,none,,
72308693741,TMP,diurnal,315.1625,none,,
72308693741,TMP,diurnal,342.7875,none,,
72308693741,TMP,diurnal,347.7875,none,,
72308693741,TMP,diurnal,352.95416666666665,none,,
72308693741,TMP,diurnal,363.32916666666665,none,,
72309013754,TMP,diurnal,12.622222222222222,quality,11.942361111111111,0.6799
72309013754,TMP,diurnal,23.497222222222224,none,,
72309013754,TMP,diurnal,53.738194444444446,none,,
72309013754,TMP,diurnal,161.9138888888889,none,,
72309013754,TMP,diurnal,280.7888888888889,none,,
72309013754,TMP,diurnal,314.8305555555556,none,,
72309593719,TMP,diurnal,45.24583333333333,none,,
72309593719,TMP,diurnal,78.7875,none,,
72309593719,TMP,diurnal,162.2875,none,,
72309593719,TMP,diurnal,283.0375,none,,
72309593719,TMP,diurnal,339.74583333333334,none,,
72309693727,TMP,diurnal,53.41388888888889,none,,
72309693727,TMP,diurnal,60.205555555555556,none,,
72309693727,TMP,diurnal,70.20555555555555,none,,
72309693727,TMP,diurnal,287.4972222222222,none,,
72310013883,TMP,diurnal,13.125,quality,11.855555555555556,1.2694
72310013883,TMP,diurnal,111.77222222222223,none,,
72310013883,TMP,diurnal,129.6638888888889,none,,
72310013883,TMP,diurnal,153.2888888888889,none,,
72310013883,TMP,diurnal,179.4125,none,,
72310013883,TMP,diurnal,222.00625,none,,
72310013883,TMP,diurnal,284.6222222222222,none,,
72310013883,TMP,diurnal,301.1638888888889,none,,
72310013883,TMP,diurnal,326.4138888888889,none,,
72310013883,TMP,diurnal,333.6638888888889,none,,
72310013883,TMP,diurnal,339.9138888888889,none,,
72310613744,TMP,diurnal,53.577083333333334,quality,52.78680555555555,0.7903
72310613744,TMP,diurnal,59.99513888888889,none,,
72310613744,TMP,diurnal,71.28680555555556,none,,
72310613744,TMP,diurnal,287.9534722222222,none,,
72310613744,TMP,diurnal,301.2576388888889,none,,
72310613744,TMP,diurnal,334.91180555555553,none,,
72311013873,TMP,diurnal,14.0,none,,
72311013873,TMP,diurnal,48.41041666666667,none,,
72311013873,TMP,diurnal,111.70208333333333,none,,
72311013873,TMP,diurnal,179.32708333333332,none,,
72311013873,TMP,diurnal,197.66041666666666,none,,
72311013873,TMP,diurnal,230.49375,none,,
72311013873,TMP,diurnal,251.11875,none,,
72311013873,TMP,diurnal,268.99375,none,,
72311013873,TMP,diurnal,275.5,none,,
72311013873,TMP,diurnal,281.25,none,,
72311013873,TMP,diurnal,287.25,none,,
72311013873,TMP,diurnal,318.11875,none,,
72311013873,TMP,diurnal,346.32708333333335,none,,
72311013873,TMP,diurnal,355.125,none,,
72312003870,TMP,diurnal,48.453472222222224,none,,
72312003870,TMP,diurnal,55.578472222222224,none,,
72312003870,TMP,diurnal,153.375,none,,
72312003870,TMP,diurnal,179.03680555555556,none,,
72312003870,TMP,diurnal,220.9951388888889,none,,
72312003870,TMP,diurnal,287.4534722222222,none,,
72312003870,TMP,diurnal,318.2451388888889,none,,
72312003870,TMP,diurnal,325.8284722222222,none,,
72312003870,TMP,diurnal,339.5,none,,
72313993729,TMP,diurnal,12.352083333333333,none,,
72313993729,TMP,diurnal,44.452083333333334,none,,
72313993729,TMP,diurnal,58.11875,none,,
72313993729,TMP,diurnal,78.70208333333333,none,,
72313993729,TMP,diurnal,96.99375,none,,
72313993729,TMP,diurnal,109.74375,none,,
72313993729,TMP,diurnal,131.45069444444445,none,,
72313993729,TMP,diurnal,210.28541666666666,none,,
72313993729,TMP,diurnal,281.53541666666666,none,,
72313993729,TMP,diurnal,326.70208333333335,none,,
72314013881,TMP,diurnal,44.41111111111111,none,,
72314013881,TMP,diurnal,78.53611111111111,none,,
72314013881,TMP,diurnal,111.86944444444444,none,,
72314013881,TMP,diurnal,128.86458333333334,none,,
72314013881,TMP,diurnal,153.32777777777778,none,,
72314013881,TMP,diurnal,179.99444444444444,none,,
72314013881,TMP,diurnal,188.11944444444444,none,,
72314013881,TMP,diurnal,226.95277777777778,none,,
72314013881,TMP,diurnal,288.5,none,,
72314013881,TMP,diurnal,315.0138888888889,none,,
72314013881,TMP,diurnal,320.3277777777778,none,,
72314013881,TMP,diurnal,326.7027777777778,none,,
72314013881,TMP,diurnal,346.4111111111111,none,,
72314013881,TMP,diurnal,359.2861111111111,none,,
72315003812,TMP,diurnal,10.870833333333334,none,,
72315003812,TMP,diurnal,16.9125,none,,
72315003812,TMP,diurnal,28.155555555555555,none,,
72315003812,TMP,diurnal,59.829166666666666,none,,
72315003812,TMP,diurnal,72.125,none,,
72315003812,TMP,diurnal,147.59305555555557,none,,
72315003812,TMP,diurnal,153.2875,none,,
72315003812,TMP,diurnal,178.9125,none,,
72315003812,TMP,diurnal,243.50555555555556,none,,
72315003812,TMP,diurnal,288.62083333333334,none,,
72315003812,TMP,diurnal,297.57916666666665,quality,296.7875,0.7917
72315003812,TMP,diurnal,317.75,none,,
72315003812,TMP,diurnal,330.57916666666665,none,,
72315003812,TMP,diurnal,340.125,none,,
72317013723,TMP,diurnal,44.4125,none,,
72317013723,TMP,diurnal,112.24583333333334,none,,
72317013723,TMP,diurnal,131.5,none,,
72317013723,TMP,diurnal,147.62083333333334,none,,
72317013723,TMP,diurnal,153.57916666666668,none,,
72317013723,TMP,diurnal,161.5375,none,,
72317013723,TMP,diurnal,179.25,none,,
72317013723,TMP,diurnal,210.7875,none,,
72317013723,TMP,diurnal,215.62083333333334,none,,
72317013723,TMP,diurnal,225.70416666666668,none,,
72317013723,TMP,diurnal,242.92361111111111,none,,
72317013723,TMP,diurnal,288.4125,none,,
72317013723,TMP,diurnal,317.5375,none,,
72317013723,TMP,diurnal,339.7875,none,,
72320093801,TMP,diurnal,8.161805555555556,none,,
72320093801,TMP,diurnal,78.53680555555556,none,,
72320093801,TMP,diurnal,94.28680555555556,none,,
72320093801,TMP,diurnal,131.66180555555556,none,,
72320093801,TMP,diurnal,137.75,none,,
72320093801,TMP,diurnal,145.6201388888889,none,,
72320093801,TMP,diurnal,159.7451388888889,none,,
72320093801,TMP,diurnal,196.95069444444445,none,,
72320093801,TMP,diurnal,211.6798611111111,none,,
72320093801,TMP,diurnal,288.4951388888889,none,,
72320093801,TMP,diurnal,294.375,none,,
72320093801,TMP,diurnal,326.25,none,,
72323003856,TMP,diurnal,36.12013888888889,none,,
72323003856,TMP,diurnal,47.578472222222224,none,,
72323003856,TMP,diurnal,59.703472222222224,none,,
72323003856,TMP,diurnal,68.03680555555556,none,,
72323003856,TMP,diurnal,94.32847222222222,none,,
72323003856,TMP,diurnal,131.20347222222222,quality,129.91805555555555,1.2854
72323003856,TMP,diurnal,178.1201388888889,none,,
72323003856,TMP,diurnal,244.91180555555556,none,,
72323003856,TMP,diurnal,288.41180555555553,none,,
72323003856,TMP,diurnal,325.53680555555553,none,,
72323003856,TMP,diurnal,332.30625,none,,
72323003856,TMP,diurnal,339.3923611111111,none,,
72323513896,TMP,diurnal,12.370138888888889,none,,
72323513896,TMP,diurnal,17.85972222222222,none,,
72323513896,TMP,diurnal,30.45347222222222,quality,29.82847222222222,0.625
72323513896,TMP,diurnal,56.62013888888889,none,,
72323513896,TMP,diurnal,78.24513888888889,none,,
72323513896,TMP,diurnal,99.12013888888889,none,,
72323513896,TMP,diurnal,281.53680555555553,none,,
72323513896,TMP,diurnal,325.7451388888889,none,,
72324013882,TMP,diurnal,78.28680555555556,none,,
72324013882,TMP,diurnal,159.5,none,,
72324013882,TMP,diurnal,178.55555555555554,none,,
72324013882,TMP,diurnal,186.9951388888889,none,,
72324013882,TMP,diurnal,213.125,quality,211.92708333333334,1.1979
72324013882,TMP,diurnal,229.18541666666667,none,,
72324013882,TMP,diurnal,239.32847222222222,none,,
72324013882,TMP,diurnal,287.2034722222222,none,,
72324013882,TMP,diurnal,320.4951388888889,none,,
72324013882,TMP,diurnal,340.53680555555553,none,,
72324013882,TMP,diurnal,346.125,none,,
72326013891,TMP,diurnal,56.49513888888889,none,,
72326013891,TMP,diurnal,108.24513888888889,none,,
72326013891,TMP,diurnal,143.79583333333332,none,,
72326013891,TMP,diurnal,155.0,none,,
72326013891,TMP,diurnal,187.875,quality,186.7451388888889,1.1299
72326013891,TMP,diurnal,198.1201388888889,none,,
72326013891,TMP,diurnal,286.8284722222222,none,,
72326013891,TMP,diurnal,325.8701388888889,none,,
72326013891,TMP,diurnal,332.40833333333336,quality,331.8701388888889,0.5382
72326013891,TMP,diurnal,340.3284722222222,none,,
72327013897,TMP,diurnal,12.375,none,,
72327013897,TMP,diurnal,17.852083333333333,none,,
72327013897,TMP,diurnal,48.12013888888889,none,,
72327013897,TMP,diurnal,56.49513888888889,none,,
72327013897,TMP,diurnal,79.95347222222222,none,,
72327013897,TMP,diurnal,147.29652777777778,none,,
72327013897,TMP,diurnal,152.95347222222222,none,,
72327013897,TMP,diurnal,178.14444444444445,none,,
72327013897,TMP,diurnal,243.57847222222222,none,,
72327013897,TMP,diurnal,276.0784722222222,none,,
72327013897,TMP,diurnal,287.7451388888889,none,,
72327013897,TMP,diurnal,323.2034722222222,none,,
72327013897,TMP,diurnal,338.9951388888889,none,,
72330003975,TMP,diurnal,12.377777777777778,none,,
72330003975,TMP,diurnal,33.328472222222224,none,,
72330003975,TMP,diurnal,41.87013888888889,none,,
72330003975,TMP,diurnal,94.07847222222222,quality,93.06527777777778,1.0132
72330003975,TMP,diurnal,168.90416666666667,none,,
72330003975,TMP,diurnal,183.66180555555556,none,,
72330003975,TMP,diurnal,195.20347222222222,none,,
72330003975,TMP,diurnal,220.66180555555556,none,,
72330003975,TMP,diurnal,251.57847222222222,none,,
72330003975,TMP,diurnal,275.53680555555553,none,,
72330003975,TMP,diurnal,330.1201388888889,none,,
72330003975,TMP,diurnal,340.03680555555553,none,,
72332093862,TMP,diurnal,10.828472222222222,quality,9.875,0.9535
72332093862,TMP,diurnal,17.536805555555556,none,,
72332093862,TMP,diurnal,21.62013888888889,none,,
72332093862,TMP,diurnal,27.62013888888889,none,,
72332093862,TMP,diurnal,48.12013888888889,none,,
72332093862,TMP,diurnal,59.203472222222224,none,,
72332093862,TMP,diurnal,78.625,none,,
72332093862,TMP,diurnal,131.28680555555556,none,,
72332093862,TMP,diurnal,161.66180555555556,none,,
72332093862,TMP,diurnal,182.57847222222222,none,,
72332093862,TMP,diurnal,235.82847222222222,none,,
72332093862,TMP,diurnal,268.125,none,,
72332093862,TMP,diurnal,276.2451388888889,none,,
72332093862,TMP,diurnal,288.2034722222222,none,,
72332093862,TMP,diurnal,319.375,none,,
72332093862,TMP,diurnal,329.3284722222222,none,,
72334013893,TMP,diurnal,11.120833333333334,none,,
72334013893,TMP,diurnal,21.870833333333334,none,,
72334013893,TMP,diurnal,26.954166666666666,none,,
72334013893,TMP,diurnal,47.138194444444444,none,,
72334013893,TMP,diurnal,59.4125,none,,
72334013893,TMP,diurnal,78.125,none,,
72334013893,TMP,diurnal,94.1625,quality,93.15347222222222,1.009
72334013893,TMP,diurnal,143.0375,none,,
72334013893,TMP,diurnal,154.87083333333334,none,,
72334013893,TMP,diurnal,161.62083333333334,none,,
72334013893,TMP,diurnal,168.875,quality,168.87083333333334,0.0042
72334013893,TMP,diurnal,220.45416666666668,none,,
72334013893,TMP,diurnal,228.0,none,,
72334013893,TMP,diurnal,235.5375,none,,
72334013893,TMP,diurnal,275.57916666666665,none,,
72334013893,TMP,diurnal,324.74583333333334,none,,
72334013893,TMP,diurnal,353.6625,none,,
72334603811,TMP,diurnal,21.49513888888889,none,,
72334603811,TMP,diurnal,26.929166666666667,none,,
72334603811,TMP,diurnal,47.74513888888889,none,,
72334603811,TMP,diurnal,56.74513888888889,none,,
72334603811,TMP,diurnal,78.37013888888889,none,,
72334603811,TMP,diurnal,93.66180555555556,none,,
72334603811,TMP,diurnal,142.95347222222222,none,,
72334603811,TMP,diurnal,178.16180555555556,none,,
72334603811,TMP,diurnal,220.41041666666666,none,,
72334603811,TMP,diurnal,288.78680555555553,none,,
72334603811,TMP,diurnal,319.52986111111113,none,,
72334603811,TMP,diurnal,340.66180555555553,none,,
72334603811,TMP,diurnal,353.9951388888889,none,,
72340313963,TMP,diurnal,9.953472222222222,none,,
72340313963,TMP,diurnal,109.91041666666666,none,,
72340313963,TMP,diurnal,161.1201388888889,none,,
72340313963,TMP,diurnal,177.82847222222222,none,,
72340313963,TMP,diurnal,231.1013888888889,none,,
72340313963,TMP,diurnal,276.2034722222222,none,,
72340313963,TMP,diurnal,288.16180555555553,none,,
72340313963,TMP,diurnal,329.53680555555553,quality,328.91180555555553,0.625
72340503930,TMP,diurnal,10.847222222222221,none,,
72340503930,TMP,diurnal,30.163194444444443,none,,
72340503930,TMP,diurnal,44.74652777777778,none,,
72340503930,TMP,diurnal,58.78819444444444,none,,
72340503930,TMP,diurnal,79.28819444444444,none,,
72340503930,TMP,diurnal,93.87152777777777,quality,93.49652777777777,0.375
72340503930,TMP,diurnal,130.49652777777777,none,,
72340503930,TMP,diurnal,155.03819444444446,none,,
72340503930,TMP,diurnal,161.01805555555555,none,,
72340503930,TMP,diurnal,178.32986111111111,none,,
72340503930,TMP,diurnal,220.49652777777777,none,,
72340503930,TMP,diurnal,229.78819444444446,none,,
72340503930,TMP,diurnal,289.12152777777777,quality,288.74652777777777,0.375
72340503930,TMP,diurnal,297.2048611111111,quality,296.78819444444446,0.4167
72340503930,TMP,diurnal,321.7048611111111,none,,
72340503930,TMP,diurnal,353.99652777777777,none,,
72341793988,TMP,diurnal,9.828472222222222,none,,
72341793988,TMP,diurnal,47.828472222222224,none,,
72341793988,TMP,diurnal,58.99513888888889,none,,
72341793988,TMP,diurnal,78.41180555555556,none,,
72341793988,TMP,diurnal,94.53680555555556,none,,
72341793988,TMP,diurnal,110.12013888888889,none,,
72341793988,TMP,diurnal,155.0236111111111,none,,
72341793988,TMP,diurnal,177.72291666666666,none,,
72341793988,TMP,diurnal,228.91180555555556,none,,
72341793988,TMP,diurnal,288.91180555555553,none,,
72341793988,TMP,diurnal,321.9951388888889,none,,
72341813977,TMP,diurnal,12.161805555555556,none,,
72341813977,TMP,diurnal,40.84305555555556,none,,
72341813977,TMP,diurnal,93.32847222222222,none,,
72341813977,TMP,diurnal,110.28680555555556,none,,
72341813977,TMP,diurnal,132.88958333333332,none,,
72341813977,TMP,diurnal,148.67430555555555,quality,148.4951388888889,0.1792
72341813977,TMP,diurnal,178.28680555555556,quality,177.78680555555556,0.5
72341813977,TMP,diurnal,186.88333333333333,none,,
72341813977,TMP,diurnal,199.11875,none,,
72341813977,TMP,diurnal,226.41180555555556,none,,
72341813977,TMP,diurnal,321.66180555555553,quality,320.6958333333333,0.966
72341993992,TMP,diurnal,10.203472222222222,none,,
72341993992,TMP,diurnal,72.67777777777778,none,,
72341993992,TMP,diurnal,77.95347222222222,none,,
72341993992,TMP,diurnal,93.32847222222222,none,,
72341993992,TMP,diurnal,148.91180555555556,none,,
72341993992,TMP,diurnal,155.36875,none,,
72341993992,TMP,diurnal,162.95347222222222,none,,
72341993992,TMP,diurnal,177.91180555555556,none,,
72341993992,TMP,diurnal,203.97152777777777,none,,
72341993992,TMP,diurnal,230.41180555555556,none,,
72341993992,TMP,diurnal,254.58958333333334,none,,
72341993992,TMP,diurnal,266.03680555555553,none,,
72341993992,TMP,diurnal,321.875,none,,
72344013964,TMP,diurnal,7.245138888888889,none,,
72344013964,TMP,diurnal,11.703472222222222,quality,10.828472222222222,0.875
72344013964,TMP,diurnal,47.1375,none,,
72344013964,TMP,diurnal,58.828472222222224,none,,
72344013964,TMP,diurnal,77.5,none,,
72344013964,TMP,diurnal,178.70347222222222,none,,
72344013964,TMP,diurnal,187.20347222222222,none,,
72344013964,TMP,diurnal,229.20902777777778,quality,229.19097222222223,0.0181
72344013964,TMP,diurnal,236.625,none,,
72344013964,TMP,diurnal,251.0,none,,
72344013964,TMP,diurnal,310.65972222222223,none,,
72344593993,TMP,diurnal,178.03680555555556,none,,
72344593993,TMP,diurnal,186.8701388888889,none,,
72344593993,TMP,diurnal,198.45208333333332,none,,
72344593993,TMP,diurnal,216.2451388888889,none,,
72344593993,TMP,diurnal,231.01875,none,,
72344593993,TMP,diurnal,251.70347222222222,none,,
72344593993,TMP,diurnal,288.28680555555553,none,,
72349513987,TMP,diurnal,7.783333333333333,none,,
72349513987,TMP,diurnal,28.74513888888889,none,,
72349513987,TMP,diurnal,59.74513888888889,quality,58.66180555555555,1.0833
72349513987,TMP,diurnal,77.66180555555556,none,,
72349513987,TMP,diurnal,109.49513888888889,none,,
72349513987,TMP,diurnal,126.07847222222222,none,,
72349513987,TMP,diurnal,177.66180555555556,none,,
72349513987,TMP,diurnal,275.6201388888889,none,,
72349513987,TMP,diurnal,287.6201388888889,none,,
72349513987,TMP,diurnal,328.41180555555553,none,,
72351013966,TMP,diurnal,12.375,quality,11.244444444444444,1.1306
72351013966,TMP,diurnal,43.99444444444445,none,,
72351013966,TMP,diurnal,58.74444444444445,none,,
72351013966,TMP,diurnal,129.75,none,,
72351013966,TMP,diurnal,142.9111111111111,none,,
72351013966,TMP,diurnal,186.4111111111111,none,,
72351013966,TMP,diurnal,266.0861111111111,none,,
72351013966,TMP,diurnal,305.2027777777778,none,,
72351013966,TMP,diurnal,330.0777777777778,none,,
72352593986,TMP,diurnal,7.500694444444444,none,,
72352593986,TMP,diurnal,58.828472222222224,none,,
72352593986,TMP,diurnal,109.12013888888889,none,,
72352593986,TMP,diurnal,186.36041666666668,none,,
72352593986,TMP,diurnal,215.41180555555556,none,,
72352593986,TMP,diurnal,224.6201388888889,none,,
72353013967,TMP,diurnal,7.429861111111111,none,,
72353013967,TMP,diurnal,19.16111111111111,none,,
72353013967,TMP,diurnal,26.789583333333333,none,,
72353013967,TMP,diurnal,59.36944444444445,quality,58.577777777777776,0.7917
72353013967,TMP,diurnal,64.57777777777778,none,,
72353013967,TMP,diurnal,109.49444444444444,none,,
72353013967,TMP,diurnal,128.74444444444444,none,,
72353013967,TMP,diurnal,186.7861111111111,none,,
72353013967,TMP,diurnal,214.71180555555554,none,,
72353013967,TMP,diurnal,221.86944444444444,none,,
72353013967,TMP,diurnal,289.4527777777778,none,,
72353013967,TMP,diurnal,349.6611111111111,none,,
72354013919,TMP,diurnal,12.57986111111111,quality,11.23611111111111,1.3438
72354013919,TMP,diurnal,28.788194444444443,quality,26.99652777777778,1.7917
72354013919,TMP,diurnal,58.579861111111114,none,,
72354013919,TMP,diurnal,187.32986111111111,quality,186.41319444444446,0.9167
72354013919,TMP,diurnal,222.32986111111111,none,,
72354013919,TMP,diurnal,328.49652777777777,quality,326.91319444444446,1.5833
72354403954,TMP,diurnal,29.036805555555556,none,,
72354403954,TMP,diurnal,58.41180555555555,none,,
72354403954,TMP,diurnal,186.4951388888889,quality,184.99375,1.5014
72354403954,TMP,diurnal,222.07847222222222,none,,
72354403954,TMP,diurnal,266.0416666666667,none,,
72356013968,TMP,diurnal,12.0,quality,10.828472222222222,1.1715
72356013968,TMP,diurnal,17.5,none,,
72356013968,TMP,diurnal,59.37013888888889,quality,58.578472222222224,0.7917
72356013968,TMP,diurnal,65.16180555555556,none,,
72356013968,TMP,diurnal,74.57847222222222,none,,
72356013968,TMP,diurnal,109.78680555555556,none,,
72356013968,TMP,diurnal,117.49513888888889,none,,
72356013968,TMP,diurnal,161.28680555555556,none,,
72356013968,TMP,diurnal,177.54444444444445,none,,
72356013968,TMP,diurnal,236.91180555555556,none,,
72356013968,TMP,diurnal,244.0,none,,
72356013968,TMP,diurnal,266.25,none,,
72356013968,TMP,diurnal,287.9534722222222,none,,
72356013968,TMP,diurnal,328.4534722222222,none,,
72356693950,TMP,diurnal,7.683333333333334,none,,
72356693950,TMP,diurnal,38.41180555555555,none,,
72356693950,TMP,diurnal,44.828472222222224,none,,
72356693950,TMP,diurnal,177.78680555555556,none,,
72356693950,TMP,diurnal,186.95347222222222,none,,
72356693950,TMP,diurnal,226.03680555555556,none,,
72356693950,TMP,diurnal,251.6201388888889,none,,
72356693950,TMP,diurnal,281.66180555555553,none,,
72356693950,TMP,diurnal,328.6041666666667,none,,
72360023051,TMP,diurnal,13.25,none,,
72360023051,TMP,diurnal,18.87152777777778,none,,
72360023051,TMP,diurnal,46.91319444444444,none,,
72360023051,TMP,diurnal,97.45486111111111,none,,
72360023051,TMP,diurnal,108.82291666666667,none,,
72360023051,TMP,diurnal,165.98819444444445,quality,165.66319444444446,0.325
72360023051,TMP,diurnal,178.41319444444446,none,,
72360023051,TMP,diurnal,214.57986111111111,quality,214.01388888888889,0.566
72360023051,TMP,diurnal,275.2048611111111,none,,
72360023051,TMP,diurnal,304.7048611111111,none,,
72360023051,TMP,diurnal,330.25,quality,328.87152777777777,1.3785
72360023051,TMP,diurnal,365.91319444444446,quality,365.03819444444446,0.875
72362723081,TMP,diurnal,10.036805555555556,quality,9.870138888888889,0.1667
72362723081,TMP,diurnal,302.28680555555553,quality,300.8701388888889,1.4167
72363023047,TMP,diurnal,7.995138888888889,none,,
72363023047,TMP,diurnal,13.578472222222222,none,,
72363023047,TMP,diurnal,53.24513888888889,none,,
72363023047,TMP,diurnal,58.87013888888889,none,,
72363023047,TMP,diurnal,88.78680555555556,none,,
72363023047,TMP,diurnal,109.0,none,,
72363023047,TMP,diurnal,136.07847222222222,none,,
72363023047,TMP,diurnal,177.6201388888889,quality,177.0298611111111,0.5903
72363023047,TMP,diurnal,200.875,none,,
72363023047,TMP,diurnal,215.32847222222222,quality,214.16180555555556,1.1667
72363023047,TMP,diurnal,220.9951388888889,none,,
72363023047,TMP,diurnal,264.99305555555554,none,,
72363023047,TMP,diurnal,289.625,none,,
72363023047,TMP,diurnal,299.0784722222222,none,,
72363023047,TMP,diurnal,305.03680555555553,none,,
72363023047,TMP,diurnal,328.6201388888889,none,,
72365023050,TMP,diurnal,48.625,none,,
72365023050,TMP,diurnal,73.75,none,,
72365023050,TMP,diurnal,91.80069444444445,none,,
72365023050,TMP,diurnal,118.20277777777778,quality,117.74444444444444,0.4583
72365023050,TMP,diurnal,127.41111111111111,none,,
72365023050,TMP,diurnal,161.36944444444444,quality,160.99444444444444,0.375
72365023050,TMP,diurnal,292.8277777777778,none,,
72365023050,TMP,diurnal,303.3277777777778,none,,
72365823090,TMP,diurnal,11.620138888888889,none,,
72365823090,TMP,diurnal,59.24513888888889,none,,
72365823090,TMP,diurnal,91.87013888888889,none,,
72365823090,TMP,diurnal,126.95347222222222,none,,
72365823090,TMP,diurnal,165.8701388888889,none,,
72365823090,TMP,diurnal,221.20347222222222,none,,
72365823090,TMP,diurnal,304.28680555555553,none,,
72370093167,TMP,diurnal,90.15347222222222,quality,90.12291666666667,0.0306
72370093167,TMP,diurnal,95.86875,none,,
72370093167,TMP,diurnal,292.41041666666666,none,,
72370093167,TMP,diurnal,302.875,none,,
72371003162,TMP,diurnal,11.578472222222222,none,,
72371003162,TMP,diurnal,37.03680555555555,none,,
72371003162,TMP,diurnal,45.03680555555555,none,,
72371003162,TMP,diurnal,58.66180555555555,none,,
72371003162,TMP,diurnal,83.34513888888888,quality,82.03680555555556,1.3083
72371003162,TMP,diurnal,96.91180555555556,none,,
72371003162,TMP,diurnal,115.95347222222222,none,,
72371003162,TMP,diurnal,126.57847222222222,none,,
72371003162,TMP,diurnal,137.2451388888889,none,,
72371003162,TMP,diurnal,173.0,none,,
72371003162,TMP,diurnal,265.1201388888889,none,,
72371003162,TMP,diurnal,291.9166666666667,none,,
72371003162,TMP,diurnal,303.75,none,,
72372323184,TMP,diurnal,52.328472222222224,none,,
72372323184,TMP,diurnal,96.53680555555556,none,,
72372323184,TMP,diurnal,178.57847222222222,none,,
72372323184,TMP,diurnal,203.45347222222222,quality,202.89513888888888,0.5583
72372323184,TMP,diurnal,251.8701388888889,none,,
72372323184,TMP,diurnal,302.9534722222222,none,,
72374023194,TMP,diurnal,83.95555555555555,none,,
72374023194,TMP,diurnal,96.5,none,,
72374023194,TMP,diurnal,344.7888888888889,quality,343.75,1.0389
72378303195,TMP,diurnal,12.1625,quality,11.704166666666667,0.4583
72378303195,TMP,diurnal,27.454166666666666,none,,
72378303195,TMP,diurnal,43.204166666666666,none,,
72378303195,TMP,diurnal,88.37083333333334,none,,
72378303195,TMP,diurnal,95.70416666666667,quality,94.82916666666667,0.875
72378303195,TMP,diurnal,126.25902777777777,none,,
72381523161,TMP,diurnal,90.15972222222223,none,,
72381523161,TMP,diurnal,125.86805555555556,none,,
72381523161,TMP,diurnal,216.24305555555554,none,,
72381523161,TMP,diurnal,255.65972222222223,none,,
72381523161,TMP,diurnal,265.3263888888889,none,,
72381523161,TMP,diurnal,291.8263888888889,none,,
72384023155,TMP,diurnal,7.329166666666667,quality,6.829166666666667,0.5
72384023155,TMP,diurnal,31.995833333333334,none,,
72384023155,TMP,diurnal,49.74583333333333,none,,
72384023155,TMP,diurnal,83.32916666666667,none,,
72384023155,TMP,diurnal,94.75,none,,
72384023155,TMP,diurnal,104.20416666666667,none,,
72384023155,TMP,diurnal,114.52916666666667,none,,
72384023155,TMP,diurnal,125.25,none,,
72384023155,TMP,diurnal,259.57916666666665,none,,
72384023155,TMP,diurnal,311.70416666666665,none,,
72384023155,TMP,diurnal,324.82916666666665,none,,
72384023155,TMP,diurnal,348.82916666666665,none,,
72386023169,TMP,diurnal,32.625,none,,
72386023169,TMP,diurnal,51.46805555555556,none,,
72386023169,TMP,diurnal,58.830555555555556,none,,
72386023169,TMP,diurnal,83.625,none,,
72386023169,TMP,diurnal,90.53888888888889,none,,
72386023169,TMP,diurnal,117.16388888888889,none,,
72386023169,TMP,diurnal,126.28888888888889,none,,
72386023169,TMP,diurnal,169.83055555555555,none,,
72386023169,TMP,diurnal,195.87222222222223,none,,
72386023169,TMP,diurnal,260.625,none,,
72386023169,TMP,diurnal,291.7888888888889,none,,
72386023169,TMP,diurnal,302.1222222222222,none,,
72386023169,TMP,diurnal,328.0,quality,326.9138888888889,1.0861
72387003160,TMP,diurnal,96.04513888888889,none,,
72387003160,TMP,diurnal,105.16180555555556,none,,
72387003160,TMP,diurnal,117.20347222222222,none,,
72387003160,TMP,diurnal,229.5,none,,
72387003160,TMP,diurnal,302.8701388888889,none,,
72387003160,TMP,diurnal,314.78680555555553,none,,
72389093193,TMP,diurnal,83.125,none,,
72389093193,TMP,diurnal,94.82847222222222,none,,
72389093193,TMP,diurnal,124.99513888888889,none,,
72389093193,TMP,diurnal,216.45347222222222,none,,
72389093193,TMP,diurnal,254.28680555555556,none,,
72389093193,TMP,diurnal,325.03680555555553,none,,
72392523190,TMP,diurnal,74.53680555555556,none,,
72392523190,TMP,diurnal,121.16180555555556,none,,
72392523190,TMP,diurnal,168.3701388888889,none,,
72392523190,TMP,diurnal,174.7451388888889,none,,
72392523190,TMP,diurnal,249.57847222222222,none,,
72392523190,TMP,diurnal,292.41180555555553,none,,
72392623136,TMP,diurnal,26.70486111111111,none,,
72392623136,TMP,diurnal,53.87152777777778,none,,
72392623136,TMP,diurnal,215.28819444444446,none,,
72392623136,TMP,diurnal,250.62152777777777,quality,249.87152777777777,0.75
72392623136,TMP,diurnal,340.99652777777777,quality,340.87152777777777,0.125
72392623136,TMP,diurnal,352.99652777777777,none,,
72394023273,TMP,diurnal,26.410416666666666,none,,
72394023273,TMP,diurnal,292.74375,none,,
72396593209,TMP,diurnal,113.7923611111111,none,,
72396593209,TMP,diurnal,159.28680555555556,none,,
72396593209,TMP,diurnal,254.32847222222222,quality,252.91180555555556,1.4167
72401013740,TMP,diurnal,46.74583333333333,none,,
72401013740,TMP,diurnal,53.793055555555554,none,,
72401013740,TMP,diurnal,78.24583333333334,none,,
72401013740,TMP,diurnal,105.6625,none,,
72401013740,TMP,diurnal,146.1625,none,,
72401013740,TMP,diurnal,175.2875,none,,
72401013740,TMP,diurnal,182.20208333333332,none,,
72401013740,TMP,diurnal,232.12083333333334,none,,
72401013740,TMP,diurnal,239.5,none,,
72401013740,TMP,diurnal,246.0,none,,
72401013740,TMP,diurnal,281.5,none,,
72401013740,TMP,diurnal,339.6625,none,,
72403093738,TMP,diurnal,26.53611111111111,quality,25.875,0.6611
72403093738,TMP,diurnal,32.91111111111111,none,,
72403093738,TMP,diurnal,46.327777777777776,none,,
72403093738,TMP,diurnal,55.577777777777776,none,,
72403093738,TMP,diurnal,114.53611111111111,none,,
72403093738,TMP,diurnal,199.625,none,,
72403093738,TMP,diurnal,272.9111111111111,none,,
72403093738,TMP,diurnal,277.0777777777778,none,,
72403093738,TMP,diurnal,288.5361111111111,none,,
72403093738,TMP,diurnal,365.25,none,,
72403513773,TMP,diurnal,27.163194444444443,none,,
72403513773,TMP,diurnal,32.62222222222222,none,,
72403513773,TMP,diurnal,47.16388888888889,none,,
72403513773,TMP,diurnal,59.580555555555556,none,,
72403513773,TMP,diurnal,81.20555555555555,none,,
72403513773,TMP,diurnal,105.37222222222222,none,,
72403513773,TMP,diurnal,112.37222222222222,none,,
72403513773,TMP,diurnal,149.74722222222223,none,,
72403513773,TMP,diurnal,176.33055555555555,none,,
72403513773,TMP,diurnal,247.08055555555555,none,,
72403513773,TMP,diurnal,279.3305555555556,none,,
72403513773,TMP,diurnal,288.7055555555556,none,,
72403513773,TMP,diurnal,298.73333333333335,none,,
72404013721,TMP,diurnal,59.827777777777776,none,,
72404013721,TMP,diurnal,78.45277777777778,none,,
72404013721,TMP,diurnal,124.42916666666666,none,,
72404013721,TMP,diurnal,129.49444444444444,none,,
72404013721,TMP,diurnal,150.07777777777778,quality,149.86944444444444,0.2083
72404013721,TMP,diurnal,279.7861111111111,none,,
72404013721,TMP,diurnal,301.49444444444447,none,,
72404013721,TMP,diurnal,365.9527777777778,none,,
72405013743,TMP,diurnal,12.369444444444444,none,,
72405013743,TMP,diurnal,18.374305555555555,none,,
72405013743,TMP,diurnal,46.327777777777776,none,,
72405013743,TMP,diurnal,55.86944444444445,none,,
72405013743,TMP,diurnal,78.41111111111111,none,,
72405013743,TMP,diurnal,105.25,none,,
72405013743,TMP,diurnal,112.07777777777778,none,,
72405013743,TMP,diurnal,129.95277777777778,none,,
72405013743,TMP,diurnal,138.0361111111111,none,,
72405013743,TMP,diurnal,144.36944444444444,none,,
72405013743,TMP,diurnal,176.2861111111111,none,,
72405013743,TMP,diurnal,214.0361111111111,quality,212.95277777777778,1.0833
72405013743,TMP,diurnal,233.25,none,,
72405013743,TMP,diurnal,241.86805555555554,none,,
72405013743,TMP,diurnal,246.20277777777778,none,,
72405013743,TMP,diurnal,279.11944444444447,none,,
72405013743,TMP,diurnal,288.0777777777778,none,,
72405013743,TMP,diurnal,298.5361111111111,none,,
72405013743,TMP,diurnal,317.1611111111111,none,,
72405013743,TMP,diurnal,326.375,none,,
72405013743,TMP,diurnal,365.75,none,,
72406093721,TMP,diurnal,9.032638888888888,none,,
72406093721,TMP,diurnal,18.25,none,,
72406093721,TMP,diurnal,32.24583333333333,none,,
72406093721,TMP,diurnal,55.704166666666666,none,,
72406093721,TMP,diurnal,78.125,none,,
72406093721,TMP,diurnal,124.37083333333334,none,,
72406093721,TMP,diurnal,129.82916666666668,none,,
72406093721,TMP,diurnal,182.875,quality,181.9125,0.9625
72406093721,TMP,diurnal,200.125,quality,198.125,2.0
72406093721,TMP,diurnal,215.10625,quality,214.95416666666668,0.1521
72406093721,TMP,diurnal,233.37083333333334,none,,
72406093721,TMP,diurnal,241.99583333333334,none,,
72406093721,TMP,diurnal,251.0375,none,,
72406093721,TMP,diurnal,281.6625,none,,
72407093730,TMP,diurnal,9.125,none,,
72407093730,TMP,diurnal,18.245833333333334,none,,
72407093730,TMP,diurnal,32.49583333333333,none,,
72407093730,TMP,diurnal,55.5,none,,
72407093730,TMP,diurnal,98.75,none,,
72407093730,TMP,diurnal,105.37083333333334,quality,105.0423611111111,0.3285
72407093730,TMP,diurnal,124.0,none,,
72407093730,TMP,diurnal,138.82916666666668,none,,
72407093730,TMP,diurnal,162.7875,none,,
72407093730,TMP,diurnal,233.24583333333334,none,,
72407093730,TMP,diurnal,238.875,none,,
72407093730,TMP,diurnal,246.20416666666668,none,,
72407093730,TMP,diurnal,253.57916666666668,none,,
72407093730,TMP,diurnal,278.49583333333334,quality,277.7263888888889,0.7694
72407093730,TMP,diurnal,285.75,none,,
72407093730,TMP,diurnal,315.3277777777778,none,,
72407513735,TMP,diurnal,32.66111111111111,none,,
72407513735,TMP,diurnal,53.37083333333333,none,,
72407513735,TMP,diurnal,60.079166666666666,none,,
72407513735,TMP,diurnal,101.2875,quality,99.70416666666667,1.5833
72407513735,TMP,diurnal,119.32916666666667,none,,
72407513735,TMP,diurnal,154.49583333333334,none,,
72407513735,TMP,diurnal,176.32916666666668,none,,
72407513735,TMP,diurnal,280.6173611111111,none,,
72407513735,TMP,diurnal,288.37083333333334,none,,
72407513735,TMP,diurnal,315.24583333333334,none,,
72407513735,TMP,diurnal,365.62083333333334,none,,
72408013739,TMP,diurnal,12.4125,none,,
72408013739,TMP,diurnal,17.829166666666666,none,,
72408013739,TMP,diurnal,22.870833333333334,none,,
72408013739,TMP,diurnal,32.329166666666666,none,,
72408013739,TMP,diurnal,46.7875,none,,
72408013739,TMP,diurnal,59.829166666666666,none,,
72408013739,TMP,diurnal,78.4125,none,,
72408013739,TMP,diurnal,99.625,none,,
72408013739,TMP,diurnal,112.0,none,,
72408013739,TMP,diurnal,124.375,none,,
72408013739,TMP,diurnal,129.7875,none,,
72408013739,TMP,diurnal,175.6625,none,,
72408013739,TMP,diurnal,195.85416666666666,none,,
72408013739,TMP,diurnal,285.87083333333334,none,,
72408013739,TMP,diurnal,306.82916666666665,quality,306.20416666666665,0.625
72408013739,TMP,diurnal,317.5375,none,,
72408013739,TMP,diurnal,347.12083333333334,none,,
72408013739,TMP,diurnal,358.4125,none,,
72408594732,TMP,diurnal,9.077777777777778,none,,
72408594732,TMP,diurnal,18.1625,none,,
72408594732,TMP,diurnal,32.669444444444444,none,,
72408594732,TMP,diurnal,57.0375,none,,
72408594732,TMP,diurnal,116.45416666666667,none,,
72408594732,TMP,diurnal,129.9125,none,,
72408594732,TMP,diurnal,197.07916666666668,none,,
72408594732,TMP,diurnal,230.0375,none,,
72408594732,TMP,diurnal,236.12083333333334,none,,
72408594732,TMP,diurnal,246.37083333333334,none,,
72408594732,TMP,diurnal,269.82916666666665,none,,
72408594732,TMP,diurnal,285.37083333333334,none,,
72408813707,TMP,diurnal,10.246527777777779,quality,8.75,1.4965
72408813707,TMP,diurnal,24.288194444444443,none,,
72408813707,TMP,diurnal,32.40277777777778,none,,
72408813707,TMP,diurnal,55.49652777777778,none,,
72408813707,TMP,diurnal,72.20486111111111,none,,
72408813707,TMP,diurnal,99.37152777777777,none,,
72408813707,TMP,diurnal,107.54097222222222,none,,
72408813707,TMP,diurnal,111.99652777777777,none,,
72408813707,TMP,diurnal,130.16319444444446,none,,
72408813707,TMP,diurnal,196.53819444444446,none,,
72408813707,TMP,diurnal,216.03819444444446,none,,
72408813707,TMP,diurnal,223.82986111111111,none,,
72408813707,TMP,diurnal,233.24652777777777,none,,
72408813707,TMP,diurnal,241.9465277777778,none,,
72408813707,TMP,diurnal,246.99652777777777,none,,
72408813707,TMP,diurnal,251.87152777777777,none,,
72408813707,TMP,diurnal,281.5798611111111,none,,
72408813707,TMP,diurnal,365.49652777777777,quality,363.91319444444446,1.5833
72409614706,TMP,diurnal,18.12152777777778,none,,
72409614706,TMP,diurnal,31.729166666666668,none,,
72409614706,TMP,diurnal,60.16319444444444,quality,60.03819444444444,0.125
72409614706,TMP,diurnal,98.45486111111111,none,,
72409614706,TMP,diurnal,105.37152777777777,none,,
72409614706,TMP,diurnal,124.03819444444444,quality,122.11944444444444,1.9188
72409614706,TMP,diurnal,129.87291666666667,none,,
72409614706,TMP,diurnal,215.0625,none,,
72409614706,TMP,diurnal,232.7423611111111,quality,231.16319444444446,1.5792
72409614706,TMP,diurnal,246.91319444444446,none,,
72409614706,TMP,diurnal,251.66458333333333,none,,
72409614706,TMP,diurnal,277.70625,quality,277.63055555555553,0.0757
72409614706,TMP,diurnal,285.99652777777777,quality,285.03819444444446,0.9583
72409614706,TMP,diurnal,307.12152777777777,none,,
72409614706,TMP,diurnal,362.23055555555555,none,,
72410013733,TMP,diurnal,26.495833333333334,none,,
72410013733,TMP,diurnal,78.125,none,,
72410013733,TMP,diurnal,105.49583333333334,none,,
72410013733,TMP,diurnal,182.875,none,,
72410013733,TMP,diurnal,199.0375,quality,198.88194444444446,0.1556
72410013733,TMP,diurnal,212.4125,none,,
72410013733,TMP,diurnal,272.625,none,,
72410013733,TMP,diurnal,281.7875,none,,
72410013733,TMP,diurnal,343.1625,none,,
72411013741,TMP,diurnal,17.5,none,,
72411013741,TMP,diurnal,26.875,none,,
72411013741,TMP,diurnal,46.24583333333333,none,,
72411013741,TMP,diurnal,78.32916666666667,none,,
72411013741,TMP,diurnal,147.62083333333334,none,,
72411013741,TMP,diurnal,176.5375,none,,
72411013741,TMP,diurnal,220.8034722222222,none,,
72411013741,TMP,diurnal,281.75,quality,280.99583333333334,0.7542
72411013741,TMP,diurnal,326.12083333333334,none,,
72412003872,TMP,diurnal,5.49375,none,,
72412003872,TMP,diurnal,8.24375,none,,
72412003872,TMP,diurnal,17.910416666666666,none,,
72412003872,TMP,diurnal,21.077083333333334,none,,
72412003872,TMP,diurnal,26.125,none,,
72412003872,TMP,diurnal,31.86875,none,,
72412003872,TMP,diurnal,46.99375,none,,
72412003872,TMP,diurnal,56.11875,none,,
72412003872,TMP,diurnal,106.91041666666666,none,,
72412003872,TMP,diurnal,114.52361111111111,none,,
72412003872,TMP,diurnal,124.20208333333333,none,,
72412003872,TMP,diurnal,147.25,quality,146.91041666666666,0.3396
72412003872,TMP,diurnal,177.32708333333332,none,,
72412003872,TMP,diurnal,182.99375,none,,
72412003872,TMP,diurnal,192.24375,none,,
72412003872,TMP,diurnal,198.125,none,,
72412003872,TMP,diurnal,201.91041666666666,none,,
72412003872,TMP,diurnal,235.28541666666666,none,,
72412003872,TMP,diurnal,251.36875,none,,
72412003872,TMP,diurnal,281.28541666666666,none,,
72412003872,TMP,diurnal,297.57708333333335,quality,296.75,0.8271
72412003872,TMP,diurnal,325.53541666666666,none,,
72412003872,TMP,diurnal,328.75,none,,
72412003872,TMP,diurnal,358.125,none,,
72414013866,TMP,diurnal,8.579166666666667,none,,
72414013866,TMP,diurnal,22.5375,none,,
72414013866,TMP,diurnal,45.87083333333333,none,,
72414013866,TMP,diurnal,59.454166666666666,quality,58.579166666666666,0.875
72414013866,TMP,diurnal,147.24583333333334,none,,
72414013866,TMP,diurnal,198.125,none,,
72414013866,TMP,diurnal,210.74583333333334,none,,
72414013866,TMP,diurnal,220.2826388888889,none,,
72414013866,TMP,diurnal,281.2875,quality,280.15555555555557,1.1319
72414013866,TMP,diurnal,288.375,none,,
72414013866,TMP,diurnal,298.1625,none,,
72414013866,TMP,diurnal,326.0854166666667,none,,
72414013866,TMP,diurnal,331.26875,none,,
72414013866,TMP,diurnal,339.49583333333334,none,,
72414013866,TMP,diurnal,346.17083333333335,none,,
72417013729,TMP,diurnal,5.795138888888889,none,,
72417013729,TMP,diurnal,9.375,none,,
72417013729,TMP,diurnal,14.373611111111112,none,,
72417013729,TMP,diurnal,18.125,none,,
72417013729,TMP,diurnal,22.327083333333334,quality,21.875,0.4521
72417013729,TMP,diurnal,28.346527777777776,none,,
72417013729,TMP,diurnal,31.660416666666666,none,,
72417013729,TMP,diurnal,46.16041666666667,quality,45.78541666666667,0.375
72417013729,TMP,diurnal,50.125,none,,
72417013729,TMP,diurnal,59.522222222222226,none,,
72417013729,TMP,diurnal,74.49375,quality,73.78541666666666,0.7083
72417013729,TMP,diurnal,98.91041666666666,none,,
72417013729,TMP,diurnal,104.875,none,,
72417013729,TMP,diurnal,191.41041666666666,none,,
72417013729,TMP,diurnal,197.92291666666668,none,,
72417013729,TMP,diurnal,228.82708333333332,quality,227.60972222222222,1.2174
72417013729,TMP,diurnal,238.66041666666666,none,,
72417013729,TMP,diurnal,243.87708333333333,none,,
72417013729,TMP,diurnal,280.37708333333336,none,,
72417013729,TMP,diurnal,306.28541666666666,quality,304.78541666666666,1.5
72417013729,TMP,diurnal,314.61875,quality,313.78541666666666,0.8333
72417013729,TMP,diurnal,332.41041666666666,none,,
72417013729,TMP,diurnal,335.56805555555553,none,,
72417013729,TMP,diurnal,342.70208333333335,none,,
72417013729,TMP,diurnal,358.50069444444443,none,,
72417613736,TMP,diurnal,12.578472222222222,none,,
72417613736,TMP,diurnal,17.49513888888889,none,,
72417613736,TMP,diurnal,22.911805555555556,none,,
72417613736,TMP,diurnal,33.78680555555555,none,,
72417613736,TMP,diurnal,56.453472222222224,none,,
72417613736,TMP,diurnal,75.24513888888889,none,,
72417613736,TMP,diurnal,98.70347222222222,none,,
72417613736,TMP,diurnal,182.70347222222222,quality,182.20138888888889,0.5021
72417613736,TMP,diurnal,192.82847222222222,none,,
72417613736,TMP,diurnal,251.4951388888889,none,,
72417613736,TMP,diurnal,281.03680555555553,quality,280.1201388888889,0.9167
72417613736,TMP,diurnal,288.41180555555553,none,,
72417613736,TMP,diurnal,297.9534722222222,none,,
72417613736,TMP,diurnal,331.2451388888889,none,,
72417613736,TMP,diurnal,342.9951388888889,none,,
72417613736,TMP,diurnal,349.03680555555553,none,,
72417713734,TMP,diurnal,18.37013888888889,none,,
72417713734,TMP,diurnal,72.37013888888889,none,,
72417713734,TMP,diurnal,105.07847222222222,none,,
72417713734,TMP,diurnal,130.11319444444445,none,,
72417713734,TMP,diurnal,134.625,none,,
72417713734,TMP,diurnal,149.70347222222222,none,,
72417713734,TMP,diurnal,199.2451388888889,none,,
72417713734,TMP,diurnal,211.8173611111111,none,,
72417713734,TMP,diurnal,279.9951388888889,none,,
