station,component,config,n_updates,station_years,seconds,us_per_update,n_flags,n_steps,n_detected,n_reachable,n_detected_reachable,recall_reachable,median_delay_days,n_false_alarms,false_alarms_per_year,event_window_share,chance_false_alarms_per_year,v,c
01NA,east,detection,2360,11.4743,0.2721,115.31,0,3,0,3,0,0.0,,0,0.0,0.0573,0.0,0.05950114522020559,-0.9994737720438095
01NA,east,tracking,2360,11.4743,0.8576,363.37,0,3,0,0,0,,,0,0.0,0.0573,0.0,0.034799684875823224,-0.7164908908863872
01NA,north,detection,2360,11.4743,0.2785,118.0,0,3,0,3,0,0.0,,0,0.0,0.0573,0.0,0.0379593372787653,-0.5211192551648213
01NA,north,tracking,2360,11.4743,0.8641,366.12,0,3,0,0,0,,,0,0.0,0.0573,0.0,0.059112471548939054,-0.7627852291585727
01NA,up,detection,2360,11.4743,0.3249,137.66,2,3,0,3,0,0.0,,2,0.1743,0.0573,0.1643,0.05040471832541604,-0.21492679729197575
01NA,up,tracking,2360,11.4743,0.8803,373.03,0,3,0,0,0,,,0,0.0,0.0573,0.0,-0.004305468292086345,0.406499479060285
1LSU,east,detection,8037,23.332,1.0804,134.43,0,16,0,9,0,0.0,,0,0.0,0.1271,0.0,-0.05162499154662876,1.6121497749003681
1LSU,east,tracking,8037,23.332,3.6279,451.4,0,16,0,1,0,0.0,,0,0.0,0.1271,0.0,-0.012557325975642993,0.7020754166370722
1LSU,north,detection,8037,23.332,0.9402,116.98,0,16,0,9,0,0.0,,0,0.0,0.1271,0.0,-0.12091629664327026,3.6223915833088083
1LSU,north,tracking,8037,23.332,3.1146,387.54,0,16,0,1,0,0.0,,0,0.0,0.1271,0.0,-0.0014899633683456586,0.8416439375200376
1LSU,up,detection,8037,23.332,1.01,125.67,2,16,1,9,1,0.1111,8.01,1,0.0429,0.1271,0.0748,0.07817382721094407,-2.4195088312154533
1LSU,up,tracking,8037,23.332,3.2406,403.21,0,16,0,1,0,0.0,,0,0.0,0.1271,0.0,-0.004676505012305738,-0.49700132061975033
1NSU,east,detection,8110,22.5982,1.0147,125.12,1,5,0,5,0,0.0,,1,0.0443,0.0582,0.0417,-0.0014278647365071652,-0.14525170133321827
1NSU,east,tracking,8110,22.5982,3.3725,415.85,0,5,0,1,0,0.0,,0,0.0,0.0582,0.0,-0.012045510344754158,0.09271569740489637
1NSU,north,detection,8110,22.5982,1.1933,147.14,0,5,0,5,0,0.0,,0,0.0,0.0582,0.0,-0.02591996158314997,0.6174224294021597
1NSU,north,tracking,8110,22.5982,3.3231,409.76,0,5,0,1,0,0.0,,0,0.0,0.0582,0.0,-0.0019410078678755928,0.07311541048048852
1NSU,up,detection,8110,22.5982,0.9673,119.27,1,5,0,5,0,0.0,,1,0.0443,0.0582,0.0417,0.06556619677881714,-1.4481815195046417
1NSU,up,tracking,8110,22.5982,3.5752,440.84,0,5,0,1,0,0.0,,0,0.0,0.0582,0.0,-0.0008594301356478896,0.047036407253761355
1ULM,east,detection,8202,23.1896,0.96,117.05,0,5,0,5,0,0.0,,0,0.0,0.0567,0.0,0.005623318689068213,0.13685280507246322
1ULM,east,tracking,8202,23.1896,3.4846,424.85,1,5,0,1,0,0.0,,1,0.0431,0.0567,0.0407,-0.012262723509417033,0.5489525694936425
1ULM,north,detection,8202,23.1896,0.9703,118.3,1,5,0,5,0,0.0,,1,0.0431,0.0567,0.0407,-0.027426040650492773,1.3884943348279202
1ULM,north,tracking,8202,23.1896,3.6961,450.64,0,5,0,1,0,0.0,,0,0.0,0.0567,0.0,-0.0017217197051550017,0.7914670212057642
1ULM,up,detection,8202,23.1896,1.3608,165.91,1,5,0,5,0,0.0,,1,0.0431,0.0567,0.0407,0.07450457668627695,-1.783247643032994
1ULM,up,tracking,8202,23.1896,3.6018,439.13,0,5,0,1,0,0.0,,0,0.0,0.0567,0.0,-0.002413783970725212,-0.006346771880094808
25MA,east,detection,4550,12.9473,0.5438,119.51,0,4,0,4,0,0.0,,0,0.0,0.1015,0.0,0.01845540697546374,-0.7896917868648831
25MA,east,tracking,4550,12.9473,1.8812,413.45,0,4,0,0,0,,,0,0.0,0.1015,0.0,-0.0037896587797004093,-0.5030459373202102
25MA,north,detection,4550,12.9473,0.6459,141.96,0,4,0,4,0,0.0,,0,0.0,0.1015,0.0,-0.0037642310864991935,-0.7011202074781063
25MA,north,tracking,4550,12.9473,1.932,424.61,0,4,0,0,0,,,0,0.0,0.1015,0.0,0.012216374115329165,-0.9056843112585153
25MA,up,detection,4550,12.9473,0.599,131.64,0,4,0,4,0,0.0,,0,0.0,0.1015,0.0,-0.03237638396919941,1.369726561380561
25MA,up,tracking,4550,12.9473,1.6693,366.89,0,4,0,0,0,,,0,0.0,0.1015,0.0,-0.0019668882059421322,0.9739319636451899
3ARO,east,detection,4524,12.8761,0.58,128.2,0,1,0,1,0,0.0,,0,0.0,0.0255,0.0,0.008009506673474873,0.7932823759593112
3ARO,east,tracking,4524,12.8761,2.0064,443.51,0,1,0,0,0,,,0,0.0,0.0255,0.0,-0.002865256563918458,0.932188074072932
3ARO,north,detection,4524,12.8761,0.5208,115.12,0,1,0,1,0,0.0,,0,0.0,0.0255,0.0,0.01317381741885218,-0.5101556834048164
3ARO,north,tracking,4524,12.8761,1.7776,392.93,0,1,0,0,0,,,0,0.0,0.0255,0.0,0.011403550041759544,-0.4849094883300112
3ARO,up,detection,4524,12.8761,0.5332,117.87,0,1,0,1,0,0.0,,0,0.0,0.0255,0.0,-0.0713129067729657,1.384209794947456
3ARO,up,tracking,4524,12.8761,1.8107,400.25,0,1,0,0,0,,,0,0.0,0.0255,0.0,-0.0010604444305272339,0.48219380623238506
7ODM,east,detection,7588,25.3388,0.9281,122.31,2,9,1,9,1,0.1111,10.02,1,0.0395,0.078,0.0728,-0.0028615862142488185,-0.5038899632183281
7ODM,east,tracking,7588,25.3388,3.1587,416.28,0,9,0,2,0,0.0,,0,0.0,0.078,0.0,-0.026145717194558712,0.08559642308735015
7ODM,north,detection,7588,25.3388,0.8846,116.58,2,9,2,9,2,0.2222,11.51,0,0.0,0.078,0.0728,-0.004011240946366916,1.0149419474225854
7ODM,north,tracking,7588,25.3388,3.0431,401.05,0,9,0,2,0,0.0,,0,0.0,0.078,0.0,0.0060794426994942126,0.7565545924273172
7ODM,up,detection,7588,25.3388,0.9718,128.07,1,9,1,9,1,0.1111,10.02,0,0.0,0.078,0.0364,-0.0036950161888290108,0.16834744063353801
7ODM,up,tracking,7588,25.3388,2.906,382.97,0,9,0,2,0,0.0,,0,0.0,0.078,0.0,-0.0002545795874335882,0.08092567373626983
AACR,east,detection,2812,9.4236,0.3244,115.37,2,14,2,11,2,0.1818,23.0,0,0.0,0.3562,0.1366,0.023441657012094736,-1.0038733885013387
AACR,east,tracking,2812,9.4236,1.1617,413.1,0,14,0,0,0,,,0,0.0,0.3562,0.0,0.007916648228299974,-0.8627553014139481
AACR,north,detection,2812,9.4236,0.4271,151.88,3,14,2,11,2,0.1818,23.0,1,0.1061,0.3562,0.205,0.043655309963250684,0.7141525395513549
AACR,north,tracking,2812,9.4236,1.2238,435.21,0,14,0,0,0,,,0,0.0,0.3562,0.0,0.010567786796940188,1.0187427354422012
AACR,up,detection,2812,9.4236,0.4757,169.16,0,14,0,13,0,0.0,,0,0.0,0.3562,0.0,-0.043431293926610486,1.3482279579039058
AACR,up,tracking,2812,9.4236,1.1471,407.91,0,14,0,0,0,,,0,0.0,0.3562,0.0,0.000620675269383488,0.9361805986884204
AB01,east,detection,5693,19.2635,0.708,124.37,1,47,0,45,0,0.0,,0,0.0,0.4719,0.0274,-0.022512241266678005,0.12932416799523233
AB01,east,tracking,5693,19.2635,2.4684,433.59,0,47,0,4,0,0.0,,0,0.0,0.4719,0.0,-0.011395811728329623,-0.0770837806566287
AB01,north,detection,5693,19.2635,0.6736,118.32,0,47,0,46,0,0.0,,0,0.0,0.4719,0.0,-0.0013859047834566948,-0.38399336187756283
AB01,north,tracking,5693,19.2635,2.1608,379.55,0,47,0,4,0,0.0,,0,0.0,0.4719,0.0,-0.01794049668299747,-0.07244619069463777
AB01,up,detection,5693,19.2635,0.6797,119.39,2,47,0,45,0,0.0,,1,0.0519,0.4719,0.0548,-0.0076151769731259596,0.6263218214229965
AB01,up,tracking,5693,19.2635,2.4041,422.28,0,47,0,4,0,0.0,,0,0.0,0.4719,0.0,-0.0008048857035297186,0.5031456584536863
AB02,east,detection,6749,19.2498,0.7913,117.25,3,50,2,48,2,0.0417,30.5,1,0.0519,0.4284,0.0891,-0.016667005886738223,0.5654725999012205
AB02,east,tracking,6749,19.2498,2.9103,431.22,1,50,0,0,0,,,1,0.0519,0.4284,0.0297,-0.010248099877101876,0.4433511998310339
AB02,north,detection,6749,19.2498,0.8766,129.89,4,50,4,47,4,0.0851,33.99,0,0.0,0.4284,0.1188,-0.01853089323306628,0.1292059242126014
AB02,north,tracking,6749,19.2498,2.7075,401.17,0,50,0,10,0,0.0,,0,0.0,0.4284,0.0,-0.01877174744754221,0.13120098797931312
AB02,up,detection,6749,19.2498,0.8489,125.78,1,50,0,48,0,0.0,,1,0.0519,0.4284,0.0297,0.019896890314212365,0.43226340094023613
AB02,up,tracking,6749,19.2498,2.9295,434.07,0,50,0,10,0,0.0,,0,0.0,0.4284,0.0,-0.0005863937784991634,0.8252497670945221
AB04,east,detection,6062,19.1266,0.7744,127.74,7,8,0,7,0,0.0,,6,0.3137,0.1202,0.322,0.01046482989109313,0.3573415608619626
AB04,east,tracking,6062,19.1266,2.4234,399.77,0,8,0,1,0,0.0,,0,0.0,0.1202,0.0,1.3889848357188552e-05,0.5580043293156282
AB04,north,detection,6062,19.1266,0.8047,132.75,5,8,0,8,0,0.0,,5,0.2614,0.1202,0.23,-0.0221472012525182,0.17525093808677533
AB04,north,tracking,6062,19.1266,2.5262,416.73,0,8,0,1,0,0.0,,0,0.0,0.1202,0.0,-0.023217622787275776,0.19369351013365485
AB04,up,detection,6062,19.1266,0.7087,116.91,0,8,0,8,0,0.0,,0,0.0,0.1202,0.0,0.003915808139704227,0.4776991498352243
AB04,up,tracking,6062,19.1266,2.4519,404.47,0,8,0,1,0,0.0,,0,0.0,0.1202,0.0,-0.0019944155120313126,0.5888468637330807
AB06,east,detection,6868,21.0212,0.9558,139.16,8,22,1,18,1,0.0556,20.02,6,0.2854,0.2501,0.2854,-0.0015924651601088792,-0.28508650819881587
AB06,east,tracking,6868,21.0212,2.8991,422.12,1,22,0,0,0,,,1,0.0476,0.2501,0.0357,-0.007550180383909503,-0.15809786945341855
AB06,north,detection,6868,21.0212,0.8136,118.46,9,22,0,19,0,0.0,,9,0.4281,0.2501,0.3211,-0.009408311519553392,-0.10383576336842536
AB06,north,tracking,6868,21.0212,2.9104,423.76,0,22,0,8,0,0.0,,0,0.0,0.2501,0.0,-0.023280427819269898,0.18060456702066544
AB06,up,detection,6868,21.0212,0.8084,117.7,6,22,0,19,0,0.0,,6,0.2854,0.2501,0.2141,-0.006020712723146877,0.574504174723879
AB06,up,tracking,6868,21.0212,2.9381,427.8,0,22,0,8,0,0.0,,0,0.0,0.2501,0.0,0.0016687600304380944,0.4111173378330038
AB07,east,detection,7944,21.8289,1.0071,126.77,1,37,1,32,1,0.0312,14.0,0,0.0,0.2251,0.0355,-0.012593973577183514,0.7220167933540987
AB07,east,tracking,7944,21.8289,3.0644,385.75,1,37,0,13,0,0.0,,1,0.0458,0.2251,0.0355,-0.012377005776460604,0.7192579446658244
AB07,north,detection,7944,21.8289,0.9472,119.24,2,37,2,31,2,0.0645,9.99,0,0.0,0.2251,0.071,-0.0316186055129607,0.14397059597169407
AB07,north,tracking,7944,21.8289,3.3847,426.07,1,37,0,13,0,0.0,,1,0.0458,0.2251,0.0355,-0.02662186620557961,0.030480387362567318
AB07,up,detection,7944,21.8289,0.9331,117.46,2,37,1,32,1,0.0312,14.0,1,0.0458,0.2251,0.071,0.005632344455889208,0.3777279057008594
AB07,up,tracking,7944,21.8289,3.2667,411.22,1,37,0,13,0,0.0,,1,0.0458,0.2251,0.0355,0.002575915732970133,0.4414075059940106
AB08,east,detection,5770,17.1937,0.7083,122.75,4,9,0,7,0,0.0,,4,0.2326,0.167,0.1938,0.015639610535815966,-0.5253745754812156
AB08,east,tracking,5770,17.1937,2.4558,425.62,0,9,0,1,0,0.0,,0,0.0,0.167,0.0,-0.0006246413293570622,-0.24667196903994076
AB08,north,detection,5770,17.1937,0.6801,117.86,2,9,0,8,0,0.0,,2,0.1163,0.167,0.0969,-0.03001250818921223,0.1511533735535145
AB08,north,tracking,5770,17.1937,2.311,400.53,0,9,0,1,0,0.0,,0,0.0,0.167,0.0,-0.026138642976197318,0.07888244194475187
AB08,up,detection,5770,17.1937,0.9838,170.5,0,9,0,8,0,0.0,,0,0.0,0.167,0.0,-0.0017782891057751794,0.5359154475779954
AB08,up,tracking,5770,17.1937,2.5203,436.8,0,9,0,1,0,0.0,,0,0.0,0.167,0.0,-0.002558801441481767,0.5477361201902352
AB09,east,detection,6648,19.0828,0.8032,120.81,2,7,0,4,0,0.0,,2,0.1048,0.0871,0.0957,-0.008196226865418196,0.7152475589731542
AB09,east,tracking,6648,19.0828,2.68,403.12,0,7,0,3,0,0.0,,0,0.0,0.0871,0.0,0.0014785002820449729,0.534916617853261
AB09,north,detection,6648,19.0828,0.7728,116.25,3,7,0,4,0,0.0,,3,0.1572,0.0871,0.1435,-0.02909740206441735,0.9469657000939734
AB09,north,tracking,6648,19.0828,2.7116,407.88,0,7,0,3,0,0.0,,0,0.0,0.0871,0.0,-0.023221147365575966,0.8335699851256538
AB09,up,detection,6648,19.0828,0.8225,123.72,0,7,0,7,0,0.0,,0,0.0,0.0871,0.0,-0.04555662614617326,0.9517831081402053
AB09,up,tracking,6648,19.0828,2.863,430.65,0,7,0,3,0,0.0,,0,0.0,0.0871,0.0,-0.00037423970849857833,0.09107348183020535
AB11,east,detection,6289,20.0876,0.8505,135.23,12,8,0,3,0,0.0,,12,0.5974,0.1059,0.5341,0.007940917011500948,0.2586794532993191
AB11,east,tracking,6289,20.0876,2.3864,379.46,0,8,0,1,0,0.0,,0,0.0,0.1059,0.0,-0.0016314629417036124,0.45158057413343783
AB11,north,detection,6289,20.0876,0.8862,140.91,10,8,1,3,1,0.3333,26.01,9,0.448,0.1059,0.4451,-0.031246269539842005,0.26816727631695925
AB11,north,tracking,6289,20.0876,2.6934,428.28,0,8,0,1,0,0.0,,0,0.0,0.1059,0.0,-0.02547443717780812,0.1535284994000688
AB11,up,detection,6289,20.0876,0.7264,115.5,6,8,0,3,0,0.0,,5,0.2489,0.1059,0.2671,-0.03846629553034104,1.217782567325959
AB11,up,tracking,6289,20.0876,2.4806,394.43,1,8,0,0,0,,,1,0.0498,0.1059,0.0445,-0.0020971299527972045,0.4909338714324015
AB12,east,detection,4061,11.8084,0.514,126.56,3,3,0,2,0,0.0,,2,0.1694,0.0835,0.2329,-0.21485419923011456,1.6713297596664913
AB12,east,tracking,4061,11.8084,1.5069,371.06,0,3,0,0,0,,,0,0.0,0.0835,0.0,-0.01876841903773492,-0.5692003910720543
AB12,north,detection,4061,11.8084,0.5074,124.94,9,3,2,2,2,1.0,24.5,7,0.5928,0.0835,0.6986,-0.3007114756219621,4.2810030312319345
AB12,north,tracking,4061,11.8084,1.6784,413.29,0,3,0,0,0,,,0,0.0,0.0835,0.0,-0.011101907736190807,0.8435318564256583
AB12,up,detection,4061,11.8084,0.5248,129.24,8,3,1,2,1,0.5,39.99,7,0.5928,0.0835,0.6209,-0.09827024896782201,1.3092006913008796
AB12,up,tracking,4061,11.8084,1.5577,383.58,0,3,0,0,0,,,0,0.0,0.0835,0.0,0.012615622199529709,-0.009963981057567227
AB13,east,detection,6873,19.6249,0.796,115.81,8,19,2,16,2,0.125,2.5,6,0.3057,0.2002,0.326,-0.017943395228333065,-0.4092997304689467
AB13,east,tracking,6873,19.6249,2.7106,394.38,1,19,1,6,1,0.1667,44.01,0,0.0,0.2002,0.0408,-0.007546406588399098,-0.6122262789430744
AB13,north,detection,6873,19.6249,0.9086,132.2,6,19,2,16,2,0.125,7.0,4,0.2038,0.2002,0.2445,-0.04772236479862252,0.17484727627639204
AB13,north,tracking,6873,19.6249,3.0416,442.55,1,19,1,0,0,,43.99,0,0.0,0.2002,0.0408,-0.03212518923071168,-0.1284616486694418
AB13,up,detection,6873,19.6249,0.8685,126.36,3,19,1,17,1,0.0588,1.0,2,0.1019,0.2002,0.1223,-0.011593566779189539,0.9933042835820849
AB13,up,tracking,6873,19.6249,2.8869,420.03,1,19,1,6,1,0.1667,44.01,0,0.0,0.2002,0.0408,0.005789924480473827,0.6582462156007711
AB14,east,detection,6920,19.1294,0.9087,131.32,7,13,0,11,0,0.0,,6,0.3137,0.1798,0.3001,-0.00473464454689741,0.18246380655948902
AB14,east,tracking,6920,19.1294,2.7852,402.48,0,13,0,6,0,0.0,,0,0.0,0.1798,0.0,-0.0045959563499400075,0.18125657113250043
AB14,north,detection,6920,19.1294,0.8159,117.9,12,13,2,9,2,0.2222,31.99,9,0.4705,0.1798,0.5145,-0.024895568946928327,0.38090603443866916
AB14,north,tracking,6920,19.1294,2.8312,409.13,1,13,0,0,0,,,1,0.0523,0.1798,0.0429,-0.02816727884281004,0.440087642289303
AB14,up,detection,6920,19.1294,0.8253,119.26,8,13,0,13,0,0.0,,8,0.4182,0.1798,0.343,-0.01116895195130355,0.870405728568415
AB14,up,tracking,6920,19.1294,2.737,395.53,0,13,0,6,0,0.0,,0,0.0,0.1798,0.0,-0.0034320386186734745,0.7201090204843426
AB15,east,detection,5989,20.0301,0.9035,150.87,9,12,1,6,1,0.1667,3.99,6,0.2995,0.1486,0.3826,0.002365721986466606,0.23182573232052356
AB15,east,tracking,5989,20.0301,2.4263,405.12,1,12,0,0,0,,,1,0.0499,0.1486,0.0425,-0.0030679192908529846,0.3432584866762188
AB15,north,detection,5989,20.0301,1.0154,169.54,7,12,1,6,1,0.1667,3.99,4,0.1997,0.1486,0.2975,-0.027006227442445584,0.25596364635928964
AB15,north,tracking,5989,20.0301,2.6543,443.19,1,12,0,0,0,,,1,0.0499,0.1486,0.0425,-0.023087480339335536,0.1764437299314917
AB15,up,detection,5989,20.0301,0.7726,129.01,2,12,0,12,0,0.0,,2,0.0998,0.1486,0.085,0.008074066848883841,0.17664289085050672
AB15,up,tracking,5989,20.0301,2.3756,396.66,0,12,0,4,0,0.0,,0,0.0,0.1486,0.0,0.0011114393502361323,0.31365085284926364
AB17,east,detection,6194,17.6865,0.7411,119.65,2,8,0,8,0,0.0,,2,0.1131,0.1161,0.1,0.018207247636462393,0.47210079557179135
AB17,east,tracking,6194,17.6865,2.6416,426.48,0,8,0,3,0,0.0,,0,0.0,0.1161,0.0,-0.00647976742136813,0.9089124011657888
AB17,north,detection,6194,17.6865,0.7111,114.8,4,8,0,8,0,0.0,,4,0.2262,0.1161,0.1999,-0.0441912784856337,1.192517647328995
AB17,north,tracking,6194,17.6865,2.771,447.37,0,8,0,3,0,0.0,,0,0.0,0.1161,0.0,-0.023564398733270025,0.8285153322988348
AB17,up,detection,6194,17.6865,0.7231,116.74,2,8,0,8,0,0.0,,2,0.1131,0.1161,0.1,-0.016639260213282665,0.7306388670052312
AB17,up,tracking,6194,17.6865,2.4748,399.55,0,8,0,3,0,0.0,,0,0.0,0.1161,0.0,-0.00173331760579255,0.46697824419775574
AB18,east,detection,6239,19.4579,0.7225,115.81,6,13,0,13,0,0.0,,6,0.3084,0.1206,0.2712,0.02438123354685331,-1.176548463360982
AB18,east,tracking,6239,19.4579,2.3728,380.32,1,13,0,1,0,0.0,,1,0.0514,0.1206,0.0452,-0.005346461352273024,-0.6053880848719846
AB18,north,detection,6239,19.4579,0.725,116.2,7,13,0,10,0,0.0,,7,0.3598,0.1206,0.3164,-0.036329294317918356,0.6638680585898227
AB18,north,tracking,6239,19.4579,2.6976,432.37,0,13,0,1,0,0.0,,0,0.0,0.1206,0.0,-0.024522645164548246,0.43225104011192733
AB18,up,detection,6239,19.4579,0.7496,120.15,2,13,0,13,0,0.0,,2,0.1028,0.1206,0.0904,-0.03686287481050522,0.8219494998391519
AB18,up,tracking,6239,19.4579,2.6067,417.8,0,13,0,1,0,0.0,,0,0.0,0.1206,0.0,-0.003498512694601828,0.16976814955652927
AB21,east,detection,6245,20.3231,0.8566,137.17,0,67,0,65,0,0.0,,0,0.0,0.5672,0.0,0.0021193293871043144,-0.20499710124181839
AB21,east,tracking,6245,20.3231,2.613,418.42,0,67,0,14,0,0.0,,0,0.0,0.5672,0.0,-0.017690440366739165,0.1988766520493254
AB21,north,detection,6245,20.3231,0.753,120.58,2,67,2,64,1,0.0156,55.5,0,0.0,0.5672,0.0426,-0.01590020675771868,0.14094414188271803
AB21,north,tracking,6245,20.3231,2.3529,376.77,0,67,0,14,0,0.0,,0,0.0,0.5672,0.0,-0.010489801772618918,0.028651752915562004
AB21,up,detection,6245,20.3231,0.9369,150.02,0,67,0,65,0,0.0,,0,0.0,0.5672,0.0,0.007046563730152406,0.2721347003396745
AB21,up,tracking,6245,20.3231,2.4885,398.47,0,67,0,14,0,0.0,,0,0.0,0.5672,0.0,-0.0008195788902060776,0.43086175494152473
AB22,east,detection,6740,20.2382,0.8353,123.93,1,16,0,16,0,0.0,,1,0.0494,0.2009,0.0395,0.02044904781464988,-0.04534763055117998
AB22,east,tracking,6740,20.2382,3.1006,460.03,0,16,0,7,0,0.0,,0,0.0,0.2009,0.0,-0.005179813103891333,0.4735972362046492
AB22,north,detection,6740,20.2382,0.8984,133.29,1,16,0,16,0,0.0,,1,0.0494,0.2009,0.0395,-0.031557289319776465,0.08250751536005352
AB22,north,tracking,6740,20.2382,2.8827,427.7,0,16,0,7,0,0.0,,0,0.0,0.2009,0.0,-0.026615860063321117,-0.0188205990027739
AB22,up,detection,6740,20.2382,0.8519,126.39,2,16,0,16,0,0.0,,2,0.0988,0.2009,0.079,-0.01320946281161943,1.1365369258544384
AB22,up,tracking,6740,20.2382,2.8804,427.36,0,16,0,7,0,0.0,,0,0.0,0.2009,0.0,0.002483430878545774,0.8216636556750194
AB25,east,detection,4856,18.0095,0.6282,129.37,5,9,1,8,1,0.125,13.99,3,0.1666,0.1595,0.2334,0.01180099337768176,-0.45786565399657886
AB25,east,tracking,4856,18.0095,2.0052,412.94,0,9,0,0,0,,,0,0.0,0.1595,0.0,-0.0064295689569589575,-0.1289415256581302
AB25,north,detection,4856,18.0095,0.6073,125.06,8,9,1,4,1,0.25,16.99,6,0.3332,0.1595,0.3734,-0.014418817076603835,0.2457961273954116
AB25,north,tracking,4856,18.0095,1.9103,393.39,0,9,0,0,0,,,0,0.0,0.1595,0.0,-0.027122526029561778,0.4702103016208424
AB25,up,detection,4856,18.0095,0.5977,123.09,3,9,0,9,0,0.0,,3,0.1666,0.1595,0.14,-0.004676604318778923,0.1411228331878293
AB25,up,tracking,4856,18.0095,1.8605,383.14,0,9,0,0,0,,,0,0.0,0.1595,0.0,-0.00014354865194221182,0.05917936074355592
AB27,east,detection,6051,17.065,0.7061,116.7,3,3,0,2,0,0.0,,3,0.1758,0.0578,0.1656,0.021037873074805452,-1.231280931758661
AB27,east,tracking,6051,17.065,2.4598,406.51,0,3,0,1,0,0.0,,0,0.0,0.0578,0.0,-0.006923615438525537,-0.7544613628264994
AB27,north,detection,6051,17.065,0.7941,131.24,0,3,0,3,0,0.0,,0,0.0,0.0578,0.0,-0.05543545316469558,0.9722316915722696
AB27,north,tracking,6051,17.065,2.2761,376.16,0,3,0,1,0,0.0,,0,0.0,0.0578,0.0,-0.024458728417809154,0.4427685588118468
AB27,up,detection,6051,17.065,0.7747,128.04,1,3,0,3,0,0.0,,1,0.0586,0.0578,0.0552,-0.023037985013968146,0.5044038571052457
AB27,up,tracking,6051,17.065,2.4161,399.28,0,3,0,1,0,0.0,,0,0.0,0.0578,0.0,0.0006075222194051178,0.09919762389640302
AB28,east,detection,7320,20.1177,0.8933,122.04,13,13,1,11,1,0.0909,40.99,11,0.5468,0.1903,0.5233,-0.0014652908542226925,-0.36971521194700585
AB28,east,tracking,7320,20.1177,3.0092,411.09,0,13,0,6,0,0.0,,0,0.0,0.1903,0.0,-0.007165991396822279,-0.25307847200772265
AB28,north,detection,7320,20.1177,0.8433,115.21,6,13,2,13,2,0.1538,20.5,4,0.1988,0.1903,0.2415,-0.03562115549666827,0.529617982969628
AB28,north,tracking,7320,20.1177,2.8291,386.48,0,13,0,6,0,0.0,,0,0.0,0.1903,0.0,-0.026977645664584493,0.35331714654758767
AB28,up,detection,7320,20.1177,1.0187,139.17,2,13,0,13,0,0.0,,2,0.0994,0.1903,0.0805,0.028030263086318553,0.21755412622541825
AB28,up,tracking,7320,20.1177,3.0778,420.47,0,13,0,6,0,0.0,,0,0.0,0.1903,0.0,0.0019438795045579613,0.7384204315149783
AB33,east,detection,7206,19.9261,0.8487,117.77,2,5,0,4,0,0.0,,1,0.0502,0.0824,0.0921,-0.009689430148899909,0.3195285808875328
AB33,east,tracking,7206,19.9261,3.0254,419.85,0,5,0,2,0,0.0,,0,0.0,0.0824,0.0,-0.007437966981763971,0.2789773853448062
AB33,north,detection,7206,19.9261,0.9492,131.73,7,5,0,4,0,0.0,,6,0.3011,0.0824,0.3223,-0.017772100076725708,0.6075601531779159
AB33,north,tracking,7206,19.9261,2.8385,393.91,0,5,0,2,0,0.0,,0,0.0,0.0824,0.0,-0.022112533675175697,0.6884918817735863
AB33,up,detection,7206,19.9261,0.9044,125.51,4,5,0,4,0,0.0,,3,0.1506,0.0824,0.1842,-0.05939018348679789,1.9548815478509622
AB33,up,tracking,7206,19.9261,3.0134,418.18,0,5,0,2,0,0.0,,0,0.0,0.0824,0.0,-0.0016694424057771028,0.8064963469639735
AB35,east,detection,6505,18.1492,0.8101,124.54,2,9,1,9,1,0.1111,34.0,1,0.0551,0.1552,0.0931,-0.02460064897013137,0.724706097388276
AB35,east,tracking,6505,18.1492,2.7513,422.95,0,9,0,2,0,0.0,,0,0.0,0.1552,0.0,-0.03127262243400914,0.8438984168517694
AB35,north,detection,6505,18.1492,0.7799,119.89,7,9,1,6,1,0.1667,34.0,5,0.2755,0.1552,0.3258,-0.03548490418252384,1.7001281828732064
AB35,north,tracking,6505,18.1492,2.7607,424.4,0,9,0,2,0,0.0,,0,0.0,0.1552,0.0,0.020393784369735473,0.6904336683489175
AB35,up,detection,6505,18.1492,1.0186,156.59,0,9,0,9,0,0.0,,0,0.0,0.1552,0.0,0.003703231857585228,0.8890342638207233
AB35,up,tracking,6505,18.1492,2.6124,401.6,0,9,0,2,0,0.0,,0,0.0,0.1552,0.0,0.011593976972874785,0.7350779742745857
AB36,east,detection,6276,20.0027,0.9961,158.72,11,8,0,5,0,0.0,,10,0.4999,0.1314,0.4777,0.0004400140418854804,-0.7730890763347193
AB36,east,tracking,6276,20.0027,2.5013,398.55,0,8,0,2,0,0.0,,0,0.0,0.1314,0.0,-0.0090764415124463,-0.5833248011608242
AB36,north,detection,6276,20.0027,0.7326,116.72,20,8,3,4,2,0.5,34.0,16,0.7999,0.1314,0.8685,-0.02888788217689796,0.5296911145250391
AB36,north,tracking,6276,20.0027,2.4142,384.67,0,8,0,2,0,0.0,,0,0.0,0.1314,0.0,-0.020547136019426274,0.3477657370871572
AB36,up,detection,6276,20.0027,0.737,117.43,2,8,0,8,0,0.0,,2,0.1,0.1314,0.0868,-0.01671938845965123,0.8705315520773239
AB36,up,tracking,6276,20.0027,2.9132,464.18,0,8,0,2,0,0.0,,0,0.0,0.1314,0.0,0.0002576915909616499,0.5306037422286287
AB37,east,detection,7912,22.1082,1.2118,153.16,4,12,0,12,0,0.0,,4,0.1809,0.1708,0.15,-0.006219117663762816,-0.09289056750180155
AB37,east,tracking,7912,22.1082,3.108,392.82,0,12,0,7,0,0.0,,0,0.0,0.1708,0.0,-0.019340340956829183,0.19822023016396154
AB37,north,detection,7912,22.1082,0.9449,119.43,3,12,0,12,0,0.0,,3,0.1357,0.1708,0.1125,-0.019493280856548785,0.5729426636284108
AB37,north,tracking,7912,22.1082,3.1307,395.69,0,12,0,7,0,0.0,,0,0.0,0.1708,0.0,-0.011644195104914086,0.39578560550437664
AB37,up,detection,7912,22.1082,1.0411,131.59,0,12,0,12,0,0.0,,0,0.0,0.1708,0.0,0.014237122151449844,0.3829733016803197
AB37,up,tracking,7912,22.1082,3.3192,419.52,0,12,0,7,0,0.0,,0,0.0,0.1708,0.0,0.004325118152477375,0.5986780731617722
AB39,east,detection,5359,17.3086,0.6508,121.44,0,5,0,5,0,0.0,,0,0.0,0.0949,0.0,-0.004046598662413234,-1.0033615403202754
AB39,east,tracking,5359,17.3086,2.5147,469.24,0,5,0,1,0,0.0,,0,0.0,0.0949,0.0,-0.01019294841055561,-0.900441929645818
AB39,north,detection,5359,17.3086,0.8365,156.09,3,5,0,3,0,0.0,,2,0.1155,0.0949,0.1569,-0.03171326004770408,0.8985554578264826
AB39,north,tracking,5359,17.3086,2.3086,430.79,0,5,0,1,0,0.0,,0,0.0,0.0949,0.0,-0.020442299024501665,0.7072275251813471
AB39,up,detection,5359,17.3086,0.6339,118.28,1,5,0,4,0,0.0,,0,0.0,0.0949,0.0523,0.04007873198804603,-0.021556842509276773
AB39,up,tracking,5359,17.3086,2.1515,401.47,0,5,0,1,0,0.0,,0,0.0,0.0949,0.0,-0.0020041174926696496,0.6988138434875092
AB41,east,detection,6619,19.9014,0.7971,120.42,2,6,1,6,1,0.1667,35.98,1,0.0502,0.0991,0.0905,0.004499905747733506,0.39675641613819773
AB41,east,tracking,6619,19.9014,2.7556,416.32,0,6,0,2,0,0.0,,0,0.0,0.0991,0.0,-0.008769127251738708,0.6613993649063098
AB41,north,detection,6619,19.9014,0.8379,126.58,4,6,0,6,0,0.0,,4,0.201,0.0991,0.1811,-0.014778510787290571,-0.0788706544018064
AB41,north,tracking,6619,19.9014,2.9079,439.33,0,6,0,2,0,0.0,,0,0.0,0.0991,0.0,-0.020492087432968487,0.030386229130883582
AB41,up,detection,6619,19.9014,0.7831,118.31,4,6,0,5,0,0.0,,4,0.201,0.0991,0.1811,0.06042103108325915,-0.28344371141166874
AB41,up,tracking,6619,19.9014,2.8066,424.02,0,6,0,2,0,0.0,,0,0.0,0.0991,0.0,-0.0066732372082566336,1.0490753793306558
AB42,east,detection,4825,20.063,0.6258,129.7,3,16,0,15,0,0.0,,3,0.1495,0.1855,0.1218,-0.03048306592688414,0.6122531171894572
AB42,east,tracking,4825,20.063,1.8789,389.4,0,16,0,0,0,,,0,0.0,0.1855,0.0,-0.03319413051184309,0.6645462825512068
AB42,north,detection,4825,20.063,0.7186,148.94,3,16,0,15,0,0.0,,3,0.1495,0.1855,0.1218,0.020352830041759026,0.11673656255104475
AB42,north,tracking,4825,20.063,1.9898,412.39,0,16,0,0,0,,,0,0.0,0.1855,0.0,0.013289894332118928,0.24253494989755736
AB42,up,detection,4825,20.063,0.5629,116.66,1,16,0,15,0,0.0,,1,0.0498,0.1855,0.0406,0.020559350422436368,0.28360080359456097
AB42,up,tracking,4825,20.063,1.9078,395.39,0,16,0,0,0,,,0,0.0,0.1855,0.0,0.023959888818171068,0.2186868725719583
AB43,east,detection,6982,19.2498,0.9824,140.71,1,12,0,12,0,0.0,,1,0.0519,0.1583,0.0437,-0.005219116073952895,-0.9547283058588952
AB43,east,tracking,6982,19.2498,2.7063,387.62,0,12,0,4,0,0.0,,0,0.0,0.1583,0.0,-0.018898495858837062,-0.691185532751901
AB43,north,detection,6982,19.2498,1.1911,170.59,0,12,0,12,0,0.0,,0,0.0,0.1583,0.0,-0.03199105955886501,1.0910733011680944
AB43,north,tracking,6982,19.2498,3.024,433.11,0,12,0,4,0,0.0,,0,0.0,0.1583,0.0,-0.0040501396499574745,0.5517066124493688
AB43,up,detection,6982,19.2498,0.9681,138.66,0,12,0,12,0,0.0,,0,0.0,0.1583,0.0,0.06716747142785523,-0.00210333049749057
AB43,up,tracking,6982,19.2498,2.825,404.62,0,12,0,4,0,0.0,,0,0.0,0.1583,0.0,0.015242860691003113,0.9906573268308461
AB44,east,detection,7478,21.0185,1.0379,138.79,1,12,0,12,0,0.0,,1,0.0476,0.134,0.0412,-0.006694289388827437,-0.5273356798928547
AB44,east,tracking,7478,21.0185,3.1711,424.06,0,12,0,3,0,0.0,,0,0.0,0.134,0.0,-0.009368679789315552,-0.4720762295988918
AB44,north,detection,7478,21.0185,1.0964,146.61,0,12,0,12,0,0.0,,0,0.0,0.134,0.0,0.00792803052684638,0.08975248865926207
AB44,north,tracking,7478,21.0185,3.0123,402.82,0,12,0,3,0,0.0,,0,0.0,0.134,0.0,-0.009148834818046772,0.4453736813749946
AB44,up,detection,7478,21.0185,0.9431,126.12,2,12,0,8,0,0.0,,2,0.0952,0.134,0.0824,-0.012375858291702159,0.7801383097622641
AB44,up,tracking,7478,21.0185,2.9055,388.53,0,12,0,3,0,0.0,,0,0.0,0.134,0.0,0.016033553399319722,0.1771283068099348
AB45,east,detection,5909,19.2142,0.8258,139.75,1,8,0,7,0,0.0,,1,0.052,0.1197,0.0458,-0.009984653013638944,0.8242696021326071
AB45,east,tracking,5909,19.2142,2.4021,406.51,0,8,0,3,0,0.0,,0,0.0,0.1197,0.0,-0.006486402283431062,0.7598576432741895
AB45,north,detection,5909,19.2142,0.8425,142.59,2,8,0,7,0,0.0,,2,0.1041,0.1197,0.0916,-0.029458146722874286,1.0669123293194702
AB45,north,tracking,5909,19.2142,2.5343,428.89,0,8,0,3,0,0.0,,0,0.0,0.1197,0.0,-0.02069724131095982,0.8976611145614233
AB45,up,detection,5909,19.2142,0.7083,119.87,1,8,0,8,0,0.0,,1,0.052,0.1197,0.0458,-0.05474861052612061,1.0663410234144068
AB45,up,tracking,5909,19.2142,2.5613,433.46,0,8,0,3,0,0.0,,0,0.0,0.1197,0.0,0.0017265628377691018,-0.009497990582957673
AB46,east,detection,6071,19.384,0.7375,121.47,4,5,0,4,0,0.0,,4,0.2064,0.0847,0.1889,-0.0008029677878644109,0.2756355392064148
AB46,east,tracking,6071,19.384,2.368,390.05,0,5,0,1,0,0.0,,0,0.0,0.0847,0.0,-0.009100696223752959,0.43626091678024204
AB46,north,detection,6071,19.384,0.7046,116.06,5,5,0,4,0,0.0,,5,0.2579,0.0847,0.2361,-0.026951165388053862,1.1065522315640304
AB46,north,tracking,6071,19.384,2.6217,431.85,0,5,0,1,0,0.0,,0,0.0,0.0847,0.0,-0.020269610545502154,0.9749769705866326
AB46,up,detection,6071,19.384,0.9357,154.12,3,5,0,5,0,0.0,,3,0.1548,0.0847,0.1417,-0.01871483897048986,1.2364477285129036
AB46,up,tracking,6071,19.384,2.2936,377.79,0,5,0,1,0,0.0,,0,0.0,0.0847,0.0,-0.004282516324455966,0.9467426558487524
AB48,east,detection,6740,20.8761,0.9045,134.19,2,8,1,8,1,0.125,47.01,1,0.0479,0.1069,0.0856,-0.011297727390350523,-0.7667514992387641
AB48,east,tracking,6740,20.8761,2.9991,444.97,0,8,0,3,0,0.0,,0,0.0,0.1069,0.0,-0.014870388644081987,-0.6918090301294029
AB48,north,detection,6740,20.8761,1.0513,155.98,4,8,1,8,1,0.125,47.01,3,0.1437,0.1069,0.1711,-0.0263843127663801,0.4585329205236179
AB48,north,tracking,6740,20.8761,2.8147,417.61,0,8,0,3,0,0.0,,0,0.0,0.1069,0.0,-0.011313634484915885,0.14087941762932496
AB48,up,detection,6740,20.8761,0.8351,123.9,0,8,0,8,0,0.0,,0,0.0,0.1069,0.0,0.005379320060988982,0.23073670053376588
AB48,up,tracking,6740,20.8761,2.8862,428.22,0,8,0,3,0,0.0,,0,0.0,0.1069,0.0,0.0013579373116272327,0.31382848267468955
AB49,east,detection,6860,20.3067,0.8039,117.19,2,8,1,7,1,0.1429,10.01,1,0.0492,0.0937,0.0893,-0.006399940037257742,0.3924594560624663
AB49,east,tracking,6860,20.3067,3.0032,437.78,0,8,0,2,0,0.0,,0,0.0,0.0937,0.0,-0.012367451728022468,0.5150700809638626
AB49,north,detection,6860,20.3067,0.8012,116.79,2,8,1,7,1,0.1429,10.01,1,0.0492,0.0937,0.0893,-0.03948425236777458,0.9415478069095324
AB49,north,tracking,6860,20.3067,2.8037,408.7,0,8,0,2,0,0.0,,0,0.0,0.0937,0.0,-0.011225777031476532,0.3669066052096835
AB49,up,detection,6860,20.3067,1.0388,151.43,0,8,0,8,0,0.0,,0,0.0,0.0937,0.0,0.06954182742816863,-0.8687318825128995
AB49,up,tracking,6860,20.3067,2.849,415.31,0,8,0,2,0,0.0,,0,0.0,0.0937,0.0,0.00022215717046998322,0.5311901313846896
AB50,east,detection,7484,21.0103,0.8679,115.97,2,12,0,12,0,0.0,,2,0.0952,0.1306,0.0828,0.003135201782224984,-0.9036797550797693
AB50,east,tracking,7484,21.0103,3.048,407.26,0,12,0,5,0,0.0,,0,0.0,0.1306,0.0,-0.011336798427343519,-0.5982494528708483
AB50,north,detection,7484,21.0103,0.891,119.05,4,12,1,12,1,0.0833,53.99,3,0.1428,0.1306,0.1655,-0.03062574274573514,1.047093180346179
AB50,north,tracking,7484,21.0103,2.9985,400.66,0,12,0,5,0,0.0,,0,0.0,0.1306,0.0,-0.011551908555680055,0.6440356089131447
AB50,up,detection,7484,21.0103,0.9266,123.82,9,12,2,9,2,0.2222,35.51,7,0.3332,0.1306,0.3724,0.09098464248543729,-1.0041570548405385
AB50,up,tracking,7484,21.0103,3.0127,402.55,0,12,0,5,0,0.0,,0,0.0,0.1306,0.0,0.010892853600432044,0.6629364202574789
AB51,east,detection,7417,20.8871,0.8694,117.21,4,7,2,7,2,0.2857,25.01,2,0.0958,0.0877,0.1747,-0.012312214303236892,-0.6426722013634764
AB51,east,tracking,7417,20.8871,3.0259,407.97,0,7,0,3,0,0.0,,0,0.0,0.0877,0.0,-0.012287161419475013,-0.6408401450969515
AB51,north,detection,7417,20.8871,1.0749,144.92,2,7,1,6,1,0.1667,11.98,1,0.0479,0.0877,0.0874,-0.02696826188718801,0.8686977117651248
AB51,north,tracking,7417,20.8871,3.2329,435.88,0,7,0,3,0,0.0,,0,0.0,0.0877,0.0,-0.012087361479091415,0.5553675469794989
AB51,up,detection,7417,20.8871,1.0204,137.57,5,7,0,7,0,0.0,,5,0.2394,0.0877,0.2184,0.044431797756461104,0.17313750696439975
AB51,up,tracking,7417,20.8871,3.0365,409.39,0,7,0,3,0,0.0,,0,0.0,0.0877,0.0,0.00956440884890968,0.8926807332236206
AB53,east,detection,3597,10.089,0.4195,116.64,6,5,0,4,0,0.0,,5,0.4956,0.1414,0.5106,-0.01384733657056314,0.5821388604311452
AB53,east,tracking,3597,10.089,1.3115,364.61,0,5,0,0,0,,,0,0.0,0.1414,0.0,-0.020971635410954637,0.6442491590832263
AB53,north,detection,3597,10.089,0.4138,115.04,10,5,1,2,1,0.5,28.02,8,0.7929,0.1414,0.851,-0.041863930611203304,1.128261838033712
AB53,north,tracking,3597,10.089,1.3181,366.43,0,5,0,0,0,,,0,0.0,0.1414,0.0,-0.0071249722197162645,0.795340828591988
AB53,up,detection,3597,10.089,0.4173,116.02,6,5,0,4,0,0.0,,5,0.4956,0.1414,0.5106,0.06933196987610551,-0.42764054485057523
AB53,up,tracking,3597,10.089,1.3671,380.07,0,5,0,0,0,,,0,0.0,0.1414,0.0,0.015451745413360102,0.12466335602858235
ABCC,east,detection,2020,15.9972,0.2329,115.3,1,8,0,8,0,0.0,,1,0.0625,0.1391,0.0538,-0.0008054349751046595,-0.11653173657644846
ABCC,east,tracking,2020,15.9972,0.8468,419.23,0,8,0,0,0,,,0,0.0,0.1391,0.0,-0.0016094311728725073,-0.10768279522932386
ABCC,north,detection,2020,15.9972,0.2809,139.06,0,8,0,8,0,0.0,,0,0.0,0.1391,0.0,0.014875536352556944,0.9726578492207658
ABCC,north,tracking,2020,15.9972,0.6942,343.65,0,8,0,0,0,,,0,0.0,0.1391,0.0,0.015854714602469174,0.9626480532277009
ABCC,up,detection,2020,15.9972,0.2328,115.23,0,8,0,8,0,0.0,,0,0.0,0.1391,0.0,-0.008793657554334066,0.30964832003973997
ABCC,up,tracking,2020,15.9972,0.8044,398.22,0,8,0,0,0,,,0,0.0,0.1391,0.0,-0.025249744596829077,0.507269059344466
ABD0,east,detection,2835,13.859,0.329,116.04,0,11,0,11,0,0.0,,0,0.0,0.1977,0.0,-0.007856821897265383,0.38782502726996454
ABD0,east,tracking,2835,13.859,1.0199,359.74,0,11,0,0,0,,,0,0.0,0.1977,0.0,0.011797592237451915,0.11495862318562936
ABD0,north,detection,2835,13.859,0.3284,115.84,1,11,0,11,0,0.0,,1,0.0722,0.1977,0.0579,0.0012982438491450702,1.1403924072769762
ABD0,north,tracking,2835,13.859,1.1392,401.85,0,11,0,0,0,,,0,0.0,0.1977,0.0,0.015795984646873592,0.9370286530791603
ABD0,up,detection,2835,13.859,0.4153,146.49,0,11,0,11,0,0.0,,0,0.0,0.1977,0.0,0.008987313783111087,-0.841894247918218
ABD0,up,tracking,2835,13.859,1.2028,424.28,0,11,0,0,0,,,0,0.0,0.1977,0.0,-0.0008033000244819736,-0.7041892496215251
ABDZ,east,detection,4634,13.6591,0.54,116.53,0,9,0,9,0,0.0,,0,0.0,0.1868,0.0,0.013376299088013707,0.09383051244711951
ABDZ,east,tracking,4634,13.6591,1.7887,385.98,0,9,0,0,0,,,0,0.0,0.1868,0.0,0.010716265223483356,0.12894865958009846
ABDZ,north,detection,4634,13.6591,0.5443,117.46,0,9,0,9,0,0.0,,0,0.0,0.1868,0.0,0.03627406020678089,0.6576955107811784
ABDZ,north,tracking,4634,13.6591,1.7153,370.15,0,9,0,0,0,,,0,0.0,0.1868,0.0,0.01454591845395658,0.9532999841433805
ABDZ,up,detection,4634,13.6591,0.5504,118.77,0,9,0,9,0,0.0,,0,0.0,0.1868,0.0,-0.050128844449294246,-0.036273528209727
ABDZ,up,tracking,4634,13.6591,1.773,382.61,0,9,0,0,0,,,0,0.0,0.1868,0.0,-0.0014512497211260473,-0.6954579004347589
ABE1,east,detection,4255,13.5578,0.5168,121.46,1,8,0,7,0,0.0,,0,0.0,0.1773,0.0607,0.0013472104179978735,-0.6979600437153481
ABE1,east,tracking,4255,13.5578,1.5828,372.0,0,8,0,0,0,,,0,0.0,0.1773,0.0,0.011526533718362276,-0.8383200864836737
ABE1,north,detection,4255,13.5578,0.4998,117.46,0,8,0,8,0,0.0,,0,0.0,0.1773,0.0,0.004978076120823596,0.4700378240090325
ABE1,north,tracking,4255,13.5578,1.6439,386.36,0,8,0,0,0,,,0,0.0,0.1773,0.0,0.015197460354571963,0.3287085463430854
ABE1,up,detection,4255,13.5578,0.4975,116.93,0,8,0,8,0,0.0,,0,0.0,0.1773,0.0,0.006453568629689098,-0.2981559404405036
ABE1,up,tracking,4255,13.5578,1.7039,400.44,0,8,0,0,0,,,0,0.0,0.1773,0.0,-0.0010424322587929938,-0.19401217187131528
ABEL,east,detection,1693,5.8481,0.2324,137.28,1,7,0,6,0,0.0,,1,0.171,0.2622,0.1262,0.0024270193658556755,0.39611463428743793
ABEL,east,tracking,1693,5.8481,0.5549,327.78,0,7,0,0,0,,,0,0.0,0.2622,0.0,0.01536395275423872,0.32240679201869327
ABEL,north,detection,1693,5.8481,0.1988,117.41,2,7,0,6,0,0.0,,2,0.342,0.2622,0.2523,0.008657623064856899,0.7854472312565182
ABEL,north,tracking,1693,5.8481,0.5507,325.31,0,7,0,0,0,,,0,0.0,0.2622,0.0,0.008293767989514365,0.7895998000235773
ABEL,up,detection,1693,5.8481,0.1972,116.47,1,7,0,6,0,0.0,,1,0.171,0.2622,0.1262,-0.07638765345135358,1.2345515903142836
ABEL,up,tracking,1693,5.8481,0.6346,374.82,0,7,0,0,0,,,0,0.0,0.2622,0.0,0.0017276104922319625,0.8144162405448975
ABG0,east,detection,3218,9.0267,0.3862,120.01,0,4,0,4,0,0.0,,0,0.0,0.1329,0.0,0.003668787544868873,0.08322388858464541
ABG0,east,tracking,3218,9.0267,1.2115,376.49,0,4,0,0,0,,,0,0.0,0.1329,0.0,0.011702548493260315,0.012415787396806786
ABG0,north,detection,3218,9.0267,0.3969,123.35,0,4,0,4,0,0.0,,0,0.0,0.1329,0.0,0.01638135336143531,0.506125337277445
ABG0,north,tracking,3218,9.0267,1.2684,394.14,0,4,0,0,0,,,0,0.0,0.1329,0.0,0.015526888405858707,0.514382057473118
ABG0,up,detection,3218,9.0267,0.43,133.63,0,4,0,4,0,0.0,,0,0.0,0.1329,0.0,-0.026408449172652542,0.6717820252396115
ABG0,up,tracking,3218,9.0267,1.1896,369.68,0,4,0,0,0,,,0,0.0,0.1329,0.0,-0.005544392665668238,0.4859303977198554
ABGS,east,detection,5776,18.5654,0.7275,125.95,4,42,4,36,4,0.1111,34.51,0,0.0,0.3864,0.1322,0.02190999723645532,-0.11393401380799432
ABGS,east,tracking,5776,18.5654,2.4442,423.17,0,42,0,4,0,0.0,,0,0.0,0.3864,0.0,0.024078387274418456,-0.1517668521384615
ABGS,north,detection,5776,18.5654,0.6859,118.76,6,42,5,29,5,0.1724,32.01,1,0.0539,0.3864,0.1983,0.004967210537290611,0.5902795356843937
ABGS,north,tracking,5776,18.5654,2.4573,425.43,0,42,0,4,0,0.0,,0,0.0,0.3864,0.0,0.011486265247005545,0.47262006126051
ABGS,up,detection,5776,18.5654,0.8904,154.16,4,42,1,39,1,0.0256,21.0,3,0.1616,0.3864,0.1322,0.03882453887286427,0.10977558045932874
ABGS,up,tracking,5776,18.5654,2.5496,441.41,1,42,0,0,0,,,1,0.0539,0.3864,0.0331,-0.003584976578248919,0.8879323118838215
ABL1,east,detection,4490,14.8255,0.6109,136.06,1,1,0,1,0,0.0,,1,0.0675,0.0222,0.066,0.007872717394164432,-0.09211740789053083
ABL1,east,tracking,4490,14.8255,1.8963,422.33,0,1,0,0,0,,,0,0.0,0.0222,0.0,-0.013594800342672663,0.22477138108490613
ABL1,north,detection,4490,14.8255,0.5832,129.89,1,1,0,1,0,0.0,,1,0.0675,0.0222,0.066,-0.03918930985927146,5.351480606265736
ABL1,north,tracking,4490,14.8255,1.9624,437.07,0,1,0,0,0,,,0,0.0,0.0222,0.0,-0.003196195702354275,4.818254332401385
ABL1,up,detection,4490,14.8255,0.5396,120.17,3,1,0,1,0,0.0,,3,0.2024,0.0222,0.1979,0.05267311346201806,0.5086256276704328
ABL1,up,tracking,4490,14.8255,1.7004,378.7,0,1,0,0,0,,,0,0.0,0.0222,0.0,-0.00027850646666920093,1.290922192607786
ABMF,east,detection,5904,18.0945,0.684,115.86,0,13,0,13,0,0.0,,0,0.0,0.1869,0.0,0.018234483003523302,-0.6165558201838299
ABMF,east,tracking,5904,18.0945,2.5545,432.68,0,13,0,3,0,0.0,,0,0.0,0.1869,0.0,0.011667486238316838,-0.4999515605103008
ABMF,north,detection,5904,18.0945,0.6853,116.08,0,13,0,13,0,0.0,,0,0.0,0.1869,0.0,0.023563926530081727,0.7891659835904076
ABMF,north,tracking,5904,18.0945,2.4328,412.06,0,13,0,3,0,0.0,,0,0.0,0.1869,0.0,0.01504501730434426,0.9399408355759994
ABMF,up,detection,5904,18.0945,0.7843,132.84,0,13,0,13,0,0.0,,0,0.0,0.1869,0.0,-0.0074089030554007045,-0.4378527286449411
ABMF,up,tracking,5904,18.0945,2.25,381.11,0,13,0,3,0,0.0,,0,0.0,0.1869,0.0,-0.0018250661690301204,-0.5374884414692759
ABPD,east,detection,2089,15.9972,0.2412,115.47,0,9,0,9,0,0.0,,0,0.0,0.1391,0.0,-0.0004267343209482491,0.6223381620717071
ABPD,east,tracking,2089,15.9972,0.8393,401.77,0,9,0,0,0,,,0,0.0,0.1391,0.0,0.00010146187904204454,0.6141424496335371
ABPD,north,detection,2089,15.9972,0.3318,158.83,0,9,0,9,0,0.0,,0,0.0,0.1391,0.0,0.014823993790032502,0.16057366247446422
ABPD,north,tracking,2089,15.9972,0.738,353.27,0,9,0,0,0,,,0,0.0,0.1391,0.0,0.013987501153387693,0.17605838641180438
ABPD,up,detection,2089,15.9972,0.2906,139.11,0,9,0,9,0,0.0,,0,0.0,0.1391,0.0,-0.001477355226129449,0.40068361131318897
ABPD,up,tracking,2089,15.9972,0.9147,437.85,0,9,0,0,0,,,0,0.0,0.1391,0.0,-0.010289041580045885,0.49804717534554516
ABPW,east,detection,1873,12.7282,0.2152,114.89,0,5,0,5,0,0.0,,0,0.0,0.1233,0.0,-0.03474588403353102,0.4689633365133486
ABPW,east,tracking,1873,12.7282,0.6557,350.09,0,5,0,0,0,,,0,0.0,0.1233,0.0,0.00032507153130086096,0.02510613151781333
ABPW,north,detection,1873,12.7282,0.2185,116.66,0,5,0,5,0,0.0,,0,0.0,0.1233,0.0,-0.01418771619313396,0.6846597269555269
ABPW,north,tracking,1873,12.7282,0.627,334.73,0,5,0,0,0,,,0,0.0,0.1233,0.0,0.014576599647727199,0.3182521996930646
ABPW,up,detection,1873,12.7282,0.2507,133.84,0,5,0,5,0,0.0,,0,0.0,0.1233,0.0,0.08097478758379732,-0.9306243923947541
ABPW,up,tracking,1873,12.7282,0.6384,340.83,0,5,0,0,0,,,0,0.0,0.1233,0.0,-0.0003926233328910657,0.10059123653743261
ABRA,east,detection,2834,12.4325,0.4155,146.63,0,23,0,20,0,0.0,,0,0.0,0.4387,0.0,0.020216039210273356,0.31017541698662543
ABRA,east,tracking,2834,12.4325,1.1132,392.8,0,23,0,0,0,,,0,0.0,0.4387,0.0,0.009466357077455575,0.44466995631632583
ABRA,north,detection,2834,12.4325,0.3317,117.04,0,23,0,20,0,0.0,,0,0.0,0.4387,0.0,0.02876891417596474,-0.29311876639456513
ABRA,north,tracking,2834,12.4325,1.0015,353.38,0,23,0,0,0,,,0,0.0,0.4387,0.0,0.012570228755232294,-0.09120651587375371
ABRA,up,detection,2834,12.4325,0.3558,125.56,1,23,0,18,0,0.0,,1,0.0804,0.4387,0.0451,0.03686129238718398,-0.3503519693277128
ABRA,up,tracking,2834,12.4325,1.0947,386.29,0,23,0,0,0,,,0,0.0,0.4387,0.0,0.0002446947888277839,0.10564590123965317
ABRH,east,detection,4821,13.5825,0.5557,115.26,1,1,0,1,0,0.0,,1,0.0736,0.0242,0.0718,-0.034234755270104784,0.1376318936951864
ABRH,east,tracking,4821,13.5825,2.1061,436.87,0,1,0,0,0,,,0,0.0,0.0242,0.0,-0.016096511237692165,-0.10979677360211777
ABRH,north,detection,4821,13.5825,0.5834,121.01,3,1,1,1,1,1.0,8.0,2,0.1472,0.0242,0.2155,-0.013226939598203664,0.5933386748402577
ABRH,north,tracking,4821,13.5825,1.9101,396.2,0,1,0,0,0,,,0,0.0,0.0242,0.0,-0.009427824971969376,0.5450953710973939
ABRH,up,detection,4821,13.5825,0.6258,129.81,2,1,0,1,0,0.0,,2,0.1472,0.0242,0.1437,0.021098227779070507,0.5993908966144164
ABRH,up,tracking,4821,13.5825,1.8147,376.41,0,1,0,0,0,,,0,0.0,0.0242,0.0,-0.004024181249612746,0.9338302303397563
ABRK,east,detection,1292,5.9795,0.1541,119.27,1,1,0,0,0,,,1,0.1672,0.0549,0.158,0.023147806736293724,0.820511925458082
ABRK,east,tracking,1292,5.9795,0.4118,318.76,0,1,0,0,0,,,0,0.0,0.0549,0.0,0.02712022715966515,0.7969583022829462
ABRK,north,detection,1292,5.9795,0.1567,121.31,0,1,0,1,0,0.0,,0,0.0,0.0549,0.0,0.019704836902706965,0.9435996855539863
ABRK,north,tracking,1292,5.9795,0.4211,325.94,0,1,0,0,0,,,0,0.0,0.0549,0.0,0.022671235880624554,0.9257470124092014
ABRK,up,detection,1292,5.9795,0.1485,114.93,0,1,0,1,0,0.0,,0,0.0,0.0549,0.0,0.030273121980100934,0.09736715465264109
ABRK,up,tracking,1292,5.9795,0.4357,337.22,0,1,0,0,0,,,0,0.0,0.0549,0.0,-0.006567831107344097,0.32046895397234326
AC02,east,detection,7340,20.8679,0.9719,132.41,1,18,1,18,1,0.0556,10.01,0,0.0,0.2278,0.037,-0.008835509016524582,0.5635409839082915
AC02,east,tracking,7340,20.8679,3.1779,432.96,1,18,0,0,0,,,1,0.0479,0.2278,0.037,-0.020498693554720695,0.80848411095031
AC02,north,detection,7340,20.8679,0.8665,118.05,3,18,3,16,3,0.1875,10.01,0,0.0,0.2278,0.111,0.0019303178114392775,0.06537836198969381
AC02,north,tracking,7340,20.8679,3.0994,422.26,0,18,0,10,0,0.0,,0,0.0,0.2278,0.0,-0.004091824726844944,0.18715840603219686
AC02,up,detection,7340,20.8679,0.8976,122.29,0,18,0,18,0,0.0,,0,0.0,0.2278,0.0,0.0339130616927026,0.18440175471333203
AC02,up,tracking,7340,20.8679,3.7219,507.06,0,18,0,10,0,0.0,,0,0.0,0.2278,0.0,0.000696885481777667,0.8738348716870049
AC03,east,detection,6820,18.7269,0.7865,115.32,1,18,1,17,1,0.0588,21.01,0,0.0,0.2775,0.0386,4.75774062504433e-05,0.6015023648489275
AC03,east,tracking,6820,18.7269,2.6115,382.92,0,18,0,2,0,0.0,,0,0.0,0.2775,0.0,-0.007041519871878429,0.7362900149218583
AC03,north,detection,6820,18.7269,0.8007,117.4,1,18,0,18,0,0.0,,1,0.0534,0.2775,0.0386,-0.02051115748349195,0.425587187542425
AC03,north,tracking,6820,18.7269,2.8327,415.36,0,18,0,2,0,0.0,,0,0.0,0.2775,0.0,-0.02585909575627796,0.5204240722125997
AC03,up,detection,6820,18.7269,0.8632,126.56,4,18,0,16,0,0.0,,3,0.1602,0.2775,0.1543,0.049851954842984325,-0.14837980367388334
AC03,up,tracking,6820,18.7269,2.9966,439.39,0,18,0,2,0,0.0,,0,0.0,0.2775,0.0,0.007100780359628075,0.644803631978108
AC06,east,detection,7437,20.9446,0.9387,126.23,3,16,0,14,0,0.0,,3,0.1432,0.2312,0.1101,-0.0034614173063936154,0.4452585985170726
AC06,east,tracking,7437,20.9446,3.2443,436.24,0,16,0,7,0,0.0,,0,0.0,0.2312,0.0,-0.011778995617340754,0.6219066318235325
AC06,north,detection,7437,20.9446,1.2331,165.81,1,16,0,16,0,0.0,,1,0.0477,0.2312,0.0367,-0.03233827257553468,0.9780767794481251
AC06,north,tracking,7437,20.9446,3.1527,423.93,0,16,0,7,0,0.0,,0,0.0,0.2312,0.0,-0.016636894716992156,0.6454308521849415
AC06,up,detection,7437,20.9446,1.2109,162.81,0,16,0,16,0,0.0,,0,0.0,0.2312,0.0,0.041808633521081356,-0.2738091016757397
AC06,up,tracking,7437,20.9446,3.1487,423.38,0,16,0,7,0,0.0,,0,0.0,0.2312,0.0,0.0071516940225636256,0.44650112669020253
AC07,east,detection,6954,19.0774,0.8441,121.39,3,9,0,9,0,0.0,,3,0.1573,0.1207,0.1383,0.010031868800235936,0.3635104497641429
AC07,east,tracking,6954,19.0774,2.6436,380.15,0,9,0,4,0,0.0,,0,0.0,0.1207,0.0,-0.00032802037245218806,0.5653055634191494
AC07,north,detection,6954,19.0774,0.8146,117.14,2,9,1,9,1,0.1111,33.02,1,0.0524,0.1207,0.0922,-0.026449213822207347,0.15684658667788992
AC07,north,tracking,6954,19.0774,2.9088,418.3,0,9,0,4,0,0.0,,0,0.0,0.1207,0.0,-0.02234671599337929,0.07729107498684193
AC07,up,detection,6954,19.0774,0.8231,118.37,2,9,0,9,0,0.0,,2,0.1048,0.1207,0.0922,-0.015994507390985298,0.6269663433054123
AC07,up,tracking,6954,19.0774,2.885,414.87,0,9,0,4,0,0.0,,0,0.0,0.1207,0.0,-0.0011106923042271267,0.33873778512717284
AC08,east,detection,6719,18.8912,0.7801,116.11,14,18,2,12,0,0.0,15.5,11,0.5823,0.2707,0.5405,0.018904228468931784,-0.9538188849043099
AC08,east,tracking,6719,18.8912,2.6234,390.45,0,18,0,4,0,0.0,,0,0.0,0.2707,0.0,-0.00668738812857189,-0.4709849155398181
AC08,north,detection,6719,18.8912,0.7824,116.45,8,18,0,16,0,0.0,,7,0.3705,0.2707,0.3088,-0.002000687650726164,-0.3422644965123109
AC08,north,tracking,6719,18.8912,2.8988,431.43,0,18,0,4,0,0.0,,0,0.0,0.2707,0.0,-0.0237368702139746,0.06348363691020767
AC08,up,detection,6719,18.8912,0.9471,140.96,8,18,0,16,0,0.0,,8,0.4235,0.2707,0.3088,0.05719202064838691,-0.7688319251133351
AC08,up,tracking,6719,18.8912,2.5702,382.52,0,18,0,4,0,0.0,,0,0.0,0.2707,0.0,0.005068149342312216,0.2087630905052032
AC09,east,detection,6795,18.9897,0.8136,119.73,3,13,1,10,1,0.1,34.99,1,0.0527,0.2168,0.1237,0.015886659403494242,-1.7563855446123717
AC09,east,tracking,6795,18.9897,2.7704,407.71,0,13,0,3,0,0.0,,0,0.0,0.2168,0.0,-0.027012348314918944,-0.9439175871587328
AC09,north,detection,6795,18.9897,0.9073,133.52,7,13,2,10,2,0.2,22.49,4,0.2106,0.2168,0.2887,-0.00305443613154422,0.9951086825594627
AC09,north,tracking,6795,18.9897,2.7583,405.93,0,13,0,3,0,0.0,,0,0.0,0.2168,0.0,0.01457713241483674,0.6577948386470945
AC09,up,detection,6795,18.9897,0.8035,118.25,2,13,0,13,0,0.0,,2,0.1053,0.2168,0.0825,0.05312239782256139,-0.06328989695154517
AC09,up,tracking,6795,18.9897,2.7013,397.54,0,13,0,3,0,0.0,,0,0.0,0.2168,0.0,0.003263549106269593,0.8786989476757167
AC10,east,detection,4795,17.9931,0.6132,127.89,2,17,1,16,1,0.0625,1.0,1,0.0556,0.229,0.0857,0.016237138308065988,-0.10941932421723292
AC10,east,tracking,4795,17.9931,2.0726,432.23,0,17,0,0,0,,,0,0.0,0.229,0.0,-0.009808965230160642,0.36040346499652126
AC10,north,detection,4795,17.9931,0.5712,119.12,0,17,0,17,0,0.0,,0,0.0,0.229,0.0,-0.023764914697575742,0.5580142150544682
AC10,north,tracking,4795,17.9931,1.8427,384.3,0,17,0,0,0,,,0,0.0,0.229,0.0,-0.022865085237056035,0.5393134658941844
AC10,up,detection,4795,17.9931,0.7232,150.81,0,17,0,17,0,0.0,,0,0.0,0.229,0.0,-0.02090527313639573,0.9111172153233703
AC10,up,tracking,4795,17.9931,2.0088,418.93,0,17,0,0,0,,,0,0.0,0.229,0.0,0.0036438729543334177,0.46987550905336894
AC11,east,detection,7679,21.0869,1.0067,131.09,3,15,2,14,2,0.1429,5.5,1,0.0474,0.1646,0.1188,-0.013672164280045375,-0.15740095561504314
AC11,east,tracking,7679,21.0869,3.1244,406.88,1,15,0,0,0,,,1,0.0474,0.1646,0.0396,-0.020770797285561228,-0.00690350467374502
AC11,north,detection,7679,21.0869,0.9303,121.15,1,15,1,15,1,0.0667,32.0,0,0.0,0.1646,0.0396,-0.00408224645999446,-0.031100440518749474
AC11,north,tracking,7679,21.0869,3.2304,420.68,0,15,0,6,0,0.0,,0,0.0,0.1646,0.0,-0.002958817808603323,-0.05956464848210699
AC11,up,detection,7679,21.0869,0.8941,116.43,3,15,0,12,0,0.0,,3,0.1423,0.1646,0.1188,-2.3410205077347215e-06,0.9643177602355103
AC11,up,tracking,7679,21.0869,3.0679,399.52,0,15,0,6,0,0.0,,0,0.0,0.1646,0.0,0.0020754405495210923,0.9193520855908397
AC12,east,detection,5844,17.6181,0.7431,127.15,2,42,2,34,2,0.0588,29.01,0,0.0,0.2839,0.0813,-0.015165958683579788,0.9309050829534866
AC12,east,tracking,5844,17.6181,2.2524,385.41,0,42,0,5,0,0.0,,0,0.0,0.2839,0.0,-0.012510488497309584,0.8957516719052768
AC12,north,detection,5844,17.6181,0.7234,123.78,4,42,3,33,3,0.0909,29.01,0,0.0,0.2839,0.1626,-0.00823092300523538,0.07067557931453544
AC12,north,tracking,5844,17.6181,2.5428,435.12,0,42,0,5,0,0.0,,0,0.0,0.2839,0.0,-0.03199754556638316,0.511267344606787
AC12,up,detection,5844,17.6181,0.6884,117.8,3,42,2,33,2,0.0606,29.01,1,0.0568,0.2839,0.1219,0.00335529631506573,0.484306442400605
AC12,up,tracking,5844,17.6181,2.2957,392.84,0,42,0,5,0,0.0,,0,0.0,0.2839,0.0,-0.016363283078020208,0.8444810881494788
AC13,east,detection,6221,17.9275,0.8517,136.9,5,17,3,15,3,0.2,36.01,2,0.1116,0.2024,0.2225,-0.0019020722974166326,-0.051487330789070196
AC13,east,tracking,6221,17.9275,2.4688,396.85,1,17,0,0,0,,,1,0.0558,0.2024,0.0445,-0.014941472479225363,0.1841160523771919
AC13,north,detection,6221,17.9275,0.8149,130.99,2,17,2,15,2,0.1333,35.52,0,0.0,0.2024,0.089,-0.007511043636125393,0.8406244501468395
AC13,north,tracking,6221,17.9275,2.8766,462.4,1,17,0,0,0,,,1,0.0558,0.2024,0.0445,-0.007218859708660279,0.8303610287366988
AC13,up,detection,6221,17.9275,0.9244,148.6,2,17,1,15,1,0.0667,34.02,1,0.0558,0.2024,0.089,-0.0035754515648442797,0.7848866006398738
AC13,up,tracking,6221,17.9275,2.4161,388.38,1,17,0,0,0,,,1,0.0558,0.2024,0.0445,-0.010503624645108936,0.9070158140205561
AC14,east,detection,5587,19.0363,0.7672,137.32,8,13,3,11,3,0.2727,40.0,4,0.2101,0.1766,0.346,-0.012736478495388658,0.5872673917504042
AC14,east,tracking,5587,19.0363,2.2423,401.35,0,13,0,2,0,0.0,,0,0.0,0.1766,0.0,-0.026166128410946968,0.8412479894791134
AC14,north,detection,5587,19.0363,0.7911,141.59,12,13,3,9,2,0.2222,31.02,8,0.4202,0.1766,0.519,0.008678384354077322,0.7376949513393131
AC14,north,tracking,5587,19.0363,2.1312,381.45,0,13,0,2,0,0.0,,0,0.0,0.1766,0.0,0.019493505230846194,0.5315085506866256
AC14,up,detection,5587,19.0363,1.0595,189.64,9,13,1,11,1,0.0909,5.99,8,0.4202,0.1766,0.3893,0.03952640958681246,0.01678228846230613
AC14,up,tracking,5587,19.0363,2.4926,446.15,1,13,0,0,0,,,1,0.0525,0.1766,0.0433,-0.005239355830209861,0.8580449164001387
AC15,east,detection,7481,20.8542,1.0003,133.71,8,16,2,16,2,0.125,29.0,6,0.2877,0.2087,0.3035,-0.019438677984970794,-0.009571609754161905
AC15,east,tracking,7481,20.8542,3.6218,484.13,0,16,0,7,0,0.0,,0,0.0,0.2087,0.0,-0.015830550947778663,-0.0808053646545553
AC15,north,detection,7481,20.8542,0.8781,117.38,2,16,0,16,0,0.0,,2,0.0959,0.2087,0.0759,-0.01038159823205205,0.3113661988921753
AC15,north,tracking,7481,20.8542,3.431,458.63,1,16,0,0,0,,,1,0.048,0.2087,0.0379,-0.0023939491289323685,0.14292901345283487
AC15,up,detection,7481,20.8542,0.8776,117.3,2,16,1,16,1,0.0625,21.01,1,0.048,0.2087,0.0759,0.005989551430583079,0.46988683444930585
AC15,up,tracking,7481,20.8542,3.0225,404.02,0,16,0,7,0,0.0,,0,0.0,0.2087,0.0,0.007678570402551271,0.4312073545316039
AC16,east,detection,6563,18.9596,0.8821,134.4,10,13,1,11,1,0.0909,5.01,9,0.4747,0.2208,0.411,-0.020435497336466,0.5106702378154527
AC16,east,tracking,6563,18.9596,2.729,415.82,0,13,0,4,0,0.0,,0,0.0,0.2208,0.0,-0.030590873940687636,0.7024104364528032
AC16,north,detection,6563,18.9596,0.936,142.62,7,13,0,11,0,0.0,,7,0.3692,0.2208,0.2877,0.04503630685978013,-0.05706094039195375
AC16,north,tracking,6563,18.9596,2.8708,437.42,1,13,0,2,0,0.0,,1,0.0527,0.2208,0.0411,0.029999776499598806,0.2308798988603145
AC16,up,detection,6563,18.9596,1.0156,154.75,11,13,1,10,1,0.1,2.01,10,0.5274,0.2208,0.4521,0.049347563633592426,-0.8594140265090753
AC16,up,tracking,6563,18.9596,3.1526,480.36,0,13,0,4,0,0.0,,0,0.0,0.2208,0.0,-0.02586762794707467,0.5465848955666697
AC17,east,detection,7140,19.9699,0.9417,131.9,12,19,2,12,2,0.1667,29.0,5,0.2504,0.2675,0.4402,0.010606121614006113,-0.6209652020610442
AC17,east,tracking,7140,19.9699,3.0998,434.14,0,19,0,5,0,0.0,,0,0.0,0.2675,0.0,-0.0037826584176351274,-0.3321598135282551
AC17,north,detection,7140,19.9699,0.9587,134.27,5,19,0,15,0,0.0,,4,0.2003,0.2675,0.1834,-0.032958173014406705,0.6058579714942252
AC17,north,tracking,7140,19.9699,2.8148,394.23,0,19,0,5,0,0.0,,0,0.0,0.2675,0.0,-0.027328446613804836,0.4906621017481409
AC17,up,detection,7140,19.9699,0.894,125.21,5,19,0,16,0,0.0,,3,0.1502,0.2675,0.1834,0.043990380811800435,-0.1180912280845809
AC17,up,tracking,7140,19.9699,2.938,411.49,0,19,0,5,0,0.0,,0,0.0,0.2675,0.0,0.005096955213471242,0.6520027317936893
AC18,east,detection,6418,18.2724,0.756,117.8,1,18,1,18,1,0.0556,0.99,0,0.0,0.2872,0.039,-0.004391363380687079,-1.001871127787053
AC18,east,tracking,6418,18.2724,2.4493,381.63,0,18,0,2,0,0.0,,0,0.0,0.2872,0.0,-0.008647010764138263,-0.9225380821324947
AC18,north,detection,6418,18.2724,0.7559,117.78,1,18,1,18,1,0.0556,41.02,0,0.0,0.2872,0.039,-0.014456255219518318,0.08980883968853587
AC18,north,tracking,6418,18.2724,2.504,390.15,0,18,0,2,0,0.0,,0,0.0,0.2872,0.0,-0.023166123012169106,0.24401215931843376
AC18,up,detection,6418,18.2724,0.7687,119.77,0,18,0,18,0,0.0,,0,0.0,0.2872,0.0,0.011001381203022633,0.6474864700449108
AC18,up,tracking,6418,18.2724,2.4495,381.67,0,18,0,2,0,0.0,,0,0.0,0.2872,0.0,0.005950580210274129,0.7373695491614685
AC19,east,detection,5959,18.1629,0.6869,115.27,1,14,0,14,0,0.0,,1,0.0551,0.2055,0.0437,-0.001135401647300146,-0.7800386498173622
AC19,east,tracking,5959,18.1629,2.4511,411.33,0,14,0,5,0,0.0,,0,0.0,0.2055,0.0,-0.006790829956328842,-0.6754392608161279
AC19,north,detection,5959,18.1629,0.7021,117.82,4,14,1,14,1,0.0714,18.01,3,0.1652,0.2055,0.175,-0.02566390519759621,0.20385638142461146
AC19,north,tracking,5959,18.1629,2.577,432.46,1,14,0,0,0,,,1,0.0551,0.2055,0.0437,-0.023029017202146985,0.15503858048422833
AC19,up,detection,5959,18.1629,0.7,117.47,0,14,0,14,0,0.0,,0,0.0,0.2055,0.0,-0.00046963708547093867,0.5649111954755851
AC19,up,tracking,5959,18.1629,2.4622,413.2,0,14,0,5,0,0.0,,0,0.0,0.2055,0.0,-4.6746140305682446e-05,0.554432977925239
AC20,east,detection,7270,21.1006,0.8929,122.82,4,17,1,17,1,0.0588,16.01,3,0.1422,0.1985,0.1519,-0.0161422185799921,0.6170829398109443
AC20,east,tracking,7270,21.1006,2.9518,406.03,1,17,0,0,0,,,1,0.0474,0.1985,0.038,-0.019640193684071938,0.6920885624775692
AC20,north,detection,7270,21.1006,0.9638,132.58,3,17,0,17,0,0.0,,3,0.1422,0.1985,0.114,-0.021044749616220253,0.5873322790946219
AC20,north,tracking,7270,21.1006,3.3156,456.07,0,17,0,7,0,0.0,,0,0.0,0.1985,0.0,-0.0020512546526923483,0.18513737778893213
AC20,up,detection,7270,21.1006,0.854,117.46,7,17,0,14,0,0.0,,6,0.2844,0.1985,0.2659,0.05261095365276649,-0.3091202115267688
AC20,up,tracking,7270,21.1006,2.8868,397.09,0,17,0,7,0,0.0,,0,0.0,0.1985,0.0,0.003027639861626312,0.7316681795071628
AC21,east,detection,7163,20.0274,0.8714,121.66,3,26,2,21,2,0.0952,0.01,1,0.0499,0.2271,0.1158,0.006979178146936674,-0.17335911666124895
AC21,east,tracking,7163,20.0274,3.066,428.03,1,26,0,0,0,,,0,0.0,0.2271,0.0386,-0.009573854247693579,0.15941980989518842
AC21,north,detection,7163,20.0274,0.9864,137.7,4,26,2,19,2,0.1053,0.01,1,0.0499,0.2271,0.1544,-0.03025184365325995,-0.17595809131149467
AC21,north,tracking,7163,20.0274,3.146,439.2,1,26,0,13,0,0.0,,0,0.0,0.2271,0.0386,-0.03209068125840174,-0.14419787624395364
AC21,up,detection,7163,20.0274,0.854,119.23,3,26,1,24,1,0.0417,0.01,2,0.0999,0.2271,0.1158,-0.015592120300201729,1.1660914686824342
AC21,up,tracking,7163,20.0274,3.1813,444.13,1,26,0,13,0,0.0,,0,0.0,0.2271,0.0386,0.00549058404818121,0.7438461075830705
AC23,east,detection,6968,19.1841,0.819,117.53,7,17,2,14,2,0.1429,25.5,5,0.2606,0.2485,0.2742,-0.0043232410631990365,0.3653839922486753
AC23,east,tracking,6968,19.1841,3.0508,437.83,0,17,0,6,0,0.0,,0,0.0,0.2485,0.0,-0.011547779793555743,0.5050893802991049
AC23,north,detection,6968,19.1841,1.0736,154.07,4,17,1,17,1,0.0588,57.99,3,0.1564,0.2485,0.1567,-0.02616142477565889,1.064150240369357
AC23,north,tracking,6968,19.1841,2.8046,402.49,0,17,0,6,0,0.0,,0,0.0,0.2485,0.0,-0.021267438268596547,0.9672519074236529
AC23,up,detection,6968,19.1841,0.9831,141.09,8,17,1,15,1,0.0667,30.0,6,0.3128,0.2485,0.3134,0.02740592459733104,0.4025336131317336
AC23,up,tracking,6968,19.1841,2.9286,420.29,0,17,0,6,0,0.0,,0,0.0,0.2485,0.0,0.008549379623242174,0.7648271041026989
AC24,east,detection,7202,20.1451,0.8434,117.11,4,18,2,13,1,0.0769,17.01,2,0.0993,0.2036,0.1581,0.0025093121401980464,0.24422101252801817
AC24,east,tracking,7202,20.1451,2.7948,388.05,1,18,0,0,0,,,0,0.0,0.2036,0.0395,-0.007649421164505486,0.44995434435242126
AC24,north,detection,7202,20.1451,0.8369,116.2,4,18,1,17,1,0.0588,6.01,3,0.1489,0.2036,0.1581,-0.030075948530834475,0.8697066109039902
AC24,north,tracking,7202,20.1451,2.8445,394.96,1,18,0,0,0,,,0,0.0,0.2036,0.0395,-0.025129178686506826,0.7671408886010442
AC24,up,detection,7202,20.1451,0.9431,130.94,0,18,0,18,0,0.0,,0,0.0,0.2036,0.0,-0.008965972708467737,0.5617281312659435
AC24,up,tracking,7202,20.1451,2.8746,399.14,0,18,0,10,0,0.0,,0,0.0,0.2036,0.0,0.0007956197452692071,0.36418652250676004
AC25,east,detection,7157,21.0021,0.8468,118.32,9,32,1,26,1,0.0385,3.0,7,0.3333,0.2835,0.307,0.013349559469334577,-0.6350449620706508
AC25,east,tracking,7157,21.0021,3.0856,431.12,1,32,1,0,0,,43.0,0,0.0,0.2835,0.0341,-0.009145061599145085,-0.16254174822073034
AC25,north,detection,7157,21.0021,0.9249,129.23,9,32,2,26,2,0.0769,18.5,6,0.2857,0.2835,0.307,-0.02656615366833905,0.7518801446944419
AC25,north,tracking,7157,21.0021,2.8754,401.76,1,32,1,0,0,,43.0,0,0.0,0.2835,0.0341,-0.023610845737164515,0.6874349799410903
AC25,up,detection,7157,21.0021,0.8814,123.15,8,32,1,29,1,0.0345,34.0,7,0.3333,0.2835,0.2729,0.015484980471008204,-0.04685421157252599
AC25,up,tracking,7157,21.0021,3.294,460.25,0,32,0,10,0,0.0,,0,0.0,0.2835,0.0,0.00030654818910263125,0.26976561081849487
AC26,east,detection,6628,18.2505,0.7827,118.09,1,18,1,18,1,0.0556,26.01,0,0.0,0.2336,0.042,-0.0081564011225695,0.7503766021735492
AC26,east,tracking,6628,18.2505,2.6174,394.89,0,18,0,3,0,0.0,,0,0.0,0.2336,0.0,-0.009144283925600231,0.7698916581148879
AC26,north,detection,6628,18.2505,0.8297,125.18,3,18,2,17,2,0.1176,24.5,1,0.0548,0.2336,0.126,-0.02490714365518832,0.8673057218463391
AC26,north,tracking,6628,18.2505,2.7676,417.56,0,18,0,3,0,0.0,,0,0.0,0.2336,0.0,-0.019680203400573422,0.7686910179223649
AC26,up,detection,6628,18.2505,0.9505,143.41,0,18,0,18,0,0.0,,0,0.0,0.2336,0.0,0.01599507245243037,-0.0809334033549968
AC26,up,tracking,6628,18.2505,2.8462,429.43,0,18,0,3,0,0.0,,0,0.0,0.2336,0.0,0.0027568456049626576,0.1569144608741275
AC27,east,detection,7829,21.9302,0.9755,124.6,14,19,2,15,2,0.1333,28.99,11,0.5016,0.2343,0.4888,-0.006627677446049024,0.8167714785044061
AC27,east,tracking,7829,21.9302,3.4571,441.58,1,19,0,0,0,,,0,0.0,0.2343,0.0349,-0.005930521880089132,0.8048783152042043
AC27,north,detection,7829,21.9302,0.9742,124.44,8,19,2,16,2,0.125,28.99,5,0.228,0.2343,0.2793,-0.009332244376088957,0.3925887599502264
AC27,north,tracking,7829,21.9302,3.0498,389.56,0,19,0,10,0,0.0,,0,0.0,0.2343,0.0,-0.026178558735127866,0.758390971640425
AC27,up,detection,7829,21.9302,0.9047,115.55,5,19,0,16,0,0.0,,4,0.1824,0.2343,0.1746,0.024521710374933465,0.02832748601909535
AC27,up,tracking,7829,21.9302,3.1369,400.68,0,19,0,10,0,0.0,,0,0.0,0.2343,0.0,0.002523593884432895,0.5049619415128537
AC28,east,detection,6417,17.6208,0.7768,121.05,3,42,1,33,1,0.0303,16.0,2,0.1135,0.2806,0.1225,-0.002494438414543129,-0.8040511776867453
AC28,east,tracking,6417,17.6208,3.1455,490.18,1,42,0,0,0,,,1,0.0568,0.2806,0.0408,-0.012199359584196774,-0.6318810714094998
AC28,north,detection,6417,17.6208,0.7615,118.67,2,42,2,33,2,0.0606,16.01,0,0.0,0.2806,0.0817,-0.024708740867211924,0.04700404880549977
AC28,north,tracking,6417,17.6208,2.6141,407.37,1,42,0,0,0,,,1,0.0568,0.2806,0.0408,-0.03387305941305354,0.22090475794406322
AC28,up,detection,6417,17.6208,0.754,117.5,1,42,1,33,1,0.0303,16.0,0,0.0,0.2806,0.0408,0.00017636212199128882,0.008143128144821522
AC28,up,tracking,6417,17.6208,2.4557,382.68,1,42,0,0,0,,,1,0.0568,0.2806,0.0408,0.0031418069133864516,-0.0382356091148384
AC29,east,detection,3866,12.011,0.4573,118.29,2,8,1,7,1,0.1429,24.98,1,0.0833,0.2118,0.1313,-0.016673267830703668,-1.0861165460332662
AC29,east,tracking,3866,12.011,1.5313,396.09,0,8,0,0,0,,,0,0.0,0.2118,0.0,-0.025661342126121808,-0.9759302297223659
AC29,north,detection,3866,12.011,0.4598,118.93,2,8,1,8,1,0.125,24.98,1,0.0833,0.2118,0.1313,0.0071431047768717604,0.7396480680997183
AC29,north,tracking,3866,12.011,1.5052,389.35,0,8,0,0,0,,,0,0.0,0.2118,0.0,0.01880159770107287,0.5956437655561815
AC29,up,detection,3866,12.011,0.4808,124.38,0,8,0,8,0,0.0,,0,0.0,0.2118,0.0,0.029575380752737815,0.2742670237864343
AC29,up,tracking,3866,12.011,1.5086,390.23,0,8,0,0,0,,,0,0.0,0.2118,0.0,0.006379735719392641,0.5513341588502222
AC31,east,detection,7228,20.0904,0.8998,124.49,11,8,2,8,2,0.25,41.0,9,0.448,0.1145,0.4848,0.011435424546282132,-1.02844610646099
AC31,east,tracking,7228,20.0904,2.9004,401.28,1,8,0,0,0,,,0,0.0,0.1145,0.0441,-0.00443002337324268,-0.7111539205232896
AC31,north,detection,7228,20.0904,1.1586,160.29,5,8,1,8,1,0.125,42.0,4,0.1991,0.1145,0.2204,-0.03185279779290713,0.3088998251411814
AC31,north,tracking,7228,20.0904,3.292,455.45,1,8,0,2,0,0.0,,1,0.0498,0.1145,0.0441,-0.023941118685209123,0.15094585247311101
AC31,up,detection,7228,20.0904,0.9421,130.34,2,8,0,8,0,0.0,,2,0.0996,0.1145,0.0882,-0.02096917679653928,0.7624110548224263
AC31,up,tracking,7228,20.0904,2.9883,413.43,0,8,0,5,0,0.0,,0,0.0,0.1145,0.0,-0.0016926433200390879,0.3741659226493634
AC32,east,detection,6817,19.781,0.8128,119.23,12,20,1,16,1,0.0625,16.99,11,0.5561,0.262,0.4477,-0.018127222520406966,-0.5393550556373801
AC32,east,tracking,6817,19.781,2.8615,419.76,1,20,1,0,0,,5.02,0,0.0,0.262,0.0373,-0.012435247326213757,-0.6525547574201396
AC32,north,detection,6817,19.781,0.932,136.71,9,20,1,17,1,0.0588,56.99,8,0.4044,0.262,0.3358,-0.022836813521780984,0.9162959992672277
AC32,north,tracking,6817,19.781,2.6255,385.14,0,20,0,4,0,0.0,,0,0.0,0.262,0.0,-0.020517103689931673,0.8681372506471045
AC32,up,detection,6817,19.781,0.8887,130.37,4,20,1,17,1,0.0588,30.0,3,0.1517,0.262,0.1492,0.10093419224908041,-1.1935132358233451
AC32,up,tracking,6817,19.781,2.9856,437.97,0,20,0,4,0,0.0,,0,0.0,0.262,0.0,-0.0013775209148638632,0.8195739491963588
AC33,east,detection,5585,18.9158,0.6626,118.65,9,11,0,7,0,0.0,,8,0.4229,0.1756,0.3923,-0.015577352007283734,0.8664696339215116
AC33,east,tracking,5585,18.9158,2.1547,385.8,0,11,0,3,0,0.0,,0,0.0,0.1756,0.0,-0.017087340947656314,0.8946437232168214
AC33,north,detection,5585,18.9158,0.6597,118.12,11,11,1,3,1,0.3333,13.01,7,0.3701,0.1756,0.4794,0.3078139447844496,-5.81284885412357
AC33,north,tracking,5585,18.9158,2.7269,488.26,0,11,0,3,0,0.0,,0,0.0,0.1756,0.0,-0.022073326039200356,0.38548651032894105
AC33,up,detection,5585,18.9158,0.7647,136.91,13,11,0,2,0,0.0,,10,0.5287,0.1756,0.5666,-0.691157140099398,13.207861882199362
AC33,up,tracking,5585,18.9158,2.2666,405.84,0,11,0,3,0,0.0,,0,0.0,0.1756,0.0,0.007012761247120642,0.07442393728160719
AC34,east,detection,7176,20.1615,0.963,134.2,4,18,1,17,1,0.0588,39.01,3,0.1488,0.241,0.1506,-0.008476131363503031,0.6950597811340589
AC34,east,tracking,7176,20.1615,3.0348,422.91,1,18,0,0,0,,,1,0.0496,0.241,0.0376,-0.020371706039349673,0.9356996691719943
AC34,north,detection,7176,20.1615,0.9479,132.09,2,18,1,18,1,0.0556,39.01,1,0.0496,0.241,0.0753,-0.010630340901208308,0.643138722547736
AC34,north,tracking,7176,20.1615,2.8369,395.34,1,18,0,0,0,,,1,0.0496,0.241,0.0376,-0.002296859453068408,0.473072507294693
AC34,up,detection,7176,20.1615,0.8429,117.46,2,18,0,17,0,0.0,,2,0.0992,0.241,0.0753,-0.013090446292781716,0.5603926849878237
AC34,up,tracking,7176,20.1615,2.8728,400.33,0,18,0,8,0,0.0,,0,0.0,0.241,0.0,0.0033862935262062386,0.2268259482039618
AC35,east,detection,6389,19.4743,0.7714,120.73,3,15,2,15,2,0.1333,29.5,1,0.0513,0.2091,0.1218,0.03268275324705952,-0.8956060321226996
AC35,east,tracking,6389,19.4743,2.9302,458.63,0,15,0,4,0,0.0,,0,0.0,0.2091,0.0,-0.013943471599999828,0.008831257374907689
AC35,north,detection,6389,19.4743,0.7459,116.76,3,15,1,13,1,0.0769,10.99,1,0.0513,0.2091,0.1218,-0.0022497515550045535,0.690056676141152
AC35,north,tracking,6389,19.4743,2.5691,402.11,0,15,0,4,0,0.0,,0,0.0,0.2091,0.0,-0.009430381288080547,0.8300727418684133
AC35,up,detection,6389,19.4743,1.0248,160.41,0,15,0,15,0,0.0,,0,0.0,0.2091,0.0,-0.022701395683188727,1.0655013267306237
AC35,up,tracking,6389,19.4743,2.7237,426.31,0,15,0,4,0,0.0,,0,0.0,0.2091,0.0,0.011284352037339384,0.40685600237639974
AC36,east,detection,6726,18.5134,1.0323,153.48,4,17,1,17,1,0.0588,29.01,3,0.162,0.249,0.1623,-0.012603371537110329,-0.2995441084895348
AC36,east,tracking,6726,18.5134,2.7188,404.22,0,17,0,4,0,0.0,,0,0.0,0.249,0.0,-0.013895758805950776,-0.27599330112140497
AC36,north,detection,6726,18.5134,0.9582,142.46,5,17,2,17,2,0.1176,35.51,3,0.162,0.249,0.2028,-0.01849013148364654,0.6253167451978927
AC36,north,tracking,6726,18.5134,2.9225,434.51,0,17,0,4,0,0.0,,0,0.0,0.249,0.0,-0.01920722666879809,0.6350017217213239
AC36,up,detection,6726,18.5134,0.8651,128.62,4,17,0,15,0,0.0,,4,0.2161,0.249,0.1623,0.06241424201508968,-0.599639848225532
AC36,up,tracking,6726,18.5134,2.7637,410.9,1,17,0,0,0,,,0,0.0,0.249,0.0406,0.004788297291226967,0.46089726249930796
AC37,east,detection,6472,18.8994,0.8992,138.94,4,14,0,13,0,0.0,,4,0.2116,0.2228,0.1645,-0.015641452985766944,1.1435571080792184
AC37,east,tracking,6472,18.8994,3.1715,490.04,0,14,0,1,0,0.0,,0,0.0,0.2228,0.0,-0.003112318536499787,0.91397768854074
AC37,north,detection,6472,18.8994,0.7694,118.89,7,14,1,12,1,0.0833,19.01,5,0.2646,0.2228,0.2879,-0.010891480275167838,-0.23098561058723804
AC37,north,tracking,6472,18.8994,2.5871,399.74,1,14,1,0,0,,59.01,0,0.0,0.2228,0.0411,-0.02638381578619954,0.052605457610794285
AC37,up,detection,6472,18.8994,0.7826,120.93,2,14,0,12,0,0.0,,0,0.0,0.2228,0.0822,0.0006450724379133525,0.613917738354779
AC37,up,tracking,6472,18.8994,2.4773,382.77,0,14,0,1,0,0.0,,0,0.0,0.2228,0.0,-0.0008778474022121986,0.6447827423194044
AC38,east,detection,7253,21.2622,0.9726,134.1,4,18,1,17,1,0.0588,16.0,3,0.1411,0.2138,0.1479,0.02155860315916318,-1.76322572181652
AC38,east,tracking,7253,21.2622,3.135,432.24,1,18,0,0,0,,,1,0.047,0.2138,0.037,-0.013707107745784779,-1.0104636583304762
AC38,north,detection,7253,21.2622,0.8308,114.55,5,18,2,18,2,0.1111,17.99,3,0.1411,0.2138,0.1849,-0.012072941260788169,0.2611826698289421
AC38,north,tracking,7253,21.2622,3.1714,437.26,1,18,0,0,0,,,1,0.047,0.2138,0.037,-0.011801732233885297,0.25255589570697645
AC38,up,detection,7253,21.2622,1.1906,164.16,1,18,0,18,0,0.0,,1,0.047,0.2138,0.037,0.007419656154743838,0.7730482214528333
AC38,up,tracking,7253,21.2622,2.8303,390.22,0,18,0,10,0,0.0,,0,0.0,0.2138,0.0,0.006051000951072289,0.8006716551888085
AC39,east,detection,7236,20.1917,0.8314,114.9,4,16,1,16,1,0.0625,37.99,3,0.1486,0.2271,0.1531,0.0063363011608993935,0.18800595354459507
AC39,east,tracking,7236,20.1917,3.0137,416.48,1,16,0,0,0,,,1,0.0495,0.2271,0.0383,-0.009678691398978123,0.511579837489657
AC39,north,detection,7236,20.1917,0.8675,119.89,1,16,0,16,0,0.0,,1,0.0495,0.2271,0.0383,-0.03107109172790392,0.2905257483929893
AC39,north,tracking,7236,20.1917,3.0212,417.53,1,16,0,0,0,,,1,0.0495,0.2271,0.0383,-0.021479226569132214,0.09313727725276015
AC39,up,detection,7236,20.1917,0.8386,115.9,4,16,0,16,0,0.0,,4,0.1981,0.2271,0.1531,-0.002368054458025265,0.3497734033722094
AC39,up,tracking,7236,20.1917,2.8692,396.52,0,16,0,6,0,0.0,,0,0.0,0.2271,0.0,0.007286383474154817,0.15338079029069968
AC40,east,detection,6814,18.9049,1.0532,154.57,4,16,3,15,3,0.2,29.0,1,0.0529,0.1933,0.1707,-0.0008571737626630177,-0.7598279714361291
AC40,east,tracking,6814,18.9049,2.9013,425.79,1,16,0,4,0,0.0,,1,0.0529,0.1933,0.0427,-0.006242482881480191,-0.6565916409912306
AC40,north,detection,6814,18.9049,0.8506,124.82,2,16,2,14,2,0.1429,31.99,0,0.0,0.1933,0.0853,-0.023194402793393677,-0.18884357546134797
AC40,north,tracking,6814,18.9049,3.3009,484.43,1,16,0,0,0,,,0,0.0,0.1933,0.0427,-0.031163329834940526,-0.042977677743088936
AC40,up,detection,6814,18.9049,0.8082,118.61,2,16,0,16,0,0.0,,2,0.1058,0.1933,0.0853,0.01996538792839589,0.5536032708279065
AC40,up,tracking,6814,18.9049,2.6342,386.59,0,16,0,8,0,0.0,,0,0.0,0.1933,0.0,0.0007037475668124948,0.91399424576581
AC41,east,detection,6369,19.1185,0.7725,121.3,3,23,1,18,1,0.0556,19.99,2,0.1046,0.2191,0.1225,-0.008985784821887872,-0.6353578075155768
AC41,east,tracking,6369,19.1185,2.4718,388.1,1,23,0,10,0,0.0,,1,0.0523,0.2191,0.0408,-0.002839394418024829,-0.7439747101558175
AC41,north,detection,6369,19.1185,0.761,119.49,3,23,1,18,1,0.0556,19.99,2,0.1046,0.2191,0.1225,-0.030575467822345433,0.1018113212541144
AC41,north,tracking,6369,19.1185,2.5475,399.99,1,23,0,10,0,0.0,,1,0.0523,0.2191,0.0408,-0.035933208773436004,0.1952965501061286
AC41,up,detection,6369,19.1185,0.7591,119.19,1,23,0,23,0,0.0,,1,0.0523,0.2191,0.0408,-0.002258210442700676,0.7843788950855407
AC41,up,tracking,6369,19.1185,2.5871,406.21,1,23,0,10,0,0.0,,1,0.0523,0.2191,0.0408,0.0040058190755538235,0.6670703778856096
AC42,east,detection,6181,18.9596,0.7267,117.56,3,27,1,23,1,0.0435,19.99,2,0.1055,0.2946,0.1116,-0.0044597790249293855,0.858445047930968
AC42,east,tracking,6181,18.9596,2.4598,397.96,0,27,0,5,0,0.0,,0,0.0,0.2946,0.0,-0.007669793179316258,0.9206355546513488
AC42,north,detection,6181,18.9596,0.8353,135.15,1,27,0,24,0,0.0,,1,0.0527,0.2946,0.0372,-0.03592359290843603,0.4552825258943092
AC42,north,tracking,6181,18.9596,2.4729,400.09,1,27,0,0,0,,,1,0.0527,0.2946,0.0372,-0.022944607808761047,0.2080687632653802
AC42,up,detection,6181,18.9596,0.7509,121.49,1,27,0,24,0,0.0,,1,0.0527,0.2946,0.0372,0.0070661804992408804,0.7890271977834543
AC42,up,tracking,6181,18.9596,2.4617,398.27,0,27,0,5,0,0.0,,0,0.0,0.2946,0.0,0.00015535600505564036,0.9180501542100794
AC43,east,detection,5712,18.987,0.729,127.63,1,12,1,12,1,0.0833,2.01,0,0.0,0.1746,0.0435,-0.007731331136208123,-0.7788565617639636
AC43,east,tracking,5712,18.987,2.5286,442.68,0,12,0,3,0,0.0,,0,0.0,0.1746,0.0,-0.02204266296972458,-0.5061727653663979
AC43,north,detection,5712,18.987,0.864,151.27,1,12,1,12,1,0.0833,2.01,0,0.0,0.1746,0.0435,0.004251226577012735,0.5756654986475048
AC43,north,tracking,5712,18.987,2.1549,377.26,0,12,0,3,0,0.0,,0,0.0,0.1746,0.0,0.015719138669134124,0.35520506810993024
AC43,up,detection,5712,18.987,0.976,170.87,0,12,0,12,0,0.0,,0,0.0,0.1746,0.0,0.027132789451262355,0.08457904789991588
AC43,up,tracking,5712,18.987,2.2831,399.71,0,12,0,3,0,0.0,,0,0.0,0.1746,0.0,0.0026667421781480785,0.5464613756299318
AC44,east,detection,6563,18.0424,0.7664,116.78,0,15,0,15,0,0.0,,0,0.0,0.2317,0.0,-0.012023175386561133,0.12698603995720167
AC44,east,tracking,6563,18.0424,2.5475,388.17,0,15,0,2,0,0.0,,0,0.0,0.2317,0.0,-0.018365462613620546,0.24093891834524356
AC44,north,detection,6563,18.0424,0.781,119.0,2,15,0,14,0,0.0,,2,0.1108,0.2317,0.0852,-0.008540510217200288,0.13554339484263483
AC44,north,tracking,6563,18.0424,2.8608,435.9,0,15,0,2,0,0.0,,0,0.0,0.2317,0.0,-0.007298254393718661,0.11079454736454852
AC44,up,detection,6563,18.0424,0.7768,118.35,1,15,0,15,0,0.0,,1,0.0554,0.2317,0.0426,0.01672363364032085,-0.09561232728902394
AC44,up,tracking,6563,18.0424,2.8112,428.35,0,15,0,2,0,0.0,,0,0.0,0.2317,0.0,0.0009569509950999933,0.18387451448126604
AC45,east,detection,7033,20.167,0.9467,134.6,5,16,1,13,1,0.0769,2.01,3,0.1488,0.2095,0.196,-0.018274290672204048,0.43897668254314404
AC45,east,tracking,7033,20.167,3.0173,429.02,0,16,0,6,0,0.0,,0,0.0,0.2095,0.0,-0.023348224355809834,0.5431209182521971
AC45,north,detection,7033,20.167,0.93,132.23,7,16,1,14,1,0.0714,2.01,5,0.2479,0.2095,0.2744,0.013090678720338107,0.043840860918147345
AC45,north,tracking,7033,20.167,2.7424,389.94,0,16,0,6,0,0.0,,0,0.0,0.2095,0.0,0.00687418428566177,0.16551394500056624
AC45,up,detection,7033,20.167,1.2149,172.74,10,16,2,14,2,0.1429,27.01,7,0.3471,0.2095,0.392,0.023936898775088655,-0.4710524653243882
AC45,up,tracking,7033,20.167,2.8063,399.02,0,16,0,6,0,0.0,,0,0.0,0.2095,0.0,-0.004399490043407398,0.09722309577577559
AC46,east,detection,6213,19.9836,0.7924,127.54,1,19,0,19,0,0.0,,1,0.05,0.2202,0.039,-0.009049944826456269,-0.21512542495336767
AC46,east,tracking,6213,19.9836,2.4152,388.73,1,19,0,0,0,,,1,0.05,0.2202,0.039,-0.011157924704992828,-0.17265784712141005
AC46,north,detection,6213,19.9836,0.9052,145.69,5,19,0,17,0,0.0,,4,0.2002,0.2202,0.1951,-0.021290616098198996,0.6517944992053701
AC46,north,tracking,6213,19.9836,2.6217,421.97,1,19,0,0,0,,,1,0.05,0.2202,0.039,-0.023875791910664624,0.7003590388694138
AC46,up,detection,6213,19.9836,0.8473,136.38,1,19,0,13,0,0.0,,1,0.05,0.2202,0.039,0.017359032983576272,0.48745100369698
AC46,up,tracking,6213,19.9836,2.3989,386.11,0,19,0,3,0,0.0,,0,0.0,0.2202,0.0,0.0025501962619422494,0.7790864144170851
AC47,east,detection,5388,18.4778,0.7458,138.42,7,18,0,14,0,0.0,,6,0.3247,0.2686,0.2771,-0.010210181250020291,-0.7356141418803075
AC47,east,tracking,5388,18.4778,2.1647,401.76,0,18,0,1,0,0.0,,0,0.0,0.2686,0.0,-0.007404512798467694,-0.7910404846250075
AC47,north,detection,5388,18.4778,0.7687,142.67,5,18,0,12,0,0.0,,3,0.1624,0.2686,0.1979,-0.03942167614443887,0.7632505179610223
AC47,north,tracking,5388,18.4778,2.1065,390.95,0,18,0,1,0,0.0,,0,0.0,0.2686,0.0,-0.027425985364133102,0.545927523110737
AC47,up,detection,5388,18.4778,0.6323,117.35,5,18,1,17,1,0.0588,6.99,4,0.2165,0.2686,0.1979,-0.019039770123996155,0.7531627197843092
AC47,up,tracking,5388,18.4778,2.283,423.72,0,18,0,1,0,0.0,,0,0.0,0.2686,0.0,0.007347266583282236,0.28042034550162553
AC48,east,detection,6330,18.9761,0.8722,137.79,7,14,0,12,0,0.0,,7,0.3689,0.2177,0.2886,-0.016288210144929555,-0.5693191421903486
AC48,east,tracking,6330,18.9761,2.5189,397.93,0,14,0,2,0,0.0,,0,0.0,0.2177,0.0,-0.02770089503817896,-0.35202957473370683
AC48,north,detection,6330,18.9761,0.7589,119.9,4,14,2,14,2,0.1429,33.5,2,0.1054,0.2177,0.1649,0.004065111874367255,0.5752978978277276
AC48,north,tracking,6330,18.9761,2.4616,388.87,0,14,0,2,0,0.0,,0,0.0,0.2177,0.0,0.020936069943667264,0.25389467882515565
AC48,up,detection,6330,18.9761,0.7722,121.99,7,14,1,12,1,0.0833,48.0,6,0.3162,0.2177,0.2886,0.037256008271297616,-0.18905055231217247
AC48,up,tracking,6330,18.9761,2.4503,387.1,0,14,0,2,0,0.0,,0,0.0,0.2177,0.0,-0.004904191009814774,0.6037996584420602
AC50,east,detection,6055,19.0938,0.6989,115.42,8,8,0,6,0,0.0,,8,0.419,0.1041,0.3754,0.004783127713300407,0.23748962742466098
AC50,east,tracking,6055,19.0938,2.5486,420.9,1,8,0,3,0,0.0,,1,0.0524,0.1041,0.0469,-0.002570897797889875,0.3784372837633126
AC50,north,detection,6055,19.0938,0.8731,144.2,8,8,0,6,0,0.0,,8,0.419,0.1041,0.3754,-0.025437976355046837,0.5570137723295041
AC50,north,tracking,6055,19.0938,2.2851,377.39,0,8,0,3,0,0.0,,0,0.0,0.1041,0.0,-0.024438449359860736,0.5345776909715834
AC50,up,detection,6055,19.0938,0.7091,117.11,7,8,0,2,0,0.0,,6,0.3142,0.1041,0.3284,-0.042658995371958566,1.654478108956462
AC50,up,tracking,6055,19.0938,2.3658,390.73,0,8,0,3,0,0.0,,0,0.0,0.1041,0.0,-0.0013773293818261337,0.8705244974516471
AC51,east,detection,6841,18.9459,0.9174,134.1,10,15,2,14,2,0.1429,20.5,7,0.3695,0.2194,0.412,-0.0018990406201313645,-0.667670381559209
AC51,east,tracking,6841,18.9459,2.7076,395.79,0,15,0,4,0,0.0,,0,0.0,0.2194,0.0,-0.0016378173445491628,-0.6671889471178678
AC51,north,detection,6841,18.9459,0.8791,128.51,13,15,1,13,1,0.0769,40.0,10,0.5278,0.2194,0.5356,-0.03192403150970386,0.7193628157557431
AC51,north,tracking,6841,18.9459,2.942,430.06,0,15,0,4,0,0.0,,0,0.0,0.2194,0.0,-0.02300302128891846,0.5496819391117183
AC51,up,detection,6841,18.9459,0.8541,124.85,4,15,0,14,0,0.0,,3,0.1583,0.2194,0.1648,0.0410774823581956,-0.26001760619515984
AC51,up,tracking,6841,18.9459,2.9112,425.56,0,15,0,4,0,0.0,,0,0.0,0.2194,0.0,0.002556270799241087,0.4640434874585148
AC52,east,detection,5874,18.924,0.7382,125.67,5,16,1,12,1,0.0833,26.01,4,0.2114,0.1943,0.2129,0.0017055277251198891,-0.20883134835584172
AC52,east,tracking,5874,18.924,2.4432,415.93,1,16,0,0,0,,,1,0.0528,0.1943,0.0426,-0.008344316412963841,-0.018101040622648227
AC52,north,detection,5874,18.924,0.7222,122.95,3,16,0,15,0,0.0,,3,0.1585,0.1943,0.1277,-0.03032052356118731,0.7149371059697432
AC52,north,tracking,5874,18.924,2.6059,443.64,1,16,0,0,0,,,1,0.0528,0.1943,0.0426,-0.02819504329024672,0.6715904807087363
AC52,up,detection,5874,18.924,0.6891,117.31,0,16,0,16,0,0.0,,0,0.0,0.1943,0.0,0.0062864879151979846,0.7401580236953853
AC52,up,tracking,5874,18.924,2.3505,400.16,0,16,0,5,0,0.0,,0,0.0,0.1943,0.0,0.0010801985692061606,0.8360352370997326
AC53,east,detection,6675,19.1266,0.825,123.6,3,18,1,16,1,0.0625,1.01,2,0.1046,0.2266,0.1213,-0.000180848623033802,-0.034946807098314894
AC53,east,tracking,6675,19.1266,2.757,413.04,0,18,0,8,0,0.0,,0,0.0,0.2266,0.0,0.014007309626030605,-0.293781341710384
AC53,north,detection,6675,19.1266,0.7927,118.76,9,18,3,15,3,0.2,16.0,6,0.3137,0.2266,0.3639,-0.03518096396911525,0.7644252059435646
AC53,north,tracking,6675,19.1266,2.7914,418.18,1,18,0,0,0,,,0,0.0,0.2266,0.0404,0.0006523960586149416,0.08837863919497292
AC53,up,detection,6675,19.1266,0.813,121.8,7,18,2,18,2,0.1111,35.0,5,0.2614,0.2266,0.2831,0.005268286893442345,0.42700550003130366
AC53,up,tracking,6675,19.1266,3.0026,449.82,0,18,0,8,0,0.0,,0,0.0,0.2266,0.0,0.004942151006849234,0.4242804075450379
AC57,east,detection,7224,20.1643,0.8364,115.78,2,12,0,12,0,0.0,,2,0.0992,0.1792,0.0814,-0.02537415403559901,-0.4433357784224163
AC57,east,tracking,7224,20.1643,2.9607,409.84,1,12,0,0,0,,,1,0.0496,0.1792,0.0407,-0.02491529682727106,-0.45120643604101696
AC57,north,detection,7224,20.1643,0.9864,136.55,1,12,1,12,1,0.0833,8.0,0,0.0,0.1792,0.0407,-0.0049353136177109486,0.6464143618202142
AC57,north,tracking,7224,20.1643,3.1428,435.05,1,12,0,0,0,,,1,0.0496,0.1792,0.0407,0.008182956731871147,0.3792067671293183
AC57,up,detection,7224,20.1643,1.1281,156.16,2,12,0,12,0,0.0,,2,0.0992,0.1792,0.0814,0.051801357950577734,-0.4972055451379323
AC57,up,tracking,7224,20.1643,2.8389,392.98,0,12,0,6,0,0.0,,0,0.0,0.1792,0.0,0.007389680605434479,0.3938723586470762
AC58,east,detection,5999,18.1082,0.7004,116.75,1,13,0,12,0,0.0,,1,0.0552,0.1789,0.0453,0.00994552647382149,-0.656690657152093
AC58,east,tracking,5999,18.1082,2.2826,380.5,0,13,0,2,0,0.0,,0,0.0,0.1789,0.0,-0.003067525982554972,-0.4198007563155345
AC58,north,detection,5999,18.1082,0.782,130.35,0,13,0,13,0,0.0,,0,0.0,0.1789,0.0,-0.024935044245823938,0.1302513013612823
AC58,north,tracking,5999,18.1082,2.5781,429.75,0,13,0,2,0,0.0,,0,0.0,0.1789,0.0,-0.022518037441681436,0.08502879346131383
AC58,up,detection,5999,18.1082,0.7116,118.63,0,13,0,13,0,0.0,,0,0.0,0.1789,0.0,-0.0012333237414815417,0.40045741991303085
AC58,up,tracking,5999,18.1082,2.6028,433.87,0,13,0,2,0,0.0,,0,0.0,0.1789,0.0,-0.0018975625379158401,0.4107775231140274
AC59,east,detection,7656,21.9411,0.9582,125.16,1,21,0,20,0,0.0,,1,0.0456,0.2342,0.0349,0.007879646770627198,0.28197505085747143
AC59,east,tracking,7656,21.9411,3.1626,413.09,1,21,0,0,0,,,1,0.0456,0.2342,0.0349,-0.005783056653126207,0.5829630772650574
AC59,north,detection,7656,21.9411,0.9887,129.14,2,21,1,19,1,0.0526,56.99,1,0.0456,0.2342,0.0698,-0.045269780688466425,0.41006044367060734
AC59,north,tracking,7656,21.9411,2.9604,386.68,0,21,0,12,0,0.0,,0,0.0,0.2342,0.0,-0.02738226669433806,0.015619371695265925
AC59,up,detection,7656,21.9411,0.9066,118.41,3,21,1,19,1,0.0526,25.99,1,0.0456,0.2342,0.1047,0.018658948394308584,0.267575884285656
AC59,up,tracking,7656,21.9411,3.1239,408.04,0,21,0,12,0,0.0,,0,0.0,0.2342,0.0,0.003401565667791377,0.5969757010004934
AC60,east,detection,5230,17.8891,0.6312,120.7,5,22,3,17,3,0.1765,18.0,1,0.0559,0.2963,0.1967,-0.014565720342718327,-0.8476648610889735
AC60,east,tracking,5230,17.8891,2.1494,410.97,1,22,0,0,0,,,1,0.0559,0.2963,0.0393,-0.02959413748427483,-0.5780200350762733
AC60,north,detection,5230,17.8891,0.7884,150.75,0,22,0,22,0,0.0,,0,0.0,0.2963,0.0,-0.010551723768925138,0.3226576260262599
AC60,north,tracking,5230,17.8891,2.1724,415.37,0,22,0,1,0,0.0,,0,0.0,0.2963,0.0,-0.0026702412576377847,0.18074385274940444
AC60,up,detection,5230,17.8891,0.8255,157.83,0,22,0,22,0,0.0,,0,0.0,0.2963,0.0,0.019400502033063753,-0.01807376610100312
AC60,up,tracking,5230,17.8891,2.1559,412.22,0,22,0,1,0,0.0,,0,0.0,0.2963,0.0,-0.00039404163505838856,0.33484058723203974
AC61,east,detection,7125,19.8905,0.845,118.6,4,9,0,8,0,0.0,,3,0.1508,0.1487,0.1712,0.004725315076017431,0.3372499418185955
AC61,east,tracking,7125,19.8905,3.2171,451.52,0,9,0,4,0,0.0,,0,0.0,0.1487,0.0,-0.008113877604194426,0.5928047148969972
AC61,north,detection,7125,19.8905,1.0812,151.75,9,9,2,9,2,0.2222,28.0,7,0.3519,0.1487,0.3852,-0.027556005219422714,1.1182627492192505
AC61,north,tracking,7125,19.8905,2.8439,399.15,1,9,0,0,0,,,1,0.0503,0.1487,0.0428,-0.01899123291250286,0.9449375786325547
AC61,up,detection,7125,19.8905,0.9113,127.9,7,9,1,9,1,0.1111,11.99,6,0.3017,0.1487,0.2996,0.023284049276579247,-0.0587928122880683
AC61,up,tracking,7125,19.8905,2.8268,396.75,1,9,0,1,0,0.0,,1,0.0503,0.1487,0.0428,-0.003384230397640054,0.4610997633087144
AC62,east,detection,8163,22.9323,1.0184,124.76,10,10,2,7,2,0.2857,55.51,6,0.2616,0.136,0.3768,-0.0061190006150514805,-0.7675670644749437
AC62,east,tracking,8163,22.9323,3.3411,409.29,0,10,0,7,0,0.0,,0,0.0,0.136,0.0,-0.020161211259959483,-0.44481757022205065
AC62,north,detection,8163,22.9323,1.209,148.1,5,10,0,9,0,0.0,,4,0.1744,0.136,0.1884,-0.021232723437167703,0.7908509355267315
AC62,north,tracking,8163,22.9323,3.5294,432.37,0,10,0,7,0,0.0,,0,0.0,0.136,0.0,-0.012084330384701475,0.5787612739409586
AC62,up,detection,8163,22.9323,1.0344,126.71,3,10,0,9,0,0.0,,3,0.1308,0.136,0.113,0.033008605271064084,-0.5598814782903515
AC62,up,tracking,8163,22.9323,3.6547,447.72,0,10,0,7,0,0.0,,0,0.0,0.136,0.0,0.0019621056426590874,0.14647690001613237
AC63,east,detection,8029,22.1109,0.9638,120.04,1,11,0,10,0,0.0,,0,0.0,0.141,0.0388,-0.0035846471059851246,-0.8997049413903647
AC63,east,tracking,8029,22.1109,3.3693,419.64,0,11,0,8,0,0.0,,0,0.0,0.141,0.0,-0.008093160197366663,-0.7982584773934981
AC63,north,detection,8029,22.1109,0.9601,119.58,5,11,2,10,2,0.2,35.51,3,0.1357,0.141,0.1942,-0.021061514536831815,0.9493728741505845
AC63,north,tracking,8029,22.1109,3.7663,469.08,0,11,0,8,0,0.0,,0,0.0,0.141,0.0,-0.01716287118835022,0.8605084198323849
AC63,up,detection,8029,22.1109,0.9551,118.96,1,11,0,11,0,0.0,,1,0.0452,0.141,0.0388,0.0567304420422626,-1.066888858792763
AC63,up,tracking,8029,22.1109,3.1975,398.24,0,11,0,8,0,0.0,,0,0.0,0.141,0.0,0.005585286947579717,0.06099373027284058
AC64,east,detection,7971,22.1027,1.0222,128.24,4,8,0,7,0,0.0,,3,0.1357,0.1189,0.1595,-0.006569339879687627,-1.330687545881503
AC64,east,tracking,7971,22.1027,3.4187,428.89,0,8,0,5,0,0.0,,0,0.0,0.1189,0.0,-0.018900530018353127,-1.0582560131244503
AC64,north,detection,7971,22.1027,1.039,130.34,7,8,1,7,1,0.1429,10.99,5,0.2262,0.1189,0.279,-0.008799030581940058,1.0644619877504813
AC64,north,tracking,7971,22.1027,3.664,459.66,0,8,0,5,0,0.0,,0,0.0,0.1189,0.0,-0.00635635035022677,1.0102406970142939
AC64,up,detection,7971,22.1027,0.9742,122.22,4,8,0,8,0,0.0,,4,0.181,0.1189,0.1595,-0.0006501892591826396,0.6550410664079231
AC64,up,tracking,7971,22.1027,3.3143,415.79,1,8,0,3,0,0.0,,1,0.0452,0.1189,0.0399,0.004713475710074011,0.5261943960382223
AC65,east,detection,7874,22.0999,0.9794,124.39,4,10,0,8,0,0.0,,4,0.181,0.1395,0.1557,-0.013663928730020567,-0.9837921073466319
AC65,east,tracking,7874,22.0999,3.4173,433.99,1,10,0,3,0,0.0,,1,0.0452,0.1395,0.0389,-0.009698797733888025,-1.0709481712402114
AC65,north,detection,7874,22.0999,1.0622,134.9,3,10,0,9,0,0.0,,2,0.0905,0.1395,0.1168,-0.002216394690297516,0.6358137810873014
AC65,north,tracking,7874,22.0999,3.1655,402.02,0,10,0,7,0,0.0,,0,0.0,0.1395,0.0,-0.009513914388937948,0.7981029932583952
AC65,up,detection,7874,22.0999,0.9279,117.84,6,10,2,10,2,0.2,26.51,4,0.181,0.1395,0.2336,0.06612011559133468,-0.5234079530832333
AC65,up,tracking,7874,22.0999,3.1145,395.55,0,10,0,7,0,0.0,,0,0.0,0.1395,0.0,0.009407174985826999,0.70978213845184
AC66,east,detection,6203,20.9117,0.7229,116.54,5,83,5,64,4,0.0625,31.0,0,0.0,0.5868,0.0988,-0.021077124703243105,0.33065579124392974
AC66,east,tracking,6203,20.9117,2.7578,444.59,0,83,0,9,0,0.0,,0,0.0,0.5868,0.0,-0.03097086477285789,0.5395121186210641
AC66,north,detection,6203,20.9117,0.7314,117.9,3,83,2,82,2,0.0244,54.0,1,0.0478,0.5868,0.0593,-0.010269935500271042,0.30324230039505934
AC66,north,tracking,6203,20.9117,3.0251,487.69,0,83,0,9,0,0.0,,0,0.0,0.5868,0.0,-0.007516270634116899,0.24447538554050152
AC66,up,detection,6203,20.9117,0.9034,145.63,1,83,1,83,1,0.012,58.01,0,0.0,0.5868,0.0198,0.011088412916944752,0.5484384301274423
AC66,up,tracking,6203,20.9117,2.5607,412.82,0,83,0,9,0,0.0,,0,0.0,0.5868,0.0,-0.002206174135449432,0.8272629427420466
AC67,east,detection,7250,20.1561,0.9585,132.21,2,18,1,17,1,0.0588,18.99,1,0.0496,0.2278,0.0766,-0.011081691560197017,-0.8035632717282047
AC67,east,tracking,7250,20.1561,2.8738,396.39,1,18,0,0,0,,,0,0.0,0.2278,0.0383,-0.018160415332300887,-0.6589156459189215
AC67,north,detection,7250,20.1561,0.8491,117.11,2,18,1,18,1,0.0556,18.99,1,0.0496,0.2278,0.0766,-0.004773507201022459,0.6500985488169783
AC67,north,tracking,7250,20.1561,2.8,386.2,1,18,0,0,0,,,0,0.0,0.2278,0.0383,-0.005482546518765427,0.6597964671920148
AC67,up,detection,7250,20.1561,1.1687,161.19,3,18,0,18,0,0.0,,3,0.1488,0.2278,0.1149,0.021925090766613444,-0.06839554916998988
AC67,up,tracking,7250,20.1561,2.839,391.58,0,18,0,10,0,0.0,,0,0.0,0.2278,0.0,0.006043657614464678,0.24854025552946635
AC70,east,detection,6512,19.1485,0.9356,143.68,7,13,1,12,1,0.0833,58.99,6,0.3133,0.1753,0.3015,-0.008819241483574311,0.4853972718222955
AC70,east,tracking,6512,19.1485,2.6289,403.7,0,13,0,5,0,0.0,,0,0.0,0.1753,0.0,-0.0173010833638956,0.6482294788546176
AC70,north,detection,6512,19.1485,0.8437,129.57,4,13,0,12,0,0.0,,3,0.1567,0.1753,0.1723,-0.0158567380166466,0.9133549501084159
AC70,north,tracking,6512,19.1485,2.6633,408.98,0,13,0,5,0,0.0,,0,0.0,0.1753,0.0,-0.013582589753526362,0.8661034960283203
AC70,up,detection,6512,19.1485,0.7729,118.69,7,13,2,12,2,0.1667,34.0,4,0.2089,0.1753,0.3015,-0.005176158160888684,1.0100210254746056
AC70,up,tracking,6512,19.1485,3.0616,470.15,0,13,0,5,0,0.0,,0,0.0,0.1753,0.0,0.002897415448804916,0.8488416510138294
AC71,east,detection,6973,19.1869,0.9093,130.4,2,9,0,9,0,0.0,,2,0.1042,0.137,0.09,0.01710749181484513,-0.9278998887281825
AC71,east,tracking,6973,19.1869,2.97,425.93,0,9,0,4,0,0.0,,0,0.0,0.137,0.0,-0.007521180571479836,-0.45600508649205007
AC71,north,detection,6973,19.1869,0.8306,119.12,2,9,0,9,0,0.0,,2,0.1042,0.137,0.09,-0.014668466587191857,0.4652577686020163
AC71,north,tracking,6973,19.1869,2.8538,409.27,0,9,0,4,0,0.0,,0,0.0,0.137,0.0,-0.016608117250891927,0.5018775366501768
AC71,up,detection,6973,19.1869,0.8573,122.94,2,9,0,9,0,0.0,,2,0.1042,0.137,0.09,-0.0017073006049578253,1.0671533758754266
AC71,up,tracking,6973,19.1869,2.8127,403.38,0,9,0,4,0,0.0,,0,0.0,0.137,0.0,-0.0016135421518167247,1.0597781950294212
AC72,east,detection,6522,19.1841,0.9728,149.16,1,7,0,7,0,0.0,,1,0.0521,0.1199,0.0459,-0.002254186969598005,0.48461430118433896
AC72,east,tracking,6522,19.1841,2.8382,435.17,0,7,0,2,0,0.0,,0,0.0,0.1199,0.0,-0.007856648942104858,0.5927006728914884
AC72,north,detection,6522,19.1841,0.8096,124.14,2,7,0,7,0,0.0,,2,0.1043,0.1199,0.0918,-0.036921420027829575,1.1152289618787177
AC72,north,tracking,6522,19.1841,2.9101,446.2,0,7,0,2,0,0.0,,0,0.0,0.1199,0.0,-0.018479703626710895,0.7606505087019529
AC72,up,detection,6522,19.1841,1.0078,154.52,8,7,1,7,1,0.1429,56.0,7,0.3649,0.1199,0.367,-0.0143884304781639,1.166868012064118
AC72,up,tracking,6522,19.1841,2.6964,413.44,0,7,0,2,0,0.0,,0,0.0,0.1199,0.0,0.004508579836725838,0.8026062450031118
AC74,east,detection,6958,19.1732,0.8855,127.27,0,12,0,12,0,0.0,,0,0.0,0.1531,0.0,-0.006936662525563772,-1.1021011890844032
AC74,east,tracking,6958,19.1732,2.8576,410.69,0,12,0,6,0,0.0,,0,0.0,0.1531,0.0,-0.012646547239606556,-0.9911980054110705
AC74,north,detection,6958,19.1732,0.855,122.88,0,12,0,12,0,0.0,,0,0.0,0.1531,0.0,-0.031216772810162222,0.5155953165222603
AC74,north,tracking,6958,19.1732,3.0164,433.52,1,12,0,5,0,0.0,,1,0.0522,0.1531,0.0442,-0.0169696842396387,0.24077909193920877
AC74,up,detection,6958,19.1732,0.9444,135.72,1,12,0,12,0,0.0,,1,0.0522,0.1531,0.0442,0.005155287413195849,0.5313459066361906
AC74,up,tracking,6958,19.1732,2.8705,412.55,0,12,0,6,0,0.0,,0,0.0,0.1531,0.0,-0.0005574042589135013,0.6355694062924861
AC75,east,detection,6878,19.1732,0.8554,124.37,4,13,0,12,0,0.0,,3,0.1565,0.1702,0.1731,-0.010008205243569554,-1.074986065043271
AC75,east,tracking,6878,19.1732,2.8382,412.65,0,13,0,4,0,0.0,,0,0.0,0.1702,0.0,-0.016042721123571423,-0.9574863048255464
AC75,north,detection,6878,19.1732,0.8269,120.22,1,13,0,12,0,0.0,,0,0.0,0.1702,0.0433,-0.002646596849537478,-0.21167989939227969
AC75,north,tracking,6878,19.1732,2.8388,412.74,0,13,0,4,0,0.0,,0,0.0,0.1702,0.0,-0.01631433861892358,0.046453845476892144
AC75,up,detection,6878,19.1732,0.9469,137.67,5,13,0,13,0,0.0,,5,0.2608,0.1702,0.2164,0.027383022916602395,0.17945028201098892
AC75,up,tracking,6878,19.1732,3.0628,445.3,0,13,0,4,0,0.0,,0,0.0,0.1702,0.0,0.0030196512406476007,0.6421529688616595
AC76,east,detection,6288,18.1794,0.7435,118.24,1,10,0,10,0,0.0,,1,0.055,0.1626,0.0461,0.01541970005661946,-0.33731898357452145
AC76,east,tracking,6288,18.1794,2.5238,401.37,0,10,0,4,0,0.0,,0,0.0,0.1626,0.0,-0.008082759252773021,0.08795486298852088
AC76,north,detection,6288,18.1794,0.9503,151.13,1,10,0,10,0,0.0,,1,0.055,0.1626,0.0461,-0.007803446480856882,0.7163261934795726
AC76,north,tracking,6288,18.1794,2.7586,438.71,0,10,0,4,0,0.0,,0,0.0,0.1626,0.0,-0.016024951395099466,0.8595953572572811
AC76,up,detection,6288,18.1794,0.8047,127.97,3,10,0,10,0,0.0,,3,0.165,0.1626,0.1382,0.04080548605581866,-0.41482587469760923
AC76,up,tracking,6288,18.1794,2.5766,409.76,0,10,0,4,0,0.0,,0,0.0,0.1626,0.0,0.0017235586019789585,0.29050294667075166
AC77,east,detection,6970,19.1787,0.8939,128.25,3,12,0,12,0,0.0,,3,0.1564,0.1797,0.1283,-0.009377696724590568,-0.8963817516348956
AC77,east,tracking,6970,19.1787,3.1313,449.26,0,12,0,6,0,0.0,,0,0.0,0.1797,0.0,-0.019634422402263454,-0.6997206020471554
AC77,north,detection,6970,19.1787,1.0009,143.61,9,12,1,10,1,0.1,47.01,6,0.3128,0.1797,0.3849,-0.021965125139810374,1.1464948772269392
AC77,north,tracking,6970,19.1787,2.7759,398.26,0,12,0,6,0,0.0,,0,0.0,0.1797,0.0,-0.008908607272298518,0.8921350816537826
AC77,up,detection,6970,19.1787,0.8627,123.77,6,12,0,12,0,0.0,,6,0.3128,0.1797,0.2566,0.016734410710940485,0.6183817398747014
AC77,up,tracking,6970,19.1787,2.8946,415.29,0,12,0,6,0,0.0,,0,0.0,0.1797,0.0,0.007775800508061692,0.7890572218790329
AC78,east,detection,5571,16.9008,0.6485,116.41,2,9,0,8,0,0.0,,2,0.1183,0.1555,0.0999,0.01272526537922078,-0.5512617146431213
AC78,east,tracking,5571,16.9008,2.1757,390.55,1,9,0,0,0,,,1,0.0592,0.1555,0.05,-0.00886462295426403,-0.1868642186130753
AC78,north,detection,5571,16.9008,0.689,123.68,6,9,1,7,1,0.1429,32.0,5,0.2958,0.1555,0.2998,-0.031648071861043216,0.842610386542721
AC78,north,tracking,5571,16.9008,2.1106,378.86,1,9,0,0,0,,,1,0.0592,0.1555,0.05,-0.017060687678322237,0.594681752561935
AC78,up,detection,5571,16.9008,0.6731,120.83,7,9,0,9,0,0.0,,7,0.4142,0.1555,0.3498,0.012968578287810863,0.5215956306354133
AC78,up,tracking,5571,16.9008,2.1396,384.05,1,9,0,0,0,,,1,0.0592,0.1555,0.05,0.0001616026755913865,0.733020386000746
AC79,east,detection,5489,16.063,0.6992,127.37,1,11,1,11,1,0.0909,8.0,0,0.0,0.2197,0.0486,-0.029336085330087774,-0.9015663313230223
AC79,east,tracking,5489,16.063,2.1118,384.73,0,11,0,2,0,0.0,,0,0.0,0.2197,0.0,-0.028369565291073325,-0.9161709724611522
AC79,north,detection,5489,16.063,0.6738,122.76,6,11,2,9,2,0.2222,28.49,3,0.1868,0.2197,0.2915,-0.002008838939247191,0.7575525065962253
AC79,north,tracking,5489,16.063,2.4482,446.01,0,11,0,2,0,0.0,,0,0.0,0.2197,0.0,0.025771793773295738,0.3106098034002881
AC79,up,detection,5489,16.063,0.6394,116.48,1,11,0,11,0,0.0,,1,0.0623,0.2197,0.0486,0.020235655567778687,0.41968757921803934
AC79,up,tracking,5489,16.063,2.2823,415.79,0,11,0,2,0,0.0,,0,0.0,0.2197,0.0,-0.0042478281978642705,0.8077632116750392
AC80,east,detection,5765,16.0466,0.7432,128.91,8,13,0,12,0,0.0,,7,0.4362,0.2426,0.3776,-0.008977808354523302,0.013030250484122943
AC80,east,tracking,5765,16.0466,2.3396,405.82,0,13,0,3,0,0.0,,0,0.0,0.2426,0.0,-0.011991194314268337,0.0630198411301905
AC80,north,detection,5765,16.0466,0.7853,136.22,11,13,0,9,0,0.0,,9,0.5609,0.2426,0.5192,-0.025918056272928317,0.43714451948872696
AC80,north,tracking,5765,16.0466,2.3179,402.07,0,13,0,3,0,0.0,,0,0.0,0.2426,0.0,-0.024297058128386922,0.4075572175909964
AC80,up,detection,5765,16.0466,0.6831,118.5,4,13,0,12,0,0.0,,3,0.187,0.2426,0.1888,0.024287396535685075,0.17408882739401269
AC80,up,tracking,5765,16.0466,2.2993,398.83,0,13,0,3,0,0.0,,0,0.0,0.2426,0.0,0.0028018445543619495,0.5127056412141184
ACER,east,detection,6406,19.1157,0.7585,118.41,1,5,0,5,0,0.0,,1,0.0523,0.0516,0.0496,0.01950626215687449,0.5721878113796414
ACER,east,tracking,6406,19.1157,2.6906,420.02,0,5,0,1,0,0.0,,0,0.0,0.0516,0.0,0.02327917072240437,0.4996920278217977
ACER,north,detection,6406,19.1157,0.8874,138.52,1,5,0,5,0,0.0,,1,0.0523,0.0516,0.0496,0.01843027686933553,0.12888504585330599
ACER,north,tracking,6406,19.1157,2.7481,428.99,0,5,0,1,0,0.0,,0,0.0,0.0516,0.0,0.018679894269790952,0.12259793132084681
ACER,up,detection,6406,19.1157,0.8373,130.7,0,5,0,5,0,0.0,,0,0.0,0.0516,0.0,0.036720180065284026,0.007154981333150609
ACER,up,tracking,6406,19.1157,2.6626,415.64,0,5,0,1,0,0.0,,0,0.0,0.0516,0.0,-0.00032494644314418156,0.7063876994055042
ACHO,east,detection,3739,15.2553,0.5112,136.72,0,14,0,14,0,0.0,,0,0.0,0.2706,0.0,0.01316973574108046,1.0682802760662782
ACHO,east,tracking,3739,15.2553,1.4401,385.16,0,14,0,0,0,,,0,0.0,0.2706,0.0,0.02998119651763203,0.8119642970238282
ACHO,north,detection,3739,15.2553,0.4599,123.0,1,14,1,13,1,0.0769,18.99,0,0.0,0.2706,0.0478,0.009394660901210931,0.3624892558077345
ACHO,north,tracking,3739,15.2553,1.6282,435.46,0,14,0,0,0,,,0,0.0,0.2706,0.0,0.012349565721403322,0.3113402610091702
ACHO,up,detection,3739,15.2553,0.438,117.15,0,14,0,14,0,0.0,,0,0.0,0.2706,0.0,0.054082683051021235,-0.2539156435026179
ACHO,up,tracking,3739,15.2553,1.5281,408.7,0,14,0,0,0,,,0,0.0,0.2706,0.0,-0.0006482870882012576,0.586262293099835
ACOM,east,detection,8033,23.0746,0.9761,121.51,6,3,1,3,1,0.3333,52.0,5,0.2167,0.0427,0.2489,-0.013744308363526582,1.456767195241654
ACOM,east,tracking,8033,23.0746,3.2215,401.03,0,3,0,2,0,0.0,,0,0.0,0.0427,0.0,0.021418461986084224,0.6444880812203138
ACOM,north,detection,8033,23.0746,1.0174,126.65,3,3,1,3,1,0.3333,52.0,2,0.0867,0.0427,0.1245,0.022444267708643426,0.33204987601675273
ACOM,north,tracking,8033,23.0746,3.2764,407.86,0,3,0,2,0,0.0,,0,0.0,0.0427,0.0,0.015830034887421147,0.4838291845986611
ACOM,up,detection,8033,23.0746,1.1248,140.03,2,3,0,3,0,0.0,,2,0.0867,0.0427,0.083,0.04548195882718237,-0.34311316624687405
ACOM,up,tracking,8033,23.0746,3.5465,441.49,0,3,0,2,0,0.0,,0,0.0,0.0427,0.0,0.0026077912449715265,0.6386035625469036
ACP1,east,detection,4015,13.6126,0.5505,137.11,2,6,0,5,0,0.0,,1,0.0735,0.1448,0.1256,0.01569695631413188,-0.790294352997181
ACP1,east,tracking,4015,13.6126,1.5383,383.14,0,6,0,0,0,,,0,0.0,0.1448,0.0,0.017359170973575488,-0.8155751705725809
ACP1,north,detection,4015,13.6126,0.4749,118.27,1,6,0,6,0,0.0,,1,0.0735,0.1448,0.0628,0.034284752335617945,-0.1441711801794606
ACP1,north,tracking,4015,13.6126,1.5862,395.08,0,6,0,0,0,,,0,0.0,0.1448,0.0,0.010758342176185638,0.1760709794209226
ACP1,up,detection,4015,13.6126,0.5622,140.02,2,6,0,6,0,0.0,,2,0.1469,0.1448,0.1256,0.004267616671815983,0.7188045473412876
ACP1,up,tracking,4015,13.6126,1.5049,374.81,0,6,0,0,0,,,0,0.0,0.1448,0.0,-0.0040568075087529425,0.8465624320741464
ACP6,east,detection,4087,13.9138,0.5262,128.75,1,7,0,7,0,0.0,,1,0.0719,0.1653,0.06,0.01364951963519144,-0.6828098681866847
ACP6,east,tracking,4087,13.9138,1.777,434.79,0,7,0,0,0,,,0,0.0,0.1653,0.0,0.01700481222163633,-0.7302659915574944
ACP6,north,detection,4087,13.9138,0.4968,121.56,1,7,1,6,1,0.1667,14.02,0,0.0,0.1653,0.06,-0.019905720164459975,0.6429500262505146
ACP6,north,tracking,4087,13.9138,1.7293,423.13,0,7,0,0,0,,,0,0.0,0.1653,0.0,0.011304571128341928,0.2060772786604444
ACP6,up,detection,4087,13.9138,0.7661,187.44,1,7,1,6,1,0.1667,14.02,0,0.0,0.1653,0.06,0.04132227193462351,-0.06365951422714826
ACP6,up,tracking,4087,13.9138,1.6133,394.74,0,7,0,0,0,,,0,0.0,0.1653,0.0,-0.0012752763545489602,0.5251581233279119
ACSA,east,detection,3810,20.7501,0.5314,139.47,3,2,0,2,0,0.0,,3,0.1446,0.0317,0.14,0.021686647002831325,1.0446768887122992
ACSA,east,tracking,3810,20.7501,1.4341,376.41,0,2,0,0,0,,,0,0.0,0.0317,0.0,0.030315333587844613,0.8662486616435597
ACSA,north,detection,3810,20.7501,0.4435,116.39,2,2,0,1,0,0.0,,1,0.0482,0.0317,0.0933,0.022729023230147142,-0.03989266974774418
ACSA,north,tracking,3810,20.7501,1.6045,421.14,0,2,0,0,0,,,0,0.0,0.0317,0.0,0.011415952385058934,0.1920026802779996
ACSA,up,detection,3810,20.7501,0.4612,121.05,2,2,1,2,1,0.5,25.99,1,0.0482,0.0317,0.0933,-0.005659264299157241,0.6132930970194609
ACSA,up,tracking,3810,20.7501,1.5113,396.66,0,2,0,0,0,,,0,0.0,0.0317,0.0,0.00011231039838190135,0.4879699567028921
ACSB,east,detection,4617,12.7146,0.5373,116.38,0,1,0,1,0,0.0,,0,0.0,0.0258,0.0,-0.015205213945043027,-0.497778724588158
ACSB,east,tracking,4617,12.7146,1.8899,409.33,0,1,0,0,0,,,0,0.0,0.0258,0.0,-0.03818264726916013,-0.20609466587279004
ACSB,north,detection,4617,12.7146,0.5539,119.96,1,1,0,1,0,0.0,,1,0.0786,0.0258,0.0766,0.00044682401448052893,1.1325759942391542
ACSB,north,tracking,4617,12.7146,1.8605,402.96,0,1,0,0,0,,,0,0.0,0.0258,0.0,0.017388718768615138,0.9150447096382192
ACSB,up,detection,4617,12.7146,0.5412,117.22,0,1,0,1,0,0.0,,0,0.0,0.0258,0.0,-0.05733413544479089,0.4030724196461103
ACSB,up,tracking,4617,12.7146,2.0505,444.11,0,1,0,0,0,,,0,0.0,0.0258,0.0,-0.00041178365417455994,-0.31843888943977366
ACSX,east,detection,3748,10.3327,0.4478,119.47,0,1,0,1,0,0.0,,0,0.0,0.0318,0.0,-0.01914668785454204,-0.4932482465551764
ACSX,east,tracking,3748,10.3327,1.5148,404.16,0,1,0,0,0,,,0,0.0,0.0318,0.0,-0.03811385263786493,-0.2976380053869693
ACSX,north,detection,3748,10.3327,0.5592,149.2,1,1,0,1,0,0.0,,1,0.0968,0.0318,0.0937,-0.003199785966904457,1.1710657067617354
ACSX,north,tracking,3748,10.3327,1.6279,434.34,0,1,0,0,0,,,0,0.0,0.0318,0.0,0.017380002738210994,0.9565755653383441
ACSX,up,detection,3748,10.3327,0.6192,165.22,0,1,0,1,0,0.0,,0,0.0,0.0318,0.0,-0.03623537289766307,0.04979288820433253
ACSX,up,tracking,3748,10.3327,1.6801,448.25,0,1,0,0,0,,,0,0.0,0.0318,0.0,-0.0005827239466557666,-0.3172403927911225
ACYA,east,detection,3874,13.1608,0.4701,121.35,1,11,1,11,1,0.0909,4.01,0,0.0,0.2251,0.0589,-0.0717095903736868,0.33456328127833995
ACYA,east,tracking,3874,13.1608,1.6422,423.91,0,11,0,0,0,,,0,0.0,0.2251,0.0,0.003646111017381288,-0.6525094822800898
ACYA,north,detection,3874,13.1608,0.5363,138.44,0,11,0,11,0,0.0,,0,0.0,0.2251,0.0,0.03516546723737728,0.34303362211396615
ACYA,north,tracking,3874,13.1608,1.4326,369.81,0,11,0,0,0,,,0,0.0,0.2251,0.0,0.007658153241555351,0.7036596390709813
ACYA,up,detection,3874,13.1608,0.4546,117.36,1,11,0,11,0,0.0,,1,0.076,0.2251,0.0589,0.09198650346879708,-2.2171050060523143
ACYA,up,tracking,3874,13.1608,1.4713,379.78,0,11,0,0,0,,,0,0.0,0.2251,0.0,-0.009475249009033206,-0.8854669023618296
ADCS,east,detection,2441,7.2252,0.3473,142.26,0,1,0,1,0,0.0,,0,0.0,0.0455,0.0,-0.0009266219276772902,-0.0012573529881110953
ADCS,east,tracking,2441,7.2252,0.9143,374.56,0,1,0,0,0,,,0,0.0,0.0455,0.0,0.02354850847322375,-0.17877677831778244
ADCS,north,detection,2441,7.2252,0.3032,124.21,0,1,0,1,0,0.0,,0,0.0,0.0455,0.0,0.035114427246742956,0.2574285631515408
ADCS,north,tracking,2441,7.2252,0.8923,365.54,0,1,0,0,0,,,0,0.0,0.0455,0.0,0.013052019944365903,0.41418844943786975
ADCS,up,detection,2441,7.2252,0.3274,134.13,1,1,0,1,0,0.0,,1,0.1384,0.0455,0.1321,0.05639239996050363,0.05299742058046927
ADCS,up,tracking,2441,7.2252,1.0847,444.39,0,1,0,0,0,,,0,0.0,0.0455,0.0,-0.00018093862694598765,0.45347259803627027
ADE0,east,detection,3013,12.0492,0.3525,116.99,0,7,0,4,0,0.0,,0,0.0,0.1829,0.0,0.0360012757903039,-0.05193188877182329
ADE0,east,tracking,3013,12.0492,1.0855,360.27,0,7,0,0,0,,,0,0.0,0.1829,0.0,0.012024652653079825,0.23686100737728985
ADE0,north,detection,3013,12.0492,0.3683,122.23,0,7,0,4,0,0.0,,0,0.0,0.1829,0.0,0.01980450548900546,0.27637048451510277
ADE0,north,tracking,3013,12.0492,1.1805,391.81,0,7,0,0,0,,,0,0.0,0.1829,0.0,0.017373465976308667,0.305971990323041
ADE0,up,detection,3013,12.0492,0.4298,142.66,0,7,0,4,0,0.0,,0,0.0,0.1829,0.0,-0.003992536434670893,-0.2612985524024027
ADE0,up,tracking,3013,12.0492,1.3023,432.23,0,7,0,0,0,,,0,0.0,0.1829,0.0,-0.0021115126835638174,-0.2842956235873495
ADE5,east,detection,1271,3.7043,0.1479,116.39,0,1,0,1,0,0.0,,0,0.0,0.0887,0.0,-0.015467107261095894,0.2977987238868216
ADE5,east,tracking,1271,3.7043,0.3913,307.83,0,1,0,0,0,,,0,0.0,0.0887,0.0,-0.016203940344242038,0.2965070208219357
ADE5,north,detection,1271,3.7043,0.1487,117.0,0,1,0,1,0,0.0,,0,0.0,0.0887,0.0,-0.048405851196109004,0.7283606107640466
ADE5,north,tracking,1271,3.7043,0.3923,308.64,0,1,0,0,0,,,0,0.0,0.0887,0.0,-0.007267695586836391,0.5804417265274596
ADE5,up,detection,1271,3.7043,0.1462,115.01,1,1,0,1,0,0.0,,1,0.27,0.0887,0.246,0.022660397144493992,0.5288637352396162
ADE5,up,tracking,1271,3.7043,0.4184,329.17,0,1,0,0,0,,,0,0.0,0.0887,0.0,-0.0015985621884839634,0.6125838483159728
ADH1,east,detection,2192,13.1909,0.2566,117.07,1,4,0,4,0,0.0,,1,0.0758,0.0812,0.0697,0.026898809083481016,-5.150617451379868
ADH1,east,tracking,2192,13.1909,0.877,400.07,0,4,0,0,0,,,0,0.0,0.0812,0.0,-0.6918511253826792,4.089239872509217
ADH1,north,detection,2192,13.1909,0.2779,126.76,1,4,0,4,0,0.0,,1,0.0758,0.0812,0.0697,0.030897143724033224,47.49066588125224
ADH1,north,tracking,2192,13.1909,0.8148,371.72,0,4,0,0,0,,,0,0.0,0.0812,0.0,6.108075162310281,-30.71687698457878
ADH1,up,detection,2192,13.1909,0.2727,124.41,2,4,0,4,0,0.0,,2,0.1516,0.0812,0.1393,0.019461527936381937,2.0988050488932304
ADH1,up,tracking,2192,13.1909,0.7462,340.42,0,4,0,0,0,,,0,0.0,0.0812,0.0,0.3268486088763595,-1.8454206048149173
ADIS,east,detection,5359,19.0527,0.8432,157.33,1,4,0,3,0,0.0,,1,0.0525,0.0517,0.0498,0.0020474819047247516,-0.4352190052694785
ADIS,east,tracking,5359,19.0527,2.3281,434.42,1,4,0,0,0,,,1,0.0525,0.0517,0.0498,0.015622927396494195,-0.6989869901590281
ADIS,north,detection,5359,19.0527,0.9751,181.96,0,4,0,3,0,0.0,,0,0.0,0.0517,0.0,0.015321037761914047,0.3538548340061708
ADIS,north,tracking,5359,19.0527,2.3285,434.5,0,4,0,0,0,,,0,0.0,0.0517,0.0,0.01745098473608545,0.3122332260331161
ADIS,up,detection,5359,19.0527,0.7049,131.54,0,4,0,3,0,0.0,,0,0.0,0.0517,0.0,-0.09079626002152526,1.8122330995488987
ADIS,up,tracking,5359,19.0527,2.2035,411.18,0,4,0,0,0,,,0,0.0,0.0517,0.0,-0.011227010104303036,0.29669843747834257
ADIY,east,detection,2317,6.7872,0.2715,117.19,0,1,0,1,0,0.0,,0,0.0,0.0484,0.0,0.037119828756349414,0.722462202433031
ADIY,east,tracking,2317,6.7872,0.7994,345.0,0,1,0,0,0,,,0,0.0,0.0484,0.0,0.017545063986038993,0.8556635523487562
ADIY,north,detection,2317,6.7872,0.2817,121.58,0,1,0,1,0,0.0,,0,0.0,0.0484,0.0,0.024968654868999372,0.9251778626112487
ADIY,north,tracking,2317,6.7872,0.824,355.65,0,1,0,0,0,,,0,0.0,0.0484,0.0,0.0246687564126607,0.9277447367518563
ADIY,up,detection,2317,6.7872,0.3209,138.5,1,1,0,1,0,0.0,,1,0.1473,0.0484,0.1402,-0.07378222597034545,0.595229841874171
ADIY,up,tracking,2317,6.7872,0.8435,364.03,0,1,0,0,0,,,0,0.0,0.0484,0.0,-0.00023567674247881976,0.09920140826582712
ADJU,east,detection,2621,8.2409,0.3063,116.87,1,4,0,4,0,0.0,,1,0.1213,0.1512,0.103,0.04336622112405006,-0.8078070766952036
ADJU,east,tracking,2621,8.2409,0.9198,350.93,0,4,0,0,0,,,0,0.0,0.1512,0.0,0.022826715818381867,-0.6403262829209652
ADJU,north,detection,2621,8.2409,0.3074,117.28,1,4,0,4,0,0.0,,1,0.1213,0.1512,0.103,0.01931210298868576,0.7518363576583041
ADJU,north,tracking,2621,8.2409,0.9531,363.62,0,4,0,0,0,,,0,0.0,0.1512,0.0,0.01307002659830801,0.8038471317027054
ADJU,up,detection,2621,8.2409,0.4266,162.77,3,4,0,4,0,0.0,,3,0.364,0.1512,0.309,0.008779727361383105,0.7148469752341183
ADJU,up,tracking,2621,8.2409,0.9259,353.24,0,4,0,0,0,,,0,0.0,0.1512,0.0,0.0023208335678275628,0.7723294241649259
ADKS,east,detection,7606,24.4681,0.8908,117.12,1,5,0,5,0,0.0,,1,0.0409,0.0403,0.0392,0.005759261613353722,-0.32510020416319285
ADKS,east,tracking,7606,24.4681,3.2924,432.87,0,5,0,0,0,,,0,0.0,0.0403,0.0,-0.0122584873707423,0.11510346130206241
ADKS,north,detection,7606,24.4681,0.9763,128.36,5,5,0,5,0,0.0,,5,0.2043,0.0403,0.1961,-0.024016167928284423,0.7659710744492103
ADKS,north,tracking,7606,24.4681,3.2754,430.64,0,5,0,0,0,,,0,0.0,0.0403,0.0,-0.0016919315182913352,0.2176022866201211
ADKS,up,detection,7606,24.4681,0.9852,129.53,2,5,0,5,0,0.0,,2,0.0817,0.0403,0.0784,0.0534335299439004,-0.5745811813798458
ADKS,up,tracking,7606,24.4681,3.2198,423.32,0,5,0,0,0,,,0,0.0,0.0403,0.0,-0.00338100796040518,0.8098389615565831
AEDA,east,detection,2400,7.1129,0.2902,120.92,1,35,1,29,1,0.0345,42.01,0,0.0,0.326,0.0948,0.04456848176510557,-0.317419315861807
AEDA,east,tracking,2400,7.1129,0.8631,359.62,0,35,0,0,0,,,0,0.0,0.326,0.0,0.018606834627412774,-0.13321473607057716
AEDA,north,detection,2400,7.1129,0.3699,154.14,1,35,1,29,1,0.0345,42.01,0,0.0,0.326,0.0948,-0.0031074971897159165,-0.7939473542897932
AEDA,north,tracking,2400,7.1129,0.999,416.24,0,35,0,0,0,,,0,0.0,0.326,0.0,0.017373118494169004,-0.9378878326703995
AEDA,up,detection,2400,7.1129,0.2782,115.9,1,35,1,29,1,0.0345,42.01,0,0.0,0.326,0.0948,-0.03608047634072862,0.4152545030175785
AEDA,up,tracking,2400,7.1129,0.8393,349.71,0,35,0,0,0,,,0,0.0,0.326,0.0,0.00035982691251627803,0.15842556168460906
AERO,east,detection,1534,10.8912,0.2041,133.05,0,1,0,1,0,0.0,,0,0.0,0.0302,0.0,-0.031105117708153978,-0.4026708633704258
AERO,east,tracking,1534,10.8912,0.5806,378.5,0,1,0,0,0,,,0,0.0,0.0302,0.0,-0.03965909375114533,-0.309350291292934
AERO,north,detection,1534,10.8912,0.18,117.32,0,1,0,1,0,0.0,,0,0.0,0.0302,0.0,0.024220386575266626,0.5825321650642141
AERO,north,tracking,1534,10.8912,0.5184,337.96,0,1,0,0,0,,,0,0.0,0.0302,0.0,0.017756968170520346,0.6479428421132447
AERO,up,detection,1534,10.8912,0.2117,138.0,0,1,0,1,0,0.0,,0,0.0,0.0302,0.0,-0.014663613446959836,0.7843585279841641
AERO,up,tracking,1534,10.8912,0.5319,346.72,0,1,0,0,0,,,0,0.0,0.0302,0.0,-0.008878469624296507,0.7355414286875928
AFY0,east,detection,1447,5.5742,0.1677,115.89,2,4,0,1,0,0.0,,1,0.1794,0.1773,0.2952,-0.018839904347748283,1.0022828191159276
AFY0,east,tracking,1447,5.5742,0.4531,313.12,0,4,0,0,0,,,0,0.0,0.1773,0.0,0.01294775615990522,0.8203903348962197
AFY0,north,detection,1447,5.5742,0.1705,117.85,1,4,0,2,0,0.0,,1,0.1794,0.1773,0.1476,0.029944680598061605,0.2474654227458353
AFY0,north,tracking,1447,5.5742,0.4725,326.56,0,4,0,0,0,,,0,0.0,0.1773,0.0,0.004790669097227092,0.3872960817076689
AFY0,up,detection,1447,5.5742,0.2395,165.54,0,4,0,2,0,0.0,,0,0.0,0.1773,0.0,0.01708059293453114,0.2562288587558917
AFY0,up,tracking,1447,5.5742,0.5517,381.3,0,4,0,0,0,,,0,0.0,0.1773,0.0,-0.004710960135854177,0.36910405059911894
AFYN,east,detection,2696,15.0363,0.3931,145.79,2,4,0,4,0,0.0,,2,0.133,0.0655,0.1243,0.005565546187522325,-0.5795831674193183
AFYN,east,tracking,2696,15.0363,1.1083,411.1,0,4,0,0,0,,,0,0.0,0.0655,0.0,0.0034795602049832574,-0.539131564231465
AFYN,north,detection,2696,15.0363,0.3512,130.28,0,4,0,4,0,0.0,,0,0.0,0.0655,0.0,0.0170205146071657,0.7127843708533634
AFYN,north,tracking,2696,15.0363,1.1419,423.55,0,4,0,0,0,,,0,0.0,0.0655,0.0,0.009676291840169453,0.8163703914980079
AFYN,up,detection,2696,15.0363,0.3218,119.36,2,4,0,4,0,0.0,,2,0.133,0.0655,0.1243,-0.012298582243802954,0.4676354240374463
AFYN,up,tracking,2696,15.0363,1.0346,383.75,0,4,0,0,0,,,0,0.0,0.0655,0.0,-2.1666794914933332e-05,0.289384889961777
AGAL,east,detection,2042,7.4387,0.3126,153.09,0,4,0,4,0,0.0,,0,0.0,0.1494,0.0,-0.005778335261997838,0.661079809824445
AGAL,east,tracking,2042,7.4387,0.837,409.91,0,4,0,0,0,,,0,0.0,0.1494,0.0,0.00711248044872216,0.5684776543791566
AGAL,north,detection,2042,7.4387,0.3404,166.72,0,4,0,4,0,0.0,,0,0.0,0.1494,0.0,0.029591862848353127,0.6449332231350167
AGAL,north,tracking,2042,7.4387,0.6981,341.89,0,4,0,0,0,,,0,0.0,0.1494,0.0,0.007386641790866104,0.8148368831696835
AGAL,up,detection,2042,7.4387,0.242,118.5,0,4,0,4,0,0.0,,0,0.0,0.1494,0.0,-0.09476104733069582,1.1605155135735228
AGAL,up,tracking,2042,7.4387,0.7645,374.4,0,4,0,0,0,,,0,0.0,0.1494,0.0,-0.00041029886577672323,0.45815446058494236
AGCA,east,detection,1679,13.5442,0.2108,125.57,2,4,0,4,0,0.0,,2,0.1477,0.097,0.1333,-0.007780901631676455,0.8190189454322988
AGCA,east,tracking,1679,13.5442,0.5508,328.05,0,4,0,0,0,,,0,0.0,0.097,0.0,0.006275055800828303,0.6302614877939328
AGCA,north,detection,1679,13.5442,0.2006,119.46,0,4,0,4,0,0.0,,0,0.0,0.097,0.0,0.0008165434468241015,0.9934929589874698
AGCA,north,tracking,1679,13.5442,0.5788,344.71,0,4,0,0,0,,,0,0.0,0.097,0.0,0.014529393470790665,0.8101322548234763
AGCA,up,detection,1679,13.5442,0.1997,118.96,0,4,0,4,0,0.0,,0,0.0,0.097,0.0,0.04817489598689287,0.2238618348311368
AGCA,up,tracking,1679,13.5442,0.744,443.13,0,4,0,0,0,,,0,0.0,0.097,0.0,-0.0011014677989792036,0.8879992519859076
AGHI,east,detection,1187,3.2717,0.1391,117.21,0,3,0,2,0,0.0,,0,0.0,0.2954,0.0,-0.0014887938733710664,-0.9180844827932451
AGHI,east,tracking,1187,3.2717,0.3591,302.55,0,3,0,0,0,,,0,0.0,0.2954,0.0,-0.0038874847974740027,-0.9091592428978139
AGHI,north,detection,1187,3.2717,0.1357,114.35,1,3,0,2,0,0.0,,1,0.3057,0.2954,0.2154,-0.027776358387639727,0.43368623328888484
AGHI,north,tracking,1187,3.2717,0.359,302.44,0,3,0,0,0,,,0,0.0,0.2954,0.0,-0.026003721546903148,0.42475256943562173
AGHI,up,detection,1187,3.2717,0.1398,117.75,0,3,0,2,0,0.0,,0,0.0,0.2954,0.0,-0.002732858072739895,0.5436711624189592
AGHI,up,tracking,1187,3.2717,0.4324,364.24,0,3,0,0,0,,,0,0.0,0.2954,0.0,0.0075496595945884004,0.510033224162415
AGID,east,detection,2361,15.0363,0.3787,160.4,4,6,2,6,2,0.3333,12.99,2,0.133,0.0655,0.2486,0.030458274292985057,0.8870852460471019
AGID,east,tracking,2361,15.0363,0.9641,408.35,0,6,0,0,0,,,0,0.0,0.0655,0.0,0.02696165699432693,0.9401443861574632
AGID,north,detection,2361,15.0363,0.2797,118.47,1,6,1,6,1,0.1667,12.98,0,0.0,0.0655,0.0621,0.017492282016481037,0.4249146918822949
AGID,north,tracking,2361,15.0363,0.8911,377.44,0,6,0,0,0,,,0,0.0,0.0655,0.0,0.016627035778996494,0.43206598633861776
AGID,up,detection,2361,15.0363,0.2774,117.49,0,6,0,6,0,0.0,,0,0.0,0.0655,0.0,0.00652752505659826,0.5152800309187143
AGID,up,tracking,2361,15.0363,0.9768,413.71,0,6,0,0,0,,,0,0.0,0.0655,0.0,-0.0006080291578609249,0.6220324317217131
AGMT,east,detection,9676,26.6667,1.1386,117.67,1,5,0,5,0,0.0,,1,0.0375,0.0372,0.0361,0.006757589841783946,-1.6456760155559316
AGMT,east,tracking,9676,26.6667,4.0892,422.61,0,5,0,2,0,0.0,,0,0.0,0.0372,0.0,-0.0178924993672866,-0.9887069753785354
AGMT,north,detection,9676,26.6667,1.2181,125.88,1,5,0,5,0,0.0,,1,0.0375,0.0372,0.0361,0.005516183885452526,0.5919524612846039
AGMT,north,tracking,9676,26.6667,4.1839,432.4,0,5,0,2,0,0.0,,0,0.0,0.0372,0.0,-0.0030898329416256926,0.8176508924615596
AGMT,up,detection,9676,26.6667,1.2183,125.91,0,5,0,5,0,0.0,,0,0.0,0.0372,0.0,-0.0033563379403842076,0.9179134218331967
AGMT,up,tracking,9676,26.6667,4.4945,464.5,0,5,0,2,0,0.0,,0,0.0,0.0372,0.0,-0.0006033695821631422,0.8434161382441463
AGNS,east,detection,1870,5.1773,0.2174,116.26,0,2,0,2,0,0.0,,0,0.0,0.1269,0.0,0.008066493906031612,0.8865192888371601
AGNS,east,tracking,1870,5.1773,0.7061,377.62,0,2,0,0,0,,,0,0.0,0.1269,0.0,-0.01033434565080352,0.9836626072924965
AGNS,north,detection,1870,5.1773,0.2327,124.44,2,2,1,2,1,0.5,7.99,1,0.1932,0.1269,0.3373,-0.006297203821256145,0.2802474764551499
AGNS,north,tracking,1870,5.1773,0.6477,346.34,0,2,0,0,0,,,0,0.0,0.1269,0.0,-0.00240115937463475,0.25644441486222225
AGNS,up,detection,1870,5.1773,0.2231,119.33,0,2,0,2,0,0.0,,0,0.0,0.1269,0.0,0.030660903950960543,0.20587603520093556
AGNS,up,tracking,1870,5.1773,0.7584,405.55,0,2,0,0,0,,,0,0.0,0.1269,0.0,-0.00045850867015817564,0.3625358902570971
AGPR,east,detection,2325,8.668,0.275,118.28,0,9,0,9,0,0.0,,0,0.0,0.1857,0.0,-0.003184121831906748,-0.5456632866144338
AGPR,east,tracking,2325,8.668,0.8875,381.71,0,9,0,0,0,,,0,0.0,0.1857,0.0,0.007931399175229687,-0.6433478997117318
AGPR,north,detection,2325,8.668,0.282,121.31,1,9,1,9,1,0.1111,10.01,0,0.0,0.1857,0.0939,-0.01566823559172476,1.208705508285412
AGPR,north,tracking,2325,8.668,0.8796,378.34,0,9,0,0,0,,,0,0.0,0.1857,0.0,0.012895449399762202,0.9590544136543342
AGPR,up,detection,2325,8.668,0.2741,117.88,0,9,0,9,0,0.0,,0,0.0,0.1857,0.0,0.029050357994676243,0.7314303799341353
AGPR,up,tracking,2325,8.668,0.9152,393.62,0,9,0,0,0,,,0,0.0,0.1857,0.0,0.00018919484746451445,0.9807389668890044
AGRI,east,detection,1724,5.3634,0.2063,119.67,1,5,1,5,1,0.2,28.02,0,0.0,0.1827,0.1524,0.032673577116450817,0.23149911835792558
AGRI,east,tracking,1724,5.3634,0.6196,359.41,0,5,0,0,0,,,0,0.0,0.1827,0.0,0.011052827989897061,0.35235079337069286
AGRI,north,detection,1724,5.3634,0.2004,116.27,0,5,0,5,0,0.0,,0,0.0,0.1827,0.0,0.008459448678351548,0.9226810227929042
AGRI,north,tracking,1724,5.3634,0.7286,422.61,0,5,0,0,0,,,0,0.0,0.1827,0.0,0.0068340131127875075,0.9309305561089682
AGRI,up,detection,1724,5.3634,0.2054,119.14,0,5,0,5,0,0.0,,0,0.0,0.1827,0.0,-0.04587694940416181,0.3322408322296785
AGRI,up,tracking,1724,5.3634,0.588,341.06,0,5,0,0,0,,,0,0.0,0.1827,0.0,-0.0003265300744353453,0.09838919739996495
AGUA,east,detection,2483,10.486,0.3407,137.2,0,2,0,2,0,0.0,,0,0.0,0.0627,0.0,-0.0346247413241209,0.6715573996365723
AGUA,east,tracking,2483,10.486,0.9826,395.75,0,2,0,0,0,,,0,0.0,0.0627,0.0,-0.013753570004356543,0.45514806365241767
AGUA,north,detection,2483,10.486,0.2902,116.86,1,2,0,1,0,0.0,,1,0.0954,0.0627,0.0894,0.02995283371403048,0.2885497090460358
AGUA,north,tracking,2483,10.486,0.9014,363.01,0,2,0,0,0,,,0,0.0,0.0627,0.0,-0.008495505995435707,0.6898208354214346
AGUA,up,detection,2483,10.486,0.326,131.28,0,2,0,2,0,0.0,,0,0.0,0.0627,0.0,0.01791931358199647,0.44913273506480317
AGUA,up,tracking,2483,10.486,0.979,394.3,0,2,0,0,0,,,0,0.0,0.0627,0.0,-0.0010066729463019742,0.6450719313623559
AHTI,east,detection,6233,17.1965,0.784,125.78,3,13,1,11,1,0.0909,6.01,2,0.1163,0.1591,0.1467,0.02022641159119968,0.5390608717562098
AHTI,east,tracking,6233,17.1965,2.4422,391.81,0,13,0,1,0,0.0,,0,0.0,0.1591,0.0,0.003846395715257413,0.824140155774242
AHTI,north,detection,6233,17.1965,0.8368,134.26,1,13,0,11,0,0.0,,0,0.0,0.1591,0.0489,0.03701473974453057,-1.1567564385990692
AHTI,north,tracking,6233,17.1965,2.4524,393.45,0,13,0,1,0,0.0,,0,0.0,0.1591,0.0,0.016335984398764606,-0.8071821067022564
AHTI,up,detection,6233,17.1965,0.7288,116.93,1,13,0,11,0,0.0,,1,0.0582,0.1591,0.0489,-0.01794796490255433,0.5626143161432149
AHTI,up,tracking,6233,17.1965,2.4963,400.51,0,13,0,1,0,0.0,,0,0.0,0.1591,0.0,-0.0007616094308407666,0.2721194987728317
AHUP,east,detection,9777,27.2033,1.296,132.56,8,10,1,6,1,0.1667,7.0,5,0.1838,0.0889,0.2679,-0.028076753090446983,0.9201846501029126
AHUP,east,tracking,9777,27.2033,4.0814,417.45,1,10,0,2,0,0.0,,1,0.0368,0.0889,0.0335,0.13691464955441032,-3.4243401629624755
AHUP,north,detection,9777,27.2033,1.1449,117.1,13,10,1,7,1,0.1429,7.0,10,0.3676,0.0889,0.4354,-0.02920119841769654,0.6384439908265084
AHUP,north,tracking,9777,27.2033,4.1456,424.02,1,10,0,2,0,0.0,,1,0.0368,0.0889,0.0335,-0.18298700105561885,4.675456489287368
AHUP,up,detection,9777,27.2033,1.3156,134.56,10,10,1,8,1,0.125,7.0,8,0.2941,0.0889,0.3349,-0.04689191552687287,1.9047342758954735
AHUP,up,tracking,9777,27.2033,4.1833,427.87,1,10,0,2,0,0.0,,1,0.0368,0.0889,0.0335,0.17786837971835578,-4.000807399194337
AHVZ,east,detection,1317,4.824,0.1523,115.64,0,1,0,1,0,0.0,,0,0.0,0.0681,0.0,-0.004737059876155268,0.4920317880460955
AHVZ,east,tracking,1317,4.824,0.5977,453.81,0,1,0,0,0,,,0,0.0,0.0681,0.0,0.024596844533660258,0.3530654951458933
AHVZ,north,detection,1317,4.824,0.2392,181.62,1,1,0,1,0,0.0,,1,0.2073,0.0681,0.1932,0.004795006574070705,0.6502295842417395
AHVZ,north,tracking,1317,4.824,0.4139,314.31,0,1,0,0,0,,,0,0.0,0.0681,0.0,0.02651219640398379,0.5456675226202452
AHVZ,up,detection,1317,4.824,0.1512,114.82,0,1,0,1,0,0.0,,0,0.0,0.0681,0.0,-0.06354520676453121,1.0720831010755898
AHVZ,up,tracking,1317,4.824,0.4033,306.25,0,1,0,0,0,,,0,0.0,0.0681,0.0,-0.0005958105422081725,0.7619176596120592
AIES,east,detection,4220,14.0178,0.5144,121.9,0,33,0,32,0,0.0,,0,0.0,0.5785,0.0,-0.009986079430071704,0.5732589073083111
AIES,east,tracking,4220,14.0178,1.9554,463.35,0,33,0,0,0,,,0,0.0,0.5785,0.0,-0.0002231161064343426,0.4367033003094001
AIES,north,detection,4220,14.0178,0.4982,118.06,1,33,1,30,1,0.0333,16.0,0,0.0,0.5785,0.0301,0.016919223356403917,0.7847998166518784
AIES,north,tracking,4220,14.0178,1.6563,392.48,0,33,0,0,0,,,0,0.0,0.5785,0.0,0.004859833571299555,0.9540453166151306
AIES,up,detection,4220,14.0178,0.6192,146.73,0,33,0,32,0,0.0,,0,0.0,0.5785,0.0,0.040789611939429454,0.23063026652720753
AIES,up,tracking,4220,14.0178,1.6938,401.36,0,33,0,0,0,,,0,0.0,0.5785,0.0,-0.0010514286189203352,0.815376784257857
AIGI,east,detection,2751,7.7701,0.3304,120.11,1,4,0,4,0,0.0,,1,0.1287,0.1283,0.1122,-0.01587972696800461,0.11744773964175606
AIGI,east,tracking,2751,7.7701,0.9664,351.29,0,4,0,0,0,,,0,0.0,0.1283,0.0,0.01506377205504243,-0.1189876483022419
AIGI,north,detection,2751,7.7701,0.3173,115.35,1,4,0,4,0,0.0,,1,0.1287,0.1283,0.1122,-0.011231727663996974,0.34389602567168814
AIGI,north,tracking,2751,7.7701,1.0133,368.34,0,4,0,0,0,,,0,0.0,0.1283,0.0,-0.009097104286065824,0.3270967142978388
AIGI,up,detection,2751,7.7701,0.327,118.88,0,4,0,4,0,0.0,,0,0.0,0.1283,0.0,0.08251239718430113,0.17640313738464222
AIGI,up,tracking,2751,7.7701,1.0489,381.29,0,4,0,0,0,,,0,0.0,0.1283,0.0,0.0010962227532899055,0.7985267953174946
AINP,east,detection,8098,23.8713,0.9658,119.26,4,11,1,10,1,0.1,7.99,3,0.1257,0.1101,0.1491,-0.03184949993141369,0.1250667865833168
AINP,east,tracking,8098,23.8713,3.3039,407.99,1,11,0,3,0,0.0,,1,0.0419,0.1101,0.0373,-0.04061239891454464,0.3342231171409834
AINP,north,detection,8098,23.8713,1.2078,149.14,4,11,2,11,2,0.1818,5.5,2,0.0838,0.1101,0.1491,-0.0011386068426302866,1.1362483809991557
AINP,north,tracking,8098,23.8713,3.24,400.1,1,11,0,3,0,0.0,,1,0.0419,0.1101,0.0373,0.01875102479388069,0.6593214132974212
AINP,up,detection,8098,23.8713,1.0141,125.23,3,11,1,10,1,0.1,43.0,2,0.0838,0.1101,0.1118,0.058637689893688685,-0.5687608223255205
AINP,up,tracking,8098,23.8713,3.9379,486.28,1,11,0,3,0,0.0,,1,0.0419,0.1101,0.0373,-0.0023505956300599374,0.8846791994291245
AIR2,east,detection,4847,13.4647,0.601,124.0,0,1,0,1,0,0.0,,0,0.0,0.0244,0.0,-0.03117171480342001,0.44463535547976973
AIR2,east,tracking,4847,13.4647,2.0851,430.17,0,1,0,0,0,,,0,0.0,0.0244,0.0,-0.01556455954077164,0.23318788995173304
AIR2,north,detection,4847,13.4647,0.6035,124.51,3,1,0,1,0,0.0,,3,0.2228,0.0244,0.2174,-0.004209984267596469,0.23590112122728543
AIR2,north,tracking,4847,13.4647,2.157,445.02,0,1,0,0,0,,,0,0.0,0.0244,0.0,-0.0111110381716416,0.33069992683753935
AIR2,up,detection,4847,13.4647,0.5915,122.04,0,1,0,1,0,0.0,,0,0.0,0.0244,0.0,0.046103546597255525,-0.2511526455391065
AIR2,up,tracking,4847,13.4647,2.2025,454.4,0,1,0,0,0,,,0,0.0,0.0244,0.0,0.0057047611311809715,0.2912422415868423
AIRA,east,detection,10036,28.4572,1.1908,118.65,3,38,1,34,1,0.0294,4.01,2,0.0703,0.3345,0.0702,0.044190956532748335,-1.2262811768995776
AIRA,east,tracking,10036,28.4572,4.0197,400.52,2,38,0,6,0,0.0,,0,0.0,0.3345,0.0468,0.045888875361560645,-1.2636714990936617
AIRA,north,detection,10036,28.4572,1.2329,122.85,3,38,2,38,2,0.0526,12.5,1,0.0351,0.3345,0.0702,-0.14077662747365097,4.014684339162927
AIRA,north,tracking,10036,28.4572,4.2282,421.3,1,38,0,6,0,0.0,,1,0.0351,0.3345,0.0234,-0.026787200941329345,0.7762214666953708
AIRA,up,detection,10036,28.4572,1.2471,124.26,2,38,1,38,1,0.0263,7.0,1,0.0351,0.3345,0.0468,-0.08988230020148441,3.222821032880882
AIRA,up,tracking,10036,28.4572,3.9184,390.43,0,38,0,19,0,0.0,,0,0.0,0.3345,0.0,-0.001148480541703353,0.6999833984004056
AIRS,east,detection,7163,22.4093,0.8275,115.53,2,14,0,12,0,0.0,,2,0.0892,0.1616,0.0748,-0.0340043280495243,0.4414717885952054
AIRS,east,tracking,7163,22.4093,2.672,373.03,0,14,0,4,0,0.0,,0,0.0,0.1616,0.0,0.0098349087780027,-0.5414476797497096
AIRS,north,detection,7163,22.4093,0.8204,114.54,1,14,0,12,0,0.0,,1,0.0446,0.1616,0.0374,-0.00013619718751671245,0.4236556653705671
AIRS,north,tracking,7163,22.4093,2.7111,378.48,0,14,0,4,0,0.0,,0,0.0,0.1616,0.0,0.015208943883748738,0.07455742258376857
AIRS,up,detection,7163,22.4093,0.8185,114.27,0,14,0,12,0,0.0,,0,0.0,0.1616,0.0,0.0036384364983181837,0.3423858426927093
AIRS,up,tracking,7163,22.4093,2.945,411.15,0,14,0,4,0,0.0,,0,0.0,0.1616,0.0,0.004716611256628112,0.32385600110801854
AIS5,east,detection,8057,24.4436,1.003,124.49,3,7,1,5,1,0.2,2.0,1,0.0409,0.0884,0.1119,-0.027745748359870096,1.163527661506135
AIS5,east,tracking,8057,24.4436,3.3645,417.59,1,7,0,2,0,0.0,,1,0.0409,0.0884,0.0373,-0.012150905627700005,0.7864701586827173
AIS5,north,detection,8057,24.4436,1.1939,148.18,2,7,2,6,2,0.3333,15.5,0,0.0,0.0884,0.0746,0.0015794270847469495,0.4888099219246074
AIS5,north,tracking,8057,24.4436,3.3379,414.29,1,7,0,0,0,,,1,0.0409,0.0884,0.0373,-0.012271855595037741,0.821331767130776
AIS5,up,detection,8057,24.4436,1.1117,137.98,1,7,1,7,1,0.1429,2.0,0,0.0,0.0884,0.0373,0.033624470700805105,-0.46752610229390124
AIS5,up,tracking,8057,24.4436,3.286,407.84,1,7,0,0,0,,,1,0.0409,0.0884,0.0373,0.0005430662828131871,0.34491527713927744
AIS6,east,detection,5546,24.1096,0.7607,137.16,0,7,0,5,0,0.0,,0,0.0,0.0896,0.0,-0.02103817324025123,0.7374386597164968
AIS6,east,tracking,5546,24.1096,2.2876,412.48,0,7,0,0,0,,,0,0.0,0.0896,0.0,-0.01181817967506627,0.5200898767302762
AIS6,north,detection,5546,24.1096,0.6829,123.13,0,7,0,5,0,0.0,,0,0.0,0.0896,0.0,-0.01600514063347119,0.8657145560534675
AIS6,north,tracking,5546,24.1096,2.3263,419.45,0,7,0,0,0,,,0,0.0,0.0896,0.0,-0.012665156409369632,0.7799237445555127
AIS6,up,detection,5546,24.1096,0.7707,138.96,1,7,0,5,0,0.0,,1,0.0415,0.0896,0.0378,0.0246237505506134,-0.20405466999132493
AIS6,up,tracking,5546,24.1096,2.5278,455.78,0,7,0,0,0,,,0,0.0,0.0896,0.0,0.0009602945438293768,0.3720023674741569
AJB0,east,detection,4397,19.8439,0.5938,135.05,2,12,0,9,0,0.0,,2,0.1008,0.1474,0.0859,0.052123807826099405,-1.4987466676675194
AJB0,east,tracking,4397,19.8439,1.7378,395.22,0,12,0,0,0,,,0,0.0,0.1474,0.0,0.013030517231290673,-0.7303394319763611
AJB0,north,detection,4397,19.8439,0.5206,118.4,3,12,1,9,1,0.1111,27.98,2,0.1008,0.1474,0.1289,0.031820138071063854,0.15458323752247838
AJB0,north,tracking,4397,19.8439,1.7616,400.63,0,12,0,0,0,,,0,0.0,0.1474,0.0,0.01514889120514582,0.48455175433439035
AJB0,up,detection,4397,19.8439,0.5042,114.68,1,12,0,9,0,0.0,,1,0.0504,0.1474,0.043,0.0016924323214919446,0.2285016560599393
AJB0,up,tracking,4397,19.8439,1.7237,392.02,0,12,0,0,0,,,0,0.0,0.1474,0.0,-0.002609568821787843,0.308995615785705
AKAL,east,detection,2734,9.6043,0.3153,115.31,1,6,0,5,0,0.0,,1,0.1041,0.1032,0.0934,0.029636127673030657,-0.2108853179633849
AKAL,east,tracking,2734,9.6043,1.0471,382.98,0,6,0,0,0,,,0,0.0,0.1032,0.0,0.027618450529314584,-0.18992850469987674
AKAL,north,detection,2734,9.6043,0.364,133.13,2,6,0,5,0,0.0,,2,0.2082,0.1032,0.1868,0.030455491938658232,-0.14487680079210088
AKAL,north,tracking,2734,9.6043,1.186,433.78,0,6,0,0,0,,,0,0.0,0.1032,0.0,0.014441219236993813,0.00732717986698653
AKAL,up,detection,2734,9.6043,0.3118,114.06,2,6,0,3,0,0.0,,2,0.2082,0.1032,0.1868,-0.021066964675428866,0.28107480426742404
AKAL,up,tracking,2734,9.6043,1.1451,418.85,0,6,0,0,0,,,0,0.0,0.1032,0.0,-0.0033996928684055807,0.10920585213385614
AKGG,east,detection,6170,23.1238,0.8496,137.71,3,26,0,25,0,0.0,,3,0.1297,0.2821,0.0931,0.011109886335047005,-0.38319035940399737
AKGG,east,tracking,6170,23.1238,2.7579,446.99,0,26,0,3,0,0.0,,0,0.0,0.2821,0.0,-0.007198074594029908,0.04018190072043393
AKGG,north,detection,6170,23.1238,0.8025,130.06,3,26,0,23,0,0.0,,3,0.1297,0.2821,0.0931,-0.002973381491232955,0.23345880643289174
AKGG,north,tracking,6170,23.1238,2.6189,424.46,0,26,0,3,0,0.0,,0,0.0,0.2821,0.0,-0.017691346517725397,0.5717598381643275
AKGG,up,detection,6170,23.1238,0.9062,146.88,3,26,1,22,1,0.0455,7.98,2,0.0865,0.2821,0.0931,0.010973327381971664,0.09027126801699534
AKGG,up,tracking,6170,23.1238,2.6114,423.24,0,26,0,3,0,0.0,,0,0.0,0.2821,0.0,0.004630349999390522,0.23694012947115298
AKHA,east,detection,2321,6.5626,0.2941,126.71,1,1,0,0,0,,,1,0.1524,0.0501,0.1448,0.03481799986095369,-0.07280924795797096
AKHA,east,tracking,2321,6.5626,0.8028,345.9,0,1,0,0,0,,,0,0.0,0.0501,0.0,0.02674631734390535,-0.019626000114286096
AKHA,north,detection,2321,6.5626,0.3571,153.85,0,1,0,0,0,,,0,0.0,0.0501,0.0,0.030447256338203298,0.02909398039220817
AKHA,north,tracking,2321,6.5626,1.0153,437.44,0,1,0,0,0,,,0,0.0,0.0501,0.0,0.013788469427702994,0.13730758633414622
AKHA,up,detection,2321,6.5626,0.3187,137.33,2,1,0,0,0,,,2,0.3048,0.0501,0.2895,0.007002956282677358,0.4703284574162142
AKHA,up,tracking,2321,6.5626,0.8292,357.25,0,1,0,0,0,,,0,0.0,0.0501,0.0,-0.0017810455962222371,0.5276324328228018
AKHR,east,detection,2730,15.0363,0.3197,117.12,4,3,1,3,1,0.3333,7.98,3,0.1995,0.0437,0.2544,0.0035008186969436995,0.17547119567212668
AKHR,east,tracking,2730,15.0363,1.0646,389.98,0,3,0,0,0,,,0,0.0,0.0437,0.0,0.0027772769234667605,0.19808743071582263
AKHR,north,detection,2730,15.0363,0.331,121.26,4,3,0,3,0,0.0,,4,0.266,0.0437,0.2544,0.0175691300295547,0.09248896339792162
AKHR,north,tracking,2730,15.0363,1.0729,393.01,0,3,0,0,0,,,0,0.0,0.0437,0.0,0.007806885648561777,0.2372828401133788
AKHR,up,detection,2730,15.0363,0.3445,126.19,3,3,0,3,0,0.0,,3,0.1995,0.0437,0.1908,0.013912420528567533,0.10931235767986631
AKHR,up,tracking,2730,15.0363,1.0981,402.23,0,3,0,0,0,,,0,0.0,0.0437,0.0,-0.00586831340045649,0.41482239217025635
AKLV,east,detection,8135,24.1451,1.277,156.98,3,27,1,27,1,0.037,4.0,2,0.0828,0.2699,0.0907,-0.012490260114353816,0.7984144649266847
AKLV,east,tracking,8135,24.1451,3.5485,436.21,1,27,0,13,0,0.0,,1,0.0414,0.2699,0.0302,-0.008352975715528949,0.7024008967155871
AKLV,north,detection,8135,24.1451,1.0553,129.72,3,27,0,24,0,0.0,,2,0.0828,0.2699,0.0907,-0.013043751529473586,0.11029885947826375
AKLV,north,tracking,8135,24.1451,3.3357,410.04,1,27,0,8,0,0.0,,1,0.0414,0.2699,0.0302,-0.019883043429703366,0.2737827108963186
AKLV,up,detection,8135,24.1451,0.9412,115.7,6,27,0,26,0,0.0,,6,0.2485,0.2699,0.1814,0.004748793946561304,0.3935714536364961
AKLV,up,tracking,8135,24.1451,3.169,389.55,1,27,0,13,0,0.0,,1,0.0414,0.2699,0.0302,0.0018414357381329525,0.45901005400062184
AKMO,east,detection,6764,24.1396,0.9506,140.54,0,27,0,27,0,0.0,,0,0.0,0.271,0.0,-0.0048810922862582975,-0.21537598330003901
AKMO,east,tracking,6764,24.1396,2.7619,408.32,0,27,0,9,0,0.0,,0,0.0,0.271,0.0,-0.009212320477943499,-0.11101856430750262
AKMO,north,detection,6764,24.1396,0.9119,134.82,0,27,0,27,0,0.0,,0,0.0,0.271,0.0,-0.0228349419397976,0.3095646974667145
AKMO,north,tracking,6764,24.1396,2.8821,426.09,0,27,0,9,0,0.0,,0,0.0,0.271,0.0,-0.023093495005177975,0.3127103728806538
AKMO,up,detection,6764,24.1396,1.0306,152.37,1,27,0,27,0,0.0,,1,0.0414,0.271,0.0302,-0.011622201226180746,1.3374014435849602
AKMO,up,tracking,6764,24.1396,2.6658,394.11,0,27,0,9,0,0.0,,0,0.0,0.271,0.0,0.003536531452660161,0.9720846225993335
AKRB,east,detection,7508,23.1431,0.9887,131.69,7,26,4,22,4,0.1818,28.01,2,0.0864,0.2805,0.2176,0.000399347603960902,0.22400552220500494
AKRB,east,tracking,7508,23.1431,3.1501,419.56,0,26,0,12,0,0.0,,0,0.0,0.2805,0.0,-0.008626849471173797,0.43365934201534595
AKRB,north,detection,7508,23.1431,0.8868,118.12,2,26,0,24,0,0.0,,2,0.0864,0.2805,0.0622,-0.02840161272326638,1.0429560582675146
AKRB,north,tracking,7508,23.1431,3.0005,399.64,0,26,0,12,0,0.0,,0,0.0,0.2805,0.0,-0.02250518839653675,0.9046145803661698
AKRB,up,detection,7508,23.1431,1.0418,138.75,1,26,0,25,0,0.0,,1,0.0432,0.2805,0.0311,-0.033817007659643704,0.9500406959720075
AKRB,up,tracking,7508,23.1431,2.9674,395.23,1,26,0,10,0,0.0,,1,0.0432,0.2805,0.0311,0.005773525160009732,0.03661110358835466
AKRD,east,detection,1683,5.0322,0.1954,116.1,1,1,0,1,0,0.0,,1,0.1987,0.0653,0.1857,0.0009798965986482994,0.08807460690606453
AKRD,east,tracking,1683,5.0322,0.5482,325.73,0,1,0,0,0,,,0,0.0,0.0653,0.0,-0.002734263027456818,0.10891784662180946
AKRD,north,detection,1683,5.0322,0.21,124.76,2,1,0,1,0,0.0,,2,0.3974,0.0653,0.3715,-0.047367283556884084,0.7146678908490732
AKRD,north,tracking,1683,5.0322,0.562,333.91,0,1,0,0,0,,,0,0.0,0.0653,0.0,-0.023094671925950404,0.5942321074228691
AKRD,up,detection,1683,5.0322,0.1947,115.66,0,1,0,1,0,0.0,,0,0.0,0.0653,0.0,-0.05449382741834798,0.6596368878475075
AKRD,up,tracking,1683,5.0322,0.5448,323.74,0,1,0,0,0,,,0,0.0,0.0653,0.0,0.001281358304996751,0.3817089813566306
AKS1,east,detection,2647,14.883,0.303,114.47,2,5,1,5,1,0.2,9.99,1,0.0672,0.0883,0.1225,0.005426221549614632,-0.09280935556039577
AKS1,east,tracking,2647,14.883,1.0435,394.24,0,5,0,0,0,,,0,0.0,0.0883,0.0,0.011470837872609963,-0.1757839071297011
AKS1,north,detection,2647,14.883,0.3953,149.32,1,5,0,5,0,0.0,,1,0.0672,0.0883,0.0613,0.06237474212703752,-0.3001587574266743
AKS1,north,tracking,2647,14.883,0.9398,355.05,0,5,0,0,0,,,0,0.0,0.0883,0.0,0.009633512606918535,0.4783005599476109
AKS1,up,detection,2647,14.883,0.3106,117.35,3,5,0,5,0,0.0,,3,0.2016,0.0883,0.1838,0.013375773996553606,0.22490454779035887
AKS1,up,tracking,2647,14.883,0.9625,363.6,0,5,0,0,0,,,0,0.0,0.0883,0.0,-0.0005021873159498215,0.4354570011597288
AKSE,east,detection,2044,8.9008,0.2394,117.1,0,6,0,4,0,0.0,,0,0.0,0.2119,0.0,-0.005752693435765211,-1.032972369746573
AKSE,east,tracking,2044,8.9008,0.7071,345.95,0,6,0,0,0,,,0,0.0,0.2119,0.0,-0.018861404763413366,-0.9149286858735214
AKSE,north,detection,2044,8.9008,0.2364,115.65,0,6,0,4,0,0.0,,0,0.0,0.2119,0.0,0.011395223956725027,0.7961750090476472
AKSE,north,tracking,2044,8.9008,0.8174,399.93,0,6,0,0,0,,,0,0.0,0.2119,0.0,0.008646895390994391,0.8182463183445212
AKSE,up,detection,2044,8.9008,0.2363,115.59,3,6,0,3,0,0.0,,3,0.337,0.2119,0.2656,0.05887940972780563,-0.10226865679467864
AKSE,up,tracking,2044,8.9008,0.6958,340.39,0,6,0,0,0,,,0,0.0,0.2119,0.0,0.004657283556257772,0.3722531361786767
AKSI,east,detection,1252,8.5941,0.1467,117.14,0,6,0,3,0,0.0,,0,0.0,0.1841,0.0,-0.002987275037797766,-0.2110584387425082
AKSI,east,tracking,1252,8.5941,0.4125,329.5,0,6,0,0,0,,,0,0.0,0.1841,0.0,-0.013979906579493247,-0.11478534781446315
AKSI,north,detection,1252,8.5941,0.1808,144.42,0,6,0,3,0,0.0,,0,0.0,0.1841,0.0,-0.03028630921900237,0.19799495677082185
AKSI,north,tracking,1252,8.5941,0.4895,391.0,0,6,0,0,0,,,0,0.0,0.1841,0.0,-0.00995698457799851,0.02203648937562878
AKSI,up,detection,1252,8.5941,0.1478,118.02,0,6,0,3,0,0.0,,0,0.0,0.1841,0.0,0.00898583268275479,0.8694733236153395
AKSI,up,tracking,1252,8.5941,0.4415,352.64,0,6,0,0,0,,,0,0.0,0.1841,0.0,0.0024928491969051568,0.9203465302460455
AKSR,east,detection,2697,15.0363,0.3162,117.23,1,3,1,3,1,0.3333,1.01,0,0.0,0.0218,0.0651,-0.0006073582030104791,-0.6441762773845212
AKSR,east,tracking,2697,15.0363,1.0709,397.08,0,3,0,0,0,,,0,0.0,0.0218,0.0,0.004510992390406389,-0.6973331482487737
AKSR,north,detection,2697,15.0363,0.319,118.28,0,3,0,3,0,0.0,,0,0.0,0.0218,0.0,0.022029929733551716,0.299469526885062
AKSR,north,tracking,2697,15.0363,1.0413,386.11,0,3,0,0,0,,,0,0.0,0.0218,0.0,0.015373757107548265,0.394583517348017
AKSR,up,detection,2697,15.0363,0.3219,119.35,1,3,0,3,0,0.0,,1,0.0665,0.0218,0.0651,-0.0277984255971361,1.1340185310175177
AKSR,up,tracking,2697,15.0363,1.0525,390.26,0,3,0,0,0,,,0,0.0,0.0218,0.0,-0.005785422965010735,0.8077819589333803
AKTO,east,detection,7362,20.3203,0.9515,129.25,1,14,0,14,0,0.0,,1,0.0492,0.1454,0.0421,-0.01573066763833895,-0.4732226335604707
AKTO,east,tracking,7362,20.3203,3.2441,440.66,0,14,0,2,0,0.0,,0,0.0,0.1454,0.0,-0.026031102564875827,-0.26345965330845056
AKTO,north,detection,7362,20.3203,1.0237,139.05,1,14,1,14,1,0.0714,10.99,0,0.0,0.1454,0.0421,0.032697217357252666,-1.045259583457905
AKTO,north,tracking,7362,20.3203,3.2042,435.24,0,14,0,2,0,0.0,,0,0.0,0.1454,0.0,0.026858778488051866,-0.9292172547744113
AKTO,up,detection,7362,20.3203,0.8809,119.66,0,14,0,14,0,0.0,,0,0.0,0.1454,0.0,-0.007898280685112991,0.9599466793159959
AKTO,up,tracking,7362,20.3203,2.9357,398.77,0,14,0,2,0,0.0,,0,0.0,0.1454,0.0,-0.0034452194410985273,0.875401887894407
AKUR,east,detection,7457,25.0404,0.9333,125.15,9,5,0,4,0,0.0,,8,0.3195,0.0526,0.3405,-0.027124766280597134,0.1982805548471958
AKUR,east,tracking,7457,25.0404,2.9861,400.44,0,5,0,2,0,0.0,,0,0.0,0.0526,0.0,-0.009647512028812375,-0.24144241008218625
AKUR,north,detection,7457,25.0404,1.0029,134.5,5,5,0,4,0,0.0,,5,0.1997,0.0526,0.1892,0.012862584609209598,0.5978977811857866
AKUR,north,tracking,7457,25.0404,3.3443,448.48,1,5,0,2,0,0.0,,1,0.0399,0.0526,0.0378,0.022803795415312963,0.34725437834811484
AKUR,up,detection,7457,25.0404,0.8991,120.57,3,5,0,5,0,0.0,,3,0.1198,0.0526,0.1135,-0.0025645195423004224,0.29679880712900736
AKUR,up,tracking,7457,25.0404,3.1482,422.18,0,5,0,2,0,0.0,,0,0.0,0.0526,0.0,0.003895629025691022,0.13362588064302583
AKYR,east,detection,1111,3.9124,0.1289,116.05,0,2,0,1,0,0.0,,0,0.0,0.1302,0.0,0.01754617061066053,0.09022464891728495
AKYR,east,tracking,1111,3.9124,0.3197,287.72,0,2,0,0,0,,,0,0.0,0.1302,0.0,0.008380908860570881,0.12557862895326521
AKYR,north,detection,1111,3.9124,0.1272,114.51,0,2,0,1,0,0.0,,0,0.0,0.1302,0.0,-0.03739620551226867,0.43487557628213586
AKYR,north,tracking,1111,3.9124,0.3398,305.82,0,2,0,0,0,,,0,0.0,0.1302,0.0,-0.014092956972965235,0.34468830841074527
AKYR,up,detection,1111,3.9124,0.1679,151.11,1,2,0,1,0,0.0,,1,0.2556,0.1302,0.2223,-0.10226751373023099,0.5361362556423699
AKYR,up,tracking,1111,3.9124,0.323,290.71,0,2,0,0,0,,,0,0.0,0.1302,0.0,-0.002104512734124155,0.1567038257133417
AL81,east,detection,5495,15.28,0.6903,125.61,0,3,0,3,0,0.0,,0,0.0,0.0645,0.0,0.003928193727671151,-0.2536444687068041
AL81,east,tracking,5495,15.28,2.0777,378.11,0,3,0,0,0,,,0,0.0,0.0645,0.0,-0.013161670943527869,0.005620072866874375
AL81,north,detection,5495,15.28,0.7369,134.11,2,3,0,2,0,0.0,,2,0.1309,0.0645,0.1224,-0.017050380852378203,0.5875665116024956
AL81,north,tracking,5495,15.28,2.3811,433.32,1,3,0,0,0,,,1,0.0654,0.0645,0.0612,0.003017685693669332,0.2809070783085583
AL81,up,detection,5495,15.28,0.6597,120.05,3,3,0,2,0,0.0,,3,0.1963,0.0645,0.1837,0.06860217962596665,-0.9386261261249457
AL81,up,tracking,5495,15.28,2.0481,372.73,1,3,0,0,0,,,1,0.0654,0.0645,0.0612,0.01742571478963377,-0.14470588523353792
AL82,east,detection,5756,16.011,0.6661,115.72,0,2,0,2,0,0.0,,0,0.0,0.041,0.0,0.008403384762910901,-0.4135860962510837
AL82,east,tracking,5756,16.011,2.1641,375.97,0,2,0,0,0,,,0,0.0,0.041,0.0,-0.012719266822926902,-0.07746317909955176
AL82,north,detection,5756,16.011,0.6528,113.41,1,2,0,2,0,0.0,,1,0.0625,0.041,0.0599,-0.028939039742761442,0.8839332288605718
AL82,north,tracking,5756,16.011,2.2023,382.61,0,2,0,0,0,,,0,0.0,0.041,0.0,0.0007598189082006732,0.4079551835637008
AL82,up,detection,5756,16.011,0.6591,114.51,4,2,1,2,1,0.5,34.02,3,0.1874,0.041,0.2396,0.021575741605599587,0.40844617894711
AL82,up,tracking,5756,16.011,2.1049,365.69,1,2,0,0,0,,,1,0.0625,0.041,0.0599,0.018575587154515218,0.4694606404734774
AL83,east,detection,5099,15.2608,0.6049,118.64,0,2,0,2,0,0.0,,0,0.0,0.0431,0.0,0.00696245870004558,-0.7312517552636095
AL83,east,tracking,5099,15.2608,1.9777,387.86,0,2,0,0,0,,,0,0.0,0.0431,0.0,-0.012691017213397094,-0.4331812269573756
AL83,north,detection,5099,15.2608,0.6064,118.92,2,2,1,2,1,0.5,5.02,1,0.0655,0.0431,0.1254,-0.03011180987652132,0.9544033798861196
AL83,north,tracking,5099,15.2608,2.1314,417.99,0,2,0,0,0,,,0,0.0,0.0431,0.0,-0.0001730728325645398,0.4966366388456901
AL83,up,detection,5099,15.2608,0.6078,119.2,6,2,1,2,1,0.5,5.02,5,0.3276,0.0431,0.3762,0.02713421090543202,-0.21846351367079264
AL83,up,tracking,5099,15.2608,2.082,408.31,0,2,0,0,0,,,0,0.0,0.0431,0.0,-0.003326299119133175,0.24324078600600232
AL84,east,detection,6041,16.9281,0.7803,129.17,1,3,0,3,0,0.0,,1,0.0591,0.0582,0.0556,-0.0022772945032118767,0.6068658434100422
AL84,east,tracking,6041,16.9281,2.5835,427.67,0,3,0,0,0,,,0,0.0,0.0582,0.0,-0.012530370996004783,0.7804760781019052
AL84,north,detection,6041,16.9281,0.8361,138.41,3,3,1,3,1,0.3333,11.01,2,0.1181,0.0582,0.1669,-0.01649620211926639,1.020382822407498
AL84,north,tracking,6041,16.9281,2.4341,402.93,1,3,0,0,0,,,1,0.0591,0.0582,0.0556,0.0004945268277800203,0.731319401545679
AL84,up,detection,6041,16.9281,0.8492,140.58,3,3,0,3,0,0.0,,3,0.1772,0.0582,0.1669,0.34222231524783037,-5.307098425224681
AL84,up,tracking,6041,16.9281,2.413,399.44,1,3,0,0,0,,,1,0.0591,0.0582,0.0556,0.01644372436850179,0.20824346911988653
AL90,east,detection,6961,19.5291,0.943,135.47,0,3,0,3,0,0.0,,0,0.0,0.0505,0.0,0.01417169207319989,-0.8089686575471334
AL90,east,tracking,6961,19.5291,2.623,376.82,0,3,0,0,0,,,0,0.0,0.0505,0.0,-0.012894591802672046,-0.2856758565001307
AL90,north,detection,6961,19.5291,0.9351,134.34,3,3,1,3,1,0.3333,27.99,2,0.1024,0.0505,0.1459,-0.03462357267506445,1.3806127135513464
AL90,north,tracking,6961,19.5291,2.5786,370.43,0,3,0,0,0,,,0,0.0,0.0505,0.0,-7.4113652834450305e-06,0.7044963514183594
AL90,up,detection,6961,19.5291,0.824,118.38,1,3,1,3,1,0.3333,27.99,0,0.0,0.0505,0.0486,-0.009242531563908599,-0.21132403501384758
AL90,up,tracking,6961,19.5291,2.5836,371.16,0,3,0,0,0,,,0,0.0,0.0505,0.0,-0.0015998353740701182,-0.35969117804254136
AL92,east,detection,5942,16.8898,0.6766,113.87,0,2,0,2,0,0.0,,0,0.0,0.0389,0.0,-0.002736277999343968,0.48190911586359425
AL92,east,tracking,5942,16.8898,2.1555,362.76,0,2,0,0,0,,,0,0.0,0.0389,0.0,-0.01309428763746681,0.655001039246544
AL92,north,detection,5942,16.8898,0.6738,113.4,5,2,1,2,1,0.5,8.01,4,0.2368,0.0389,0.2845,-0.020932973071115087,1.0409386318296934
AL92,north,tracking,5942,16.8898,2.1447,360.94,0,2,0,0,0,,,0,0.0,0.0389,0.0,0.001092576178376706,0.6679085695096354
AL92,up,detection,5942,16.8898,0.6764,113.83,4,2,0,2,0,0.0,,4,0.2368,0.0389,0.2276,0.04952435823490976,0.11286269573424597
AL92,up,tracking,5942,16.8898,2.1194,356.68,1,2,0,0,0,,,1,0.0592,0.0389,0.0569,0.0037246934034256447,0.8860690446922032
ALA2,east,detection,1686,5.3908,0.2365,140.3,0,1,0,1,0,0.0,,0,0.0,0.0609,0.0,0.04724506099634981,0.3326552149354079
ALA2,east,tracking,1686,5.3908,0.6709,397.95,0,1,0,0,0,,,0,0.0,0.0609,0.0,0.030194811393305744,0.4181294723512944
ALA2,north,detection,1686,5.3908,0.3029,179.66,0,1,0,1,0,0.0,,0,0.0,0.0609,0.0,-0.002667517598568126,0.23053744756844874
ALA2,north,tracking,1686,5.3908,0.6289,372.99,0,1,0,0,0,,,0,0.0,0.0609,0.0,0.0025885356684407198,0.20615490434041917
ALA2,up,detection,1686,5.3908,0.2498,148.19,0,1,0,1,0,0.0,,0,0.0,0.0609,0.0,0.07259942131779686,-0.20308185598264208
ALA2,up,tracking,1686,5.3908,0.5597,331.96,0,1,0,0,0,,,0,0.0,0.0609,0.0,0.00026011881949247794,0.17348552415487722
ALAC,east,detection,10011,28.4435,1.1964,119.51,1,3,0,3,0,0.0,,1,0.0352,0.0231,0.0343,0.0013724068182613927,1.4456753766932946
ALAC,east,tracking,10011,28.4435,3.9844,398.0,0,3,0,0,0,,,0,0.0,0.0231,0.0,0.020777808049754678,0.8932990125167115
ALAC,north,detection,10011,28.4435,1.2352,123.38,1,3,0,3,0,0.0,,1,0.0352,0.0231,0.0343,0.004010522757678157,1.331889205774822
ALAC,north,tracking,10011,28.4435,4.3815,437.66,0,3,0,0,0,,,0,0.0,0.0231,0.0,0.015294481609647722,1.0103902893607017
ALAC,up,detection,10011,28.4435,1.1631,116.18,4,3,0,3,0,0.0,,4,0.1406,0.0231,0.1374,-0.002994363020838548,0.4043627790933192
ALAC,up,tracking,10011,28.4435,4.1171,411.26,1,3,0,0,0,,,1,0.0352,0.0231,0.0343,-0.001524230005978365,0.358161707421778
ALAL,east,detection,7178,21.4182,0.8782,122.35,3,11,1,11,1,0.0909,4.99,2,0.0934,0.1381,0.1207,-0.0449986037107626,0.5260349142841982
ALAL,east,tracking,7178,21.4182,2.7081,377.28,1,11,0,0,0,,,0,0.0,0.1381,0.0402,-0.04398548350389165,0.513594228333835
ALAL,north,detection,7178,21.4182,0.8274,115.26,2,11,1,11,1,0.0909,4.99,1,0.0467,0.1381,0.0805,0.006914511577988103,0.8681290702859498
ALAL,north,tracking,7178,21.4182,2.6787,373.18,1,11,0,3,0,0.0,,1,0.0467,0.1381,0.0402,-0.004843503156398637,1.1188739864223827
ALAL,up,detection,7178,21.4182,0.8301,115.65,2,11,0,10,0,0.0,,1,0.0467,0.1381,0.0805,-0.009617094521289183,0.8062809254815342
ALAL,up,tracking,7178,21.4182,2.6665,371.49,1,11,0,3,0,0.0,,1,0.0467,0.1381,0.0402,0.0023759509813318647,0.546071215892308
ALAM,east,detection,6460,27.1923,0.7392,114.43,0,6,0,4,0,0.0,,0,0.0,0.0671,0.0,0.00177401132396716,-0.10390983594221476
ALAM,east,tracking,6460,27.1923,2.3762,367.83,0,6,0,0,0,,,0,0.0,0.0671,0.0,-0.015069575258090653,0.3534030295400261
ALAM,north,detection,6460,27.1923,0.7214,111.67,0,6,0,4,0,0.0,,0,0.0,0.0671,0.0,-0.03481392506403951,1.301506930877342
ALAM,north,tracking,6460,27.1923,2.3127,358.0,0,6,0,0,0,,,0,0.0,0.0671,0.0,-0.009048761689664076,0.5992587556556846
ALAM,up,detection,6460,27.1923,0.7042,109.01,0,6,0,4,0,0.0,,0,0.0,0.0671,0.0,0.004491604040674993,-0.11589617635180985
ALAM,up,tracking,6460,27.1923,2.312,357.89,0,6,0,0,0,,,0,0.0,0.0671,0.0,-0.0007471788898179963,0.022728380367326634
ALAN,east,detection,5803,16.1205,0.6886,118.66,0,2,0,2,0,0.0,,0,0.0,0.0408,0.0,0.005455081990988286,-0.23099416818710508
ALAN,east,tracking,5803,16.1205,2.3367,402.68,0,2,0,0,0,,,0,0.0,0.0408,0.0,-0.01263821182308874,0.059753403710693855
ALAN,north,detection,5803,16.1205,0.6869,118.37,0,2,0,2,0,0.0,,0,0.0,0.0408,0.0,-0.027230611021188983,0.7335652814569787
ALAN,north,tracking,5803,16.1205,2.4151,416.19,0,2,0,0,0,,,0,0.0,0.0408,0.0,0.0007579172391673841,0.2815042224306008
ALAN,up,detection,5803,16.1205,0.6833,117.75,3,2,0,2,0,0.0,,3,0.1861,0.0408,0.1785,-0.0445224394868373,0.9423013442178649
ALAN,up,tracking,5803,16.1205,2.2917,394.91,1,2,0,0,0,,,1,0.062,0.0408,0.0595,0.0166353515785541,-0.02217888828402177
ALAT,east,detection,4767,14.13,0.8863,185.93,3,6,2,5,2,0.4,30.5,1,0.0708,0.075,0.1964,0.005934375170004413,0.10060687300628587
ALAT,east,tracking,4767,14.13,2.0439,428.75,0,6,0,0,0,,,0,0.0,0.075,0.0,0.020665467263106124,-0.10902378469967673
ALAT,north,detection,4767,14.13,0.5876,123.26,1,6,1,5,1,0.2,29.02,0,0.0,0.075,0.0655,-0.00020799900592540204,0.6306591432891218
ALAT,north,tracking,4767,14.13,1.8698,392.23,0,6,0,0,0,,,0,0.0,0.075,0.0,0.018705713496813933,0.36554591750370774
ALAT,up,detection,4767,14.13,0.6659,139.69,1,6,0,6,0,0.0,,1,0.0708,0.075,0.0655,0.03952562616786326,0.018709871599721643
ALAT,up,tracking,4767,14.13,1.7732,371.98,0,6,0,0,0,,,0,0.0,0.075,0.0,-0.001851069605201064,0.5980939611280871
ALB3,east,detection,1634,13.1718,0.1954,119.59,1,3,0,3,0,0.0,,1,0.0759,0.0748,0.0702,-0.003908351720180956,0.34133961208673125
ALB3,east,tracking,1634,13.1718,0.5301,324.43,0,3,0,0,0,,,0,0.0,0.0748,0.0,0.004709242321080051,0.23002547184616212
ALB3,north,detection,1634,13.1718,0.1879,114.98,0,3,0,3,0,0.0,,0,0.0,0.0748,0.0,0.025908991862924606,0.10859992445460287
ALB3,north,tracking,1634,13.1718,0.5448,333.4,0,3,0,0,0,,,0,0.0,0.0748,0.0,0.014403177029369956,0.26122325689379383
ALB3,up,detection,1634,13.1718,0.1869,114.37,1,3,0,3,0,0.0,,1,0.0759,0.0748,0.0702,0.059544847311620026,-0.325688159056832
ALB3,up,tracking,1634,13.1718,0.52,318.23,0,3,0,0,0,,,0,0.0,0.0748,0.0,-0.013065891514108887,0.6118615198618736
ALBH,east,detection,11849,32.6352,1.3523,114.13,2,11,0,10,0,0.0,,2,0.0613,0.0906,0.0557,0.019202022558876767,-0.8348048082029422
ALBH,east,tracking,11849,32.6352,4.6164,389.6,0,11,0,6,0,0.0,,0,0.0,0.0906,0.0,-0.007465364859383555,0.03311869087280194
ALBH,north,detection,11849,32.6352,1.35,113.93,0,11,0,10,0,0.0,,0,0.0,0.0906,0.0,-0.01596098747769236,0.32245070877281384
ALBH,north,tracking,11849,32.6352,4.4509,375.64,0,11,0,6,0,0.0,,0,0.0,0.0906,0.0,-0.007709404384736705,0.04979108006605712
ALBH,up,detection,11849,32.6352,1.3203,111.43,6,11,1,10,1,0.1,6.01,5,0.1532,0.0906,0.1672,-0.012643420216890498,1.187166698887859
ALBH,up,tracking,11849,32.6352,4.3577,367.77,0,11,0,6,0,0.0,,0,0.0,0.0906,0.0,-0.0005104127159634285,0.7868449604931161
ALBO,east,detection,2956,10.6558,0.5083,171.97,0,2,0,1,0,0.0,,0,0.0,0.0617,0.0,0.005458499094959558,-0.6450291139693553
ALBO,east,tracking,2956,10.6558,1.319,446.22,0,2,0,0,0,,,0,0.0,0.0617,0.0,0.01760843912717112,-0.7768667635797025
ALBO,north,detection,2956,10.6558,0.5057,171.08,0,2,0,1,0,0.0,,0,0.0,0.0617,0.0,0.021089727846180285,0.8735826207279092
ALBO,north,tracking,2956,10.6558,1.1397,385.57,0,2,0,0,0,,,0,0.0,0.0617,0.0,0.01776173724778047,0.9071679801359919
ALBO,up,detection,2956,10.6558,0.3549,120.07,1,2,0,1,0,0.0,,1,0.0938,0.0617,0.0881,-0.0016481875411518796,0.23559771917368766
ALBO,up,tracking,2956,10.6558,1.109,375.16,0,2,0,0,0,,,0,0.0,0.0617,0.0,-0.0009515808911795088,0.2271441168540688
ALBU,east,detection,5367,15.6961,0.6489,120.9,1,4,0,4,0,0.0,,1,0.0637,0.0837,0.0584,-0.0013492856420267263,-0.3310397120688484
ALBU,east,tracking,5367,15.6961,2.2479,418.85,1,4,0,0,0,,,1,0.0637,0.0837,0.0584,-0.012633276534582894,-0.15517807735688213
ALBU,north,detection,5367,15.6961,0.6244,116.35,0,4,0,4,0,0.0,,0,0.0,0.0837,0.0,-0.024669577589566498,1.0981470982469332
ALBU,north,tracking,5367,15.6961,2.517,468.98,1,4,0,0,0,,,1,0.0637,0.0837,0.0584,0.00018875898673321532,0.7052559873551277
ALBU,up,detection,5367,15.6961,0.6864,127.9,3,4,0,4,0,0.0,,3,0.1911,0.0837,0.1751,0.042645870988241144,0.1877757594414472
ALBU,up,tracking,5367,15.6961,2.116,394.27,1,4,0,0,0,,,1,0.0637,0.0837,0.0584,0.018298005575896958,0.5815726623584102
ALCH,east,detection,5288,15.5127,0.6179,116.85,0,2,0,2,0,0.0,,0,0.0,0.0424,0.0,0.0054453613361114895,0.060496064159508214
ALCH,east,tracking,5288,15.5127,1.9835,375.1,0,2,0,0,0,,,0,0.0,0.0424,0.0,-0.012269580546356088,0.3330104760392374
ALCH,north,detection,5288,15.5127,0.6176,116.8,3,2,1,2,1,0.5,17.0,2,0.1289,0.0424,0.1852,-0.038313906200740405,0.7932432658740943
ALCH,north,tracking,5288,15.5127,1.9624,371.1,0,2,0,0,0,,,0,0.0,0.0424,0.0,-5.7785000551172175e-05,0.19986635354533014
ALCH,up,detection,5288,15.5127,0.6024,113.92,3,2,1,2,1,0.5,17.0,2,0.1289,0.0424,0.1852,0.07651511525158573,-0.41120614574633085
ALCH,up,tracking,5288,15.5127,1.9906,376.44,0,2,0,0,0,,,0,0.0,0.0424,0.0,-0.0018844376288072442,0.8012903255673125
ALDI,east,detection,6188,17.2348,0.7079,114.41,0,3,0,3,0,0.0,,0,0.0,0.0572,0.0,-0.021760689009201903,0.8589921306882238
ALDI,east,tracking,6188,17.2348,2.2668,366.33,0,3,0,0,0,,,0,0.0,0.0572,0.0,-0.012135489531889605,0.6924000628702469
ALDI,north,detection,6188,17.2348,0.6964,112.54,2,3,0,2,0,0.0,,2,0.116,0.0572,0.1094,-0.021094698526252474,1.2627966464760054
ALDI,north,tracking,6188,17.2348,2.2661,366.21,0,3,0,0,0,,,0,0.0,0.0572,0.0,-0.0004137106960125434,0.9057025225177497
ALDI,up,detection,6188,17.2348,0.712,115.07,4,3,1,2,1,0.5,1.01,3,0.1741,0.0572,0.2188,-0.0037379444852128824,-0.16921503122253095
ALDI,up,tracking,6188,17.2348,2.2796,368.39,1,3,0,0,0,,,1,0.058,0.0572,0.0547,0.0018539307847966504,-0.26092951275085546
