station,component,config,step_year,step_index,code,magnitude,distance_km,threshold_km,dist_ratio,mag_bin,dist_bin,ratio_bin,reachable,detected,delay_days
01NA,east,detection,2017.3388090349076,1674,1,,,,,none,none,none,True,False,
01NA,east,detection,2017.3388090349076,1674,1,,,,,none,none,none,True,False,
01NA,east,detection,2019.4770704996577,2262,2,7.3,703.652,724.436,0.9713,>=7,>=100,0.5-1,True,False,
01NA,east,tracking,2017.3388090349076,1674,1,,,,,none,none,none,False,False,
01NA,east,tracking,2017.3388090349076,1674,1,,,,,none,none,none,False,False,
01NA,east,tracking,2019.4770704996577,2262,2,7.3,703.652,724.436,0.9713,>=7,>=100,0.5-1,False,False,
01NA,north,detection,2017.3388090349076,1674,1,,,,,none,none,none,True,False,
01NA,north,detection,2017.3388090349076,1674,1,,,,,none,none,none,True,False,
01NA,north,detection,2019.4770704996577,2262,2,7.3,703.652,724.436,0.9713,>=7,>=100,0.5-1,True,False,
01NA,north,tracking,2017.3388090349076,1674,1,,,,,none,none,none,False,False,
01NA,north,tracking,2017.3388090349076,1674,1,,,,,none,none,none,False,False,
01NA,north,tracking,2019.4770704996577,2262,2,7.3,703.652,724.436,0.9713,>=7,>=100,0.5-1,False,False,
01NA,up,detection,2017.3388090349076,1674,1,,,,,none,none,none,True,False,
01NA,up,detection,2017.3388090349076,1674,1,,,,,none,none,none,True,False,
01NA,up,detection,2019.4770704996577,2262,2,7.3,703.652,724.436,0.9713,>=7,>=100,0.5-1,True,False,
01NA,up,tracking,2017.3388090349076,1674,1,,,,,none,none,none,False,False,
01NA,up,tracking,2017.3388090349076,1674,1,,,,,none,none,none,False,False,
01NA,up,tracking,2019.4770704996577,2262,2,7.3,703.652,724.436,0.9713,>=7,>=100,0.5-1,False,False,
1LSU,east,detection,2003.7672826830938,150,1,,,,,none,none,none,False,False,
1LSU,east,detection,2003.7672826830938,150,1,,,,,none,none,none,False,False,
1LSU,east,detection,2003.7672826830938,150,1,,,,,none,none,none,False,False,
1LSU,east,detection,2003.7672826830938,150,1,,,,,none,none,none,False,False,
1LSU,east,detection,2003.7672826830938,150,1,,,,,none,none,none,False,False,
1LSU,east,detection,2003.7672826830938,150,1,,,,,none,none,none,False,False,
1LSU,east,detection,2003.7672826830938,150,1,,,,,none,none,none,False,False,
1LSU,east,detection,2005.6810403832992,780,1,,,,,none,none,none,True,False,
1LSU,east,detection,2006.3572895277207,1022,1,,,,,none,none,none,True,False,
1LSU,east,detection,2008.4681724845996,1792,1,,,,,none,none,none,True,False,
1LSU,east,detection,2008.476386036961,1793,1,,,,,none,none,none,True,False,
1LSU,east,detection,2010.2833675564682,2391,1,,,,,none,none,none,True,False,
1LSU,east,detection,2014.0369609856264,3756,1,,,,,none,none,none,True,False,
1LSU,east,detection,2014.5763175906914,3932,1,,,,,none,none,none,True,False,
1LSU,east,detection,2018.4914442162901,5111,1,,,,,none,none,none,True,False,
1LSU,east,detection,2017.6865160848733,4817,2,8.2,1733.135,2041.738,0.8489,>=7,>=100,0.5-1,True,False,
1LSU,east,tracking,2003.7672826830938,150,1,,,,,none,none,none,False,False,
1LSU,east,tracking,2003.7672826830938,150,1,,,,,none,none,none,False,False,
1LSU,east,tracking,2003.7672826830938,150,1,,,,,none,none,none,False,False,
1LSU,east,tracking,2003.7672826830938,150,1,,,,,none,none,none,False,False,
1LSU,east,tracking,2003.7672826830938,150,1,,,,,none,none,none,False,False,
1LSU,east,tracking,2003.7672826830938,150,1,,,,,none,none,none,False,False,
1LSU,east,tracking,2003.7672826830938,150,1,,,,,none,none,none,False,False,
1LSU,east,tracking,2005.6810403832992,780,1,,,,,none,none,none,False,False,
1LSU,east,tracking,2006.3572895277207,1022,1,,,,,none,none,none,False,False,
1LSU,east,tracking,2008.4681724845996,1792,1,,,,,none,none,none,False,False,
1LSU,east,tracking,2008.476386036961,1793,1,,,,,none,none,none,False,False,
1LSU,east,tracking,2010.2833675564682,2391,1,,,,,none,none,none,False,False,
1LSU,east,tracking,2014.0369609856264,3756,1,,,,,none,none,none,False,False,
1LSU,east,tracking,2014.5763175906914,3932,1,,,,,none,none,none,False,False,
1LSU,east,tracking,2018.4914442162901,5111,1,,,,,none,none,none,True,False,
1LSU,east,tracking,2017.6865160848733,4817,2,8.2,1733.135,2041.738,0.8489,>=7,>=100,0.5-1,False,False,
1LSU,north,detection,2003.7672826830938,150,1,,,,,none,none,none,False,False,
1LSU,north,detection,2003.7672826830938,150,1,,,,,none,none,none,False,False,
1LSU,north,detection,2003.7672826830938,150,1,,,,,none,none,none,False,False,
1LSU,north,detection,2003.7672826830938,150,1,,,,,none,none,none,False,False,
1LSU,north,detection,2003.7672826830938,150,1,,,,,none,none,none,False,False,
1LSU,north,detection,2003.7672826830938,150,1,,,,,none,none,none,False,False,
1LSU,north,detection,2003.7672826830938,150,1,,,,,none,none,none,False,False,
1LSU,north,detection,2005.6810403832992,780,1,,,,,none,none,none,True,False,
1LSU,north,detection,2006.3572895277207,1022,1,,,,,none,none,none,True,False,
1LSU,north,detection,2008.4681724845996,1792,1,,,,,none,none,none,True,False,
1LSU,north,detection,2008.476386036961,1793,1,,,,,none,none,none,True,False,
1LSU,north,detection,2010.2833675564682,2391,1,,,,,none,none,none,True,False,
1LSU,north,detection,2014.0369609856264,3756,1,,,,,none,none,none,True,False,
1LSU,north,detection,2014.5763175906914,3932,1,,,,,none,none,none,True,False,
1LSU,north,detection,2018.4914442162901,5111,1,,,,,none,none,none,True,False,
1LSU,north,detection,2017.6865160848733,4817,2,8.2,1733.135,2041.738,0.8489,>=7,>=100,0.5-1,True,False,
1LSU,north,tracking,2003.7672826830938,150,1,,,,,none,none,none,False,False,
1LSU,north,tracking,2003.7672826830938,150,1,,,,,none,none,none,False,False,
1LSU,north,tracking,2003.7672826830938,150,1,,,,,none,none,none,False,False,
1LSU,north,tracking,2003.7672826830938,150,1,,,,,none,none,none,False,False,
1LSU,north,tracking,2003.7672826830938,150,1,,,,,none,none,none,False,False,
1LSU,north,tracking,2003.7672826830938,150,1,,,,,none,none,none,False,False,
1LSU,north,tracking,2003.7672826830938,150,1,,,,,none,none,none,False,False,
1LSU,north,tracking,2005.6810403832992,780,1,,,,,none,none,none,False,False,
1LSU,north,tracking,2006.3572895277207,1022,1,,,,,none,none,none,False,False,
1LSU,north,tracking,2008.4681724845996,1792,1,,,,,none,none,none,False,False,
1LSU,north,tracking,2008.476386036961,1793,1,,,,,none,none,none,False,False,
1LSU,north,tracking,2010.2833675564682,2391,1,,,,,none,none,none,False,False,
1LSU,north,tracking,2014.0369609856264,3756,1,,,,,none,none,none,False,False,
1LSU,north,tracking,2014.5763175906914,3932,1,,,,,none,none,none,False,False,
1LSU,north,tracking,2018.4914442162901,5111,1,,,,,none,none,none,True,False,
1LSU,north,tracking,2017.6865160848733,4817,2,8.2,1733.135,2041.738,0.8489,>=7,>=100,0.5-1,False,False,
1LSU,up,detection,2003.7672826830938,150,1,,,,,none,none,none,False,False,
1LSU,up,detection,2003.7672826830938,150,1,,,,,none,none,none,False,False,
1LSU,up,detection,2003.7672826830938,150,1,,,,,none,none,none,False,False,
1LSU,up,detection,2003.7672826830938,150,1,,,,,none,none,none,False,False,
1LSU,up,detection,2003.7672826830938,150,1,,,,,none,none,none,False,False,
1LSU,up,detection,2003.7672826830938,150,1,,,,,none,none,none,False,False,
1LSU,up,detection,2003.7672826830938,150,1,,,,,none,none,none,False,False,
1LSU,up,detection,2005.6810403832992,780,1,,,,,none,none,none,True,False,
1LSU,up,detection,2006.3572895277207,1022,1,,,,,none,none,none,True,False,
1LSU,up,detection,2008.4681724845996,1792,1,,,,,none,none,none,True,True,8.01
1LSU,up,detection,2008.476386036961,1793,1,,,,,none,none,none,True,False,
1LSU,up,detection,2010.2833675564682,2391,1,,,,,none,none,none,True,False,
1LSU,up,detection,2014.0369609856264,3756,1,,,,,none,none,none,True,False,
1LSU,up,detection,2014.5763175906914,3932,1,,,,,none,none,none,True,False,
1LSU,up,detection,2018.4914442162901,5111,1,,,,,none,none,none,True,False,
1LSU,up,detection,2017.6865160848733,4817,2,8.2,1733.135,2041.738,0.8489,>=7,>=100,0.5-1,True,False,
1LSU,up,tracking,2003.7672826830938,150,1,,,,,none,none,none,False,False,
1LSU,up,tracking,2003.7672826830938,150,1,,,,,none,none,none,False,False,
1LSU,up,tracking,2003.7672826830938,150,1,,,,,none,none,none,False,False,
1LSU,up,tracking,2003.7672826830938,150,1,,,,,none,none,none,False,False,
1LSU,up,tracking,2003.7672826830938,150,1,,,,,none,none,none,False,False,
1LSU,up,tracking,2003.7672826830938,150,1,,,,,none,none,none,False,False,
1LSU,up,tracking,2003.7672826830938,150,1,,,,,none,none,none,False,False,
1LSU,up,tracking,2005.6810403832992,780,1,,,,,none,none,none,False,False,
1LSU,up,tracking,2006.3572895277207,1022,1,,,,,none,none,none,False,False,
1LSU,up,tracking,2008.4681724845996,1792,1,,,,,none,none,none,False,False,
1LSU,up,tracking,2008.476386036961,1793,1,,,,,none,none,none,False,False,
1LSU,up,tracking,2010.2833675564682,2391,1,,,,,none,none,none,False,False,
1LSU,up,tracking,2014.0369609856264,3756,1,,,,,none,none,none,False,False,
1LSU,up,tracking,2014.5763175906914,3932,1,,,,,none,none,none,False,False,
1LSU,up,tracking,2018.4914442162901,5111,1,,,,,none,none,none,True,False,
1LSU,up,tracking,2017.6865160848733,4817,2,8.2,1733.135,2041.738,0.8489,>=7,>=100,0.5-1,False,False,
1NSU,east,detection,2006.0260095824779,662,1,,,,,none,none,none,True,False,
1NSU,east,detection,2006.0260095824779,662,1,,,,,none,none,none,True,False,
1NSU,east,detection,2010.570841889117,2304,1,,,,,none,none,none,True,False,
1NSU,east,detection,2019.6741957563313,5608,1,,,,,none,none,none,True,False,
1NSU,east,detection,2017.6865160848733,4883,2,8.2,1861.914,2041.738,0.9119,>=7,>=100,0.5-1,True,False,
1NSU,east,tracking,2006.0260095824779,662,1,,,,,none,none,none,False,False,
1NSU,east,tracking,2006.0260095824779,662,1,,,,,none,none,none,False,False,
1NSU,east,tracking,2010.570841889117,2304,1,,,,,none,none,none,False,False,
1NSU,east,tracking,2019.6741957563313,5608,1,,,,,none,none,none,True,False,
1NSU,east,tracking,2017.6865160848733,4883,2,8.2,1861.914,2041.738,0.9119,>=7,>=100,0.5-1,False,False,
1NSU,north,detection,2006.0260095824779,662,1,,,,,none,none,none,True,False,
1NSU,north,detection,2006.0260095824779,662,1,,,,,none,none,none,True,False,
1NSU,north,detection,2010.570841889117,2304,1,,,,,none,none,none,True,False,
1NSU,north,detection,2019.6741957563313,5608,1,,,,,none,none,none,True,False,
1NSU,north,detection,2017.6865160848733,4883,2,8.2,1861.914,2041.738,0.9119,>=7,>=100,0.5-1,True,False,
1NSU,north,tracking,2006.0260095824779,662,1,,,,,none,none,none,False,False,
1NSU,north,tracking,2006.0260095824779,662,1,,,,,none,none,none,False,False,
1NSU,north,tracking,2010.570841889117,2304,1,,,,,none,none,none,False,False,
1NSU,north,tracking,2019.6741957563313,5608,1,,,,,none,none,none,True,False,
1NSU,north,tracking,2017.6865160848733,4883,2,8.2,1861.914,2041.738,0.9119,>=7,>=100,0.5-1,False,False,
1NSU,up,detection,2006.0260095824779,662,1,,,,,none,none,none,True,False,
1NSU,up,detection,2006.0260095824779,662,1,,,,,none,none,none,True,False,
1NSU,up,detection,2010.570841889117,2304,1,,,,,none,none,none,True,False,
1NSU,up,detection,2019.6741957563313,5608,1,,,,,none,none,none,True,False,
1NSU,up,detection,2017.6865160848733,4883,2,8.2,1861.914,2041.738,0.9119,>=7,>=100,0.5-1,True,False,
1NSU,up,tracking,2006.0260095824779,662,1,,,,,none,none,none,False,False,
1NSU,up,tracking,2006.0260095824779,662,1,,,,,none,none,none,False,False,
1NSU,up,tracking,2010.570841889117,2304,1,,,,,none,none,none,False,False,
1NSU,up,tracking,2019.6741957563313,5608,1,,,,,none,none,none,True,False,
1NSU,up,tracking,2017.6865160848733,4883,2,8.2,1861.914,2041.738,0.9119,>=7,>=100,0.5-1,False,False,
1ULM,east,detection,2005.6700889801507,728,1,,,,,none,none,none,True,False,
1ULM,east,detection,2005.6700889801507,728,1,,,,,none,none,none,True,False,
1ULM,east,detection,2010.56810403833,2463,1,,,,,none,none,none,True,False,
1ULM,east,detection,2019.7481177275838,5730,1,,,,,none,none,none,True,False,
1ULM,east,detection,2017.6865160848733,4981,2,8.2,1955.384,2041.738,0.9577,>=7,>=100,0.5-1,True,False,
1ULM,east,tracking,2005.6700889801507,728,1,,,,,none,none,none,False,False,
1ULM,east,tracking,2005.6700889801507,728,1,,,,,none,none,none,False,False,
1ULM,east,tracking,2010.56810403833,2463,1,,,,,none,none,none,False,False,
1ULM,east,tracking,2019.7481177275838,5730,1,,,,,none,none,none,True,False,
1ULM,east,tracking,2017.6865160848733,4981,2,8.2,1955.384,2041.738,0.9577,>=7,>=100,0.5-1,False,False,
1ULM,north,detection,2005.6700889801507,728,1,,,,,none,none,none,True,False,
1ULM,north,detection,2005.6700889801507,728,1,,,,,none,none,none,True,False,
1ULM,north,detection,2010.56810403833,2463,1,,,,,none,none,none,True,False,
1ULM,north,detection,2019.7481177275838,5730,1,,,,,none,none,none,True,False,
1ULM,north,detection,2017.6865160848733,4981,2,8.2,1955.384,2041.738,0.9577,>=7,>=100,0.5-1,True,False,
1ULM,north,tracking,2005.6700889801507,728,1,,,,,none,none,none,False,False,
1ULM,north,tracking,2005.6700889801507,728,1,,,,,none,none,none,False,False,
1ULM,north,tracking,2010.56810403833,2463,1,,,,,none,none,none,False,False,
1ULM,north,tracking,2019.7481177275838,5730,1,,,,,none,none,none,True,False,
1ULM,north,tracking,2017.6865160848733,4981,2,8.2,1955.384,2041.738,0.9577,>=7,>=100,0.5-1,False,False,
1ULM,up,detection,2005.6700889801507,728,1,,,,,none,none,none,True,False,
1ULM,up,detection,2005.6700889801507,728,1,,,,,none,none,none,True,False,
1ULM,up,detection,2010.56810403833,2463,1,,,,,none,none,none,True,False,
1ULM,up,detection,2019.7481177275838,5730,1,,,,,none,none,none,True,False,
1ULM,up,detection,2017.6865160848733,4981,2,8.2,1955.384,2041.738,0.9577,>=7,>=100,0.5-1,True,False,
1ULM,up,tracking,2005.6700889801507,728,1,,,,,none,none,none,False,False,
1ULM,up,tracking,2005.6700889801507,728,1,,,,,none,none,none,False,False,
1ULM,up,tracking,2010.56810403833,2463,1,,,,,none,none,none,False,False,
1ULM,up,tracking,2019.7481177275838,5730,1,,,,,none,none,none,True,False,
1ULM,up,tracking,2017.6865160848733,4981,2,8.2,1955.384,2041.738,0.9577,>=7,>=100,0.5-1,False,False,
25MA,east,detection,2014.2477754962354,308,2,8.2,2041.043,2041.738,0.9997,>=7,>=100,0.5-1,True,False,
25MA,east,detection,2015.7070499657768,834,2,8.3,778.377,2290.868,0.3398,>=7,>=100,0.25-0.5,True,False,
25MA,east,detection,2016.9828884325805,1298,2,7.6,817.357,1023.293,0.7988,>=7,>=100,0.5-1,True,False,
25MA,east,detection,2023.5400410677619,3670,2,6.6,243.416,323.594,0.7522,6-7,>=100,0.5-1,True,False,
25MA,east,tracking,2014.2477754962354,308,2,8.2,2041.043,2041.738,0.9997,>=7,>=100,0.5-1,False,False,
25MA,east,tracking,2015.7070499657768,834,2,8.3,778.377,2290.868,0.3398,>=7,>=100,0.25-0.5,False,False,
25MA,east,tracking,2016.9828884325805,1298,2,7.6,817.357,1023.293,0.7988,>=7,>=100,0.5-1,False,False,
25MA,east,tracking,2023.5400410677619,3670,2,6.6,243.416,323.594,0.7522,6-7,>=100,0.5-1,False,False,
25MA,north,detection,2014.2477754962354,308,2,8.2,2041.043,2041.738,0.9997,>=7,>=100,0.5-1,True,False,
25MA,north,detection,2015.7070499657768,834,2,8.3,778.377,2290.868,0.3398,>=7,>=100,0.25-0.5,True,False,
25MA,north,detection,2016.9828884325805,1298,2,7.6,817.357,1023.293,0.7988,>=7,>=100,0.5-1,True,False,
25MA,north,detection,2023.5400410677619,3670,2,6.6,243.416,323.594,0.7522,6-7,>=100,0.5-1,True,False,
25MA,north,tracking,2014.2477754962354,308,2,8.2,2041.043,2041.738,0.9997,>=7,>=100,0.5-1,False,False,
25MA,north,tracking,2015.7070499657768,834,2,8.3,778.377,2290.868,0.3398,>=7,>=100,0.25-0.5,False,False,
25MA,north,tracking,2016.9828884325805,1298,2,7.6,817.357,1023.293,0.7988,>=7,>=100,0.5-1,False,False,
25MA,north,tracking,2023.5400410677619,3670,2,6.6,243.416,323.594,0.7522,6-7,>=100,0.5-1,False,False,
25MA,up,detection,2014.2477754962354,308,2,8.2,2041.043,2041.738,0.9997,>=7,>=100,0.5-1,True,False,
25MA,up,detection,2015.7070499657768,834,2,8.3,778.377,2290.868,0.3398,>=7,>=100,0.25-0.5,True,False,
25MA,up,detection,2016.9828884325805,1298,2,7.6,817.357,1023.293,0.7988,>=7,>=100,0.5-1,True,False,
25MA,up,detection,2023.5400410677619,3670,2,6.6,243.416,323.594,0.7522,6-7,>=100,0.5-1,True,False,
25MA,up,tracking,2014.2477754962354,308,2,8.2,2041.043,2041.738,0.9997,>=7,>=100,0.5-1,False,False,
25MA,up,tracking,2015.7070499657768,834,2,8.3,778.377,2290.868,0.3398,>=7,>=100,0.25-0.5,False,False,
25MA,up,tracking,2016.9828884325805,1298,2,7.6,817.357,1023.293,0.7988,>=7,>=100,0.5-1,False,False,
25MA,up,tracking,2023.5400410677619,3670,2,6.6,243.416,323.594,0.7522,6-7,>=100,0.5-1,False,False,
3ARO,east,detection,2015.7070499657768,813,2,8.3,1283.668,2290.868,0.5603,>=7,>=100,0.5-1,True,False,
3ARO,east,tracking,2015.7070499657768,813,2,8.3,1283.668,2290.868,0.5603,>=7,>=100,0.5-1,False,False,
3ARO,north,detection,2015.7070499657768,813,2,8.3,1283.668,2290.868,0.5603,>=7,>=100,0.5-1,True,False,
3ARO,north,tracking,2015.7070499657768,813,2,8.3,1283.668,2290.868,0.5603,>=7,>=100,0.5-1,False,False,
3ARO,up,detection,2015.7070499657768,813,2,8.3,1283.668,2290.868,0.5603,>=7,>=100,0.5-1,True,False,
3ARO,up,tracking,2015.7070499657768,813,2,8.3,1283.668,2290.868,0.5603,>=7,>=100,0.5-1,False,False,
7ODM,east,detection,2003.3264887063656,263,1,,,,,none,none,none,True,False,
7ODM,east,detection,2011.6440793976728,2548,1,,,,,none,none,none,True,True,10.02
7ODM,east,detection,2011.6440793976728,2548,1,,,,,none,none,none,True,False,
7ODM,east,detection,2012.3367556468172,2793,1,,,,,none,none,none,True,False,
7ODM,east,detection,2013.8507871321012,3346,1,,,,,none,none,none,True,False,
7ODM,east,detection,2013.8507871321012,3346,1,,,,,none,none,none,True,False,
7ODM,east,detection,2010.2559890485968,2045,2,7.2,263.425,645.654,0.408,>=7,>=100,0.25-0.5,True,False,
7ODM,east,detection,2019.504449007529,5333,2,6.4,180.6,257.04,0.7026,6-7,>=100,0.5-1,True,False,
7ODM,east,detection,2019.5099247091034,5335,2,7.1,189.515,575.44,0.3293,>=7,>=100,0.25-0.5,True,False,
7ODM,east,tracking,2003.3264887063656,263,1,,,,,none,none,none,False,False,
7ODM,east,tracking,2011.6440793976728,2548,1,,,,,none,none,none,False,False,
7ODM,east,tracking,2011.6440793976728,2548,1,,,,,none,none,none,False,False,
7ODM,east,tracking,2012.3367556468172,2793,1,,,,,none,none,none,False,False,
7ODM,east,tracking,2013.8507871321012,3346,1,,,,,none,none,none,False,False,
7ODM,east,tracking,2013.8507871321012,3346,1,,,,,none,none,none,False,False,
7ODM,east,tracking,2010.2559890485968,2045,2,7.2,263.425,645.654,0.408,>=7,>=100,0.25-0.5,False,False,
7ODM,east,tracking,2019.504449007529,5333,2,6.4,180.6,257.04,0.7026,6-7,>=100,0.5-1,True,False,
7ODM,east,tracking,2019.5099247091034,5335,2,7.1,189.515,575.44,0.3293,>=7,>=100,0.25-0.5,True,False,
7ODM,north,detection,2003.3264887063656,263,1,,,,,none,none,none,True,False,
7ODM,north,detection,2011.6440793976728,2548,1,,,,,none,none,none,True,True,10.02
7ODM,north,detection,2011.6440793976728,2548,1,,,,,none,none,none,True,False,
7ODM,north,detection,2012.3367556468172,2793,1,,,,,none,none,none,True,False,
7ODM,north,detection,2013.8507871321012,3346,1,,,,,none,none,none,True,True,13.01
7ODM,north,detection,2013.8507871321012,3346,1,,,,,none,none,none,True,False,
7ODM,north,detection,2010.2559890485968,2045,2,7.2,263.425,645.654,0.408,>=7,>=100,0.25-0.5,True,False,
7ODM,north,detection,2019.504449007529,5333,2,6.4,180.6,257.04,0.7026,6-7,>=100,0.5-1,True,False,
7ODM,north,detection,2019.5099247091034,5335,2,7.1,189.515,575.44,0.3293,>=7,>=100,0.25-0.5,True,False,
7ODM,north,tracking,2003.3264887063656,263,1,,,,,none,none,none,False,False,
7ODM,north,tracking,2011.6440793976728,2548,1,,,,,none,none,none,False,False,
7ODM,north,tracking,2011.6440793976728,2548,1,,,,,none,none,none,False,False,
7ODM,north,tracking,2012.3367556468172,2793,1,,,,,none,none,none,False,False,
7ODM,north,tracking,2013.8507871321012,3346,1,,,,,none,none,none,False,False,
7ODM,north,tracking,2013.8507871321012,3346,1,,,,,none,none,none,False,False,
7ODM,north,tracking,2010.2559890485968,2045,2,7.2,263.425,645.654,0.408,>=7,>=100,0.25-0.5,False,False,
7ODM,north,tracking,2019.504449007529,5333,2,6.4,180.6,257.04,0.7026,6-7,>=100,0.5-1,True,False,
7ODM,north,tracking,2019.5099247091034,5335,2,7.1,189.515,575.44,0.3293,>=7,>=100,0.25-0.5,True,False,
7ODM,up,detection,2003.3264887063656,263,1,,,,,none,none,none,True,False,
7ODM,up,detection,2011.6440793976728,2548,1,,,,,none,none,none,True,True,10.02
7ODM,up,detection,2011.6440793976728,2548,1,,,,,none,none,none,True,False,
7ODM,up,detection,2012.3367556468172,2793,1,,,,,none,none,none,True,False,
7ODM,up,detection,2013.8507871321012,3346,1,,,,,none,none,none,True,False,
7ODM,up,detection,2013.8507871321012,3346,1,,,,,none,none,none,True,False,
7ODM,up,detection,2010.2559890485968,2045,2,7.2,263.425,645.654,0.408,>=7,>=100,0.25-0.5,True,False,
7ODM,up,detection,2019.504449007529,5333,2,6.4,180.6,257.04,0.7026,6-7,>=100,0.5-1,True,False,
7ODM,up,detection,2019.5099247091034,5335,2,7.1,189.515,575.44,0.3293,>=7,>=100,0.25-0.5,True,False,
7ODM,up,tracking,2003.3264887063656,263,1,,,,,none,none,none,False,False,
7ODM,up,tracking,2011.6440793976728,2548,1,,,,,none,none,none,False,False,
7ODM,up,tracking,2011.6440793976728,2548,1,,,,,none,none,none,False,False,
7ODM,up,tracking,2012.3367556468172,2793,1,,,,,none,none,none,False,False,
7ODM,up,tracking,2013.8507871321012,3346,1,,,,,none,none,none,False,False,
7ODM,up,tracking,2013.8507871321012,3346,1,,,,,none,none,none,False,False,
7ODM,up,tracking,2010.2559890485968,2045,2,7.2,263.425,645.654,0.408,>=7,>=100,0.25-0.5,False,False,
7ODM,up,tracking,2019.504449007529,5333,2,6.4,180.6,257.04,0.7026,6-7,>=100,0.5-1,True,False,
7ODM,up,tracking,2019.5099247091034,5335,2,7.1,189.515,575.44,0.3293,>=7,>=100,0.25-0.5,True,False,
AACR,east,detection,2015.0143737166325,1195,1,,,,,none,none,none,True,False,
AACR,east,detection,2011.3620807665982,130,2,5.9,21.432,144.544,0.1483,5-6,20-100,<0.25,False,False,
AACR,east,detection,2012.1177275838468,402,2,5.9,84.047,144.544,0.5815,5-6,20-100,0.5-1,True,False,
AACR,east,detection,2012.6543463381245,535,2,7.3,545.92,724.436,0.7536,>=7,>=100,0.5-1,True,True,24.02
AACR,east,detection,2012.6789869952088,543,2,7.6,132.086,1023.293,0.1291,>=7,>=100,<0.25,True,False,
AACR,east,detection,2012.8131416837782,593,2,6.5,130.252,288.403,0.4516,6-7,>=100,0.25-0.5,False,False,
AACR,east,detection,2014.2751540041068,967,2,6.6,269.85,323.594,0.8339,6-7,>=100,0.5-1,True,False,
AACR,east,detection,2014.7843942505133,1124,2,7.3,522.964,724.436,0.7219,>=7,>=100,0.5-1,True,False,
AACR,east,detection,2014.9349760438056,1177,2,6.6,272.24,323.594,0.8413,6-7,>=100,0.5-1,True,False,
AACR,east,detection,2016.290212183436,1432,2,7.8,1159.623,1288.25,0.9002,>=7,>=100,0.5-1,True,False,
AACR,east,detection,2017.6865160848733,1920,2,8.2,1202.595,2041.738,0.589,>=7,>=100,0.5-1,True,False,
AACR,east,detection,2017.867214236824,1979,2,6.5,62.098,288.403,0.2153,6-7,20-100,<0.25,True,True,21.98
AACR,east,detection,2018.0260095824779,2032,2,7.5,841.294,912.011,0.9225,>=7,>=100,0.5-1,False,False,
AACR,east,detection,2018.6255989048598,2233,2,6.1,166.866,181.97,0.917,6-7,>=100,0.5-1,True,False,
AACR,east,tracking,2015.0143737166325,1195,1,,,,,none,none,none,False,False,
AACR,east,tracking,2011.3620807665982,130,2,5.9,21.432,144.544,0.1483,5-6,20-100,<0.25,False,False,
AACR,east,tracking,2012.1177275838468,402,2,5.9,84.047,144.544,0.5815,5-6,20-100,0.5-1,False,False,
AACR,east,tracking,2012.6543463381245,535,2,7.3,545.92,724.436,0.7536,>=7,>=100,0.5-1,False,False,
AACR,east,tracking,2012.6789869952088,543,2,7.6,132.086,1023.293,0.1291,>=7,>=100,<0.25,False,False,
AACR,east,tracking,2012.8131416837782,593,2,6.5,130.252,288.403,0.4516,6-7,>=100,0.25-0.5,False,False,
AACR,east,tracking,2014.2751540041068,967,2,6.6,269.85,323.594,0.8339,6-7,>=100,0.5-1,False,False,
AACR,east,tracking,2014.7843942505133,1124,2,7.3,522.964,724.436,0.7219,>=7,>=100,0.5-1,False,False,
AACR,east,tracking,2014.9349760438056,1177,2,6.6,272.24,323.594,0.8413,6-7,>=100,0.5-1,False,False,
AACR,east,tracking,2016.290212183436,1432,2,7.8,1159.623,1288.25,0.9002,>=7,>=100,0.5-1,False,False,
AACR,east,tracking,2017.6865160848733,1920,2,8.2,1202.595,2041.738,0.589,>=7,>=100,0.5-1,False,False,
AACR,east,tracking,2017.867214236824,1979,2,6.5,62.098,288.403,0.2153,6-7,20-100,<0.25,False,False,
AACR,east,tracking,2018.0260095824779,2032,2,7.5,841.294,912.011,0.9225,>=7,>=100,0.5-1,False,False,
AACR,east,tracking,2018.6255989048598,2233,2,6.1,166.866,181.97,0.917,6-7,>=100,0.5-1,False,False,
AACR,north,detection,2015.0143737166325,1195,1,,,,,none,none,none,True,False,
AACR,north,detection,2011.3620807665982,130,2,5.9,21.432,144.544,0.1483,5-6,20-100,<0.25,False,False,
AACR,north,detection,2012.1177275838468,402,2,5.9,84.047,144.544,0.5815,5-6,20-100,0.5-1,True,False,
AACR,north,detection,2012.6543463381245,535,2,7.3,545.92,724.436,0.7536,>=7,>=100,0.5-1,True,True,24.02
AACR,north,detection,2012.6789869952088,543,2,7.6,132.086,1023.293,0.1291,>=7,>=100,<0.25,True,False,
AACR,north,detection,2012.8131416837782,593,2,6.5,130.252,288.403,0.4516,6-7,>=100,0.25-0.5,False,False,
AACR,north,detection,2014.2751540041068,967,2,6.6,269.85,323.594,0.8339,6-7,>=100,0.5-1,True,False,
AACR,north,detection,2014.7843942505133,1124,2,7.3,522.964,724.436,0.7219,>=7,>=100,0.5-1,True,False,
AACR,north,detection,2014.9349760438056,1177,2,6.6,272.24,323.594,0.8413,6-7,>=100,0.5-1,True,False,
AACR,north,detection,2016.290212183436,1432,2,7.8,1159.623,1288.25,0.9002,>=7,>=100,0.5-1,True,False,
AACR,north,detection,2017.6865160848733,1920,2,8.2,1202.595,2041.738,0.589,>=7,>=100,0.5-1,True,False,
AACR,north,detection,2017.867214236824,1979,2,6.5,62.098,288.403,0.2153,6-7,20-100,<0.25,True,True,21.98
AACR,north,detection,2018.0260095824779,2032,2,7.5,841.294,912.011,0.9225,>=7,>=100,0.5-1,False,False,
AACR,north,detection,2018.6255989048598,2233,2,6.1,166.866,181.97,0.917,6-7,>=100,0.5-1,True,False,
AACR,north,tracking,2015.0143737166325,1195,1,,,,,none,none,none,False,False,
AACR,north,tracking,2011.3620807665982,130,2,5.9,21.432,144.544,0.1483,5-6,20-100,<0.25,False,False,
AACR,north,tracking,2012.1177275838468,402,2,5.9,84.047,144.544,0.5815,5-6,20-100,0.5-1,False,False,
AACR,north,tracking,2012.6543463381245,535,2,7.3,545.92,724.436,0.7536,>=7,>=100,0.5-1,False,False,
AACR,north,tracking,2012.6789869952088,543,2,7.6,132.086,1023.293,0.1291,>=7,>=100,<0.25,False,False,
AACR,north,tracking,2012.8131416837782,593,2,6.5,130.252,288.403,0.4516,6-7,>=100,0.25-0.5,False,False,
AACR,north,tracking,2014.2751540041068,967,2,6.6,269.85,323.594,0.8339,6-7,>=100,0.5-1,False,False,
AACR,north,tracking,2014.7843942505133,1124,2,7.3,522.964,724.436,0.7219,>=7,>=100,0.5-1,False,False,
AACR,north,tracking,2014.9349760438056,1177,2,6.6,272.24,323.594,0.8413,6-7,>=100,0.5-1,False,False,
AACR,north,tracking,2016.290212183436,1432,2,7.8,1159.623,1288.25,0.9002,>=7,>=100,0.5-1,False,False,
AACR,north,tracking,2017.6865160848733,1920,2,8.2,1202.595,2041.738,0.589,>=7,>=100,0.5-1,False,False,
AACR,north,tracking,2017.867214236824,1979,2,6.5,62.098,288.403,0.2153,6-7,20-100,<0.25,False,False,
AACR,north,tracking,2018.0260095824779,2032,2,7.5,841.294,912.011,0.9225,>=7,>=100,0.5-1,False,False,
AACR,north,tracking,2018.6255989048598,2233,2,6.1,166.866,181.97,0.917,6-7,>=100,0.5-1,False,False,
AACR,up,detection,2015.0143737166325,1195,1,,,,,none,none,none,True,False,
AACR,up,detection,2011.3620807665982,130,2,5.9,21.432,144.544,0.1483,5-6,20-100,<0.25,False,False,
AACR,up,detection,2012.1177275838468,402,2,5.9,84.047,144.544,0.5815,5-6,20-100,0.5-1,True,False,
AACR,up,detection,2012.6543463381245,535,2,7.3,545.92,724.436,0.7536,>=7,>=100,0.5-1,True,False,
AACR,up,detection,2012.6789869952088,543,2,7.6,132.086,1023.293,0.1291,>=7,>=100,<0.25,True,False,
AACR,up,detection,2012.8131416837782,593,2,6.5,130.252,288.403,0.4516,6-7,>=100,0.25-0.5,True,False,
AACR,up,detection,2014.2751540041068,967,2,6.6,269.85,323.594,0.8339,6-7,>=100,0.5-1,True,False,
AACR,up,detection,2014.7843942505133,1124,2,7.3,522.964,724.436,0.7219,>=7,>=100,0.5-1,True,False,
AACR,up,detection,2014.9349760438056,1177,2,6.6,272.24,323.594,0.8413,6-7,>=100,0.5-1,True,False,
AACR,up,detection,2016.290212183436,1432,2,7.8,1159.623,1288.25,0.9002,>=7,>=100,0.5-1,True,False,
AACR,up,detection,2017.6865160848733,1920,2,8.2,1202.595,2041.738,0.589,>=7,>=100,0.5-1,True,False,
AACR,up,detection,2017.867214236824,1979,2,6.5,62.098,288.403,0.2153,6-7,20-100,<0.25,True,False,
AACR,up,detection,2018.0260095824779,2032,2,7.5,841.294,912.011,0.9225,>=7,>=100,0.5-1,True,False,
AACR,up,detection,2018.6255989048598,2233,2,6.1,166.866,181.97,0.917,6-7,>=100,0.5-1,True,False,
AACR,up,tracking,2015.0143737166325,1195,1,,,,,none,none,none,False,False,
AACR,up,tracking,2011.3620807665982,130,2,5.9,21.432,144.544,0.1483,5-6,20-100,<0.25,False,False,
AACR,up,tracking,2012.1177275838468,402,2,5.9,84.047,144.544,0.5815,5-6,20-100,0.5-1,False,False,
AACR,up,tracking,2012.6543463381245,535,2,7.3,545.92,724.436,0.7536,>=7,>=100,0.5-1,False,False,
AACR,up,tracking,2012.6789869952088,543,2,7.6,132.086,1023.293,0.1291,>=7,>=100,<0.25,False,False,
AACR,up,tracking,2012.8131416837782,593,2,6.5,130.252,288.403,0.4516,6-7,>=100,0.25-0.5,False,False,
AACR,up,tracking,2014.2751540041068,967,2,6.6,269.85,323.594,0.8339,6-7,>=100,0.5-1,False,False,
AACR,up,tracking,2014.7843942505133,1124,2,7.3,522.964,724.436,0.7219,>=7,>=100,0.5-1,False,False,
AACR,up,tracking,2014.9349760438056,1177,2,6.6,272.24,323.594,0.8413,6-7,>=100,0.5-1,False,False,
AACR,up,tracking,2016.290212183436,1432,2,7.8,1159.623,1288.25,0.9002,>=7,>=100,0.5-1,False,False,
AACR,up,tracking,2017.6865160848733,1920,2,8.2,1202.595,2041.738,0.589,>=7,>=100,0.5-1,False,False,
AACR,up,tracking,2017.867214236824,1979,2,6.5,62.098,288.403,0.2153,6-7,20-100,<0.25,False,False,
AACR,up,tracking,2018.0260095824779,2032,2,7.5,841.294,912.011,0.9225,>=7,>=100,0.5-1,False,False,
AACR,up,tracking,2018.6255989048598,2233,2,6.1,166.866,181.97,0.917,6-7,>=100,0.5-1,False,False,
AB01,east,detection,2017.2840520191648,3216,1,,,,,none,none,none,True,False,
AB01,east,detection,2007.5290896646134,56,2,6.0,147.873,162.181,0.9118,6-7,>=100,0.5-1,False,False,
AB01,east,detection,2007.9644079397672,204,2,7.2,376.796,645.654,0.5836,>=7,>=100,0.5-1,True,False,
AB01,east,detection,2008.1724845995893,204,2,5.5,33.114,91.201,0.3631,5-6,20-100,0.25-0.5,True,False,
AB01,east,detection,2008.3340177960301,238,2,6.6,230.519,323.594,0.7124,6-7,>=100,0.5-1,True,False,
AB01,east,detection,2008.599589322382,334,2,5.8,98.587,128.825,0.7653,5-6,20-100,0.5-1,True,False,
AB01,east,detection,2008.8377823408625,421,2,6.1,73.944,181.97,0.4064,6-7,20-100,0.25-0.5,True,False,
AB01,east,detection,2009.4592744695415,648,2,5.6,97.407,102.329,0.9519,5-6,20-100,0.5-1,True,False,
AB01,east,detection,2010.1848049281314,914,2,5.8,92.522,128.825,0.7182,5-6,20-100,0.5-1,True,False,
AB01,east,detection,2010.5434633812458,1044,2,6.7,303.752,363.078,0.8366,6-7,>=100,0.5-1,True,False,
AB01,east,detection,2010.6721423682409,1092,2,6.5,142.149,288.403,0.4929,6-7,>=100,0.25-0.5,True,False,
AB01,east,detection,2010.7679671457906,1126,2,6.4,122.287,257.04,0.4758,6-7,>=100,0.25-0.5,True,False,
AB01,east,detection,2010.7679671457906,1126,2,6.0,122.593,162.181,0.7559,6-7,>=100,0.5-1,True,False,
AB01,east,detection,2011.1895961670089,1135,2,9.1,3665.082,5754.399,0.6369,>=7,>=100,0.5-1,True,False,
AB01,east,detection,2011.3921971252566,1135,2,5.5,77.392,91.201,0.8486,5-6,20-100,0.5-1,True,False,
AB01,east,detection,2011.4770704996577,1135,2,7.3,162.653,724.436,0.2245,>=7,>=100,<0.25,True,False,
AB01,east,detection,2011.668720054757,1170,2,6.9,170.242,457.088,0.3724,6-7,>=100,0.25-0.5,True,False,
AB01,east,detection,2013.3935660506502,1799,2,8.3,2152.495,2290.868,0.9396,>=7,>=100,0.5-1,True,False,
AB01,east,detection,2013.6618754277893,1897,2,7.0,102.677,512.861,0.2002,>=7,>=100,<0.25,True,False,
AB01,east,detection,2013.6646132785763,1899,2,6.0,119.317,162.181,0.7357,6-7,>=100,0.5-1,True,False,
AB01,east,detection,2013.6755646817248,1902,2,6.5,82.153,288.403,0.2849,6-7,20-100,0.25-0.5,True,False,
AB01,east,detection,2013.6755646817248,1902,2,5.8,91.598,128.825,0.711,5-6,20-100,0.5-1,True,False,
AB01,east,detection,2013.6755646817248,1902,2,5.7,81.307,114.815,0.7082,5-6,20-100,0.5-1,True,False,
AB01,east,detection,2013.6755646817248,1902,2,6.0,83.62,162.181,0.5156,6-7,20-100,0.5-1,True,False,
AB01,east,detection,2013.678302532512,1904,2,5.6,86.98,102.329,0.85,5-6,20-100,0.5-1,True,False,
AB01,east,detection,2013.7029431895962,1913,2,5.9,90.679,144.544,0.6273,5-6,20-100,0.5-1,True,False,
AB01,east,detection,2013.7056810403833,1913,2,6.1,78.784,181.97,0.433,6-7,20-100,0.25-0.5,True,False,
AB01,east,detection,2014.4750171115675,2194,2,7.9,484.476,1445.44,0.3352,>=7,>=100,0.25-0.5,True,False,
AB01,east,detection,2015.567419575633,2593,2,6.9,324.126,457.088,0.7091,6-7,>=100,0.5-1,True,False,
AB01,east,detection,2015.6194387405887,2612,2,5.7,88.357,114.815,0.7696,5-6,20-100,0.5-1,True,False,
AB01,east,detection,2015.8357289527721,2691,2,5.8,91.907,128.825,0.7134,5-6,20-100,0.5-1,True,False,
AB01,east,detection,2015.8521560574948,2696,2,5.7,112.785,114.815,0.9823,5-6,>=100,0.5-1,True,False,
AB01,east,detection,2015.854893908282,2697,2,6.5,100.122,288.403,0.3472,6-7,>=100,0.25-0.5,True,False,
AB01,east,detection,2016.1943874058863,2821,2,5.6,85.981,102.329,0.8402,5-6,20-100,0.5-1,True,False,
AB01,east,detection,2016.1943874058863,2821,2,6.3,73.916,229.087,0.3227,6-7,20-100,0.25-0.5,True,False,
AB01,east,detection,2016.2135523613963,2828,2,6.0,77.4,162.181,0.4772,6-7,20-100,0.25-0.5,True,False,
AB01,east,detection,2018.6201232032854,3704,2,6.5,276.803,288.403,0.9598,6-7,>=100,0.5-1,True,False,
AB01,east,detection,2019.895961670089,4169,2,6.3,128.709,229.087,0.5618,6-7,>=100,0.5-1,True,False,
AB01,east,detection,2020.5557837097879,4410,2,7.8,1074.404,1288.25,0.834,>=7,>=100,0.5-1,True,False,
AB01,east,detection,2020.7994524298426,4438,2,7.6,1000.302,1023.293,0.9775,>=7,>=100,0.5-1,True,False,
AB01,east,detection,2021.574264202601,4479,2,8.2,1124.75,2041.738,0.5509,>=7,>=100,0.5-1,False,False,
AB01,east,detection,2023.7891854893908,4972,2,6.4,188.592,257.04,0.7337,6-7,>=100,0.5-1,True,False,
AB01,east,detection,2023.9698836413415,4972,2,6.1,135.586,181.97,0.7451,6-7,>=100,0.5-1,True,False,
AB01,east,detection,2024.8405201916496,5179,2,5.8,126.604,128.825,0.9828,5-6,>=100,0.5-1,True,False,
AB01,east,detection,2025.2183436002738,5317,2,6.2,173.972,204.174,0.8521,6-7,>=100,0.5-1,True,False,
AB01,east,detection,2025.574264202601,5435,2,8.8,1726.917,4073.803,0.4239,>=7,>=100,0.25-0.5,True,False,
AB01,east,detection,2026.5653661875428,5681,2,5.8,104.766,128.825,0.8132,5-6,>=100,0.5-1,True,False,
AB01,east,tracking,2017.2840520191648,3216,1,,,,,none,none,none,False,False,
AB01,east,tracking,2007.5290896646134,56,2,6.0,147.873,162.181,0.9118,6-7,>=100,0.5-1,False,False,
AB01,east,tracking,2007.9644079397672,204,2,7.2,376.796,645.654,0.5836,>=7,>=100,0.5-1,False,False,
AB01,east,tracking,2008.1724845995893,204,2,5.5,33.114,91.201,0.3631,5-6,20-100,0.25-0.5,False,False,
AB01,east,tracking,2008.3340177960301,238,2,6.6,230.519,323.594,0.7124,6-7,>=100,0.5-1,False,False,
AB01,east,tracking,2008.599589322382,334,2,5.8,98.587,128.825,0.7653,5-6,20-100,0.5-1,False,False,
AB01,east,tracking,2008.8377823408625,421,2,6.1,73.944,181.97,0.4064,6-7,20-100,0.25-0.5,False,False,
AB01,east,tracking,2009.4592744695415,648,2,5.6,97.407,102.329,0.9519,5-6,20-100,0.5-1,False,False,
AB01,east,tracking,2010.1848049281314,914,2,5.8,92.522,128.825,0.7182,5-6,20-100,0.5-1,False,False,
AB01,east,tracking,2010.5434633812458,1044,2,6.7,303.752,363.078,0.8366,6-7,>=100,0.5-1,False,False,
AB01,east,tracking,2010.6721423682409,1092,2,6.5,142.149,288.403,0.4929,6-7,>=100,0.25-0.5,False,False,
AB01,east,tracking,2010.7679671457906,1126,2,6.4,122.287,257.04,0.4758,6-7,>=100,0.25-0.5,False,False,
AB01,east,tracking,2010.7679671457906,1126,2,6.0,122.593,162.181,0.7559,6-7,>=100,0.5-1,False,False,
AB01,east,tracking,2011.1895961670089,1135,2,9.1,3665.082,5754.399,0.6369,>=7,>=100,0.5-1,False,False,
AB01,east,tracking,2011.3921971252566,1135,2,5.5,77.392,91.201,0.8486,5-6,20-100,0.5-1,False,False,
AB01,east,tracking,2011.4770704996577,1135,2,7.3,162.653,724.436,0.2245,>=7,>=100,<0.25,False,False,
AB01,east,tracking,2011.668720054757,1170,2,6.9,170.242,457.088,0.3724,6-7,>=100,0.25-0.5,False,False,
AB01,east,tracking,2013.3935660506502,1799,2,8.3,2152.495,2290.868,0.9396,>=7,>=100,0.5-1,False,False,
AB01,east,tracking,2013.6618754277893,1897,2,7.0,102.677,512.861,0.2002,>=7,>=100,<0.25,False,False,
AB01,east,tracking,2013.6646132785763,1899,2,6.0,119.317,162.181,0.7357,6-7,>=100,0.5-1,False,False,
AB01,east,tracking,2013.6755646817248,1902,2,6.5,82.153,288.403,0.2849,6-7,20-100,0.25-0.5,False,False,
AB01,east,tracking,2013.6755646817248,1902,2,5.8,91.598,128.825,0.711,5-6,20-100,0.5-1,False,False,
AB01,east,tracking,2013.6755646817248,1902,2,5.7,81.307,114.815,0.7082,5-6,20-100,0.5-1,False,False,
AB01,east,tracking,2013.6755646817248,1902,2,6.0,83.62,162.181,0.5156,6-7,20-100,0.5-1,False,False,
AB01,east,tracking,2013.678302532512,1904,2,5.6,86.98,102.329,0.85,5-6,20-100,0.5-1,False,False,
AB01,east,tracking,2013.7029431895962,1913,2,5.9,90.679,144.544,0.6273,5-6,20-100,0.5-1,False,False,
AB01,east,tracking,2013.7056810403833,1913,2,6.1,78.784,181.97,0.433,6-7,20-100,0.25-0.5,False,False,
AB01,east,tracking,2014.4750171115675,2194,2,7.9,484.476,1445.44,0.3352,>=7,>=100,0.25-0.5,False,False,
AB01,east,tracking,2015.567419575633,2593,2,6.9,324.126,457.088,0.7091,6-7,>=100,0.5-1,False,False,
AB01,east,tracking,2015.6194387405887,2612,2,5.7,88.357,114.815,0.7696,5-6,20-100,0.5-1,False,False,
AB01,east,tracking,2015.8357289527721,2691,2,5.8,91.907,128.825,0.7134,5-6,20-100,0.5-1,False,False,
AB01,east,tracking,2015.8521560574948,2696,2,5.7,112.785,114.815,0.9823,5-6,>=100,0.5-1,False,False,
AB01,east,tracking,2015.854893908282,2697,2,6.5,100.122,288.403,0.3472,6-7,>=100,0.25-0.5,False,False,
AB01,east,tracking,2016.1943874058863,2821,2,5.6,85.981,102.329,0.8402,5-6,20-100,0.5-1,False,False,
AB01,east,tracking,2016.1943874058863,2821,2,6.3,73.916,229.087,0.3227,6-7,20-100,0.25-0.5,False,False,
AB01,east,tracking,2016.2135523613963,2828,2,6.0,77.4,162.181,0.4772,6-7,20-100,0.25-0.5,False,False,
AB01,east,tracking,2018.6201232032854,3704,2,6.5,276.803,288.403,0.9598,6-7,>=100,0.5-1,False,False,
AB01,east,tracking,2019.895961670089,4169,2,6.3,128.709,229.087,0.5618,6-7,>=100,0.5-1,False,False,
AB01,east,tracking,2020.5557837097879,4410,2,7.8,1074.404,1288.25,0.834,>=7,>=100,0.5-1,False,False,
AB01,east,tracking,2020.7994524298426,4438,2,7.6,1000.302,1023.293,0.9775,>=7,>=100,0.5-1,False,False,
AB01,east,tracking,2021.574264202601,4479,2,8.2,1124.75,2041.738,0.5509,>=7,>=100,0.5-1,False,False,
AB01,east,tracking,2023.7891854893908,4972,2,6.4,188.592,257.04,0.7337,6-7,>=100,0.5-1,False,False,
AB01,east,tracking,2023.9698836413415,4972,2,6.1,135.586,181.97,0.7451,6-7,>=100,0.5-1,False,False,
AB01,east,tracking,2024.8405201916496,5179,2,5.8,126.604,128.825,0.9828,5-6,>=100,0.5-1,True,False,
AB01,east,tracking,2025.2183436002738,5317,2,6.2,173.972,204.174,0.8521,6-7,>=100,0.5-1,True,False,
AB01,east,tracking,2025.574264202601,5435,2,8.8,1726.917,4073.803,0.4239,>=7,>=100,0.25-0.5,True,False,
AB01,east,tracking,2026.5653661875428,5681,2,5.8,104.766,128.825,0.8132,5-6,>=100,0.5-1,True,False,
AB01,north,detection,2017.2840520191648,3216,1,,,,,none,none,none,True,False,
AB01,north,detection,2007.5290896646134,56,2,6.0,147.873,162.181,0.9118,6-7,>=100,0.5-1,False,False,
AB01,north,detection,2007.9644079397672,204,2,7.2,376.796,645.654,0.5836,>=7,>=100,0.5-1,True,False,
AB01,north,detection,2008.1724845995893,204,2,5.5,33.114,91.201,0.3631,5-6,20-100,0.25-0.5,True,False,
AB01,north,detection,2008.3340177960301,238,2,6.6,230.519,323.594,0.7124,6-7,>=100,0.5-1,True,False,
AB01,north,detection,2008.599589322382,334,2,5.8,98.587,128.825,0.7653,5-6,20-100,0.5-1,True,False,
AB01,north,detection,2008.8377823408625,421,2,6.1,73.944,181.97,0.4064,6-7,20-100,0.25-0.5,True,False,
AB01,north,detection,2009.4592744695415,648,2,5.6,97.407,102.329,0.9519,5-6,20-100,0.5-1,True,False,
AB01,north,detection,2010.1848049281314,914,2,5.8,92.522,128.825,0.7182,5-6,20-100,0.5-1,True,False,
AB01,north,detection,2010.5434633812458,1044,2,6.7,303.752,363.078,0.8366,6-7,>=100,0.5-1,True,False,
AB01,north,detection,2010.6721423682409,1092,2,6.5,142.149,288.403,0.4929,6-7,>=100,0.25-0.5,True,False,
AB01,north,detection,2010.7679671457906,1126,2,6.4,122.287,257.04,0.4758,6-7,>=100,0.25-0.5,True,False,
AB01,north,detection,2010.7679671457906,1126,2,6.0,122.593,162.181,0.7559,6-7,>=100,0.5-1,True,False,
AB01,north,detection,2011.1895961670089,1135,2,9.1,3665.082,5754.399,0.6369,>=7,>=100,0.5-1,True,False,
AB01,north,detection,2011.3921971252566,1135,2,5.5,77.392,91.201,0.8486,5-6,20-100,0.5-1,True,False,
AB01,north,detection,2011.4770704996577,1135,2,7.3,162.653,724.436,0.2245,>=7,>=100,<0.25,True,False,
AB01,north,detection,2011.668720054757,1170,2,6.9,170.242,457.088,0.3724,6-7,>=100,0.25-0.5,True,False,
AB01,north,detection,2013.3935660506502,1799,2,8.3,2152.495,2290.868,0.9396,>=7,>=100,0.5-1,True,False,
AB01,north,detection,2013.6618754277893,1897,2,7.0,102.677,512.861,0.2002,>=7,>=100,<0.25,True,False,
AB01,north,detection,2013.6646132785763,1899,2,6.0,119.317,162.181,0.7357,6-7,>=100,0.5-1,True,False,
AB01,north,detection,2013.6755646817248,1902,2,6.5,82.153,288.403,0.2849,6-7,20-100,0.25-0.5,True,False,
AB01,north,detection,2013.6755646817248,1902,2,5.8,91.598,128.825,0.711,5-6,20-100,0.5-1,True,False,
AB01,north,detection,2013.6755646817248,1902,2,5.7,81.307,114.815,0.7082,5-6,20-100,0.5-1,True,False,
AB01,north,detection,2013.6755646817248,1902,2,6.0,83.62,162.181,0.5156,6-7,20-100,0.5-1,True,False,
AB01,north,detection,2013.678302532512,1904,2,5.6,86.98,102.329,0.85,5-6,20-100,0.5-1,True,False,
AB01,north,detection,2013.7029431895962,1913,2,5.9,90.679,144.544,0.6273,5-6,20-100,0.5-1,True,False,
AB01,north,detection,2013.7056810403833,1913,2,6.1,78.784,181.97,0.433,6-7,20-100,0.25-0.5,True,False,
AB01,north,detection,2014.4750171115675,2194,2,7.9,484.476,1445.44,0.3352,>=7,>=100,0.25-0.5,True,False,
AB01,north,detection,2015.567419575633,2593,2,6.9,324.126,457.088,0.7091,6-7,>=100,0.5-1,True,False,
AB01,north,detection,2015.6194387405887,2612,2,5.7,88.357,114.815,0.7696,5-6,20-100,0.5-1,True,False,
AB01,north,detection,2015.8357289527721,2691,2,5.8,91.907,128.825,0.7134,5-6,20-100,0.5-1,True,False,
AB01,north,detection,2015.8521560574948,2696,2,5.7,112.785,114.815,0.9823,5-6,>=100,0.5-1,True,False,
AB01,north,detection,2015.854893908282,2697,2,6.5,100.122,288.403,0.3472,6-7,>=100,0.25-0.5,True,False,
AB01,north,detection,2016.1943874058863,2821,2,5.6,85.981,102.329,0.8402,5-6,20-100,0.5-1,True,False,
AB01,north,detection,2016.1943874058863,2821,2,6.3,73.916,229.087,0.3227,6-7,20-100,0.25-0.5,True,False,
AB01,north,detection,2016.2135523613963,2828,2,6.0,77.4,162.181,0.4772,6-7,20-100,0.25-0.5,True,False,
AB01,north,detection,2018.6201232032854,3704,2,6.5,276.803,288.403,0.9598,6-7,>=100,0.5-1,True,False,
AB01,north,detection,2019.895961670089,4169,2,6.3,128.709,229.087,0.5618,6-7,>=100,0.5-1,True,False,
AB01,north,detection,2020.5557837097879,4410,2,7.8,1074.404,1288.25,0.834,>=7,>=100,0.5-1,True,False,
AB01,north,detection,2020.7994524298426,4438,2,7.6,1000.302,1023.293,0.9775,>=7,>=100,0.5-1,True,False,
AB01,north,detection,2021.574264202601,4479,2,8.2,1124.75,2041.738,0.5509,>=7,>=100,0.5-1,True,False,
AB01,north,detection,2023.7891854893908,4972,2,6.4,188.592,257.04,0.7337,6-7,>=100,0.5-1,True,False,
AB01,north,detection,2023.9698836413415,4972,2,6.1,135.586,181.97,0.7451,6-7,>=100,0.5-1,True,False,
AB01,north,detection,2024.8405201916496,5179,2,5.8,126.604,128.825,0.9828,5-6,>=100,0.5-1,True,False,
AB01,north,detection,2025.2183436002738,5317,2,6.2,173.972,204.174,0.8521,6-7,>=100,0.5-1,True,False,
AB01,north,detection,2025.574264202601,5435,2,8.8,1726.917,4073.803,0.4239,>=7,>=100,0.25-0.5,True,False,
AB01,north,detection,2026.5653661875428,5681,2,5.8,104.766,128.825,0.8132,5-6,>=100,0.5-1,True,False,
AB01,north,tracking,2017.2840520191648,3216,1,,,,,none,none,none,False,False,
AB01,north,tracking,2007.5290896646134,56,2,6.0,147.873,162.181,0.9118,6-7,>=100,0.5-1,False,False,
AB01,north,tracking,2007.9644079397672,204,2,7.2,376.796,645.654,0.5836,>=7,>=100,0.5-1,False,False,
AB01,north,tracking,2008.1724845995893,204,2,5.5,33.114,91.201,0.3631,5-6,20-100,0.25-0.5,False,False,
AB01,north,tracking,2008.3340177960301,238,2,6.6,230.519,323.594,0.7124,6-7,>=100,0.5-1,False,False,
AB01,north,tracking,2008.599589322382,334,2,5.8,98.587,128.825,0.7653,5-6,20-100,0.5-1,False,False,
AB01,north,tracking,2008.8377823408625,421,2,6.1,73.944,181.97,0.4064,6-7,20-100,0.25-0.5,False,False,
AB01,north,tracking,2009.4592744695415,648,2,5.6,97.407,102.329,0.9519,5-6,20-100,0.5-1,False,False,
AB01,north,tracking,2010.1848049281314,914,2,5.8,92.522,128.825,0.7182,5-6,20-100,0.5-1,False,False,
AB01,north,tracking,2010.5434633812458,1044,2,6.7,303.752,363.078,0.8366,6-7,>=100,0.5-1,False,False,
AB01,north,tracking,2010.6721423682409,1092,2,6.5,142.149,288.403,0.4929,6-7,>=100,0.25-0.5,False,False,
AB01,north,tracking,2010.7679671457906,1126,2,6.4,122.287,257.04,0.4758,6-7,>=100,0.25-0.5,False,False,
AB01,north,tracking,2010.7679671457906,1126,2,6.0,122.593,162.181,0.7559,6-7,>=100,0.5-1,False,False,
AB01,north,tracking,2011.1895961670089,1135,2,9.1,3665.082,5754.399,0.6369,>=7,>=100,0.5-1,False,False,
AB01,north,tracking,2011.3921971252566,1135,2,5.5,77.392,91.201,0.8486,5-6,20-100,0.5-1,False,False,
AB01,north,tracking,2011.4770704996577,1135,2,7.3,162.653,724.436,0.2245,>=7,>=100,<0.25,False,False,
AB01,north,tracking,2011.668720054757,1170,2,6.9,170.242,457.088,0.3724,6-7,>=100,0.25-0.5,False,False,
AB01,north,tracking,2013.3935660506502,1799,2,8.3,2152.495,2290.868,0.9396,>=7,>=100,0.5-1,False,False,
AB01,north,tracking,2013.6618754277893,1897,2,7.0,102.677,512.861,0.2002,>=7,>=100,<0.25,False,False,
AB01,north,tracking,2013.6646132785763,1899,2,6.0,119.317,162.181,0.7357,6-7,>=100,0.5-1,False,False,
AB01,north,tracking,2013.6755646817248,1902,2,6.5,82.153,288.403,0.2849,6-7,20-100,0.25-0.5,False,False,
AB01,north,tracking,2013.6755646817248,1902,2,5.8,91.598,128.825,0.711,5-6,20-100,0.5-1,False,False,
AB01,north,tracking,2013.6755646817248,1902,2,5.7,81.307,114.815,0.7082,5-6,20-100,0.5-1,False,False,
AB01,north,tracking,2013.6755646817248,1902,2,6.0,83.62,162.181,0.5156,6-7,20-100,0.5-1,False,False,
AB01,north,tracking,2013.678302532512,1904,2,5.6,86.98,102.329,0.85,5-6,20-100,0.5-1,False,False,
AB01,north,tracking,2013.7029431895962,1913,2,5.9,90.679,144.544,0.6273,5-6,20-100,0.5-1,False,False,
AB01,north,tracking,2013.7056810403833,1913,2,6.1,78.784,181.97,0.433,6-7,20-100,0.25-0.5,False,False,
AB01,north,tracking,2014.4750171115675,2194,2,7.9,484.476,1445.44,0.3352,>=7,>=100,0.25-0.5,False,False,
AB01,north,tracking,2015.567419575633,2593,2,6.9,324.126,457.088,0.7091,6-7,>=100,0.5-1,False,False,
AB01,north,tracking,2015.6194387405887,2612,2,5.7,88.357,114.815,0.7696,5-6,20-100,0.5-1,False,False,
AB01,north,tracking,2015.8357289527721,2691,2,5.8,91.907,128.825,0.7134,5-6,20-100,0.5-1,False,False,
AB01,north,tracking,2015.8521560574948,2696,2,5.7,112.785,114.815,0.9823,5-6,>=100,0.5-1,False,False,
AB01,north,tracking,2015.854893908282,2697,2,6.5,100.122,288.403,0.3472,6-7,>=100,0.25-0.5,False,False,
AB01,north,tracking,2016.1943874058863,2821,2,5.6,85.981,102.329,0.8402,5-6,20-100,0.5-1,False,False,
AB01,north,tracking,2016.1943874058863,2821,2,6.3,73.916,229.087,0.3227,6-7,20-100,0.25-0.5,False,False,
AB01,north,tracking,2016.2135523613963,2828,2,6.0,77.4,162.181,0.4772,6-7,20-100,0.25-0.5,False,False,
AB01,north,tracking,2018.6201232032854,3704,2,6.5,276.803,288.403,0.9598,6-7,>=100,0.5-1,False,False,
AB01,north,tracking,2019.895961670089,4169,2,6.3,128.709,229.087,0.5618,6-7,>=100,0.5-1,False,False,
AB01,north,tracking,2020.5557837097879,4410,2,7.8,1074.404,1288.25,0.834,>=7,>=100,0.5-1,False,False,
AB01,north,tracking,2020.7994524298426,4438,2,7.6,1000.302,1023.293,0.9775,>=7,>=100,0.5-1,False,False,
AB01,north,tracking,2021.574264202601,4479,2,8.2,1124.75,2041.738,0.5509,>=7,>=100,0.5-1,False,False,
AB01,north,tracking,2023.7891854893908,4972,2,6.4,188.592,257.04,0.7337,6-7,>=100,0.5-1,False,False,
AB01,north,tracking,2023.9698836413415,4972,2,6.1,135.586,181.97,0.7451,6-7,>=100,0.5-1,False,False,
AB01,north,tracking,2024.8405201916496,5179,2,5.8,126.604,128.825,0.9828,5-6,>=100,0.5-1,True,False,
AB01,north,tracking,2025.2183436002738,5317,2,6.2,173.972,204.174,0.8521,6-7,>=100,0.5-1,True,False,
AB01,north,tracking,2025.574264202601,5435,2,8.8,1726.917,4073.803,0.4239,>=7,>=100,0.25-0.5,True,False,
AB01,north,tracking,2026.5653661875428,5681,2,5.8,104.766,128.825,0.8132,5-6,>=100,0.5-1,True,False,
AB01,up,detection,2017.2840520191648,3216,1,,,,,none,none,none,True,False,
AB01,up,detection,2007.5290896646134,56,2,6.0,147.873,162.181,0.9118,6-7,>=100,0.5-1,False,False,
AB01,up,detection,2007.9644079397672,204,2,7.2,376.796,645.654,0.5836,>=7,>=100,0.5-1,True,False,
AB01,up,detection,2008.1724845995893,204,2,5.5,33.114,91.201,0.3631,5-6,20-100,0.25-0.5,True,False,
AB01,up,detection,2008.3340177960301,238,2,6.6,230.519,323.594,0.7124,6-7,>=100,0.5-1,True,False,
AB01,up,detection,2008.599589322382,334,2,5.8,98.587,128.825,0.7653,5-6,20-100,0.5-1,True,False,
AB01,up,detection,2008.8377823408625,421,2,6.1,73.944,181.97,0.4064,6-7,20-100,0.25-0.5,True,False,
AB01,up,detection,2009.4592744695415,648,2,5.6,97.407,102.329,0.9519,5-6,20-100,0.5-1,True,False,
AB01,up,detection,2010.1848049281314,914,2,5.8,92.522,128.825,0.7182,5-6,20-100,0.5-1,True,False,
AB01,up,detection,2010.5434633812458,1044,2,6.7,303.752,363.078,0.8366,6-7,>=100,0.5-1,True,False,
AB01,up,detection,2010.6721423682409,1092,2,6.5,142.149,288.403,0.4929,6-7,>=100,0.25-0.5,True,False,
AB01,up,detection,2010.7679671457906,1126,2,6.4,122.287,257.04,0.4758,6-7,>=100,0.25-0.5,True,False,
AB01,up,detection,2010.7679671457906,1126,2,6.0,122.593,162.181,0.7559,6-7,>=100,0.5-1,True,False,
AB01,up,detection,2011.1895961670089,1135,2,9.1,3665.082,5754.399,0.6369,>=7,>=100,0.5-1,True,False,
AB01,up,detection,2011.3921971252566,1135,2,5.5,77.392,91.201,0.8486,5-6,20-100,0.5-1,True,False,
AB01,up,detection,2011.4770704996577,1135,2,7.3,162.653,724.436,0.2245,>=7,>=100,<0.25,True,False,
AB01,up,detection,2011.668720054757,1170,2,6.9,170.242,457.088,0.3724,6-7,>=100,0.25-0.5,True,False,
AB01,up,detection,2013.3935660506502,1799,2,8.3,2152.495,2290.868,0.9396,>=7,>=100,0.5-1,True,False,
AB01,up,detection,2013.6618754277893,1897,2,7.0,102.677,512.861,0.2002,>=7,>=100,<0.25,True,False,
AB01,up,detection,2013.6646132785763,1899,2,6.0,119.317,162.181,0.7357,6-7,>=100,0.5-1,True,False,
AB01,up,detection,2013.6755646817248,1902,2,6.5,82.153,288.403,0.2849,6-7,20-100,0.25-0.5,True,False,
AB01,up,detection,2013.6755646817248,1902,2,5.8,91.598,128.825,0.711,5-6,20-100,0.5-1,True,False,
AB01,up,detection,2013.6755646817248,1902,2,5.7,81.307,114.815,0.7082,5-6,20-100,0.5-1,True,False,
AB01,up,detection,2013.6755646817248,1902,2,6.0,83.62,162.181,0.5156,6-7,20-100,0.5-1,True,False,
AB01,up,detection,2013.678302532512,1904,2,5.6,86.98,102.329,0.85,5-6,20-100,0.5-1,True,False,
AB01,up,detection,2013.7029431895962,1913,2,5.9,90.679,144.544,0.6273,5-6,20-100,0.5-1,True,False,
AB01,up,detection,2013.7056810403833,1913,2,6.1,78.784,181.97,0.433,6-7,20-100,0.25-0.5,True,False,
AB01,up,detection,2014.4750171115675,2194,2,7.9,484.476,1445.44,0.3352,>=7,>=100,0.25-0.5,True,False,
AB01,up,detection,2015.567419575633,2593,2,6.9,324.126,457.088,0.7091,6-7,>=100,0.5-1,True,False,
AB01,up,detection,2015.6194387405887,2612,2,5.7,88.357,114.815,0.7696,5-6,20-100,0.5-1,True,False,
AB01,up,detection,2015.8357289527721,2691,2,5.8,91.907,128.825,0.7134,5-6,20-100,0.5-1,True,False,
AB01,up,detection,2015.8521560574948,2696,2,5.7,112.785,114.815,0.9823,5-6,>=100,0.5-1,True,False,
AB01,up,detection,2015.854893908282,2697,2,6.5,100.122,288.403,0.3472,6-7,>=100,0.25-0.5,True,False,
AB01,up,detection,2016.1943874058863,2821,2,5.6,85.981,102.329,0.8402,5-6,20-100,0.5-1,True,False,
AB01,up,detection,2016.1943874058863,2821,2,6.3,73.916,229.087,0.3227,6-7,20-100,0.25-0.5,True,False,
AB01,up,detection,2016.2135523613963,2828,2,6.0,77.4,162.181,0.4772,6-7,20-100,0.25-0.5,True,False,
AB01,up,detection,2018.6201232032854,3704,2,6.5,276.803,288.403,0.9598,6-7,>=100,0.5-1,True,False,
AB01,up,detection,2019.895961670089,4169,2,6.3,128.709,229.087,0.5618,6-7,>=100,0.5-1,True,False,
AB01,up,detection,2020.5557837097879,4410,2,7.8,1074.404,1288.25,0.834,>=7,>=100,0.5-1,True,False,
AB01,up,detection,2020.7994524298426,4438,2,7.6,1000.302,1023.293,0.9775,>=7,>=100,0.5-1,True,False,
AB01,up,detection,2021.574264202601,4479,2,8.2,1124.75,2041.738,0.5509,>=7,>=100,0.5-1,False,False,
AB01,up,detection,2023.7891854893908,4972,2,6.4,188.592,257.04,0.7337,6-7,>=100,0.5-1,True,False,
AB01,up,detection,2023.9698836413415,4972,2,6.1,135.586,181.97,0.7451,6-7,>=100,0.5-1,True,False,
AB01,up,detection,2024.8405201916496,5179,2,5.8,126.604,128.825,0.9828,5-6,>=100,0.5-1,True,False,
AB01,up,detection,2025.2183436002738,5317,2,6.2,173.972,204.174,0.8521,6-7,>=100,0.5-1,True,False,
AB01,up,detection,2025.574264202601,5435,2,8.8,1726.917,4073.803,0.4239,>=7,>=100,0.25-0.5,True,False,
AB01,up,detection,2026.5653661875428,5681,2,5.8,104.766,128.825,0.8132,5-6,>=100,0.5-1,True,False,
AB01,up,tracking,2017.2840520191648,3216,1,,,,,none,none,none,False,False,
AB01,up,tracking,2007.5290896646134,56,2,6.0,147.873,162.181,0.9118,6-7,>=100,0.5-1,False,False,
AB01,up,tracking,2007.9644079397672,204,2,7.2,376.796,645.654,0.5836,>=7,>=100,0.5-1,False,False,
AB01,up,tracking,2008.1724845995893,204,2,5.5,33.114,91.201,0.3631,5-6,20-100,0.25-0.5,False,False,
AB01,up,tracking,2008.3340177960301,238,2,6.6,230.519,323.594,0.7124,6-7,>=100,0.5-1,False,False,
AB01,up,tracking,2008.599589322382,334,2,5.8,98.587,128.825,0.7653,5-6,20-100,0.5-1,False,False,
AB01,up,tracking,2008.8377823408625,421,2,6.1,73.944,181.97,0.4064,6-7,20-100,0.25-0.5,False,False,
AB01,up,tracking,2009.4592744695415,648,2,5.6,97.407,102.329,0.9519,5-6,20-100,0.5-1,False,False,
AB01,up,tracking,2010.1848049281314,914,2,5.8,92.522,128.825,0.7182,5-6,20-100,0.5-1,False,False,
AB01,up,tracking,2010.5434633812458,1044,2,6.7,303.752,363.078,0.8366,6-7,>=100,0.5-1,False,False,
AB01,up,tracking,2010.6721423682409,1092,2,6.5,142.149,288.403,0.4929,6-7,>=100,0.25-0.5,False,False,
AB01,up,tracking,2010.7679671457906,1126,2,6.4,122.287,257.04,0.4758,6-7,>=100,0.25-0.5,False,False,
AB01,up,tracking,2010.7679671457906,1126,2,6.0,122.593,162.181,0.7559,6-7,>=100,0.5-1,False,False,
AB01,up,tracking,2011.1895961670089,1135,2,9.1,3665.082,5754.399,0.6369,>=7,>=100,0.5-1,False,False,
AB01,up,tracking,2011.3921971252566,1135,2,5.5,77.392,91.201,0.8486,5-6,20-100,0.5-1,False,False,
AB01,up,tracking,2011.4770704996577,1135,2,7.3,162.653,724.436,0.2245,>=7,>=100,<0.25,False,False,
AB01,up,tracking,2011.668720054757,1170,2,6.9,170.242,457.088,0.3724,6-7,>=100,0.25-0.5,False,False,
AB01,up,tracking,2013.3935660506502,1799,2,8.3,2152.495,2290.868,0.9396,>=7,>=100,0.5-1,False,False,
AB01,up,tracking,2013.6618754277893,1897,2,7.0,102.677,512.861,0.2002,>=7,>=100,<0.25,False,False,
AB01,up,tracking,2013.6646132785763,1899,2,6.0,119.317,162.181,0.7357,6-7,>=100,0.5-1,False,False,
AB01,up,tracking,2013.6755646817248,1902,2,6.5,82.153,288.403,0.2849,6-7,20-100,0.25-0.5,False,False,
AB01,up,tracking,2013.6755646817248,1902,2,5.8,91.598,128.825,0.711,5-6,20-100,0.5-1,False,False,
AB01,up,tracking,2013.6755646817248,1902,2,5.7,81.307,114.815,0.7082,5-6,20-100,0.5-1,False,False,
AB01,up,tracking,2013.6755646817248,1902,2,6.0,83.62,162.181,0.5156,6-7,20-100,0.5-1,False,False,
AB01,up,tracking,2013.678302532512,1904,2,5.6,86.98,102.329,0.85,5-6,20-100,0.5-1,False,False,
AB01,up,tracking,2013.7029431895962,1913,2,5.9,90.679,144.544,0.6273,5-6,20-100,0.5-1,False,False,
AB01,up,tracking,2013.7056810403833,1913,2,6.1,78.784,181.97,0.433,6-7,20-100,0.25-0.5,False,False,
AB01,up,tracking,2014.4750171115675,2194,2,7.9,484.476,1445.44,0.3352,>=7,>=100,0.25-0.5,False,False,
AB01,up,tracking,2015.567419575633,2593,2,6.9,324.126,457.088,0.7091,6-7,>=100,0.5-1,False,False,
AB01,up,tracking,2015.6194387405887,2612,2,5.7,88.357,114.815,0.7696,5-6,20-100,0.5-1,False,False,
AB01,up,tracking,2015.8357289527721,2691,2,5.8,91.907,128.825,0.7134,5-6,20-100,0.5-1,False,False,
AB01,up,tracking,2015.8521560574948,2696,2,5.7,112.785,114.815,0.9823,5-6,>=100,0.5-1,False,False,
AB01,up,tracking,2015.854893908282,2697,2,6.5,100.122,288.403,0.3472,6-7,>=100,0.25-0.5,False,False,
AB01,up,tracking,2016.1943874058863,2821,2,5.6,85.981,102.329,0.8402,5-6,20-100,0.5-1,False,False,
AB01,up,tracking,2016.1943874058863,2821,2,6.3,73.916,229.087,0.3227,6-7,20-100,0.25-0.5,False,False,
AB01,up,tracking,2016.2135523613963,2828,2,6.0,77.4,162.181,0.4772,6-7,20-100,0.25-0.5,False,False,
AB01,up,tracking,2018.6201232032854,3704,2,6.5,276.803,288.403,0.9598,6-7,>=100,0.5-1,False,False,
AB01,up,tracking,2019.895961670089,4169,2,6.3,128.709,229.087,0.5618,6-7,>=100,0.5-1,False,False,
AB01,up,tracking,2020.5557837097879,4410,2,7.8,1074.404,1288.25,0.834,>=7,>=100,0.5-1,False,False,
AB01,up,tracking,2020.7994524298426,4438,2,7.6,1000.302,1023.293,0.9775,>=7,>=100,0.5-1,False,False,
AB01,up,tracking,2021.574264202601,4479,2,8.2,1124.75,2041.738,0.5509,>=7,>=100,0.5-1,False,False,
AB01,up,tracking,2023.7891854893908,4972,2,6.4,188.592,257.04,0.7337,6-7,>=100,0.5-1,False,False,
AB01,up,tracking,2023.9698836413415,4972,2,6.1,135.586,181.97,0.7451,6-7,>=100,0.5-1,False,False,
AB01,up,tracking,2024.8405201916496,5179,2,5.8,126.604,128.825,0.9828,5-6,>=100,0.5-1,True,False,
AB01,up,tracking,2025.2183436002738,5317,2,6.2,173.972,204.174,0.8521,6-7,>=100,0.5-1,True,False,
AB01,up,tracking,2025.574264202601,5435,2,8.8,1726.917,4073.803,0.4239,>=7,>=100,0.25-0.5,True,False,
AB01,up,tracking,2026.5653661875428,5681,2,5.8,104.766,128.825,0.8132,5-6,>=100,0.5-1,True,False,
AB02,east,detection,2007.5345653661875,53,2,6.1,76.747,181.97,0.4218,6-7,20-100,0.25-0.5,False,False,
AB02,east,detection,2007.5345653661875,53,2,5.9,88.54,144.544,0.6125,5-6,20-100,0.5-1,False,False,
AB02,east,detection,2007.9835728952771,217,2,6.4,62.631,257.04,0.2437,6-7,20-100,<0.25,True,False,
AB02,east,detection,2007.9863107460644,219,2,5.6,84.468,102.329,0.8255,5-6,20-100,0.5-1,True,False,
AB02,east,detection,2007.9917864476386,220,2,5.9,97.083,144.544,0.6717,5-6,20-100,0.5-1,True,False,
AB02,east,detection,2008.1916495550993,294,2,5.6,98.473,102.329,0.9623,5-6,20-100,0.5-1,True,False,
AB02,east,detection,2009.782340862423,615,2,6.5,127.01,288.403,0.4404,6-7,>=100,0.25-0.5,True,False,
AB02,east,detection,2009.782340862423,615,2,6.4,123.694,257.04,0.4812,6-7,>=100,0.25-0.5,True,False,
AB02,east,detection,2010.5434633812458,891,2,6.7,67.416,363.078,0.1857,6-7,20-100,<0.25,True,True,27.01
AB02,east,detection,2010.5434633812458,891,2,6.0,60.509,162.181,0.3731,6-7,20-100,0.25-0.5,True,False,
AB02,east,detection,2010.546201232033,893,2,5.7,47.592,114.815,0.4145,5-6,20-100,0.25-0.5,True,False,
AB02,east,detection,2010.546201232033,893,2,5.5,55.186,91.201,0.6051,5-6,20-100,0.5-1,True,False,
AB02,east,detection,2010.570841889117,902,2,5.6,50.222,102.329,0.4908,5-6,20-100,0.25-0.5,True,False,
AB02,east,detection,2011.1895961670089,1127,2,9.1,4032.995,5754.399,0.7009,>=7,>=100,0.5-1,True,False,
AB02,east,detection,2011.4770704996577,1232,2,7.3,226.221,724.436,0.3123,>=7,>=100,0.25-0.5,True,False,
AB02,east,detection,2011.668720054757,1303,2,6.9,212.325,457.088,0.4645,6-7,>=100,0.25-0.5,True,False,
AB02,east,detection,2012.6078028747434,1645,2,6.2,103.43,204.174,0.5066,6-7,>=100,0.5-1,True,False,
AB02,east,detection,2013.6618754277893,2029,2,7.0,462.104,512.861,0.901,>=7,>=100,0.5-1,True,False,
AB02,east,detection,2014.4750171115675,2327,2,7.9,849.874,1445.44,0.588,>=7,>=100,0.5-1,True,False,
AB02,east,detection,2015.091033538672,2551,2,5.5,84.909,91.201,0.931,5-6,20-100,0.5-1,True,False,
AB02,east,detection,2015.567419575633,2725,2,6.9,77.2,457.088,0.1689,6-7,20-100,<0.25,True,False,
AB02,east,detection,2015.567419575633,2725,2,5.9,52.926,144.544,0.3662,5-6,20-100,0.25-0.5,True,False,
AB02,east,detection,2015.567419575633,2725,2,5.7,93.064,114.815,0.8106,5-6,20-100,0.5-1,True,False,
AB02,east,detection,2015.567419575633,2725,2,5.9,85.978,144.544,0.5948,5-6,20-100,0.5-1,True,False,
AB02,east,detection,2015.567419575633,2725,2,5.5,69.806,91.201,0.7654,5-6,20-100,0.5-1,True,False,
AB02,east,detection,2015.567419575633,2725,2,5.6,79.857,102.329,0.7804,5-6,20-100,0.5-1,True,False,
AB02,east,detection,2015.567419575633,2725,2,5.7,86.052,114.815,0.7495,5-6,20-100,0.5-1,True,False,
AB02,east,detection,2015.6906228610542,2770,2,6.0,107.334,162.181,0.6618,6-7,>=100,0.5-1,True,False,
AB02,east,detection,2016.2354551676933,2968,2,5.8,89.486,128.825,0.6946,5-6,20-100,0.5-1,True,False,
AB02,east,detection,2016.2381930184804,2969,2,5.5,76.463,91.201,0.8384,5-6,20-100,0.5-1,True,False,
AB02,east,detection,2017.6043805612594,3468,2,5.5,64.544,91.201,0.7077,5-6,20-100,0.5-1,True,False,
AB02,east,detection,2017.6043805612594,3468,2,5.5,58.824,91.201,0.645,5-6,20-100,0.5-1,True,False,
AB02,east,detection,2018.0616016427105,3636,2,7.9,1310.69,1445.44,0.9068,>=7,>=100,0.5-1,True,False,
AB02,east,detection,2019.8165639972622,4276,2,5.8,114.073,128.825,0.8855,5-6,>=100,0.5-1,True,False,
AB02,east,detection,2020.5557837097879,4546,2,7.8,708.913,1288.25,0.5503,>=7,>=100,0.5-1,True,False,
AB02,east,detection,2020.7693360711842,4625,2,5.7,44.405,114.815,0.3868,5-6,20-100,0.25-0.5,True,False,
AB02,east,detection,2020.7994524298426,4635,2,7.6,632.298,1023.293,0.6179,>=7,>=100,0.5-1,True,False,
AB02,east,detection,2020.914442162902,4678,2,5.5,47.136,91.201,0.5168,5-6,20-100,0.5-1,True,False,
AB02,east,detection,2020.9171800136892,4678,2,6.4,47.711,257.04,0.1856,6-7,20-100,<0.25,True,False,
AB02,east,detection,2021.574264202601,4918,2,8.2,760.886,2041.738,0.3727,>=7,>=100,0.25-0.5,True,False,
AB02,east,detection,2022.028747433265,5085,2,6.8,101.935,407.38,0.2502,6-7,>=100,0.25-0.5,True,True,33.99
AB02,east,detection,2022.028747433265,5085,2,6.6,56.148,323.594,0.1735,6-7,20-100,<0.25,True,False,
AB02,east,detection,2022.028747433265,5085,2,5.8,84.476,128.825,0.6557,5-6,20-100,0.5-1,True,False,
AB02,east,detection,2022.0588637919234,5095,2,6.2,148.097,204.174,0.7253,6-7,>=100,0.5-1,True,False,
AB02,east,detection,2022.8884325804245,5399,2,5.5,88.763,91.201,0.9733,5-6,20-100,0.5-1,True,False,
AB02,east,detection,2023.5373032169746,5636,2,7.2,555.563,645.654,0.8605,>=7,>=100,0.5-1,True,False,
AB02,east,detection,2025.5386721423683,6346,2,7.3,578.538,724.436,0.7986,>=7,>=100,0.5-1,True,False,
AB02,east,detection,2025.574264202601,6359,2,8.8,2065.491,4073.803,0.507,>=7,>=100,0.5-1,True,False,
AB02,east,detection,2025.6728268309378,6396,2,5.9,95.582,144.544,0.6613,5-6,20-100,0.5-1,True,False,
AB02,east,detection,2026.1464750171115,6568,2,6.0,99.066,162.181,0.6108,6-7,20-100,0.5-1,True,False,
AB02,east,tracking,2007.5345653661875,53,2,6.1,76.747,181.97,0.4218,6-7,20-100,0.25-0.5,False,False,
AB02,east,tracking,2007.5345653661875,53,2,5.9,88.54,144.544,0.6125,5-6,20-100,0.5-1,False,False,
AB02,east,tracking,2007.9835728952771,217,2,6.4,62.631,257.04,0.2437,6-7,20-100,<0.25,False,False,
AB02,east,tracking,2007.9863107460644,219,2,5.6,84.468,102.329,0.8255,5-6,20-100,0.5-1,False,False,
AB02,east,tracking,2007.9917864476386,220,2,5.9,97.083,144.544,0.6717,5-6,20-100,0.5-1,False,False,
AB02,east,tracking,2008.1916495550993,294,2,5.6,98.473,102.329,0.9623,5-6,20-100,0.5-1,False,False,
AB02,east,tracking,2009.782340862423,615,2,6.5,127.01,288.403,0.4404,6-7,>=100,0.25-0.5,False,False,
AB02,east,tracking,2009.782340862423,615,2,6.4,123.694,257.04,0.4812,6-7,>=100,0.25-0.5,False,False,
AB02,east,tracking,2010.5434633812458,891,2,6.7,67.416,363.078,0.1857,6-7,20-100,<0.25,False,False,
AB02,east,tracking,2010.5434633812458,891,2,6.0,60.509,162.181,0.3731,6-7,20-100,0.25-0.5,False,False,
AB02,east,tracking,2010.546201232033,893,2,5.7,47.592,114.815,0.4145,5-6,20-100,0.25-0.5,False,False,
AB02,east,tracking,2010.546201232033,893,2,5.5,55.186,91.201,0.6051,5-6,20-100,0.5-1,False,False,
AB02,east,tracking,2010.570841889117,902,2,5.6,50.222,102.329,0.4908,5-6,20-100,0.25-0.5,False,False,
AB02,east,tracking,2011.1895961670089,1127,2,9.1,4032.995,5754.399,0.7009,>=7,>=100,0.5-1,False,False,
AB02,east,tracking,2011.4770704996577,1232,2,7.3,226.221,724.436,0.3123,>=7,>=100,0.25-0.5,False,False,
AB02,east,tracking,2011.668720054757,1303,2,6.9,212.325,457.088,0.4645,6-7,>=100,0.25-0.5,False,False,
AB02,east,tracking,2012.6078028747434,1645,2,6.2,103.43,204.174,0.5066,6-7,>=100,0.5-1,False,False,
AB02,east,tracking,2013.6618754277893,2029,2,7.0,462.104,512.861,0.901,>=7,>=100,0.5-1,False,False,
AB02,east,tracking,2014.4750171115675,2327,2,7.9,849.874,1445.44,0.588,>=7,>=100,0.5-1,False,False,
AB02,east,tracking,2015.091033538672,2551,2,5.5,84.909,91.201,0.931,5-6,20-100,0.5-1,False,False,
AB02,east,tracking,2015.567419575633,2725,2,6.9,77.2,457.088,0.1689,6-7,20-100,<0.25,False,False,
AB02,east,tracking,2015.567419575633,2725,2,5.9,52.926,144.544,0.3662,5-6,20-100,0.25-0.5,False,False,
AB02,east,tracking,2015.567419575633,2725,2,5.7,93.064,114.815,0.8106,5-6,20-100,0.5-1,False,False,
AB02,east,tracking,2015.567419575633,2725,2,5.9,85.978,144.544,0.5948,5-6,20-100,0.5-1,False,False,
AB02,east,tracking,2015.567419575633,2725,2,5.5,69.806,91.201,0.7654,5-6,20-100,0.5-1,False,False,
AB02,east,tracking,2015.567419575633,2725,2,5.6,79.857,102.329,0.7804,5-6,20-100,0.5-1,False,False,
AB02,east,tracking,2015.567419575633,2725,2,5.7,86.052,114.815,0.7495,5-6,20-100,0.5-1,False,False,
AB02,east,tracking,2015.6906228610542,2770,2,6.0,107.334,162.181,0.6618,6-7,>=100,0.5-1,False,False,
AB02,east,tracking,2016.2354551676933,2968,2,5.8,89.486,128.825,0.6946,5-6,20-100,0.5-1,False,False,
AB02,east,tracking,2016.2381930184804,2969,2,5.5,76.463,91.201,0.8384,5-6,20-100,0.5-1,False,False,
AB02,east,tracking,2017.6043805612594,3468,2,5.5,64.544,91.201,0.7077,5-6,20-100,0.5-1,False,False,
AB02,east,tracking,2017.6043805612594,3468,2,5.5,58.824,91.201,0.645,5-6,20-100,0.5-1,False,False,
AB02,east,tracking,2018.0616016427105,3636,2,7.9,1310.69,1445.44,0.9068,>=7,>=100,0.5-1,False,False,
AB02,east,tracking,2019.8165639972622,4276,2,5.8,114.073,128.825,0.8855,5-6,>=100,0.5-1,False,False,
AB02,east,tracking,2020.5557837097879,4546,2,7.8,708.913,1288.25,0.5503,>=7,>=100,0.5-1,False,False,
AB02,east,tracking,2020.7693360711842,4625,2,5.7,44.405,114.815,0.3868,5-6,20-100,0.25-0.5,False,False,
AB02,east,tracking,2020.7994524298426,4635,2,7.6,632.298,1023.293,0.6179,>=7,>=100,0.5-1,False,False,
AB02,east,tracking,2020.914442162902,4678,2,5.5,47.136,91.201,0.5168,5-6,20-100,0.5-1,False,False,
AB02,east,tracking,2020.9171800136892,4678,2,6.4,47.711,257.04,0.1856,6-7,20-100,<0.25,False,False,
AB02,east,tracking,2021.574264202601,4918,2,8.2,760.886,2041.738,0.3727,>=7,>=100,0.25-0.5,False,False,
AB02,east,tracking,2022.028747433265,5085,2,6.8,101.935,407.38,0.2502,6-7,>=100,0.25-0.5,False,False,
AB02,east,tracking,2022.028747433265,5085,2,6.6,56.148,323.594,0.1735,6-7,20-100,<0.25,False,False,
AB02,east,tracking,2022.028747433265,5085,2,5.8,84.476,128.825,0.6557,5-6,20-100,0.5-1,False,False,
AB02,east,tracking,2022.0588637919234,5095,2,6.2,148.097,204.174,0.7253,6-7,>=100,0.5-1,False,False,
AB02,east,tracking,2022.8884325804245,5399,2,5.5,88.763,91.201,0.9733,5-6,20-100,0.5-1,False,False,
AB02,east,tracking,2023.5373032169746,5636,2,7.2,555.563,645.654,0.8605,>=7,>=100,0.5-1,False,False,
AB02,east,tracking,2025.5386721423683,6346,2,7.3,578.538,724.436,0.7986,>=7,>=100,0.5-1,False,False,
AB02,east,tracking,2025.574264202601,6359,2,8.8,2065.491,4073.803,0.507,>=7,>=100,0.5-1,False,False,
AB02,east,tracking,2025.6728268309378,6396,2,5.9,95.582,144.544,0.6613,5-6,20-100,0.5-1,False,False,
AB02,east,tracking,2026.1464750171115,6568,2,6.0,99.066,162.181,0.6108,6-7,20-100,0.5-1,False,False,
AB02,north,detection,2007.5345653661875,53,2,6.1,76.747,181.97,0.4218,6-7,20-100,0.25-0.5,False,False,
AB02,north,detection,2007.5345653661875,53,2,5.9,88.54,144.544,0.6125,5-6,20-100,0.5-1,False,False,
AB02,north,detection,2007.9835728952771,217,2,6.4,62.631,257.04,0.2437,6-7,20-100,<0.25,True,False,
AB02,north,detection,2007.9863107460644,219,2,5.6,84.468,102.329,0.8255,5-6,20-100,0.5-1,True,False,
AB02,north,detection,2007.9917864476386,220,2,5.9,97.083,144.544,0.6717,5-6,20-100,0.5-1,True,False,
AB02,north,detection,2008.1916495550993,294,2,5.6,98.473,102.329,0.9623,5-6,20-100,0.5-1,True,False,
AB02,north,detection,2009.782340862423,615,2,6.5,127.01,288.403,0.4404,6-7,>=100,0.25-0.5,True,False,
AB02,north,detection,2009.782340862423,615,2,6.4,123.694,257.04,0.4812,6-7,>=100,0.25-0.5,True,False,
AB02,north,detection,2010.5434633812458,891,2,6.7,67.416,363.078,0.1857,6-7,20-100,<0.25,True,True,27.01
AB02,north,detection,2010.5434633812458,891,2,6.0,60.509,162.181,0.3731,6-7,20-100,0.25-0.5,True,False,
AB02,north,detection,2010.546201232033,893,2,5.7,47.592,114.815,0.4145,5-6,20-100,0.25-0.5,True,False,
AB02,north,detection,2010.546201232033,893,2,5.5,55.186,91.201,0.6051,5-6,20-100,0.5-1,True,False,
AB02,north,detection,2010.570841889117,902,2,5.6,50.222,102.329,0.4908,5-6,20-100,0.25-0.5,True,False,
AB02,north,detection,2011.1895961670089,1127,2,9.1,4032.995,5754.399,0.7009,>=7,>=100,0.5-1,True,False,
AB02,north,detection,2011.4770704996577,1232,2,7.3,226.221,724.436,0.3123,>=7,>=100,0.25-0.5,True,False,
AB02,north,detection,2011.668720054757,1303,2,6.9,212.325,457.088,0.4645,6-7,>=100,0.25-0.5,True,False,
AB02,north,detection,2012.6078028747434,1645,2,6.2,103.43,204.174,0.5066,6-7,>=100,0.5-1,True,False,
AB02,north,detection,2013.6618754277893,2029,2,7.0,462.104,512.861,0.901,>=7,>=100,0.5-1,True,False,
AB02,north,detection,2014.4750171115675,2327,2,7.9,849.874,1445.44,0.588,>=7,>=100,0.5-1,True,False,
AB02,north,detection,2015.091033538672,2551,2,5.5,84.909,91.201,0.931,5-6,20-100,0.5-1,True,False,
AB02,north,detection,2015.567419575633,2725,2,6.9,77.2,457.088,0.1689,6-7,20-100,<0.25,True,True,34.0
AB02,north,detection,2015.567419575633,2725,2,5.9,52.926,144.544,0.3662,5-6,20-100,0.25-0.5,True,False,
AB02,north,detection,2015.567419575633,2725,2,5.7,93.064,114.815,0.8106,5-6,20-100,0.5-1,True,False,
AB02,north,detection,2015.567419575633,2725,2,5.9,85.978,144.544,0.5948,5-6,20-100,0.5-1,True,False,
AB02,north,detection,2015.567419575633,2725,2,5.5,69.806,91.201,0.7654,5-6,20-100,0.5-1,True,False,
AB02,north,detection,2015.567419575633,2725,2,5.6,79.857,102.329,0.7804,5-6,20-100,0.5-1,True,False,
AB02,north,detection,2015.567419575633,2725,2,5.7,86.052,114.815,0.7495,5-6,20-100,0.5-1,True,False,
AB02,north,detection,2015.6906228610542,2770,2,6.0,107.334,162.181,0.6618,6-7,>=100,0.5-1,False,False,
AB02,north,detection,2016.2354551676933,2968,2,5.8,89.486,128.825,0.6946,5-6,20-100,0.5-1,True,False,
AB02,north,detection,2016.2381930184804,2969,2,5.5,76.463,91.201,0.8384,5-6,20-100,0.5-1,True,False,
AB02,north,detection,2017.6043805612594,3468,2,5.5,64.544,91.201,0.7077,5-6,20-100,0.5-1,True,False,
AB02,north,detection,2017.6043805612594,3468,2,5.5,58.824,91.201,0.645,5-6,20-100,0.5-1,True,False,
AB02,north,detection,2018.0616016427105,3636,2,7.9,1310.69,1445.44,0.9068,>=7,>=100,0.5-1,True,False,
AB02,north,detection,2019.8165639972622,4276,2,5.8,114.073,128.825,0.8855,5-6,>=100,0.5-1,True,False,
AB02,north,detection,2020.5557837097879,4546,2,7.8,708.913,1288.25,0.5503,>=7,>=100,0.5-1,True,False,
AB02,north,detection,2020.7693360711842,4625,2,5.7,44.405,114.815,0.3868,5-6,20-100,0.25-0.5,True,False,
AB02,north,detection,2020.7994524298426,4635,2,7.6,632.298,1023.293,0.6179,>=7,>=100,0.5-1,True,False,
AB02,north,detection,2020.914442162902,4678,2,5.5,47.136,91.201,0.5168,5-6,20-100,0.5-1,True,False,
AB02,north,detection,2020.9171800136892,4678,2,6.4,47.711,257.04,0.1856,6-7,20-100,<0.25,True,False,
AB02,north,detection,2021.574264202601,4918,2,8.2,760.886,2041.738,0.3727,>=7,>=100,0.25-0.5,True,False,
AB02,north,detection,2022.028747433265,5085,2,6.8,101.935,407.38,0.2502,6-7,>=100,0.25-0.5,True,True,33.99
AB02,north,detection,2022.028747433265,5085,2,6.6,56.148,323.594,0.1735,6-7,20-100,<0.25,True,False,
AB02,north,detection,2022.028747433265,5085,2,5.8,84.476,128.825,0.6557,5-6,20-100,0.5-1,True,False,
AB02,north,detection,2022.0588637919234,5095,2,6.2,148.097,204.174,0.7253,6-7,>=100,0.5-1,True,False,
AB02,north,detection,2022.8884325804245,5399,2,5.5,88.763,91.201,0.9733,5-6,20-100,0.5-1,True,True,39.98
AB02,north,detection,2023.5373032169746,5636,2,7.2,555.563,645.654,0.8605,>=7,>=100,0.5-1,True,False,
AB02,north,detection,2025.5386721423683,6346,2,7.3,578.538,724.436,0.7986,>=7,>=100,0.5-1,True,False,
AB02,north,detection,2025.574264202601,6359,2,8.8,2065.491,4073.803,0.507,>=7,>=100,0.5-1,True,False,
AB02,north,detection,2025.6728268309378,6396,2,5.9,95.582,144.544,0.6613,5-6,20-100,0.5-1,True,False,
AB02,north,detection,2026.1464750171115,6568,2,6.0,99.066,162.181,0.6108,6-7,20-100,0.5-1,True,False,
AB02,north,tracking,2007.5345653661875,53,2,6.1,76.747,181.97,0.4218,6-7,20-100,0.25-0.5,False,False,
AB02,north,tracking,2007.5345653661875,53,2,5.9,88.54,144.544,0.6125,5-6,20-100,0.5-1,False,False,
AB02,north,tracking,2007.9835728952771,217,2,6.4,62.631,257.04,0.2437,6-7,20-100,<0.25,False,False,
AB02,north,tracking,2007.9863107460644,219,2,5.6,84.468,102.329,0.8255,5-6,20-100,0.5-1,False,False,
AB02,north,tracking,2007.9917864476386,220,2,5.9,97.083,144.544,0.6717,5-6,20-100,0.5-1,False,False,
AB02,north,tracking,2008.1916495550993,294,2,5.6,98.473,102.329,0.9623,5-6,20-100,0.5-1,False,False,
AB02,north,tracking,2009.782340862423,615,2,6.5,127.01,288.403,0.4404,6-7,>=100,0.25-0.5,False,False,
AB02,north,tracking,2009.782340862423,615,2,6.4,123.694,257.04,0.4812,6-7,>=100,0.25-0.5,False,False,
AB02,north,tracking,2010.5434633812458,891,2,6.7,67.416,363.078,0.1857,6-7,20-100,<0.25,False,False,
AB02,north,tracking,2010.5434633812458,891,2,6.0,60.509,162.181,0.3731,6-7,20-100,0.25-0.5,False,False,
AB02,north,tracking,2010.546201232033,893,2,5.7,47.592,114.815,0.4145,5-6,20-100,0.25-0.5,False,False,
AB02,north,tracking,2010.546201232033,893,2,5.5,55.186,91.201,0.6051,5-6,20-100,0.5-1,False,False,
AB02,north,tracking,2010.570841889117,902,2,5.6,50.222,102.329,0.4908,5-6,20-100,0.25-0.5,False,False,
AB02,north,tracking,2011.1895961670089,1127,2,9.1,4032.995,5754.399,0.7009,>=7,>=100,0.5-1,False,False,
AB02,north,tracking,2011.4770704996577,1232,2,7.3,226.221,724.436,0.3123,>=7,>=100,0.25-0.5,False,False,
AB02,north,tracking,2011.668720054757,1303,2,6.9,212.325,457.088,0.4645,6-7,>=100,0.25-0.5,False,False,
AB02,north,tracking,2012.6078028747434,1645,2,6.2,103.43,204.174,0.5066,6-7,>=100,0.5-1,False,False,
AB02,north,tracking,2013.6618754277893,2029,2,7.0,462.104,512.861,0.901,>=7,>=100,0.5-1,False,False,
AB02,north,tracking,2014.4750171115675,2327,2,7.9,849.874,1445.44,0.588,>=7,>=100,0.5-1,False,False,
AB02,north,tracking,2015.091033538672,2551,2,5.5,84.909,91.201,0.931,5-6,20-100,0.5-1,False,False,
AB02,north,tracking,2015.567419575633,2725,2,6.9,77.2,457.088,0.1689,6-7,20-100,<0.25,False,False,
AB02,north,tracking,2015.567419575633,2725,2,5.9,52.926,144.544,0.3662,5-6,20-100,0.25-0.5,False,False,
AB02,north,tracking,2015.567419575633,2725,2,5.7,93.064,114.815,0.8106,5-6,20-100,0.5-1,False,False,
AB02,north,tracking,2015.567419575633,2725,2,5.9,85.978,144.544,0.5948,5-6,20-100,0.5-1,False,False,
AB02,north,tracking,2015.567419575633,2725,2,5.5,69.806,91.201,0.7654,5-6,20-100,0.5-1,False,False,
AB02,north,tracking,2015.567419575633,2725,2,5.6,79.857,102.329,0.7804,5-6,20-100,0.5-1,False,False,
AB02,north,tracking,2015.567419575633,2725,2,5.7,86.052,114.815,0.7495,5-6,20-100,0.5-1,False,False,
AB02,north,tracking,2015.6906228610542,2770,2,6.0,107.334,162.181,0.6618,6-7,>=100,0.5-1,False,False,
AB02,north,tracking,2016.2354551676933,2968,2,5.8,89.486,128.825,0.6946,5-6,20-100,0.5-1,False,False,
AB02,north,tracking,2016.2381930184804,2969,2,5.5,76.463,91.201,0.8384,5-6,20-100,0.5-1,False,False,
AB02,north,tracking,2017.6043805612594,3468,2,5.5,64.544,91.201,0.7077,5-6,20-100,0.5-1,False,False,
AB02,north,tracking,2017.6043805612594,3468,2,5.5,58.824,91.201,0.645,5-6,20-100,0.5-1,False,False,
AB02,north,tracking,2018.0616016427105,3636,2,7.9,1310.69,1445.44,0.9068,>=7,>=100,0.5-1,False,False,
AB02,north,tracking,2019.8165639972622,4276,2,5.8,114.073,128.825,0.8855,5-6,>=100,0.5-1,False,False,
AB02,north,tracking,2020.5557837097879,4546,2,7.8,708.913,1288.25,0.5503,>=7,>=100,0.5-1,False,False,
AB02,north,tracking,2020.7693360711842,4625,2,5.7,44.405,114.815,0.3868,5-6,20-100,0.25-0.5,False,False,
AB02,north,tracking,2020.7994524298426,4635,2,7.6,632.298,1023.293,0.6179,>=7,>=100,0.5-1,False,False,
AB02,north,tracking,2020.914442162902,4678,2,5.5,47.136,91.201,0.5168,5-6,20-100,0.5-1,False,False,
AB02,north,tracking,2020.9171800136892,4678,2,6.4,47.711,257.04,0.1856,6-7,20-100,<0.25,False,False,
AB02,north,tracking,2021.574264202601,4918,2,8.2,760.886,2041.738,0.3727,>=7,>=100,0.25-0.5,False,False,
AB02,north,tracking,2022.028747433265,5085,2,6.8,101.935,407.38,0.2502,6-7,>=100,0.25-0.5,True,False,
AB02,north,tracking,2022.028747433265,5085,2,6.6,56.148,323.594,0.1735,6-7,20-100,<0.25,True,False,
AB02,north,tracking,2022.028747433265,5085,2,5.8,84.476,128.825,0.6557,5-6,20-100,0.5-1,True,False,
AB02,north,tracking,2022.0588637919234,5095,2,6.2,148.097,204.174,0.7253,6-7,>=100,0.5-1,True,False,
AB02,north,tracking,2022.8884325804245,5399,2,5.5,88.763,91.201,0.9733,5-6,20-100,0.5-1,True,False,
AB02,north,tracking,2023.5373032169746,5636,2,7.2,555.563,645.654,0.8605,>=7,>=100,0.5-1,True,False,
AB02,north,tracking,2025.5386721423683,6346,2,7.3,578.538,724.436,0.7986,>=7,>=100,0.5-1,True,False,
AB02,north,tracking,2025.574264202601,6359,2,8.8,2065.491,4073.803,0.507,>=7,>=100,0.5-1,True,False,
AB02,north,tracking,2025.6728268309378,6396,2,5.9,95.582,144.544,0.6613,5-6,20-100,0.5-1,True,False,
AB02,north,tracking,2026.1464750171115,6568,2,6.0,99.066,162.181,0.6108,6-7,20-100,0.5-1,True,False,
AB02,up,detection,2007.5345653661875,53,2,6.1,76.747,181.97,0.4218,6-7,20-100,0.25-0.5,False,False,
AB02,up,detection,2007.5345653661875,53,2,5.9,88.54,144.544,0.6125,5-6,20-100,0.5-1,False,False,
AB02,up,detection,2007.9835728952771,217,2,6.4,62.631,257.04,0.2437,6-7,20-100,<0.25,True,False,
AB02,up,detection,2007.9863107460644,219,2,5.6,84.468,102.329,0.8255,5-6,20-100,0.5-1,True,False,
AB02,up,detection,2007.9917864476386,220,2,5.9,97.083,144.544,0.6717,5-6,20-100,0.5-1,True,False,
AB02,up,detection,2008.1916495550993,294,2,5.6,98.473,102.329,0.9623,5-6,20-100,0.5-1,True,False,
AB02,up,detection,2009.782340862423,615,2,6.5,127.01,288.403,0.4404,6-7,>=100,0.25-0.5,True,False,
AB02,up,detection,2009.782340862423,615,2,6.4,123.694,257.04,0.4812,6-7,>=100,0.25-0.5,True,False,
AB02,up,detection,2010.5434633812458,891,2,6.7,67.416,363.078,0.1857,6-7,20-100,<0.25,True,False,
AB02,up,detection,2010.5434633812458,891,2,6.0,60.509,162.181,0.3731,6-7,20-100,0.25-0.5,True,False,
AB02,up,detection,2010.546201232033,893,2,5.7,47.592,114.815,0.4145,5-6,20-100,0.25-0.5,True,False,
AB02,up,detection,2010.546201232033,893,2,5.5,55.186,91.201,0.6051,5-6,20-100,0.5-1,True,False,
AB02,up,detection,2010.570841889117,902,2,5.6,50.222,102.329,0.4908,5-6,20-100,0.25-0.5,True,False,
AB02,up,detection,2011.1895961670089,1127,2,9.1,4032.995,5754.399,0.7009,>=7,>=100,0.5-1,True,False,
AB02,up,detection,2011.4770704996577,1232,2,7.3,226.221,724.436,0.3123,>=7,>=100,0.25-0.5,True,False,
AB02,up,detection,2011.668720054757,1303,2,6.9,212.325,457.088,0.4645,6-7,>=100,0.25-0.5,True,False,
AB02,up,detection,2012.6078028747434,1645,2,6.2,103.43,204.174,0.5066,6-7,>=100,0.5-1,True,False,
AB02,up,detection,2013.6618754277893,2029,2,7.0,462.104,512.861,0.901,>=7,>=100,0.5-1,True,False,
AB02,up,detection,2014.4750171115675,2327,2,7.9,849.874,1445.44,0.588,>=7,>=100,0.5-1,True,False,
AB02,up,detection,2015.091033538672,2551,2,5.5,84.909,91.201,0.931,5-6,20-100,0.5-1,True,False,
AB02,up,detection,2015.567419575633,2725,2,6.9,77.2,457.088,0.1689,6-7,20-100,<0.25,True,False,
AB02,up,detection,2015.567419575633,2725,2,5.9,52.926,144.544,0.3662,5-6,20-100,0.25-0.5,True,False,
AB02,up,detection,2015.567419575633,2725,2,5.7,93.064,114.815,0.8106,5-6,20-100,0.5-1,True,False,
AB02,up,detection,2015.567419575633,2725,2,5.9,85.978,144.544,0.5948,5-6,20-100,0.5-1,True,False,
AB02,up,detection,2015.567419575633,2725,2,5.5,69.806,91.201,0.7654,5-6,20-100,0.5-1,True,False,
AB02,up,detection,2015.567419575633,2725,2,5.6,79.857,102.329,0.7804,5-6,20-100,0.5-1,True,False,
AB02,up,detection,2015.567419575633,2725,2,5.7,86.052,114.815,0.7495,5-6,20-100,0.5-1,True,False,
AB02,up,detection,2015.6906228610542,2770,2,6.0,107.334,162.181,0.6618,6-7,>=100,0.5-1,True,False,
AB02,up,detection,2016.2354551676933,2968,2,5.8,89.486,128.825,0.6946,5-6,20-100,0.5-1,True,False,
AB02,up,detection,2016.2381930184804,2969,2,5.5,76.463,91.201,0.8384,5-6,20-100,0.5-1,True,False,
AB02,up,detection,2017.6043805612594,3468,2,5.5,64.544,91.201,0.7077,5-6,20-100,0.5-1,True,False,
AB02,up,detection,2017.6043805612594,3468,2,5.5,58.824,91.201,0.645,5-6,20-100,0.5-1,True,False,
AB02,up,detection,2018.0616016427105,3636,2,7.9,1310.69,1445.44,0.9068,>=7,>=100,0.5-1,True,False,
AB02,up,detection,2019.8165639972622,4276,2,5.8,114.073,128.825,0.8855,5-6,>=100,0.5-1,True,False,
AB02,up,detection,2020.5557837097879,4546,2,7.8,708.913,1288.25,0.5503,>=7,>=100,0.5-1,True,False,
AB02,up,detection,2020.7693360711842,4625,2,5.7,44.405,114.815,0.3868,5-6,20-100,0.25-0.5,True,False,
AB02,up,detection,2020.7994524298426,4635,2,7.6,632.298,1023.293,0.6179,>=7,>=100,0.5-1,True,False,
AB02,up,detection,2020.914442162902,4678,2,5.5,47.136,91.201,0.5168,5-6,20-100,0.5-1,True,False,
AB02,up,detection,2020.9171800136892,4678,2,6.4,47.711,257.04,0.1856,6-7,20-100,<0.25,True,False,
AB02,up,detection,2021.574264202601,4918,2,8.2,760.886,2041.738,0.3727,>=7,>=100,0.25-0.5,True,False,
AB02,up,detection,2022.028747433265,5085,2,6.8,101.935,407.38,0.2502,6-7,>=100,0.25-0.5,True,False,
AB02,up,detection,2022.028747433265,5085,2,6.6,56.148,323.594,0.1735,6-7,20-100,<0.25,True,False,
AB02,up,detection,2022.028747433265,5085,2,5.8,84.476,128.825,0.6557,5-6,20-100,0.5-1,True,False,
AB02,up,detection,2022.0588637919234,5095,2,6.2,148.097,204.174,0.7253,6-7,>=100,0.5-1,True,False,
AB02,up,detection,2022.8884325804245,5399,2,5.5,88.763,91.201,0.9733,5-6,20-100,0.5-1,True,False,
AB02,up,detection,2023.5373032169746,5636,2,7.2,555.563,645.654,0.8605,>=7,>=100,0.5-1,True,False,
AB02,up,detection,2025.5386721423683,6346,2,7.3,578.538,724.436,0.7986,>=7,>=100,0.5-1,True,False,
AB02,up,detection,2025.574264202601,6359,2,8.8,2065.491,4073.803,0.507,>=7,>=100,0.5-1,True,False,
AB02,up,detection,2025.6728268309378,6396,2,5.9,95.582,144.544,0.6613,5-6,20-100,0.5-1,True,False,
AB02,up,detection,2026.1464750171115,6568,2,6.0,99.066,162.181,0.6108,6-7,20-100,0.5-1,True,False,
AB02,up,tracking,2007.5345653661875,53,2,6.1,76.747,181.97,0.4218,6-7,20-100,0.25-0.5,False,False,
AB02,up,tracking,2007.5345653661875,53,2,5.9,88.54,144.544,0.6125,5-6,20-100,0.5-1,False,False,
AB02,up,tracking,2007.9835728952771,217,2,6.4,62.631,257.04,0.2437,6-7,20-100,<0.25,False,False,
AB02,up,tracking,2007.9863107460644,219,2,5.6,84.468,102.329,0.8255,5-6,20-100,0.5-1,False,False,
AB02,up,tracking,2007.9917864476386,220,2,5.9,97.083,144.544,0.6717,5-6,20-100,0.5-1,False,False,
AB02,up,tracking,2008.1916495550993,294,2,5.6,98.473,102.329,0.9623,5-6,20-100,0.5-1,False,False,
AB02,up,tracking,2009.782340862423,615,2,6.5,127.01,288.403,0.4404,6-7,>=100,0.25-0.5,False,False,
AB02,up,tracking,2009.782340862423,615,2,6.4,123.694,257.04,0.4812,6-7,>=100,0.25-0.5,False,False,
AB02,up,tracking,2010.5434633812458,891,2,6.7,67.416,363.078,0.1857,6-7,20-100,<0.25,False,False,
AB02,up,tracking,2010.5434633812458,891,2,6.0,60.509,162.181,0.3731,6-7,20-100,0.25-0.5,False,False,
AB02,up,tracking,2010.546201232033,893,2,5.7,47.592,114.815,0.4145,5-6,20-100,0.25-0.5,False,False,
AB02,up,tracking,2010.546201232033,893,2,5.5,55.186,91.201,0.6051,5-6,20-100,0.5-1,False,False,
AB02,up,tracking,2010.570841889117,902,2,5.6,50.222,102.329,0.4908,5-6,20-100,0.25-0.5,False,False,
AB02,up,tracking,2011.1895961670089,1127,2,9.1,4032.995,5754.399,0.7009,>=7,>=100,0.5-1,False,False,
AB02,up,tracking,2011.4770704996577,1232,2,7.3,226.221,724.436,0.3123,>=7,>=100,0.25-0.5,False,False,
AB02,up,tracking,2011.668720054757,1303,2,6.9,212.325,457.088,0.4645,6-7,>=100,0.25-0.5,False,False,
AB02,up,tracking,2012.6078028747434,1645,2,6.2,103.43,204.174,0.5066,6-7,>=100,0.5-1,False,False,
AB02,up,tracking,2013.6618754277893,2029,2,7.0,462.104,512.861,0.901,>=7,>=100,0.5-1,False,False,
AB02,up,tracking,2014.4750171115675,2327,2,7.9,849.874,1445.44,0.588,>=7,>=100,0.5-1,False,False,
AB02,up,tracking,2015.091033538672,2551,2,5.5,84.909,91.201,0.931,5-6,20-100,0.5-1,False,False,
AB02,up,tracking,2015.567419575633,2725,2,6.9,77.2,457.088,0.1689,6-7,20-100,<0.25,False,False,
AB02,up,tracking,2015.567419575633,2725,2,5.9,52.926,144.544,0.3662,5-6,20-100,0.25-0.5,False,False,
AB02,up,tracking,2015.567419575633,2725,2,5.7,93.064,114.815,0.8106,5-6,20-100,0.5-1,False,False,
AB02,up,tracking,2015.567419575633,2725,2,5.9,85.978,144.544,0.5948,5-6,20-100,0.5-1,False,False,
AB02,up,tracking,2015.567419575633,2725,2,5.5,69.806,91.201,0.7654,5-6,20-100,0.5-1,False,False,
AB02,up,tracking,2015.567419575633,2725,2,5.6,79.857,102.329,0.7804,5-6,20-100,0.5-1,False,False,
AB02,up,tracking,2015.567419575633,2725,2,5.7,86.052,114.815,0.7495,5-6,20-100,0.5-1,False,False,
AB02,up,tracking,2015.6906228610542,2770,2,6.0,107.334,162.181,0.6618,6-7,>=100,0.5-1,False,False,
AB02,up,tracking,2016.2354551676933,2968,2,5.8,89.486,128.825,0.6946,5-6,20-100,0.5-1,False,False,
AB02,up,tracking,2016.2381930184804,2969,2,5.5,76.463,91.201,0.8384,5-6,20-100,0.5-1,False,False,
AB02,up,tracking,2017.6043805612594,3468,2,5.5,64.544,91.201,0.7077,5-6,20-100,0.5-1,False,False,
AB02,up,tracking,2017.6043805612594,3468,2,5.5,58.824,91.201,0.645,5-6,20-100,0.5-1,False,False,
AB02,up,tracking,2018.0616016427105,3636,2,7.9,1310.69,1445.44,0.9068,>=7,>=100,0.5-1,False,False,
AB02,up,tracking,2019.8165639972622,4276,2,5.8,114.073,128.825,0.8855,5-6,>=100,0.5-1,False,False,
AB02,up,tracking,2020.5557837097879,4546,2,7.8,708.913,1288.25,0.5503,>=7,>=100,0.5-1,False,False,
AB02,up,tracking,2020.7693360711842,4625,2,5.7,44.405,114.815,0.3868,5-6,20-100,0.25-0.5,False,False,
AB02,up,tracking,2020.7994524298426,4635,2,7.6,632.298,1023.293,0.6179,>=7,>=100,0.5-1,False,False,
AB02,up,tracking,2020.914442162902,4678,2,5.5,47.136,91.201,0.5168,5-6,20-100,0.5-1,False,False,
AB02,up,tracking,2020.9171800136892,4678,2,6.4,47.711,257.04,0.1856,6-7,20-100,<0.25,False,False,
AB02,up,tracking,2021.574264202601,4918,2,8.2,760.886,2041.738,0.3727,>=7,>=100,0.25-0.5,False,False,
AB02,up,tracking,2022.028747433265,5085,2,6.8,101.935,407.38,0.2502,6-7,>=100,0.25-0.5,True,False,
AB02,up,tracking,2022.028747433265,5085,2,6.6,56.148,323.594,0.1735,6-7,20-100,<0.25,True,False,
AB02,up,tracking,2022.028747433265,5085,2,5.8,84.476,128.825,0.6557,5-6,20-100,0.5-1,True,False,
AB02,up,tracking,2022.0588637919234,5095,2,6.2,148.097,204.174,0.7253,6-7,>=100,0.5-1,True,False,
AB02,up,tracking,2022.8884325804245,5399,2,5.5,88.763,91.201,0.9733,5-6,20-100,0.5-1,True,False,
AB02,up,tracking,2023.5373032169746,5636,2,7.2,555.563,645.654,0.8605,>=7,>=100,0.5-1,True,False,
AB02,up,tracking,2025.5386721423683,6346,2,7.3,578.538,724.436,0.7986,>=7,>=100,0.5-1,True,False,
AB02,up,tracking,2025.574264202601,6359,2,8.8,2065.491,4073.803,0.507,>=7,>=100,0.5-1,True,False,
AB02,up,tracking,2025.6728268309378,6396,2,5.9,95.582,144.544,0.6613,5-6,20-100,0.5-1,True,False,
AB02,up,tracking,2026.1464750171115,6568,2,6.0,99.066,162.181,0.6108,6-7,20-100,0.5-1,True,False,
AB04,east,detection,2018.7049965776864,3980,1,,,,,none,none,none,True,False,
AB04,east,detection,2023.60848733744,4996,1,,,,,none,none,none,True,False,
AB04,east,detection,2023.60848733744,4996,1,,,,,none,none,none,True,False,
AB04,east,detection,2011.1895961670089,1245,2,9.1,4177.428,5754.399,0.726,>=7,>=100,0.5-1,True,False,
AB04,east,detection,2013.3935660506502,2049,2,8.3,2236.273,2290.868,0.9762,>=7,>=100,0.5-1,False,False,
AB04,east,detection,2020.5557837097879,4652,2,7.8,1167.059,1288.25,0.9059,>=7,>=100,0.5-1,True,False,
AB04,east,detection,2021.574264202601,4730,2,8.2,1162.76,2041.738,0.5695,>=7,>=100,0.5-1,True,False,
AB04,east,detection,2025.574264202601,5672,2,8.8,2088.131,4073.803,0.5126,>=7,>=100,0.5-1,True,False,
AB04,east,tracking,2018.7049965776864,3980,1,,,,,none,none,none,False,False,
AB04,east,tracking,2023.60848733744,4996,1,,,,,none,none,none,False,False,
AB04,east,tracking,2023.60848733744,4996,1,,,,,none,none,none,False,False,
AB04,east,tracking,2011.1895961670089,1245,2,9.1,4177.428,5754.399,0.726,>=7,>=100,0.5-1,False,False,
AB04,east,tracking,2013.3935660506502,2049,2,8.3,2236.273,2290.868,0.9762,>=7,>=100,0.5-1,False,False,
AB04,east,tracking,2020.5557837097879,4652,2,7.8,1167.059,1288.25,0.9059,>=7,>=100,0.5-1,False,False,
AB04,east,tracking,2021.574264202601,4730,2,8.2,1162.76,2041.738,0.5695,>=7,>=100,0.5-1,False,False,
AB04,east,tracking,2025.574264202601,5672,2,8.8,2088.131,4073.803,0.5126,>=7,>=100,0.5-1,True,False,
AB04,north,detection,2018.7049965776864,3980,1,,,,,none,none,none,True,False,
AB04,north,detection,2023.60848733744,4996,1,,,,,none,none,none,True,False,
AB04,north,detection,2023.60848733744,4996,1,,,,,none,none,none,True,False,
AB04,north,detection,2011.1895961670089,1245,2,9.1,4177.428,5754.399,0.726,>=7,>=100,0.5-1,True,False,
AB04,north,detection,2013.3935660506502,2049,2,8.3,2236.273,2290.868,0.9762,>=7,>=100,0.5-1,True,False,
AB04,north,detection,2020.5557837097879,4652,2,7.8,1167.059,1288.25,0.9059,>=7,>=100,0.5-1,True,False,
AB04,north,detection,2021.574264202601,4730,2,8.2,1162.76,2041.738,0.5695,>=7,>=100,0.5-1,True,False,
AB04,north,detection,2025.574264202601,5672,2,8.8,2088.131,4073.803,0.5126,>=7,>=100,0.5-1,True,False,
AB04,north,tracking,2018.7049965776864,3980,1,,,,,none,none,none,False,False,
AB04,north,tracking,2023.60848733744,4996,1,,,,,none,none,none,False,False,
AB04,north,tracking,2023.60848733744,4996,1,,,,,none,none,none,False,False,
AB04,north,tracking,2011.1895961670089,1245,2,9.1,4177.428,5754.399,0.726,>=7,>=100,0.5-1,False,False,
AB04,north,tracking,2013.3935660506502,2049,2,8.3,2236.273,2290.868,0.9762,>=7,>=100,0.5-1,False,False,
AB04,north,tracking,2020.5557837097879,4652,2,7.8,1167.059,1288.25,0.9059,>=7,>=100,0.5-1,False,False,
AB04,north,tracking,2021.574264202601,4730,2,8.2,1162.76,2041.738,0.5695,>=7,>=100,0.5-1,False,False,
AB04,north,tracking,2025.574264202601,5672,2,8.8,2088.131,4073.803,0.5126,>=7,>=100,0.5-1,True,False,
AB04,up,detection,2018.7049965776864,3980,1,,,,,none,none,none,True,False,
AB04,up,detection,2023.60848733744,4996,1,,,,,none,none,none,True,False,
AB04,up,detection,2023.60848733744,4996,1,,,,,none,none,none,True,False,
AB04,up,detection,2011.1895961670089,1245,2,9.1,4177.428,5754.399,0.726,>=7,>=100,0.5-1,True,False,
AB04,up,detection,2013.3935660506502,2049,2,8.3,2236.273,2290.868,0.9762,>=7,>=100,0.5-1,True,False,
AB04,up,detection,2020.5557837097879,4652,2,7.8,1167.059,1288.25,0.9059,>=7,>=100,0.5-1,True,False,
AB04,up,detection,2021.574264202601,4730,2,8.2,1162.76,2041.738,0.5695,>=7,>=100,0.5-1,True,False,
AB04,up,detection,2025.574264202601,5672,2,8.8,2088.131,4073.803,0.5126,>=7,>=100,0.5-1,True,False,
AB04,up,tracking,2018.7049965776864,3980,1,,,,,none,none,none,False,False,
AB04,up,tracking,2023.60848733744,4996,1,,,,,none,none,none,False,False,
AB04,up,tracking,2023.60848733744,4996,1,,,,,none,none,none,False,False,
AB04,up,tracking,2011.1895961670089,1245,2,9.1,4177.428,5754.399,0.726,>=7,>=100,0.5-1,False,False,
AB04,up,tracking,2013.3935660506502,2049,2,8.3,2236.273,2290.868,0.9762,>=7,>=100,0.5-1,False,False,
AB04,up,tracking,2020.5557837097879,4652,2,7.8,1167.059,1288.25,0.9059,>=7,>=100,0.5-1,False,False,
AB04,up,tracking,2021.574264202601,4730,2,8.2,1162.76,2041.738,0.5695,>=7,>=100,0.5-1,False,False,
AB04,up,tracking,2025.574264202601,5672,2,8.8,2088.131,4073.803,0.5126,>=7,>=100,0.5-1,True,False,
AB06,east,detection,2009.6427104722793,952,1,,,,,none,none,none,True,False,
AB06,east,detection,2016.473648186174,3359,1,,,,,none,none,none,True,False,
AB06,east,detection,2022.466803559206,5493,1,,,,,none,none,none,True,False,
AB06,east,detection,2022.466803559206,5493,1,,,,,none,none,none,True,False,
AB06,east,detection,2005.886379192334,98,2,6.2,123.751,204.174,0.6061,6-7,>=100,0.5-1,False,False,
AB06,east,detection,2005.8918548939082,100,2,5.7,114.108,114.815,0.9938,5-6,>=100,0.5-1,False,False,
AB06,east,detection,2007.7508555783709,260,2,6.3,117.824,229.087,0.5143,6-7,>=100,0.5-1,True,False,
AB06,east,detection,2011.1895961670089,1428,2,9.1,4398.51,5754.399,0.7644,>=7,>=100,0.5-1,True,False,
AB06,east,detection,2011.4770704996577,1533,2,7.3,639.297,724.436,0.8825,>=7,>=100,0.5-1,True,False,
AB06,east,detection,2011.5373032169746,1556,2,6.1,137.056,181.97,0.7532,6-7,>=100,0.5-1,True,False,
AB06,east,detection,2011.8466803559206,1668,2,5.7,102.125,114.815,0.8895,5-6,>=100,0.5-1,True,False,
AB06,east,detection,2014.4750171115675,2629,2,7.9,1227.142,1445.44,0.849,>=7,>=100,0.5-1,False,False,
AB06,east,detection,2018.0616016427105,3939,2,7.9,906.127,1445.44,0.6269,>=7,>=100,0.5-1,True,True,20.02
AB06,east,detection,2020.5557837097879,4826,2,7.8,308.688,1288.25,0.2396,>=7,>=100,<0.25,True,False,
AB06,east,detection,2020.5722108145105,4826,2,6.1,142.504,181.97,0.7831,6-7,>=100,0.5-1,True,False,
AB06,east,detection,2020.7994524298426,4884,2,7.6,245.751,1023.293,0.2402,>=7,>=100,<0.25,True,False,
AB06,east,detection,2021.574264202601,5167,2,8.2,355.869,2041.738,0.1743,>=7,>=100,<0.25,True,False,
AB06,east,detection,2021.618069815195,5183,2,6.9,369.63,457.088,0.8087,6-7,>=100,0.5-1,True,False,
AB06,east,detection,2022.028747433265,5334,2,6.8,401.935,407.38,0.9866,6-7,>=100,0.5-1,False,False,
AB06,east,detection,2023.5373032169746,5884,2,7.2,179.805,645.654,0.2785,>=7,>=100,0.25-0.5,True,False,
AB06,east,detection,2025.5386721423683,6465,2,7.3,193.021,724.436,0.2664,>=7,>=100,0.25-0.5,True,False,
AB06,east,detection,2025.574264202601,6478,2,8.8,2380.026,4073.803,0.5842,>=7,>=100,0.5-1,True,False,
AB06,east,tracking,2009.6427104722793,952,1,,,,,none,none,none,False,False,
AB06,east,tracking,2016.473648186174,3359,1,,,,,none,none,none,False,False,
AB06,east,tracking,2022.466803559206,5493,1,,,,,none,none,none,False,False,
AB06,east,tracking,2022.466803559206,5493,1,,,,,none,none,none,False,False,
AB06,east,tracking,2005.886379192334,98,2,6.2,123.751,204.174,0.6061,6-7,>=100,0.5-1,False,False,
AB06,east,tracking,2005.8918548939082,100,2,5.7,114.108,114.815,0.9938,5-6,>=100,0.5-1,False,False,
AB06,east,tracking,2007.7508555783709,260,2,6.3,117.824,229.087,0.5143,6-7,>=100,0.5-1,False,False,
AB06,east,tracking,2011.1895961670089,1428,2,9.1,4398.51,5754.399,0.7644,>=7,>=100,0.5-1,False,False,
AB06,east,tracking,2011.4770704996577,1533,2,7.3,639.297,724.436,0.8825,>=7,>=100,0.5-1,False,False,
AB06,east,tracking,2011.5373032169746,1556,2,6.1,137.056,181.97,0.7532,6-7,>=100,0.5-1,False,False,
AB06,east,tracking,2011.8466803559206,1668,2,5.7,102.125,114.815,0.8895,5-6,>=100,0.5-1,False,False,
AB06,east,tracking,2014.4750171115675,2629,2,7.9,1227.142,1445.44,0.849,>=7,>=100,0.5-1,False,False,
AB06,east,tracking,2018.0616016427105,3939,2,7.9,906.127,1445.44,0.6269,>=7,>=100,0.5-1,False,False,
AB06,east,tracking,2020.5557837097879,4826,2,7.8,308.688,1288.25,0.2396,>=7,>=100,<0.25,False,False,
AB06,east,tracking,2020.5722108145105,4826,2,6.1,142.504,181.97,0.7831,6-7,>=100,0.5-1,False,False,
AB06,east,tracking,2020.7994524298426,4884,2,7.6,245.751,1023.293,0.2402,>=7,>=100,<0.25,False,False,
AB06,east,tracking,2021.574264202601,5167,2,8.2,355.869,2041.738,0.1743,>=7,>=100,<0.25,False,False,
AB06,east,tracking,2021.618069815195,5183,2,6.9,369.63,457.088,0.8087,6-7,>=100,0.5-1,False,False,
AB06,east,tracking,2022.028747433265,5334,2,6.8,401.935,407.38,0.9866,6-7,>=100,0.5-1,False,False,
AB06,east,tracking,2023.5373032169746,5884,2,7.2,179.805,645.654,0.2785,>=7,>=100,0.25-0.5,False,False,
AB06,east,tracking,2025.5386721423683,6465,2,7.3,193.021,724.436,0.2664,>=7,>=100,0.25-0.5,False,False,
AB06,east,tracking,2025.574264202601,6478,2,8.8,2380.026,4073.803,0.5842,>=7,>=100,0.5-1,False,False,
AB06,north,detection,2009.6427104722793,952,1,,,,,none,none,none,True,False,
AB06,north,detection,2016.473648186174,3359,1,,,,,none,none,none,True,False,
AB06,north,detection,2022.466803559206,5493,1,,,,,none,none,none,True,False,
AB06,north,detection,2022.466803559206,5493,1,,,,,none,none,none,True,False,
AB06,north,detection,2005.886379192334,98,2,6.2,123.751,204.174,0.6061,6-7,>=100,0.5-1,False,False,
AB06,north,detection,2005.8918548939082,100,2,5.7,114.108,114.815,0.9938,5-6,>=100,0.5-1,False,False,
AB06,north,detection,2007.7508555783709,260,2,6.3,117.824,229.087,0.5143,6-7,>=100,0.5-1,True,False,
AB06,north,detection,2011.1895961670089,1428,2,9.1,4398.51,5754.399,0.7644,>=7,>=100,0.5-1,True,False,
AB06,north,detection,2011.4770704996577,1533,2,7.3,639.297,724.436,0.8825,>=7,>=100,0.5-1,True,False,
AB06,north,detection,2011.5373032169746,1556,2,6.1,137.056,181.97,0.7532,6-7,>=100,0.5-1,True,False,
AB06,north,detection,2011.8466803559206,1668,2,5.7,102.125,114.815,0.8895,5-6,>=100,0.5-1,True,False,
AB06,north,detection,2014.4750171115675,2629,2,7.9,1227.142,1445.44,0.849,>=7,>=100,0.5-1,False,False,
AB06,north,detection,2018.0616016427105,3939,2,7.9,906.127,1445.44,0.6269,>=7,>=100,0.5-1,True,False,
AB06,north,detection,2020.5557837097879,4826,2,7.8,308.688,1288.25,0.2396,>=7,>=100,<0.25,True,False,
AB06,north,detection,2020.5722108145105,4826,2,6.1,142.504,181.97,0.7831,6-7,>=100,0.5-1,True,False,
AB06,north,detection,2020.7994524298426,4884,2,7.6,245.751,1023.293,0.2402,>=7,>=100,<0.25,True,False,
AB06,north,detection,2021.574264202601,5167,2,8.2,355.869,2041.738,0.1743,>=7,>=100,<0.25,True,False,
AB06,north,detection,2021.618069815195,5183,2,6.9,369.63,457.088,0.8087,6-7,>=100,0.5-1,True,False,
AB06,north,detection,2022.028747433265,5334,2,6.8,401.935,407.38,0.9866,6-7,>=100,0.5-1,True,False,
AB06,north,detection,2023.5373032169746,5884,2,7.2,179.805,645.654,0.2785,>=7,>=100,0.25-0.5,True,False,
AB06,north,detection,2025.5386721423683,6465,2,7.3,193.021,724.436,0.2664,>=7,>=100,0.25-0.5,True,False,
AB06,north,detection,2025.574264202601,6478,2,8.8,2380.026,4073.803,0.5842,>=7,>=100,0.5-1,True,False,
AB06,north,tracking,2009.6427104722793,952,1,,,,,none,none,none,False,False,
AB06,north,tracking,2016.473648186174,3359,1,,,,,none,none,none,False,False,
AB06,north,tracking,2022.466803559206,5493,1,,,,,none,none,none,True,False,
AB06,north,tracking,2022.466803559206,5493,1,,,,,none,none,none,True,False,
AB06,north,tracking,2005.886379192334,98,2,6.2,123.751,204.174,0.6061,6-7,>=100,0.5-1,False,False,
AB06,north,tracking,2005.8918548939082,100,2,5.7,114.108,114.815,0.9938,5-6,>=100,0.5-1,False,False,
AB06,north,tracking,2007.7508555783709,260,2,6.3,117.824,229.087,0.5143,6-7,>=100,0.5-1,False,False,
AB06,north,tracking,2011.1895961670089,1428,2,9.1,4398.51,5754.399,0.7644,>=7,>=100,0.5-1,False,False,
AB06,north,tracking,2011.4770704996577,1533,2,7.3,639.297,724.436,0.8825,>=7,>=100,0.5-1,False,False,
AB06,north,tracking,2011.5373032169746,1556,2,6.1,137.056,181.97,0.7532,6-7,>=100,0.5-1,False,False,
AB06,north,tracking,2011.8466803559206,1668,2,5.7,102.125,114.815,0.8895,5-6,>=100,0.5-1,False,False,
AB06,north,tracking,2014.4750171115675,2629,2,7.9,1227.142,1445.44,0.849,>=7,>=100,0.5-1,False,False,
AB06,north,tracking,2018.0616016427105,3939,2,7.9,906.127,1445.44,0.6269,>=7,>=100,0.5-1,False,False,
AB06,north,tracking,2020.5557837097879,4826,2,7.8,308.688,1288.25,0.2396,>=7,>=100,<0.25,False,False,
AB06,north,tracking,2020.5722108145105,4826,2,6.1,142.504,181.97,0.7831,6-7,>=100,0.5-1,False,False,
AB06,north,tracking,2020.7994524298426,4884,2,7.6,245.751,1023.293,0.2402,>=7,>=100,<0.25,False,False,
AB06,north,tracking,2021.574264202601,5167,2,8.2,355.869,2041.738,0.1743,>=7,>=100,<0.25,True,False,
AB06,north,tracking,2021.618069815195,5183,2,6.9,369.63,457.088,0.8087,6-7,>=100,0.5-1,True,False,
AB06,north,tracking,2022.028747433265,5334,2,6.8,401.935,407.38,0.9866,6-7,>=100,0.5-1,True,False,
AB06,north,tracking,2023.5373032169746,5884,2,7.2,179.805,645.654,0.2785,>=7,>=100,0.25-0.5,True,False,
AB06,north,tracking,2025.5386721423683,6465,2,7.3,193.021,724.436,0.2664,>=7,>=100,0.25-0.5,True,False,
AB06,north,tracking,2025.574264202601,6478,2,8.8,2380.026,4073.803,0.5842,>=7,>=100,0.5-1,True,False,
AB06,up,detection,2009.6427104722793,952,1,,,,,none,none,none,True,False,
AB06,up,detection,2016.473648186174,3359,1,,,,,none,none,none,True,False,
AB06,up,detection,2022.466803559206,5493,1,,,,,none,none,none,True,False,
AB06,up,detection,2022.466803559206,5493,1,,,,,none,none,none,True,False,
AB06,up,detection,2005.886379192334,98,2,6.2,123.751,204.174,0.6061,6-7,>=100,0.5-1,False,False,
AB06,up,detection,2005.8918548939082,100,2,5.7,114.108,114.815,0.9938,5-6,>=100,0.5-1,False,False,
AB06,up,detection,2007.7508555783709,260,2,6.3,117.824,229.087,0.5143,6-7,>=100,0.5-1,True,False,
AB06,up,detection,2011.1895961670089,1428,2,9.1,4398.51,5754.399,0.7644,>=7,>=100,0.5-1,False,False,
AB06,up,detection,2011.4770704996577,1533,2,7.3,639.297,724.436,0.8825,>=7,>=100,0.5-1,True,False,
AB06,up,detection,2011.5373032169746,1556,2,6.1,137.056,181.97,0.7532,6-7,>=100,0.5-1,True,False,
AB06,up,detection,2011.8466803559206,1668,2,5.7,102.125,114.815,0.8895,5-6,>=100,0.5-1,True,False,
AB06,up,detection,2014.4750171115675,2629,2,7.9,1227.142,1445.44,0.849,>=7,>=100,0.5-1,True,False,
AB06,up,detection,2018.0616016427105,3939,2,7.9,906.127,1445.44,0.6269,>=7,>=100,0.5-1,True,False,
AB06,up,detection,2020.5557837097879,4826,2,7.8,308.688,1288.25,0.2396,>=7,>=100,<0.25,True,False,
AB06,up,detection,2020.5722108145105,4826,2,6.1,142.504,181.97,0.7831,6-7,>=100,0.5-1,True,False,
AB06,up,detection,2020.7994524298426,4884,2,7.6,245.751,1023.293,0.2402,>=7,>=100,<0.25,True,False,
AB06,up,detection,2021.574264202601,5167,2,8.2,355.869,2041.738,0.1743,>=7,>=100,<0.25,True,False,
AB06,up,detection,2021.618069815195,5183,2,6.9,369.63,457.088,0.8087,6-7,>=100,0.5-1,True,False,
AB06,up,detection,2022.028747433265,5334,2,6.8,401.935,407.38,0.9866,6-7,>=100,0.5-1,True,False,
AB06,up,detection,2023.5373032169746,5884,2,7.2,179.805,645.654,0.2785,>=7,>=100,0.25-0.5,True,False,
AB06,up,detection,2025.5386721423683,6465,2,7.3,193.021,724.436,0.2664,>=7,>=100,0.25-0.5,True,False,
AB06,up,detection,2025.574264202601,6478,2,8.8,2380.026,4073.803,0.5842,>=7,>=100,0.5-1,True,False,
AB06,up,tracking,2009.6427104722793,952,1,,,,,none,none,none,False,False,
AB06,up,tracking,2016.473648186174,3359,1,,,,,none,none,none,False,False,
AB06,up,tracking,2022.466803559206,5493,1,,,,,none,none,none,True,False,
AB06,up,tracking,2022.466803559206,5493,1,,,,,none,none,none,True,False,
AB06,up,tracking,2005.886379192334,98,2,6.2,123.751,204.174,0.6061,6-7,>=100,0.5-1,False,False,
AB06,up,tracking,2005.8918548939082,100,2,5.7,114.108,114.815,0.9938,5-6,>=100,0.5-1,False,False,
AB06,up,tracking,2007.7508555783709,260,2,6.3,117.824,229.087,0.5143,6-7,>=100,0.5-1,False,False,
AB06,up,tracking,2011.1895961670089,1428,2,9.1,4398.51,5754.399,0.7644,>=7,>=100,0.5-1,False,False,
AB06,up,tracking,2011.4770704996577,1533,2,7.3,639.297,724.436,0.8825,>=7,>=100,0.5-1,False,False,
AB06,up,tracking,2011.5373032169746,1556,2,6.1,137.056,181.97,0.7532,6-7,>=100,0.5-1,False,False,
AB06,up,tracking,2011.8466803559206,1668,2,5.7,102.125,114.815,0.8895,5-6,>=100,0.5-1,False,False,
AB06,up,tracking,2014.4750171115675,2629,2,7.9,1227.142,1445.44,0.849,>=7,>=100,0.5-1,False,False,
AB06,up,tracking,2018.0616016427105,3939,2,7.9,906.127,1445.44,0.6269,>=7,>=100,0.5-1,False,False,
AB06,up,tracking,2020.5557837097879,4826,2,7.8,308.688,1288.25,0.2396,>=7,>=100,<0.25,False,False,
AB06,up,tracking,2020.5722108145105,4826,2,6.1,142.504,181.97,0.7831,6-7,>=100,0.5-1,False,False,
AB06,up,tracking,2020.7994524298426,4884,2,7.6,245.751,1023.293,0.2402,>=7,>=100,<0.25,False,False,
AB06,up,tracking,2021.574264202601,5167,2,8.2,355.869,2041.738,0.1743,>=7,>=100,<0.25,True,False,
AB06,up,tracking,2021.618069815195,5183,2,6.9,369.63,457.088,0.8087,6-7,>=100,0.5-1,True,False,
AB06,up,tracking,2022.028747433265,5334,2,6.8,401.935,407.38,0.9866,6-7,>=100,0.5-1,True,False,
AB06,up,tracking,2023.5373032169746,5884,2,7.2,179.805,645.654,0.2785,>=7,>=100,0.25-0.5,True,False,
AB06,up,tracking,2025.5386721423683,6465,2,7.3,193.021,724.436,0.2664,>=7,>=100,0.25-0.5,True,False,
AB06,up,tracking,2025.574264202601,6478,2,8.8,2380.026,4073.803,0.5842,>=7,>=100,0.5-1,True,False,
AB07,east,detection,2014.5215605749486,3542,1,,,,,none,none,none,True,False,
AB07,east,detection,2023.2826830937713,6740,1,,,,,none,none,none,True,False,
AB07,east,detection,2023.2826830937713,6740,1,,,,,none,none,none,True,False,
AB07,east,detection,2007.7508555783709,1074,2,6.3,121.965,229.087,0.5324,6-7,>=100,0.5-1,True,False,
AB07,east,detection,2010.2888432580423,2002,2,5.7,102.6,114.815,0.8936,5-6,>=100,0.5-1,True,False,
AB07,east,detection,2011.088295687885,2293,2,5.9,41.736,144.544,0.2887,5-6,20-100,0.25-0.5,True,False,
AB07,east,detection,2011.1895961670089,2330,2,9.1,4586.555,5754.399,0.7971,>=7,>=100,0.5-1,True,False,
AB07,east,detection,2011.3401779603012,2385,2,5.7,28.65,114.815,0.2495,5-6,20-100,<0.25,True,False,
AB07,east,detection,2011.3401779603012,2385,2,5.8,39.097,128.825,0.3035,5-6,20-100,0.25-0.5,True,False,
AB07,east,detection,2011.5373032169746,2458,2,6.1,81.179,181.97,0.4461,6-7,20-100,0.25-0.5,True,False,
AB07,east,detection,2011.5564681724845,2464,2,5.7,84.401,114.815,0.7351,5-6,20-100,0.5-1,True,False,
AB07,east,detection,2014.4750171115675,3531,2,7.9,1419.854,1445.44,0.9823,>=7,>=100,0.5-1,True,False,
AB07,east,detection,2015.4058863791922,3864,2,6.8,287.271,407.38,0.7052,6-7,>=100,0.5-1,True,False,
AB07,east,detection,2018.0616016427105,4835,2,7.9,712.098,1445.44,0.4927,>=7,>=100,0.25-0.5,True,False,
AB07,east,detection,2018.546201232033,5012,2,5.8,102.839,128.825,0.7983,5-6,>=100,0.5-1,True,False,
AB07,east,detection,2020.5557837097879,5744,2,7.8,123.251,1288.25,0.0957,>=7,>=100,<0.25,True,True,14.0
AB07,east,detection,2020.5557837097879,5744,2,6.1,100.513,181.97,0.5524,6-7,>=100,0.5-1,True,False,
AB07,east,detection,2020.5557837097879,5744,2,5.7,75.153,114.815,0.6546,5-6,20-100,0.5-1,True,False,
AB07,east,detection,2020.5557837097879,5744,2,5.5,72.624,91.201,0.7963,5-6,20-100,0.5-1,True,False,
AB07,east,detection,2020.5694729637235,5749,2,5.5,47.095,91.201,0.5164,5-6,20-100,0.5-1,True,False,
AB07,east,detection,2020.5722108145105,5751,2,6.1,77.491,181.97,0.4258,6-7,20-100,0.25-0.5,True,False,
AB07,east,detection,2020.5749486652978,5752,2,5.6,45.989,102.329,0.4494,5-6,20-100,0.25-0.5,True,False,
AB07,east,detection,2020.602327173169,5762,2,5.5,81.192,91.201,0.8903,5-6,20-100,0.5-1,False,False,
AB07,east,detection,2020.7638603696098,5820,2,5.9,68.228,144.544,0.472,5-6,20-100,0.25-0.5,False,False,
AB07,east,detection,2020.7994524298426,5833,2,7.6,99.264,1023.293,0.097,>=7,20-100,<0.25,False,False,
AB07,east,detection,2020.7994524298426,5833,2,5.7,105.108,114.815,0.9155,5-6,>=100,0.5-1,False,False,
AB07,east,detection,2020.7994524298426,5833,2,5.9,119.65,144.544,0.8278,5-6,>=100,0.5-1,False,False,
AB07,east,detection,2021.574264202601,6116,2,8.2,163.661,2041.738,0.0802,>=7,>=100,<0.25,True,False,
AB07,east,detection,2021.618069815195,6132,2,6.9,180.487,457.088,0.3949,6-7,>=100,0.25-0.5,True,False,
AB07,east,detection,2021.7768651608487,6190,2,6.9,265.067,457.088,0.5799,6-7,>=100,0.5-1,True,False,
AB07,east,detection,2023.5373032169746,6833,2,7.2,107.932,645.654,0.1672,>=7,>=100,<0.25,True,False,
AB07,east,detection,2023.5373032169746,6833,2,5.8,83.015,128.825,0.6444,5-6,20-100,0.5-1,True,False,
AB07,east,detection,2023.586584531143,6850,2,5.6,87.676,102.329,0.8568,5-6,20-100,0.5-1,True,False,
AB07,east,detection,2025.5386721423683,7541,2,7.3,87.187,724.436,0.1204,>=7,20-100,<0.25,True,False,
AB07,east,detection,2025.5414099931554,7543,2,5.6,97.046,102.329,0.9484,5-6,20-100,0.5-1,True,False,
AB07,east,detection,2025.5496235455169,7546,2,6.2,92.237,204.174,0.4518,6-7,20-100,0.25-0.5,True,False,
AB07,east,detection,2025.574264202601,7554,2,8.8,2557.029,4073.803,0.6277,>=7,>=100,0.5-1,True,False,
AB07,east,tracking,2014.5215605749486,3542,1,,,,,none,none,none,False,False,
AB07,east,tracking,2023.2826830937713,6740,1,,,,,none,none,none,False,False,
AB07,east,tracking,2023.2826830937713,6740,1,,,,,none,none,none,False,False,
AB07,east,tracking,2007.7508555783709,1074,2,6.3,121.965,229.087,0.5324,6-7,>=100,0.5-1,False,False,
AB07,east,tracking,2010.2888432580423,2002,2,5.7,102.6,114.815,0.8936,5-6,>=100,0.5-1,False,False,
AB07,east,tracking,2011.088295687885,2293,2,5.9,41.736,144.544,0.2887,5-6,20-100,0.25-0.5,False,False,
AB07,east,tracking,2011.1895961670089,2330,2,9.1,4586.555,5754.399,0.7971,>=7,>=100,0.5-1,False,False,
AB07,east,tracking,2011.3401779603012,2385,2,5.7,28.65,114.815,0.2495,5-6,20-100,<0.25,False,False,
AB07,east,tracking,2011.3401779603012,2385,2,5.8,39.097,128.825,0.3035,5-6,20-100,0.25-0.5,False,False,
AB07,east,tracking,2011.5373032169746,2458,2,6.1,81.179,181.97,0.4461,6-7,20-100,0.25-0.5,False,False,
AB07,east,tracking,2011.5564681724845,2464,2,5.7,84.401,114.815,0.7351,5-6,20-100,0.5-1,False,False,
AB07,east,tracking,2014.4750171115675,3531,2,7.9,1419.854,1445.44,0.9823,>=7,>=100,0.5-1,False,False,
AB07,east,tracking,2015.4058863791922,3864,2,6.8,287.271,407.38,0.7052,6-7,>=100,0.5-1,False,False,
AB07,east,tracking,2018.0616016427105,4835,2,7.9,712.098,1445.44,0.4927,>=7,>=100,0.25-0.5,False,False,
AB07,east,tracking,2018.546201232033,5012,2,5.8,102.839,128.825,0.7983,5-6,>=100,0.5-1,True,False,
AB07,east,tracking,2020.5557837097879,5744,2,7.8,123.251,1288.25,0.0957,>=7,>=100,<0.25,True,False,
AB07,east,tracking,2020.5557837097879,5744,2,6.1,100.513,181.97,0.5524,6-7,>=100,0.5-1,True,False,
AB07,east,tracking,2020.5557837097879,5744,2,5.7,75.153,114.815,0.6546,5-6,20-100,0.5-1,True,False,
AB07,east,tracking,2020.5557837097879,5744,2,5.5,72.624,91.201,0.7963,5-6,20-100,0.5-1,True,False,
AB07,east,tracking,2020.5694729637235,5749,2,5.5,47.095,91.201,0.5164,5-6,20-100,0.5-1,True,False,
AB07,east,tracking,2020.5722108145105,5751,2,6.1,77.491,181.97,0.4258,6-7,20-100,0.25-0.5,True,False,
AB07,east,tracking,2020.5749486652978,5752,2,5.6,45.989,102.329,0.4494,5-6,20-100,0.25-0.5,True,False,
AB07,east,tracking,2020.602327173169,5762,2,5.5,81.192,91.201,0.8903,5-6,20-100,0.5-1,True,False,
AB07,east,tracking,2020.7638603696098,5820,2,5.9,68.228,144.544,0.472,5-6,20-100,0.25-0.5,True,False,
AB07,east,tracking,2020.7994524298426,5833,2,7.6,99.264,1023.293,0.097,>=7,20-100,<0.25,True,False,
AB07,east,tracking,2020.7994524298426,5833,2,5.7,105.108,114.815,0.9155,5-6,>=100,0.5-1,True,False,
AB07,east,tracking,2020.7994524298426,5833,2,5.9,119.65,144.544,0.8278,5-6,>=100,0.5-1,True,False,
AB07,east,tracking,2021.574264202601,6116,2,8.2,163.661,2041.738,0.0802,>=7,>=100,<0.25,False,False,
AB07,east,tracking,2021.618069815195,6132,2,6.9,180.487,457.088,0.3949,6-7,>=100,0.25-0.5,False,False,
AB07,east,tracking,2021.7768651608487,6190,2,6.9,265.067,457.088,0.5799,6-7,>=100,0.5-1,False,False,
AB07,east,tracking,2023.5373032169746,6833,2,7.2,107.932,645.654,0.1672,>=7,>=100,<0.25,False,False,
AB07,east,tracking,2023.5373032169746,6833,2,5.8,83.015,128.825,0.6444,5-6,20-100,0.5-1,False,False,
AB07,east,tracking,2023.586584531143,6850,2,5.6,87.676,102.329,0.8568,5-6,20-100,0.5-1,False,False,
AB07,east,tracking,2025.5386721423683,7541,2,7.3,87.187,724.436,0.1204,>=7,20-100,<0.25,False,False,
AB07,east,tracking,2025.5414099931554,7543,2,5.6,97.046,102.329,0.9484,5-6,20-100,0.5-1,False,False,
AB07,east,tracking,2025.5496235455169,7546,2,6.2,92.237,204.174,0.4518,6-7,20-100,0.25-0.5,False,False,
AB07,east,tracking,2025.574264202601,7554,2,8.8,2557.029,4073.803,0.6277,>=7,>=100,0.5-1,False,False,
AB07,north,detection,2014.5215605749486,3542,1,,,,,none,none,none,True,False,
AB07,north,detection,2023.2826830937713,6740,1,,,,,none,none,none,True,False,
AB07,north,detection,2023.2826830937713,6740,1,,,,,none,none,none,True,False,
AB07,north,detection,2007.7508555783709,1074,2,6.3,121.965,229.087,0.5324,6-7,>=100,0.5-1,True,False,
AB07,north,detection,2010.2888432580423,2002,2,5.7,102.6,114.815,0.8936,5-6,>=100,0.5-1,True,False,
AB07,north,detection,2011.088295687885,2293,2,5.9,41.736,144.544,0.2887,5-6,20-100,0.25-0.5,True,False,
AB07,north,detection,2011.1895961670089,2330,2,9.1,4586.555,5754.399,0.7971,>=7,>=100,0.5-1,True,False,
AB07,north,detection,2011.3401779603012,2385,2,5.7,28.65,114.815,0.2495,5-6,20-100,<0.25,True,False,
AB07,north,detection,2011.3401779603012,2385,2,5.8,39.097,128.825,0.3035,5-6,20-100,0.25-0.5,True,False,
AB07,north,detection,2011.5373032169746,2458,2,6.1,81.179,181.97,0.4461,6-7,20-100,0.25-0.5,True,False,
AB07,north,detection,2011.5564681724845,2464,2,5.7,84.401,114.815,0.7351,5-6,20-100,0.5-1,True,False,
AB07,north,detection,2014.4750171115675,3531,2,7.9,1419.854,1445.44,0.9823,>=7,>=100,0.5-1,True,False,
AB07,north,detection,2015.4058863791922,3864,2,6.8,287.271,407.38,0.7052,6-7,>=100,0.5-1,True,False,
AB07,north,detection,2018.0616016427105,4835,2,7.9,712.098,1445.44,0.4927,>=7,>=100,0.25-0.5,True,False,
AB07,north,detection,2018.546201232033,5012,2,5.8,102.839,128.825,0.7983,5-6,>=100,0.5-1,True,False,
AB07,north,detection,2020.5557837097879,5744,2,7.8,123.251,1288.25,0.0957,>=7,>=100,<0.25,True,True,14.0
AB07,north,detection,2020.5557837097879,5744,2,6.1,100.513,181.97,0.5524,6-7,>=100,0.5-1,True,False,
AB07,north,detection,2020.5557837097879,5744,2,5.7,75.153,114.815,0.6546,5-6,20-100,0.5-1,True,False,
AB07,north,detection,2020.5557837097879,5744,2,5.5,72.624,91.201,0.7963,5-6,20-100,0.5-1,True,False,
AB07,north,detection,2020.5694729637235,5749,2,5.5,47.095,91.201,0.5164,5-6,20-100,0.5-1,True,False,
AB07,north,detection,2020.5722108145105,5751,2,6.1,77.491,181.97,0.4258,6-7,20-100,0.25-0.5,True,False,
AB07,north,detection,2020.5749486652978,5752,2,5.6,45.989,102.329,0.4494,5-6,20-100,0.25-0.5,True,False,
AB07,north,detection,2020.602327173169,5762,2,5.5,81.192,91.201,0.8903,5-6,20-100,0.5-1,False,False,
AB07,north,detection,2020.7638603696098,5820,2,5.9,68.228,144.544,0.472,5-6,20-100,0.25-0.5,False,False,
AB07,north,detection,2020.7994524298426,5833,2,7.6,99.264,1023.293,0.097,>=7,20-100,<0.25,False,False,
AB07,north,detection,2020.7994524298426,5833,2,5.7,105.108,114.815,0.9155,5-6,>=100,0.5-1,False,False,
AB07,north,detection,2020.7994524298426,5833,2,5.9,119.65,144.544,0.8278,5-6,>=100,0.5-1,False,False,
AB07,north,detection,2021.574264202601,6116,2,8.2,163.661,2041.738,0.0802,>=7,>=100,<0.25,True,False,
AB07,north,detection,2021.618069815195,6132,2,6.9,180.487,457.088,0.3949,6-7,>=100,0.25-0.5,True,False,
AB07,north,detection,2021.7768651608487,6190,2,6.9,265.067,457.088,0.5799,6-7,>=100,0.5-1,True,False,
AB07,north,detection,2023.5373032169746,6833,2,7.2,107.932,645.654,0.1672,>=7,>=100,<0.25,True,True,5.99
AB07,north,detection,2023.5373032169746,6833,2,5.8,83.015,128.825,0.6444,5-6,20-100,0.5-1,True,False,
AB07,north,detection,2023.586584531143,6850,2,5.6,87.676,102.329,0.8568,5-6,20-100,0.5-1,False,False,
AB07,north,detection,2025.5386721423683,7541,2,7.3,87.187,724.436,0.1204,>=7,20-100,<0.25,True,False,
AB07,north,detection,2025.5414099931554,7543,2,5.6,97.046,102.329,0.9484,5-6,20-100,0.5-1,True,False,
AB07,north,detection,2025.5496235455169,7546,2,6.2,92.237,204.174,0.4518,6-7,20-100,0.25-0.5,True,False,
AB07,north,detection,2025.574264202601,7554,2,8.8,2557.029,4073.803,0.6277,>=7,>=100,0.5-1,True,False,
AB07,north,tracking,2014.5215605749486,3542,1,,,,,none,none,none,False,False,
AB07,north,tracking,2023.2826830937713,6740,1,,,,,none,none,none,False,False,
AB07,north,tracking,2023.2826830937713,6740,1,,,,,none,none,none,False,False,
AB07,north,tracking,2007.7508555783709,1074,2,6.3,121.965,229.087,0.5324,6-7,>=100,0.5-1,False,False,
AB07,north,tracking,2010.2888432580423,2002,2,5.7,102.6,114.815,0.8936,5-6,>=100,0.5-1,False,False,
AB07,north,tracking,2011.088295687885,2293,2,5.9,41.736,144.544,0.2887,5-6,20-100,0.25-0.5,False,False,
AB07,north,tracking,2011.1895961670089,2330,2,9.1,4586.555,5754.399,0.7971,>=7,>=100,0.5-1,False,False,
AB07,north,tracking,2011.3401779603012,2385,2,5.7,28.65,114.815,0.2495,5-6,20-100,<0.25,False,False,
AB07,north,tracking,2011.3401779603012,2385,2,5.8,39.097,128.825,0.3035,5-6,20-100,0.25-0.5,False,False,
AB07,north,tracking,2011.5373032169746,2458,2,6.1,81.179,181.97,0.4461,6-7,20-100,0.25-0.5,False,False,
AB07,north,tracking,2011.5564681724845,2464,2,5.7,84.401,114.815,0.7351,5-6,20-100,0.5-1,False,False,
AB07,north,tracking,2014.4750171115675,3531,2,7.9,1419.854,1445.44,0.9823,>=7,>=100,0.5-1,False,False,
AB07,north,tracking,2015.4058863791922,3864,2,6.8,287.271,407.38,0.7052,6-7,>=100,0.5-1,False,False,
AB07,north,tracking,2018.0616016427105,4835,2,7.9,712.098,1445.44,0.4927,>=7,>=100,0.25-0.5,False,False,
AB07,north,tracking,2018.546201232033,5012,2,5.8,102.839,128.825,0.7983,5-6,>=100,0.5-1,True,False,
AB07,north,tracking,2020.5557837097879,5744,2,7.8,123.251,1288.25,0.0957,>=7,>=100,<0.25,True,False,
AB07,north,tracking,2020.5557837097879,5744,2,6.1,100.513,181.97,0.5524,6-7,>=100,0.5-1,True,False,
AB07,north,tracking,2020.5557837097879,5744,2,5.7,75.153,114.815,0.6546,5-6,20-100,0.5-1,True,False,
AB07,north,tracking,2020.5557837097879,5744,2,5.5,72.624,91.201,0.7963,5-6,20-100,0.5-1,True,False,
AB07,north,tracking,2020.5694729637235,5749,2,5.5,47.095,91.201,0.5164,5-6,20-100,0.5-1,True,False,
AB07,north,tracking,2020.5722108145105,5751,2,6.1,77.491,181.97,0.4258,6-7,20-100,0.25-0.5,True,False,
AB07,north,tracking,2020.5749486652978,5752,2,5.6,45.989,102.329,0.4494,5-6,20-100,0.25-0.5,True,False,
AB07,north,tracking,2020.602327173169,5762,2,5.5,81.192,91.201,0.8903,5-6,20-100,0.5-1,True,False,
AB07,north,tracking,2020.7638603696098,5820,2,5.9,68.228,144.544,0.472,5-6,20-100,0.25-0.5,True,False,
AB07,north,tracking,2020.7994524298426,5833,2,7.6,99.264,1023.293,0.097,>=7,20-100,<0.25,True,False,
AB07,north,tracking,2020.7994524298426,5833,2,5.7,105.108,114.815,0.9155,5-6,>=100,0.5-1,True,False,
AB07,north,tracking,2020.7994524298426,5833,2,5.9,119.65,144.544,0.8278,5-6,>=100,0.5-1,True,False,
AB07,north,tracking,2021.574264202601,6116,2,8.2,163.661,2041.738,0.0802,>=7,>=100,<0.25,False,False,
AB07,north,tracking,2021.618069815195,6132,2,6.9,180.487,457.088,0.3949,6-7,>=100,0.25-0.5,False,False,
AB07,north,tracking,2021.7768651608487,6190,2,6.9,265.067,457.088,0.5799,6-7,>=100,0.5-1,False,False,
AB07,north,tracking,2023.5373032169746,6833,2,7.2,107.932,645.654,0.1672,>=7,>=100,<0.25,False,False,
AB07,north,tracking,2023.5373032169746,6833,2,5.8,83.015,128.825,0.6444,5-6,20-100,0.5-1,False,False,
AB07,north,tracking,2023.586584531143,6850,2,5.6,87.676,102.329,0.8568,5-6,20-100,0.5-1,False,False,
AB07,north,tracking,2025.5386721423683,7541,2,7.3,87.187,724.436,0.1204,>=7,20-100,<0.25,False,False,
AB07,north,tracking,2025.5414099931554,7543,2,5.6,97.046,102.329,0.9484,5-6,20-100,0.5-1,False,False,
AB07,north,tracking,2025.5496235455169,7546,2,6.2,92.237,204.174,0.4518,6-7,20-100,0.25-0.5,False,False,
AB07,north,tracking,2025.574264202601,7554,2,8.8,2557.029,4073.803,0.6277,>=7,>=100,0.5-1,False,False,
AB07,up,detection,2014.5215605749486,3542,1,,,,,none,none,none,True,False,
AB07,up,detection,2023.2826830937713,6740,1,,,,,none,none,none,True,False,
AB07,up,detection,2023.2826830937713,6740,1,,,,,none,none,none,True,False,
AB07,up,detection,2007.7508555783709,1074,2,6.3,121.965,229.087,0.5324,6-7,>=100,0.5-1,True,False,
AB07,up,detection,2010.2888432580423,2002,2,5.7,102.6,114.815,0.8936,5-6,>=100,0.5-1,True,False,
AB07,up,detection,2011.088295687885,2293,2,5.9,41.736,144.544,0.2887,5-6,20-100,0.25-0.5,True,False,
AB07,up,detection,2011.1895961670089,2330,2,9.1,4586.555,5754.399,0.7971,>=7,>=100,0.5-1,True,False,
AB07,up,detection,2011.3401779603012,2385,2,5.7,28.65,114.815,0.2495,5-6,20-100,<0.25,True,False,
AB07,up,detection,2011.3401779603012,2385,2,5.8,39.097,128.825,0.3035,5-6,20-100,0.25-0.5,True,False,
AB07,up,detection,2011.5373032169746,2458,2,6.1,81.179,181.97,0.4461,6-7,20-100,0.25-0.5,True,False,
AB07,up,detection,2011.5564681724845,2464,2,5.7,84.401,114.815,0.7351,5-6,20-100,0.5-1,True,False,
AB07,up,detection,2014.4750171115675,3531,2,7.9,1419.854,1445.44,0.9823,>=7,>=100,0.5-1,True,False,
AB07,up,detection,2015.4058863791922,3864,2,6.8,287.271,407.38,0.7052,6-7,>=100,0.5-1,True,False,
AB07,up,detection,2018.0616016427105,4835,2,7.9,712.098,1445.44,0.4927,>=7,>=100,0.25-0.5,True,False,
AB07,up,detection,2018.546201232033,5012,2,5.8,102.839,128.825,0.7983,5-6,>=100,0.5-1,True,False,
AB07,up,detection,2020.5557837097879,5744,2,7.8,123.251,1288.25,0.0957,>=7,>=100,<0.25,True,True,14.0
AB07,up,detection,2020.5557837097879,5744,2,6.1,100.513,181.97,0.5524,6-7,>=100,0.5-1,True,False,
AB07,up,detection,2020.5557837097879,5744,2,5.7,75.153,114.815,0.6546,5-6,20-100,0.5-1,True,False,
AB07,up,detection,2020.5557837097879,5744,2,5.5,72.624,91.201,0.7963,5-6,20-100,0.5-1,True,False,
AB07,up,detection,2020.5694729637235,5749,2,5.5,47.095,91.201,0.5164,5-6,20-100,0.5-1,True,False,
AB07,up,detection,2020.5722108145105,5751,2,6.1,77.491,181.97,0.4258,6-7,20-100,0.25-0.5,True,False,
AB07,up,detection,2020.5749486652978,5752,2,5.6,45.989,102.329,0.4494,5-6,20-100,0.25-0.5,True,False,
AB07,up,detection,2020.602327173169,5762,2,5.5,81.192,91.201,0.8903,5-6,20-100,0.5-1,False,False,
AB07,up,detection,2020.7638603696098,5820,2,5.9,68.228,144.544,0.472,5-6,20-100,0.25-0.5,False,False,
AB07,up,detection,2020.7994524298426,5833,2,7.6,99.264,1023.293,0.097,>=7,20-100,<0.25,False,False,
AB07,up,detection,2020.7994524298426,5833,2,5.7,105.108,114.815,0.9155,5-6,>=100,0.5-1,False,False,
AB07,up,detection,2020.7994524298426,5833,2,5.9,119.65,144.544,0.8278,5-6,>=100,0.5-1,False,False,
AB07,up,detection,2021.574264202601,6116,2,8.2,163.661,2041.738,0.0802,>=7,>=100,<0.25,True,False,
AB07,up,detection,2021.618069815195,6132,2,6.9,180.487,457.088,0.3949,6-7,>=100,0.25-0.5,True,False,
AB07,up,detection,2021.7768651608487,6190,2,6.9,265.067,457.088,0.5799,6-7,>=100,0.5-1,True,False,
AB07,up,detection,2023.5373032169746,6833,2,7.2,107.932,645.654,0.1672,>=7,>=100,<0.25,True,False,
AB07,up,detection,2023.5373032169746,6833,2,5.8,83.015,128.825,0.6444,5-6,20-100,0.5-1,True,False,
AB07,up,detection,2023.586584531143,6850,2,5.6,87.676,102.329,0.8568,5-6,20-100,0.5-1,True,False,
AB07,up,detection,2025.5386721423683,7541,2,7.3,87.187,724.436,0.1204,>=7,20-100,<0.25,True,False,
AB07,up,detection,2025.5414099931554,7543,2,5.6,97.046,102.329,0.9484,5-6,20-100,0.5-1,True,False,
AB07,up,detection,2025.5496235455169,7546,2,6.2,92.237,204.174,0.4518,6-7,20-100,0.25-0.5,True,False,
AB07,up,detection,2025.574264202601,7554,2,8.8,2557.029,4073.803,0.6277,>=7,>=100,0.5-1,True,False,
AB07,up,tracking,2014.5215605749486,3542,1,,,,,none,none,none,False,False,
AB07,up,tracking,2023.2826830937713,6740,1,,,,,none,none,none,False,False,
AB07,up,tracking,2023.2826830937713,6740,1,,,,,none,none,none,False,False,
AB07,up,tracking,2007.7508555783709,1074,2,6.3,121.965,229.087,0.5324,6-7,>=100,0.5-1,False,False,
AB07,up,tracking,2010.2888432580423,2002,2,5.7,102.6,114.815,0.8936,5-6,>=100,0.5-1,False,False,
AB07,up,tracking,2011.088295687885,2293,2,5.9,41.736,144.544,0.2887,5-6,20-100,0.25-0.5,False,False,
AB07,up,tracking,2011.1895961670089,2330,2,9.1,4586.555,5754.399,0.7971,>=7,>=100,0.5-1,False,False,
AB07,up,tracking,2011.3401779603012,2385,2,5.7,28.65,114.815,0.2495,5-6,20-100,<0.25,False,False,
AB07,up,tracking,2011.3401779603012,2385,2,5.8,39.097,128.825,0.3035,5-6,20-100,0.25-0.5,False,False,
AB07,up,tracking,2011.5373032169746,2458,2,6.1,81.179,181.97,0.4461,6-7,20-100,0.25-0.5,False,False,
AB07,up,tracking,2011.5564681724845,2464,2,5.7,84.401,114.815,0.7351,5-6,20-100,0.5-1,False,False,
AB07,up,tracking,2014.4750171115675,3531,2,7.9,1419.854,1445.44,0.9823,>=7,>=100,0.5-1,False,False,
AB07,up,tracking,2015.4058863791922,3864,2,6.8,287.271,407.38,0.7052,6-7,>=100,0.5-1,False,False,
AB07,up,tracking,2018.0616016427105,4835,2,7.9,712.098,1445.44,0.4927,>=7,>=100,0.25-0.5,False,False,
AB07,up,tracking,2018.546201232033,5012,2,5.8,102.839,128.825,0.7983,5-6,>=100,0.5-1,True,False,
AB07,up,tracking,2020.5557837097879,5744,2,7.8,123.251,1288.25,0.0957,>=7,>=100,<0.25,True,False,
AB07,up,tracking,2020.5557837097879,5744,2,6.1,100.513,181.97,0.5524,6-7,>=100,0.5-1,True,False,
AB07,up,tracking,2020.5557837097879,5744,2,5.7,75.153,114.815,0.6546,5-6,20-100,0.5-1,True,False,
AB07,up,tracking,2020.5557837097879,5744,2,5.5,72.624,91.201,0.7963,5-6,20-100,0.5-1,True,False,
AB07,up,tracking,2020.5694729637235,5749,2,5.5,47.095,91.201,0.5164,5-6,20-100,0.5-1,True,False,
AB07,up,tracking,2020.5722108145105,5751,2,6.1,77.491,181.97,0.4258,6-7,20-100,0.25-0.5,True,False,
AB07,up,tracking,2020.5749486652978,5752,2,5.6,45.989,102.329,0.4494,5-6,20-100,0.25-0.5,True,False,
AB07,up,tracking,2020.602327173169,5762,2,5.5,81.192,91.201,0.8903,5-6,20-100,0.5-1,True,False,
AB07,up,tracking,2020.7638603696098,5820,2,5.9,68.228,144.544,0.472,5-6,20-100,0.25-0.5,True,False,
AB07,up,tracking,2020.7994524298426,5833,2,7.6,99.264,1023.293,0.097,>=7,20-100,<0.25,True,False,
AB07,up,tracking,2020.7994524298426,5833,2,5.7,105.108,114.815,0.9155,5-6,>=100,0.5-1,True,False,
AB07,up,tracking,2020.7994524298426,5833,2,5.9,119.65,144.544,0.8278,5-6,>=100,0.5-1,True,False,
AB07,up,tracking,2021.574264202601,6116,2,8.2,163.661,2041.738,0.0802,>=7,>=100,<0.25,False,False,
AB07,up,tracking,2021.618069815195,6132,2,6.9,180.487,457.088,0.3949,6-7,>=100,0.25-0.5,False,False,
AB07,up,tracking,2021.7768651608487,6190,2,6.9,265.067,457.088,0.5799,6-7,>=100,0.5-1,False,False,
AB07,up,tracking,2023.5373032169746,6833,2,7.2,107.932,645.654,0.1672,>=7,>=100,<0.25,False,False,
AB07,up,tracking,2023.5373032169746,6833,2,5.8,83.015,128.825,0.6444,5-6,20-100,0.5-1,False,False,
AB07,up,tracking,2023.586584531143,6850,2,5.6,87.676,102.329,0.8568,5-6,20-100,0.5-1,False,False,
AB07,up,tracking,2025.5386721423683,7541,2,7.3,87.187,724.436,0.1204,>=7,20-100,<0.25,False,False,
AB07,up,tracking,2025.5414099931554,7543,2,5.6,97.046,102.329,0.9484,5-6,20-100,0.5-1,False,False,
AB07,up,tracking,2025.5496235455169,7546,2,6.2,92.237,204.174,0.4518,6-7,20-100,0.25-0.5,False,False,
AB07,up,tracking,2025.574264202601,7554,2,8.8,2557.029,4073.803,0.6277,>=7,>=100,0.5-1,False,False,
AB08,east,detection,2009.7440109514032,59,1,,,,,none,none,none,False,False,
AB08,east,detection,2017.6262833675564,2525,1,,,,,none,none,none,False,False,
AB08,east,detection,2011.1895961670089,586,2,9.1,4301.522,5754.399,0.7475,>=7,>=100,0.5-1,True,False,
AB08,east,detection,2014.4750171115675,1521,2,7.9,1325.596,1445.44,0.9171,>=7,>=100,0.5-1,True,False,
AB08,east,detection,2018.0616016427105,2684,2,7.9,1106.521,1445.44,0.7655,>=7,>=100,0.5-1,True,False,
AB08,east,detection,2020.5557837097879,3571,2,7.8,742.606,1288.25,0.5764,>=7,>=100,0.5-1,True,False,
AB08,east,detection,2020.7994524298426,3655,2,7.6,752.745,1023.293,0.7356,>=7,>=100,0.5-1,True,False,
AB08,east,detection,2021.574264202601,3938,2,8.2,742.806,2041.738,0.3638,>=7,>=100,0.25-0.5,True,False,
AB08,east,detection,2025.574264202601,5381,2,8.8,2211.024,4073.803,0.5427,>=7,>=100,0.5-1,True,False,
AB08,east,tracking,2009.7440109514032,59,1,,,,,none,none,none,False,False,
AB08,east,tracking,2017.6262833675564,2525,1,,,,,none,none,none,False,False,
AB08,east,tracking,2011.1895961670089,586,2,9.1,4301.522,5754.399,0.7475,>=7,>=100,0.5-1,False,False,
AB08,east,tracking,2014.4750171115675,1521,2,7.9,1325.596,1445.44,0.9171,>=7,>=100,0.5-1,False,False,
AB08,east,tracking,2018.0616016427105,2684,2,7.9,1106.521,1445.44,0.7655,>=7,>=100,0.5-1,False,False,
AB08,east,tracking,2020.5557837097879,3571,2,7.8,742.606,1288.25,0.5764,>=7,>=100,0.5-1,False,False,
AB08,east,tracking,2020.7994524298426,3655,2,7.6,752.745,1023.293,0.7356,>=7,>=100,0.5-1,False,False,
AB08,east,tracking,2021.574264202601,3938,2,8.2,742.806,2041.738,0.3638,>=7,>=100,0.25-0.5,False,False,
AB08,east,tracking,2025.574264202601,5381,2,8.8,2211.024,4073.803,0.5427,>=7,>=100,0.5-1,True,False,
AB08,north,detection,2009.7440109514032,59,1,,,,,none,none,none,False,False,
AB08,north,detection,2017.6262833675564,2525,1,,,,,none,none,none,True,False,
AB08,north,detection,2011.1895961670089,586,2,9.1,4301.522,5754.399,0.7475,>=7,>=100,0.5-1,True,False,
AB08,north,detection,2014.4750171115675,1521,2,7.9,1325.596,1445.44,0.9171,>=7,>=100,0.5-1,True,False,
AB08,north,detection,2018.0616016427105,2684,2,7.9,1106.521,1445.44,0.7655,>=7,>=100,0.5-1,True,False,
AB08,north,detection,2020.5557837097879,3571,2,7.8,742.606,1288.25,0.5764,>=7,>=100,0.5-1,True,False,
AB08,north,detection,2020.7994524298426,3655,2,7.6,752.745,1023.293,0.7356,>=7,>=100,0.5-1,True,False,
AB08,north,detection,2021.574264202601,3938,2,8.2,742.806,2041.738,0.3638,>=7,>=100,0.25-0.5,True,False,
AB08,north,detection,2025.574264202601,5381,2,8.8,2211.024,4073.803,0.5427,>=7,>=100,0.5-1,True,False,
AB08,north,tracking,2009.7440109514032,59,1,,,,,none,none,none,False,False,
AB08,north,tracking,2017.6262833675564,2525,1,,,,,none,none,none,False,False,
AB08,north,tracking,2011.1895961670089,586,2,9.1,4301.522,5754.399,0.7475,>=7,>=100,0.5-1,False,False,
AB08,north,tracking,2014.4750171115675,1521,2,7.9,1325.596,1445.44,0.9171,>=7,>=100,0.5-1,False,False,
AB08,north,tracking,2018.0616016427105,2684,2,7.9,1106.521,1445.44,0.7655,>=7,>=100,0.5-1,False,False,
AB08,north,tracking,2020.5557837097879,3571,2,7.8,742.606,1288.25,0.5764,>=7,>=100,0.5-1,False,False,
AB08,north,tracking,2020.7994524298426,3655,2,7.6,752.745,1023.293,0.7356,>=7,>=100,0.5-1,False,False,
AB08,north,tracking,2021.574264202601,3938,2,8.2,742.806,2041.738,0.3638,>=7,>=100,0.25-0.5,False,False,
AB08,north,tracking,2025.574264202601,5381,2,8.8,2211.024,4073.803,0.5427,>=7,>=100,0.5-1,True,False,
AB08,up,detection,2009.7440109514032,59,1,,,,,none,none,none,False,False,
AB08,up,detection,2017.6262833675564,2525,1,,,,,none,none,none,True,False,
AB08,up,detection,2011.1895961670089,586,2,9.1,4301.522,5754.399,0.7475,>=7,>=100,0.5-1,True,False,
AB08,up,detection,2014.4750171115675,1521,2,7.9,1325.596,1445.44,0.9171,>=7,>=100,0.5-1,True,False,
AB08,up,detection,2018.0616016427105,2684,2,7.9,1106.521,1445.44,0.7655,>=7,>=100,0.5-1,True,False,
AB08,up,detection,2020.5557837097879,3571,2,7.8,742.606,1288.25,0.5764,>=7,>=100,0.5-1,True,False,
AB08,up,detection,2020.7994524298426,3655,2,7.6,752.745,1023.293,0.7356,>=7,>=100,0.5-1,True,False,
AB08,up,detection,2021.574264202601,3938,2,8.2,742.806,2041.738,0.3638,>=7,>=100,0.25-0.5,True,False,
AB08,up,detection,2025.574264202601,5381,2,8.8,2211.024,4073.803,0.5427,>=7,>=100,0.5-1,True,False,
AB08,up,tracking,2009.7440109514032,59,1,,,,,none,none,none,False,False,
AB08,up,tracking,2017.6262833675564,2525,1,,,,,none,none,none,False,False,
AB08,up,tracking,2011.1895961670089,586,2,9.1,4301.522,5754.399,0.7475,>=7,>=100,0.5-1,False,False,
AB08,up,tracking,2014.4750171115675,1521,2,7.9,1325.596,1445.44,0.9171,>=7,>=100,0.5-1,False,False,
AB08,up,tracking,2018.0616016427105,2684,2,7.9,1106.521,1445.44,0.7655,>=7,>=100,0.5-1,False,False,
AB08,up,tracking,2020.5557837097879,3571,2,7.8,742.606,1288.25,0.5764,>=7,>=100,0.5-1,False,False,
AB08,up,tracking,2020.7994524298426,3655,2,7.6,752.745,1023.293,0.7356,>=7,>=100,0.5-1,False,False,
AB08,up,tracking,2021.574264202601,3938,2,8.2,742.806,2041.738,0.3638,>=7,>=100,0.25-0.5,False,False,
AB08,up,tracking,2025.574264202601,5381,2,8.8,2211.024,4073.803,0.5427,>=7,>=100,0.5-1,True,False,
AB09,east,detection,2016.599589322382,3099,1,,,,,none,none,none,True,False,
AB09,east,detection,2025.593429158111,6267,1,,,,,none,none,none,False,False,
AB09,east,detection,2025.593429158111,6267,1,,,,,none,none,none,False,False,
AB09,east,detection,2011.1895961670089,1125,2,9.1,4362.232,5754.399,0.7581,>=7,>=100,0.5-1,True,False,
AB09,east,detection,2020.5557837097879,4524,2,7.8,1279.613,1288.25,0.9933,>=7,>=100,0.5-1,True,False,
AB09,east,detection,2021.574264202601,4896,2,8.2,1265.211,2041.738,0.6197,>=7,>=100,0.5-1,True,False,
AB09,east,detection,2025.574264202601,6260,2,8.8,2284.466,4073.803,0.5608,>=7,>=100,0.5-1,False,False,
AB09,east,tracking,2016.599589322382,3099,1,,,,,none,none,none,False,False,
AB09,east,tracking,2025.593429158111,6267,1,,,,,none,none,none,True,False,
AB09,east,tracking,2025.593429158111,6267,1,,,,,none,none,none,True,False,
AB09,east,tracking,2011.1895961670089,1125,2,9.1,4362.232,5754.399,0.7581,>=7,>=100,0.5-1,False,False,
AB09,east,tracking,2020.5557837097879,4524,2,7.8,1279.613,1288.25,0.9933,>=7,>=100,0.5-1,False,False,
AB09,east,tracking,2021.574264202601,4896,2,8.2,1265.211,2041.738,0.6197,>=7,>=100,0.5-1,False,False,
AB09,east,tracking,2025.574264202601,6260,2,8.8,2284.466,4073.803,0.5608,>=7,>=100,0.5-1,True,False,
AB09,north,detection,2016.599589322382,3099,1,,,,,none,none,none,True,False,
AB09,north,detection,2025.593429158111,6267,1,,,,,none,none,none,False,False,
AB09,north,detection,2025.593429158111,6267,1,,,,,none,none,none,False,False,
AB09,north,detection,2011.1895961670089,1125,2,9.1,4362.232,5754.399,0.7581,>=7,>=100,0.5-1,True,False,
AB09,north,detection,2020.5557837097879,4524,2,7.8,1279.613,1288.25,0.9933,>=7,>=100,0.5-1,True,False,
AB09,north,detection,2021.574264202601,4896,2,8.2,1265.211,2041.738,0.6197,>=7,>=100,0.5-1,True,False,
AB09,north,detection,2025.574264202601,6260,2,8.8,2284.466,4073.803,0.5608,>=7,>=100,0.5-1,False,False,
AB09,north,tracking,2016.599589322382,3099,1,,,,,none,none,none,False,False,
AB09,north,tracking,2025.593429158111,6267,1,,,,,none,none,none,True,False,
AB09,north,tracking,2025.593429158111,6267,1,,,,,none,none,none,True,False,
AB09,north,tracking,2011.1895961670089,1125,2,9.1,4362.232,5754.399,0.7581,>=7,>=100,0.5-1,False,False,
AB09,north,tracking,2020.5557837097879,4524,2,7.8,1279.613,1288.25,0.9933,>=7,>=100,0.5-1,False,False,
AB09,north,tracking,2021.574264202601,4896,2,8.2,1265.211,2041.738,0.6197,>=7,>=100,0.5-1,False,False,
AB09,north,tracking,2025.574264202601,6260,2,8.8,2284.466,4073.803,0.5608,>=7,>=100,0.5-1,True,False,
AB09,up,detection,2016.599589322382,3099,1,,,,,none,none,none,True,False,
AB09,up,detection,2025.593429158111,6267,1,,,,,none,none,none,True,False,
AB09,up,detection,2025.593429158111,6267,1,,,,,none,none,none,True,False,
AB09,up,detection,2011.1895961670089,1125,2,9.1,4362.232,5754.399,0.7581,>=7,>=100,0.5-1,True,False,
AB09,up,detection,2020.5557837097879,4524,2,7.8,1279.613,1288.25,0.9933,>=7,>=100,0.5-1,True,False,
AB09,up,detection,2021.574264202601,4896,2,8.2,1265.211,2041.738,0.6197,>=7,>=100,0.5-1,True,False,
AB09,up,detection,2025.574264202601,6260,2,8.8,2284.466,4073.803,0.5608,>=7,>=100,0.5-1,True,False,
AB09,up,tracking,2016.599589322382,3099,1,,,,,none,none,none,False,False,
AB09,up,tracking,2025.593429158111,6267,1,,,,,none,none,none,True,False,
AB09,up,tracking,2025.593429158111,6267,1,,,,,none,none,none,True,False,
AB09,up,tracking,2011.1895961670089,1125,2,9.1,4362.232,5754.399,0.7581,>=7,>=100,0.5-1,False,False,
AB09,up,tracking,2020.5557837097879,4524,2,7.8,1279.613,1288.25,0.9933,>=7,>=100,0.5-1,False,False,
AB09,up,tracking,2021.574264202601,4896,2,8.2,1265.211,2041.738,0.6197,>=7,>=100,0.5-1,False,False,
AB09,up,tracking,2025.574264202601,6260,2,8.8,2284.466,4073.803,0.5608,>=7,>=100,0.5-1,True,False,
AB11,east,detection,2016.6050650239563,3600,1,,,,,none,none,none,True,False,
AB11,east,detection,2021.4182067077345,4600,1,,,,,none,none,none,False,False,
AB11,east,detection,2021.4182067077345,4600,1,,,,,none,none,none,False,False,
AB11,east,detection,2011.1895961670089,1651,2,9.1,4448.13,5754.399,0.773,>=7,>=100,0.5-1,False,False,
AB11,east,detection,2018.0616016427105,4133,2,7.9,1298.09,1445.44,0.8981,>=7,>=100,0.5-1,True,False,
AB11,east,detection,2020.5557837097879,4599,2,7.8,1120.006,1288.25,0.8694,>=7,>=100,0.5-1,False,False,
AB11,east,detection,2021.574264202601,4656,2,8.2,1102.917,2041.738,0.5402,>=7,>=100,0.5-1,False,False,
AB11,east,detection,2025.574264202601,5899,2,8.8,2359.58,4073.803,0.5792,>=7,>=100,0.5-1,True,False,
AB11,east,tracking,2016.6050650239563,3600,1,,,,,none,none,none,False,False,
AB11,east,tracking,2021.4182067077345,4600,1,,,,,none,none,none,False,False,
AB11,east,tracking,2021.4182067077345,4600,1,,,,,none,none,none,False,False,
AB11,east,tracking,2011.1895961670089,1651,2,9.1,4448.13,5754.399,0.773,>=7,>=100,0.5-1,False,False,
AB11,east,tracking,2018.0616016427105,4133,2,7.9,1298.09,1445.44,0.8981,>=7,>=100,0.5-1,False,False,
AB11,east,tracking,2020.5557837097879,4599,2,7.8,1120.006,1288.25,0.8694,>=7,>=100,0.5-1,False,False,
AB11,east,tracking,2021.574264202601,4656,2,8.2,1102.917,2041.738,0.5402,>=7,>=100,0.5-1,False,False,
AB11,east,tracking,2025.574264202601,5899,2,8.8,2359.58,4073.803,0.5792,>=7,>=100,0.5-1,True,False,
AB11,north,detection,2016.6050650239563,3600,1,,,,,none,none,none,True,False,
AB11,north,detection,2021.4182067077345,4600,1,,,,,none,none,none,False,False,
AB11,north,detection,2021.4182067077345,4600,1,,,,,none,none,none,False,False,
AB11,north,detection,2011.1895961670089,1651,2,9.1,4448.13,5754.399,0.773,>=7,>=100,0.5-1,False,False,
AB11,north,detection,2018.0616016427105,4133,2,7.9,1298.09,1445.44,0.8981,>=7,>=100,0.5-1,True,True,26.01
AB11,north,detection,2020.5557837097879,4599,2,7.8,1120.006,1288.25,0.8694,>=7,>=100,0.5-1,False,False,
AB11,north,detection,2021.574264202601,4656,2,8.2,1102.917,2041.738,0.5402,>=7,>=100,0.5-1,False,False,
AB11,north,detection,2025.574264202601,5899,2,8.8,2359.58,4073.803,0.5792,>=7,>=100,0.5-1,True,False,
AB11,north,tracking,2016.6050650239563,3600,1,,,,,none,none,none,False,False,
AB11,north,tracking,2021.4182067077345,4600,1,,,,,none,none,none,False,False,
AB11,north,tracking,2021.4182067077345,4600,1,,,,,none,none,none,False,False,
AB11,north,tracking,2011.1895961670089,1651,2,9.1,4448.13,5754.399,0.773,>=7,>=100,0.5-1,False,False,
AB11,north,tracking,2018.0616016427105,4133,2,7.9,1298.09,1445.44,0.8981,>=7,>=100,0.5-1,False,False,
AB11,north,tracking,2020.5557837097879,4599,2,7.8,1120.006,1288.25,0.8694,>=7,>=100,0.5-1,False,False,
AB11,north,tracking,2021.574264202601,4656,2,8.2,1102.917,2041.738,0.5402,>=7,>=100,0.5-1,False,False,
AB11,north,tracking,2025.574264202601,5899,2,8.8,2359.58,4073.803,0.5792,>=7,>=100,0.5-1,True,False,
AB11,up,detection,2016.6050650239563,3600,1,,,,,none,none,none,True,False,
AB11,up,detection,2021.4182067077345,4600,1,,,,,none,none,none,False,False,
AB11,up,detection,2021.4182067077345,4600,1,,,,,none,none,none,False,False,
AB11,up,detection,2011.1895961670089,1651,2,9.1,4448.13,5754.399,0.773,>=7,>=100,0.5-1,False,False,
AB11,up,detection,2018.0616016427105,4133,2,7.9,1298.09,1445.44,0.8981,>=7,>=100,0.5-1,True,False,
AB11,up,detection,2020.5557837097879,4599,2,7.8,1120.006,1288.25,0.8694,>=7,>=100,0.5-1,False,False,
AB11,up,detection,2021.574264202601,4656,2,8.2,1102.917,2041.738,0.5402,>=7,>=100,0.5-1,False,False,
AB11,up,detection,2025.574264202601,5899,2,8.8,2359.58,4073.803,0.5792,>=7,>=100,0.5-1,True,False,
AB11,up,tracking,2016.6050650239563,3600,1,,,,,none,none,none,False,False,
AB11,up,tracking,2021.4182067077345,4600,1,,,,,none,none,none,False,False,
AB11,up,tracking,2021.4182067077345,4600,1,,,,,none,none,none,False,False,
AB11,up,tracking,2011.1895961670089,1651,2,9.1,4448.13,5754.399,0.773,>=7,>=100,0.5-1,False,False,
AB11,up,tracking,2018.0616016427105,4133,2,7.9,1298.09,1445.44,0.8981,>=7,>=100,0.5-1,False,False,
AB11,up,tracking,2020.5557837097879,4599,2,7.8,1120.006,1288.25,0.8694,>=7,>=100,0.5-1,False,False,
AB11,up,tracking,2021.574264202601,4656,2,8.2,1102.917,2041.738,0.5402,>=7,>=100,0.5-1,False,False,
AB11,up,tracking,2025.574264202601,5899,2,8.8,2359.58,4073.803,0.5792,>=7,>=100,0.5-1,False,False,
AB12,east,detection,2011.1895961670089,1089,2,9.1,4526.992,5754.399,0.7867,>=7,>=100,0.5-1,True,False,
AB12,east,detection,2016.062970568104,2869,2,7.1,482.901,575.44,0.8392,>=7,>=100,0.5-1,True,False,
AB12,east,detection,2018.0616016427105,3599,2,7.9,818.748,1445.44,0.5664,>=7,>=100,0.5-1,False,False,
AB12,east,tracking,2011.1895961670089,1089,2,9.1,4526.992,5754.399,0.7867,>=7,>=100,0.5-1,False,False,
AB12,east,tracking,2016.062970568104,2869,2,7.1,482.901,575.44,0.8392,>=7,>=100,0.5-1,False,False,
AB12,east,tracking,2018.0616016427105,3599,2,7.9,818.748,1445.44,0.5664,>=7,>=100,0.5-1,False,False,
AB12,north,detection,2011.1895961670089,1089,2,9.1,4526.992,5754.399,0.7867,>=7,>=100,0.5-1,False,False,
AB12,north,detection,2016.062970568104,2869,2,7.1,482.901,575.44,0.8392,>=7,>=100,0.5-1,True,True,9.0
AB12,north,detection,2018.0616016427105,3599,2,7.9,818.748,1445.44,0.5664,>=7,>=100,0.5-1,True,True,39.99
AB12,north,tracking,2011.1895961670089,1089,2,9.1,4526.992,5754.399,0.7867,>=7,>=100,0.5-1,False,False,
AB12,north,tracking,2016.062970568104,2869,2,7.1,482.901,575.44,0.8392,>=7,>=100,0.5-1,False,False,
AB12,north,tracking,2018.0616016427105,3599,2,7.9,818.748,1445.44,0.5664,>=7,>=100,0.5-1,False,False,
AB12,up,detection,2011.1895961670089,1089,2,9.1,4526.992,5754.399,0.7867,>=7,>=100,0.5-1,False,False,
AB12,up,detection,2016.062970568104,2869,2,7.1,482.901,575.44,0.8392,>=7,>=100,0.5-1,True,False,
AB12,up,detection,2018.0616016427105,3599,2,7.9,818.748,1445.44,0.5664,>=7,>=100,0.5-1,True,True,39.99
AB12,up,tracking,2011.1895961670089,1089,2,9.1,4526.992,5754.399,0.7867,>=7,>=100,0.5-1,False,False,
AB12,up,tracking,2016.062970568104,2869,2,7.1,482.901,575.44,0.8392,>=7,>=100,0.5-1,False,False,
AB12,up,tracking,2018.0616016427105,3599,2,7.9,818.748,1445.44,0.5664,>=7,>=100,0.5-1,False,False,
AB13,east,detection,2014.507871321013,2679,1,,,,,none,none,none,True,False,
AB13,east,detection,2025.7138945927447,6678,1,,,,,none,none,none,True,False,
AB13,east,detection,2011.1895961670089,1514,2,9.1,4708.918,5754.399,0.8183,>=7,>=100,0.5-1,True,False,
AB13,east,detection,2015.4058863791922,2986,2,6.8,131.354,407.38,0.3224,6-7,>=100,0.25-0.5,True,False,
AB13,east,detection,2016.062970568104,3226,2,7.1,477.75,575.44,0.8302,>=7,>=100,0.5-1,False,False,
AB13,east,detection,2016.2518822724162,3295,2,6.2,85.384,204.174,0.4182,6-7,20-100,0.25-0.5,True,False,
AB13,east,detection,2016.413415468857,3355,2,5.7,105.176,114.815,0.916,5-6,>=100,0.5-1,True,False,
AB13,east,detection,2018.0616016427105,3956,2,7.9,578.828,1445.44,0.4005,>=7,>=100,0.25-0.5,True,False,
AB13,east,detection,2020.5557837097879,4865,2,7.8,137.539,1288.25,0.1068,>=7,>=100,<0.25,True,False,
AB13,east,detection,2020.5557837097879,4865,2,6.1,152.589,181.97,0.8385,6-7,>=100,0.5-1,True,False,
AB13,east,detection,2020.7994524298426,4954,2,7.6,202.384,1023.293,0.1978,>=7,>=100,<0.25,True,True,4.0
AB13,east,detection,2021.574264202601,5237,2,8.2,111.779,2041.738,0.0547,>=7,>=100,<0.25,True,True,1.0
AB13,east,detection,2021.574264202601,5237,2,5.7,105.317,114.815,0.9173,5-6,>=100,0.5-1,True,False,
AB13,east,detection,2021.574264202601,5237,2,5.9,131.824,144.544,0.912,5-6,>=100,0.5-1,True,False,
AB13,east,detection,2021.618069815195,5253,2,6.9,136.75,457.088,0.2992,6-7,>=100,0.25-0.5,False,False,
AB13,east,detection,2021.7768651608487,5311,2,6.9,118.628,457.088,0.2595,6-7,>=100,0.25-0.5,False,False,
AB13,east,detection,2023.5373032169746,5955,2,7.2,256.313,645.654,0.397,>=7,>=100,0.25-0.5,True,False,
AB13,east,detection,2025.5386721423683,6614,2,7.3,229.964,724.436,0.3174,>=7,>=100,0.25-0.5,True,False,
AB13,east,detection,2025.574264202601,6627,2,8.8,2662.389,4073.803,0.6535,>=7,>=100,0.5-1,True,False,
AB13,east,tracking,2014.507871321013,2679,1,,,,,none,none,none,False,False,
AB13,east,tracking,2025.7138945927447,6678,1,,,,,none,none,none,False,False,
AB13,east,tracking,2011.1895961670089,1514,2,9.1,4708.918,5754.399,0.8183,>=7,>=100,0.5-1,False,False,
AB13,east,tracking,2015.4058863791922,2986,2,6.8,131.354,407.38,0.3224,6-7,>=100,0.25-0.5,False,False,
AB13,east,tracking,2016.062970568104,3226,2,7.1,477.75,575.44,0.8302,>=7,>=100,0.5-1,False,False,
AB13,east,tracking,2016.2518822724162,3295,2,6.2,85.384,204.174,0.4182,6-7,20-100,0.25-0.5,False,False,
AB13,east,tracking,2016.413415468857,3355,2,5.7,105.176,114.815,0.916,5-6,>=100,0.5-1,False,False,
AB13,east,tracking,2018.0616016427105,3956,2,7.9,578.828,1445.44,0.4005,>=7,>=100,0.25-0.5,False,False,
AB13,east,tracking,2020.5557837097879,4865,2,7.8,137.539,1288.25,0.1068,>=7,>=100,<0.25,False,False,
AB13,east,tracking,2020.5557837097879,4865,2,6.1,152.589,181.97,0.8385,6-7,>=100,0.5-1,False,False,
AB13,east,tracking,2020.7994524298426,4954,2,7.6,202.384,1023.293,0.1978,>=7,>=100,<0.25,False,False,
AB13,east,tracking,2021.574264202601,5237,2,8.2,111.779,2041.738,0.0547,>=7,>=100,<0.25,True,False,
AB13,east,tracking,2021.574264202601,5237,2,5.7,105.317,114.815,0.9173,5-6,>=100,0.5-1,True,False,
AB13,east,tracking,2021.574264202601,5237,2,5.9,131.824,144.544,0.912,5-6,>=100,0.5-1,True,False,
AB13,east,tracking,2021.618069815195,5253,2,6.9,136.75,457.088,0.2992,6-7,>=100,0.25-0.5,True,False,
AB13,east,tracking,2021.7768651608487,5311,2,6.9,118.628,457.088,0.2595,6-7,>=100,0.25-0.5,True,False,
AB13,east,tracking,2023.5373032169746,5955,2,7.2,256.313,645.654,0.397,>=7,>=100,0.25-0.5,True,True,44.01
AB13,east,tracking,2025.5386721423683,6614,2,7.3,229.964,724.436,0.3174,>=7,>=100,0.25-0.5,False,False,
AB13,east,tracking,2025.574264202601,6627,2,8.8,2662.389,4073.803,0.6535,>=7,>=100,0.5-1,False,False,
AB13,north,detection,2014.507871321013,2679,1,,,,,none,none,none,True,False,
AB13,north,detection,2025.7138945927447,6678,1,,,,,none,none,none,True,False,
AB13,north,detection,2011.1895961670089,1514,2,9.1,4708.918,5754.399,0.8183,>=7,>=100,0.5-1,True,False,
AB13,north,detection,2015.4058863791922,2986,2,6.8,131.354,407.38,0.3224,6-7,>=100,0.25-0.5,True,False,
AB13,north,detection,2016.062970568104,3226,2,7.1,477.75,575.44,0.8302,>=7,>=100,0.5-1,True,False,
AB13,north,detection,2016.2518822724162,3295,2,6.2,85.384,204.174,0.4182,6-7,20-100,0.25-0.5,True,False,
AB13,north,detection,2016.413415468857,3355,2,5.7,105.176,114.815,0.916,5-6,>=100,0.5-1,True,False,
AB13,north,detection,2018.0616016427105,3956,2,7.9,578.828,1445.44,0.4005,>=7,>=100,0.25-0.5,True,False,
AB13,north,detection,2020.5557837097879,4865,2,7.8,137.539,1288.25,0.1068,>=7,>=100,<0.25,True,True,13.01
AB13,north,detection,2020.5557837097879,4865,2,6.1,152.589,181.97,0.8385,6-7,>=100,0.5-1,True,False,
AB13,north,detection,2020.7994524298426,4954,2,7.6,202.384,1023.293,0.1978,>=7,>=100,<0.25,False,False,
AB13,north,detection,2021.574264202601,5237,2,8.2,111.779,2041.738,0.0547,>=7,>=100,<0.25,True,True,1.0
AB13,north,detection,2021.574264202601,5237,2,5.7,105.317,114.815,0.9173,5-6,>=100,0.5-1,True,False,
AB13,north,detection,2021.574264202601,5237,2,5.9,131.824,144.544,0.912,5-6,>=100,0.5-1,True,False,
AB13,north,detection,2021.618069815195,5253,2,6.9,136.75,457.088,0.2992,6-7,>=100,0.25-0.5,False,False,
AB13,north,detection,2021.7768651608487,5311,2,6.9,118.628,457.088,0.2595,6-7,>=100,0.25-0.5,False,False,
AB13,north,detection,2023.5373032169746,5955,2,7.2,256.313,645.654,0.397,>=7,>=100,0.25-0.5,True,False,
AB13,north,detection,2025.5386721423683,6614,2,7.3,229.964,724.436,0.3174,>=7,>=100,0.25-0.5,True,False,
AB13,north,detection,2025.574264202601,6627,2,8.8,2662.389,4073.803,0.6535,>=7,>=100,0.5-1,True,False,
AB13,north,tracking,2014.507871321013,2679,1,,,,,none,none,none,False,False,
AB13,north,tracking,2025.7138945927447,6678,1,,,,,none,none,none,False,False,
AB13,north,tracking,2011.1895961670089,1514,2,9.1,4708.918,5754.399,0.8183,>=7,>=100,0.5-1,False,False,
AB13,north,tracking,2015.4058863791922,2986,2,6.8,131.354,407.38,0.3224,6-7,>=100,0.25-0.5,False,False,
AB13,north,tracking,2016.062970568104,3226,2,7.1,477.75,575.44,0.8302,>=7,>=100,0.5-1,False,False,
AB13,north,tracking,2016.2518822724162,3295,2,6.2,85.384,204.174,0.4182,6-7,20-100,0.25-0.5,False,False,
AB13,north,tracking,2016.413415468857,3355,2,5.7,105.176,114.815,0.916,5-6,>=100,0.5-1,False,False,
AB13,north,tracking,2018.0616016427105,3956,2,7.9,578.828,1445.44,0.4005,>=7,>=100,0.25-0.5,False,False,
AB13,north,tracking,2020.5557837097879,4865,2,7.8,137.539,1288.25,0.1068,>=7,>=100,<0.25,False,False,
AB13,north,tracking,2020.5557837097879,4865,2,6.1,152.589,181.97,0.8385,6-7,>=100,0.5-1,False,False,
AB13,north,tracking,2020.7994524298426,4954,2,7.6,202.384,1023.293,0.1978,>=7,>=100,<0.25,False,True,43.99
AB13,north,tracking,2021.574264202601,5237,2,8.2,111.779,2041.738,0.0547,>=7,>=100,<0.25,False,False,
AB13,north,tracking,2021.574264202601,5237,2,5.7,105.317,114.815,0.9173,5-6,>=100,0.5-1,False,False,
AB13,north,tracking,2021.574264202601,5237,2,5.9,131.824,144.544,0.912,5-6,>=100,0.5-1,False,False,
AB13,north,tracking,2021.618069815195,5253,2,6.9,136.75,457.088,0.2992,6-7,>=100,0.25-0.5,False,False,
AB13,north,tracking,2021.7768651608487,5311,2,6.9,118.628,457.088,0.2595,6-7,>=100,0.25-0.5,False,False,
AB13,north,tracking,2023.5373032169746,5955,2,7.2,256.313,645.654,0.397,>=7,>=100,0.25-0.5,False,False,
AB13,north,tracking,2025.5386721423683,6614,2,7.3,229.964,724.436,0.3174,>=7,>=100,0.25-0.5,False,False,
AB13,north,tracking,2025.574264202601,6627,2,8.8,2662.389,4073.803,0.6535,>=7,>=100,0.5-1,False,False,
AB13,up,detection,2014.507871321013,2679,1,,,,,none,none,none,True,False,
AB13,up,detection,2025.7138945927447,6678,1,,,,,none,none,none,True,False,
AB13,up,detection,2011.1895961670089,1514,2,9.1,4708.918,5754.399,0.8183,>=7,>=100,0.5-1,True,False,
AB13,up,detection,2015.4058863791922,2986,2,6.8,131.354,407.38,0.3224,6-7,>=100,0.25-0.5,True,False,
AB13,up,detection,2016.062970568104,3226,2,7.1,477.75,575.44,0.8302,>=7,>=100,0.5-1,True,False,
AB13,up,detection,2016.2518822724162,3295,2,6.2,85.384,204.174,0.4182,6-7,20-100,0.25-0.5,True,False,
AB13,up,detection,2016.413415468857,3355,2,5.7,105.176,114.815,0.916,5-6,>=100,0.5-1,True,False,
AB13,up,detection,2018.0616016427105,3956,2,7.9,578.828,1445.44,0.4005,>=7,>=100,0.25-0.5,True,False,
AB13,up,detection,2020.5557837097879,4865,2,7.8,137.539,1288.25,0.1068,>=7,>=100,<0.25,True,False,
AB13,up,detection,2020.5557837097879,4865,2,6.1,152.589,181.97,0.8385,6-7,>=100,0.5-1,True,False,
AB13,up,detection,2020.7994524298426,4954,2,7.6,202.384,1023.293,0.1978,>=7,>=100,<0.25,True,False,
AB13,up,detection,2021.574264202601,5237,2,8.2,111.779,2041.738,0.0547,>=7,>=100,<0.25,True,True,1.0
AB13,up,detection,2021.574264202601,5237,2,5.7,105.317,114.815,0.9173,5-6,>=100,0.5-1,True,False,
AB13,up,detection,2021.574264202601,5237,2,5.9,131.824,144.544,0.912,5-6,>=100,0.5-1,True,False,
AB13,up,detection,2021.618069815195,5253,2,6.9,136.75,457.088,0.2992,6-7,>=100,0.25-0.5,False,False,
AB13,up,detection,2021.7768651608487,5311,2,6.9,118.628,457.088,0.2595,6-7,>=100,0.25-0.5,False,False,
AB13,up,detection,2023.5373032169746,5955,2,7.2,256.313,645.654,0.397,>=7,>=100,0.25-0.5,True,False,
AB13,up,detection,2025.5386721423683,6614,2,7.3,229.964,724.436,0.3174,>=7,>=100,0.25-0.5,True,False,
AB13,up,detection,2025.574264202601,6627,2,8.8,2662.389,4073.803,0.6535,>=7,>=100,0.5-1,True,False,
AB13,up,tracking,2014.507871321013,2679,1,,,,,none,none,none,False,False,
AB13,up,tracking,2025.7138945927447,6678,1,,,,,none,none,none,False,False,
AB13,up,tracking,2011.1895961670089,1514,2,9.1,4708.918,5754.399,0.8183,>=7,>=100,0.5-1,False,False,
AB13,up,tracking,2015.4058863791922,2986,2,6.8,131.354,407.38,0.3224,6-7,>=100,0.25-0.5,False,False,
AB13,up,tracking,2016.062970568104,3226,2,7.1,477.75,575.44,0.8302,>=7,>=100,0.5-1,False,False,
AB13,up,tracking,2016.2518822724162,3295,2,6.2,85.384,204.174,0.4182,6-7,20-100,0.25-0.5,False,False,
AB13,up,tracking,2016.413415468857,3355,2,5.7,105.176,114.815,0.916,5-6,>=100,0.5-1,False,False,
AB13,up,tracking,2018.0616016427105,3956,2,7.9,578.828,1445.44,0.4005,>=7,>=100,0.25-0.5,False,False,
AB13,up,tracking,2020.5557837097879,4865,2,7.8,137.539,1288.25,0.1068,>=7,>=100,<0.25,False,False,
AB13,up,tracking,2020.5557837097879,4865,2,6.1,152.589,181.97,0.8385,6-7,>=100,0.5-1,False,False,
AB13,up,tracking,2020.7994524298426,4954,2,7.6,202.384,1023.293,0.1978,>=7,>=100,<0.25,False,False,
AB13,up,tracking,2021.574264202601,5237,2,8.2,111.779,2041.738,0.0547,>=7,>=100,<0.25,True,False,
AB13,up,tracking,2021.574264202601,5237,2,5.7,105.317,114.815,0.9173,5-6,>=100,0.5-1,True,False,
AB13,up,tracking,2021.574264202601,5237,2,5.9,131.824,144.544,0.912,5-6,>=100,0.5-1,True,False,
AB13,up,tracking,2021.618069815195,5253,2,6.9,136.75,457.088,0.2992,6-7,>=100,0.25-0.5,True,False,
AB13,up,tracking,2021.7768651608487,5311,2,6.9,118.628,457.088,0.2595,6-7,>=100,0.25-0.5,True,False,
AB13,up,tracking,2023.5373032169746,5955,2,7.2,256.313,645.654,0.397,>=7,>=100,0.25-0.5,True,True,44.01
AB13,up,tracking,2025.5386721423683,6614,2,7.3,229.964,724.436,0.3174,>=7,>=100,0.25-0.5,False,False,
AB13,up,tracking,2025.574264202601,6627,2,8.8,2662.389,4073.803,0.6535,>=7,>=100,0.5-1,False,False,
AB14,east,detection,2011.1895961670089,1299,2,9.1,4679.732,5754.399,0.8132,>=7,>=100,0.5-1,True,False,
AB14,east,detection,2015.4058863791922,2839,2,6.8,320.805,407.38,0.7875,6-7,>=100,0.5-1,False,False,
AB14,east,detection,2016.062970568104,3079,2,7.1,330.77,575.44,0.5748,>=7,>=100,0.5-1,True,False,
AB14,east,detection,2018.0616016427105,3810,2,7.9,684.388,1445.44,0.4735,>=7,>=100,0.25-0.5,False,False,
AB14,east,detection,2018.9130732375086,4120,2,7.1,561.862,575.44,0.9764,>=7,>=100,0.5-1,True,False,
AB14,east,detection,2020.5557837097879,4720,2,7.8,449.851,1288.25,0.3492,>=7,>=100,0.25-0.5,True,False,
AB14,east,detection,2020.7994524298426,4809,2,7.6,502.11,1023.293,0.4907,>=7,>=100,0.25-0.5,True,False,
AB14,east,detection,2021.574264202601,5092,2,8.2,422.625,2041.738,0.207,>=7,>=100,<0.25,True,False,
AB14,east,detection,2021.618069815195,5108,2,6.9,445.767,457.088,0.9752,6-7,>=100,0.5-1,True,False,
AB14,east,detection,2021.7768651608487,5166,2,6.9,346.455,457.088,0.758,6-7,>=100,0.5-1,True,False,
AB14,east,detection,2023.5373032169746,5810,2,7.2,534.102,645.654,0.8272,>=7,>=100,0.5-1,True,False,
AB14,east,detection,2025.5386721423683,6518,2,7.3,512.026,724.436,0.7068,>=7,>=100,0.5-1,True,False,
AB14,east,detection,2025.574264202601,6530,2,8.8,2600.393,4073.803,0.6383,>=7,>=100,0.5-1,True,False,
AB14,east,tracking,2011.1895961670089,1299,2,9.1,4679.732,5754.399,0.8132,>=7,>=100,0.5-1,False,False,
AB14,east,tracking,2015.4058863791922,2839,2,6.8,320.805,407.38,0.7875,6-7,>=100,0.5-1,False,False,
AB14,east,tracking,2016.062970568104,3079,2,7.1,330.77,575.44,0.5748,>=7,>=100,0.5-1,False,False,
AB14,east,tracking,2018.0616016427105,3810,2,7.9,684.388,1445.44,0.4735,>=7,>=100,0.25-0.5,False,False,
AB14,east,tracking,2018.9130732375086,4120,2,7.1,561.862,575.44,0.9764,>=7,>=100,0.5-1,False,False,
AB14,east,tracking,2020.5557837097879,4720,2,7.8,449.851,1288.25,0.3492,>=7,>=100,0.25-0.5,False,False,
AB14,east,tracking,2020.7994524298426,4809,2,7.6,502.11,1023.293,0.4907,>=7,>=100,0.25-0.5,False,False,
AB14,east,tracking,2021.574264202601,5092,2,8.2,422.625,2041.738,0.207,>=7,>=100,<0.25,True,False,
AB14,east,tracking,2021.618069815195,5108,2,6.9,445.767,457.088,0.9752,6-7,>=100,0.5-1,True,False,
AB14,east,tracking,2021.7768651608487,5166,2,6.9,346.455,457.088,0.758,6-7,>=100,0.5-1,True,False,
AB14,east,tracking,2023.5373032169746,5810,2,7.2,534.102,645.654,0.8272,>=7,>=100,0.5-1,True,False,
AB14,east,tracking,2025.5386721423683,6518,2,7.3,512.026,724.436,0.7068,>=7,>=100,0.5-1,True,False,
AB14,east,tracking,2025.574264202601,6530,2,8.8,2600.393,4073.803,0.6383,>=7,>=100,0.5-1,True,False,
AB14,north,detection,2011.1895961670089,1299,2,9.1,4679.732,5754.399,0.8132,>=7,>=100,0.5-1,True,False,
AB14,north,detection,2015.4058863791922,2839,2,6.8,320.805,407.38,0.7875,6-7,>=100,0.5-1,False,False,
AB14,north,detection,2016.062970568104,3079,2,7.1,330.77,575.44,0.5748,>=7,>=100,0.5-1,False,False,
AB14,north,detection,2018.0616016427105,3810,2,7.9,684.388,1445.44,0.4735,>=7,>=100,0.25-0.5,True,False,
AB14,north,detection,2018.9130732375086,4120,2,7.1,561.862,575.44,0.9764,>=7,>=100,0.5-1,True,False,
AB14,north,detection,2020.5557837097879,4720,2,7.8,449.851,1288.25,0.3492,>=7,>=100,0.25-0.5,True,True,37.99
AB14,north,detection,2020.7994524298426,4809,2,7.6,502.11,1023.293,0.4907,>=7,>=100,0.25-0.5,False,False,
AB14,north,detection,2021.574264202601,5092,2,8.2,422.625,2041.738,0.207,>=7,>=100,<0.25,True,True,25.98
AB14,north,detection,2021.618069815195,5108,2,6.9,445.767,457.088,0.9752,6-7,>=100,0.5-1,True,False,
AB14,north,detection,2021.7768651608487,5166,2,6.9,346.455,457.088,0.758,6-7,>=100,0.5-1,False,False,
AB14,north,detection,2023.5373032169746,5810,2,7.2,534.102,645.654,0.8272,>=7,>=100,0.5-1,True,False,
AB14,north,detection,2025.5386721423683,6518,2,7.3,512.026,724.436,0.7068,>=7,>=100,0.5-1,True,False,
AB14,north,detection,2025.574264202601,6530,2,8.8,2600.393,4073.803,0.6383,>=7,>=100,0.5-1,True,False,
AB14,north,tracking,2011.1895961670089,1299,2,9.1,4679.732,5754.399,0.8132,>=7,>=100,0.5-1,False,False,
AB14,north,tracking,2015.4058863791922,2839,2,6.8,320.805,407.38,0.7875,6-7,>=100,0.5-1,False,False,
AB14,north,tracking,2016.062970568104,3079,2,7.1,330.77,575.44,0.5748,>=7,>=100,0.5-1,False,False,
AB14,north,tracking,2018.0616016427105,3810,2,7.9,684.388,1445.44,0.4735,>=7,>=100,0.25-0.5,False,False,
AB14,north,tracking,2018.9130732375086,4120,2,7.1,561.862,575.44,0.9764,>=7,>=100,0.5-1,False,False,
AB14,north,tracking,2020.5557837097879,4720,2,7.8,449.851,1288.25,0.3492,>=7,>=100,0.25-0.5,False,False,
AB14,north,tracking,2020.7994524298426,4809,2,7.6,502.11,1023.293,0.4907,>=7,>=100,0.25-0.5,False,False,
AB14,north,tracking,2021.574264202601,5092,2,8.2,422.625,2041.738,0.207,>=7,>=100,<0.25,False,False,
AB14,north,tracking,2021.618069815195,5108,2,6.9,445.767,457.088,0.9752,6-7,>=100,0.5-1,False,False,
AB14,north,tracking,2021.7768651608487,5166,2,6.9,346.455,457.088,0.758,6-7,>=100,0.5-1,False,False,
AB14,north,tracking,2023.5373032169746,5810,2,7.2,534.102,645.654,0.8272,>=7,>=100,0.5-1,False,False,
AB14,north,tracking,2025.5386721423683,6518,2,7.3,512.026,724.436,0.7068,>=7,>=100,0.5-1,False,False,
AB14,north,tracking,2025.574264202601,6530,2,8.8,2600.393,4073.803,0.6383,>=7,>=100,0.5-1,False,False,
AB14,up,detection,2011.1895961670089,1299,2,9.1,4679.732,5754.399,0.8132,>=7,>=100,0.5-1,True,False,
AB14,up,detection,2015.4058863791922,2839,2,6.8,320.805,407.38,0.7875,6-7,>=100,0.5-1,True,False,
AB14,up,detection,2016.062970568104,3079,2,7.1,330.77,575.44,0.5748,>=7,>=100,0.5-1,True,False,
AB14,up,detection,2018.0616016427105,3810,2,7.9,684.388,1445.44,0.4735,>=7,>=100,0.25-0.5,True,False,
AB14,up,detection,2018.9130732375086,4120,2,7.1,561.862,575.44,0.9764,>=7,>=100,0.5-1,True,False,
AB14,up,detection,2020.5557837097879,4720,2,7.8,449.851,1288.25,0.3492,>=7,>=100,0.25-0.5,True,False,
AB14,up,detection,2020.7994524298426,4809,2,7.6,502.11,1023.293,0.4907,>=7,>=100,0.25-0.5,True,False,
AB14,up,detection,2021.574264202601,5092,2,8.2,422.625,2041.738,0.207,>=7,>=100,<0.25,True,False,
AB14,up,detection,2021.618069815195,5108,2,6.9,445.767,457.088,0.9752,6-7,>=100,0.5-1,True,False,
AB14,up,detection,2021.7768651608487,5166,2,6.9,346.455,457.088,0.758,6-7,>=100,0.5-1,True,False,
AB14,up,detection,2023.5373032169746,5810,2,7.2,534.102,645.654,0.8272,>=7,>=100,0.5-1,True,False,
AB14,up,detection,2025.5386721423683,6518,2,7.3,512.026,724.436,0.7068,>=7,>=100,0.5-1,True,False,
AB14,up,detection,2025.574264202601,6530,2,8.8,2600.393,4073.803,0.6383,>=7,>=100,0.5-1,True,False,
AB14,up,tracking,2011.1895961670089,1299,2,9.1,4679.732,5754.399,0.8132,>=7,>=100,0.5-1,False,False,
AB14,up,tracking,2015.4058863791922,2839,2,6.8,320.805,407.38,0.7875,6-7,>=100,0.5-1,False,False,
AB14,up,tracking,2016.062970568104,3079,2,7.1,330.77,575.44,0.5748,>=7,>=100,0.5-1,False,False,
AB14,up,tracking,2018.0616016427105,3810,2,7.9,684.388,1445.44,0.4735,>=7,>=100,0.25-0.5,False,False,
AB14,up,tracking,2018.9130732375086,4120,2,7.1,561.862,575.44,0.9764,>=7,>=100,0.5-1,False,False,
AB14,up,tracking,2020.5557837097879,4720,2,7.8,449.851,1288.25,0.3492,>=7,>=100,0.25-0.5,False,False,
AB14,up,tracking,2020.7994524298426,4809,2,7.6,502.11,1023.293,0.4907,>=7,>=100,0.25-0.5,False,False,
AB14,up,tracking,2021.574264202601,5092,2,8.2,422.625,2041.738,0.207,>=7,>=100,<0.25,True,False,
AB14,up,tracking,2021.618069815195,5108,2,6.9,445.767,457.088,0.9752,6-7,>=100,0.5-1,True,False,
AB14,up,tracking,2021.7768651608487,5166,2,6.9,346.455,457.088,0.758,6-7,>=100,0.5-1,True,False,
AB14,up,tracking,2023.5373032169746,5810,2,7.2,534.102,645.654,0.8272,>=7,>=100,0.5-1,True,False,
AB14,up,tracking,2025.5386721423683,6518,2,7.3,512.026,724.436,0.7068,>=7,>=100,0.5-1,True,False,
AB14,up,tracking,2025.574264202601,6530,2,8.8,2600.393,4073.803,0.6383,>=7,>=100,0.5-1,True,False,
AB15,east,detection,2016.394250513347,3315,1,,,,,none,none,none,False,False,
AB15,east,detection,2025.47022587269,5562,1,,,,,none,none,none,True,False,
AB15,east,detection,2025.47022587269,5562,1,,,,,none,none,none,True,False,
AB15,east,detection,2011.1895961670089,1415,2,9.1,4652.228,5754.399,0.8085,>=7,>=100,0.5-1,False,False,
AB15,east,detection,2016.062970568104,3194,2,7.1,392.788,575.44,0.6826,>=7,>=100,0.5-1,False,False,
AB15,east,detection,2018.0616016427105,3924,2,7.9,835.096,1445.44,0.5777,>=7,>=100,0.5-1,False,False,
AB15,east,detection,2018.9130732375086,4234,2,7.1,532.262,575.44,0.925,>=7,>=100,0.5-1,True,True,3.99
AB15,east,detection,2020.5557837097879,4367,2,7.8,667.88,1288.25,0.5184,>=7,>=100,0.5-1,False,False,
AB15,east,detection,2020.7994524298426,4367,2,7.6,716.0,1023.293,0.6997,>=7,>=100,0.5-1,False,False,
AB15,east,detection,2021.574264202601,4444,2,8.2,641.781,2041.738,0.3143,>=7,>=100,0.25-0.5,True,False,
AB15,east,detection,2025.5386721423683,5586,2,7.3,720.779,724.436,0.995,>=7,>=100,0.5-1,True,False,
AB15,east,detection,2025.574264202601,5599,2,8.8,2560.51,4073.803,0.6285,>=7,>=100,0.5-1,True,False,
AB15,east,tracking,2016.394250513347,3315,1,,,,,none,none,none,False,False,
AB15,east,tracking,2025.47022587269,5562,1,,,,,none,none,none,False,False,
AB15,east,tracking,2025.47022587269,5562,1,,,,,none,none,none,False,False,
AB15,east,tracking,2011.1895961670089,1415,2,9.1,4652.228,5754.399,0.8085,>=7,>=100,0.5-1,False,False,
AB15,east,tracking,2016.062970568104,3194,2,7.1,392.788,575.44,0.6826,>=7,>=100,0.5-1,False,False,
AB15,east,tracking,2018.0616016427105,3924,2,7.9,835.096,1445.44,0.5777,>=7,>=100,0.5-1,False,False,
AB15,east,tracking,2018.9130732375086,4234,2,7.1,532.262,575.44,0.925,>=7,>=100,0.5-1,False,False,
AB15,east,tracking,2020.5557837097879,4367,2,7.8,667.88,1288.25,0.5184,>=7,>=100,0.5-1,False,False,
AB15,east,tracking,2020.7994524298426,4367,2,7.6,716.0,1023.293,0.6997,>=7,>=100,0.5-1,False,False,
AB15,east,tracking,2021.574264202601,4444,2,8.2,641.781,2041.738,0.3143,>=7,>=100,0.25-0.5,False,False,
AB15,east,tracking,2025.5386721423683,5586,2,7.3,720.779,724.436,0.995,>=7,>=100,0.5-1,False,False,
AB15,east,tracking,2025.574264202601,5599,2,8.8,2560.51,4073.803,0.6285,>=7,>=100,0.5-1,False,False,
AB15,north,detection,2016.394250513347,3315,1,,,,,none,none,none,False,False,
AB15,north,detection,2025.47022587269,5562,1,,,,,none,none,none,True,False,
AB15,north,detection,2025.47022587269,5562,1,,,,,none,none,none,True,False,
AB15,north,detection,2011.1895961670089,1415,2,9.1,4652.228,5754.399,0.8085,>=7,>=100,0.5-1,False,False,
AB15,north,detection,2016.062970568104,3194,2,7.1,392.788,575.44,0.6826,>=7,>=100,0.5-1,False,False,
AB15,north,detection,2018.0616016427105,3924,2,7.9,835.096,1445.44,0.5777,>=7,>=100,0.5-1,False,False,
AB15,north,detection,2018.9130732375086,4234,2,7.1,532.262,575.44,0.925,>=7,>=100,0.5-1,True,True,3.99
AB15,north,detection,2020.5557837097879,4367,2,7.8,667.88,1288.25,0.5184,>=7,>=100,0.5-1,False,False,
AB15,north,detection,2020.7994524298426,4367,2,7.6,716.0,1023.293,0.6997,>=7,>=100,0.5-1,False,False,
AB15,north,detection,2021.574264202601,4444,2,8.2,641.781,2041.738,0.3143,>=7,>=100,0.25-0.5,True,False,
AB15,north,detection,2025.5386721423683,5586,2,7.3,720.779,724.436,0.995,>=7,>=100,0.5-1,True,False,
AB15,north,detection,2025.574264202601,5599,2,8.8,2560.51,4073.803,0.6285,>=7,>=100,0.5-1,True,False,
AB15,north,tracking,2016.394250513347,3315,1,,,,,none,none,none,False,False,
AB15,north,tracking,2025.47022587269,5562,1,,,,,none,none,none,False,False,
AB15,north,tracking,2025.47022587269,5562,1,,,,,none,none,none,False,False,
AB15,north,tracking,2011.1895961670089,1415,2,9.1,4652.228,5754.399,0.8085,>=7,>=100,0.5-1,False,False,
AB15,north,tracking,2016.062970568104,3194,2,7.1,392.788,575.44,0.6826,>=7,>=100,0.5-1,False,False,
AB15,north,tracking,2018.0616016427105,3924,2,7.9,835.096,1445.44,0.5777,>=7,>=100,0.5-1,False,False,
AB15,north,tracking,2018.9130732375086,4234,2,7.1,532.262,575.44,0.925,>=7,>=100,0.5-1,False,False,
AB15,north,tracking,2020.5557837097879,4367,2,7.8,667.88,1288.25,0.5184,>=7,>=100,0.5-1,False,False,
AB15,north,tracking,2020.7994524298426,4367,2,7.6,716.0,1023.293,0.6997,>=7,>=100,0.5-1,False,False,
AB15,north,tracking,2021.574264202601,4444,2,8.2,641.781,2041.738,0.3143,>=7,>=100,0.25-0.5,False,False,
AB15,north,tracking,2025.5386721423683,5586,2,7.3,720.779,724.436,0.995,>=7,>=100,0.5-1,False,False,
AB15,north,tracking,2025.574264202601,5599,2,8.8,2560.51,4073.803,0.6285,>=7,>=100,0.5-1,False,False,
AB15,up,detection,2016.394250513347,3315,1,,,,,none,none,none,True,False,
AB15,up,detection,2025.47022587269,5562,1,,,,,none,none,none,True,False,
AB15,up,detection,2025.47022587269,5562,1,,,,,none,none,none,True,False,
AB15,up,detection,2011.1895961670089,1415,2,9.1,4652.228,5754.399,0.8085,>=7,>=100,0.5-1,True,False,
AB15,up,detection,2016.062970568104,3194,2,7.1,392.788,575.44,0.6826,>=7,>=100,0.5-1,True,False,
AB15,up,detection,2018.0616016427105,3924,2,7.9,835.096,1445.44,0.5777,>=7,>=100,0.5-1,True,False,
AB15,up,detection,2018.9130732375086,4234,2,7.1,532.262,575.44,0.925,>=7,>=100,0.5-1,True,False,
AB15,up,detection,2020.5557837097879,4367,2,7.8,667.88,1288.25,0.5184,>=7,>=100,0.5-1,True,False,
AB15,up,detection,2020.7994524298426,4367,2,7.6,716.0,1023.293,0.6997,>=7,>=100,0.5-1,True,False,
AB15,up,detection,2021.574264202601,4444,2,8.2,641.781,2041.738,0.3143,>=7,>=100,0.25-0.5,True,False,
AB15,up,detection,2025.5386721423683,5586,2,7.3,720.779,724.436,0.995,>=7,>=100,0.5-1,True,False,
AB15,up,detection,2025.574264202601,5599,2,8.8,2560.51,4073.803,0.6285,>=7,>=100,0.5-1,True,False,
AB15,up,tracking,2016.394250513347,3315,1,,,,,none,none,none,False,False,
AB15,up,tracking,2025.47022587269,5562,1,,,,,none,none,none,True,False,
AB15,up,tracking,2025.47022587269,5562,1,,,,,none,none,none,True,False,
AB15,up,tracking,2011.1895961670089,1415,2,9.1,4652.228,5754.399,0.8085,>=7,>=100,0.5-1,False,False,
AB15,up,tracking,2016.062970568104,3194,2,7.1,392.788,575.44,0.6826,>=7,>=100,0.5-1,False,False,
AB15,up,tracking,2018.0616016427105,3924,2,7.9,835.096,1445.44,0.5777,>=7,>=100,0.5-1,False,False,
AB15,up,tracking,2018.9130732375086,4234,2,7.1,532.262,575.44,0.925,>=7,>=100,0.5-1,False,False,
AB15,up,tracking,2020.5557837097879,4367,2,7.8,667.88,1288.25,0.5184,>=7,>=100,0.5-1,False,False,
AB15,up,tracking,2020.7994524298426,4367,2,7.6,716.0,1023.293,0.6997,>=7,>=100,0.5-1,False,False,
AB15,up,tracking,2021.574264202601,4444,2,8.2,641.781,2041.738,0.3143,>=7,>=100,0.25-0.5,False,False,
AB15,up,tracking,2025.5386721423683,5586,2,7.3,720.779,724.436,0.995,>=7,>=100,0.5-1,True,False,
AB15,up,tracking,2025.574264202601,5599,2,8.8,2560.51,4073.803,0.6285,>=7,>=100,0.5-1,True,False,
