station,normals_id,kind,month,amp_image,amp_normals,phase_image_day,phase_normals_day,phase_diff_days,range_image,range_normals,n_days,error
70026027502,USW00027502,annual,0,17.270013982887527,16.260936576129566,228.49893293865716,216.53781379555141,11.961119143105748,,,365,
70026027502,USW00027502,diurnal,1,2.118000974760363,,,,,6.109398852979599,0.6379928315412186,17,
70026027502,USW00027502,diurnal,2,1.9921734918552345,,,,,5.38885950068104,0.9940476190476196,29,
70026027502,USW00027502,diurnal,3,1.8531185865191455,,,,,5.935161380787042,3.044802867383513,31,
70026027502,USW00027502,diurnal,4,2.888024182653576,,,,,7.94378866986516,4.396296296296296,28,
70026027502,USW00027502,diurnal,5,1.3349387722459678,,,,,3.6952108449699432,2.867383512544802,28,
70026027502,USW00027502,diurnal,6,1.2298411613421594,,,,,2.4167694224076364,2.9277777777777776,5,
70026027502,USW00027502,diurnal,7,1.5921024793366503,,,,,3.6360025412049986,3.2724014336917557,7,
70026027502,USW00027502,diurnal,8,2.200420751913196,,,,,4.285569087026147,2.4318996415770613,5,
70026027502,USW00027502,diurnal,9,0.6776763470378135,,,,,2.1740890263112718,1.631481481481481,10,
70026027502,USW00027502,diurnal,10,0.6678568506100002,,,,,2.3022824032056595,0.7258064516129032,18,
70026027502,USW00027502,diurnal,11,1.1047086954393956,,,,,4.053329292054281,0.44074074074074054,30,
70026027502,USW00027502,diurnal,12,1.4939351170504243,,,,,4.951150920296087,0.32974910394265267,23,
70063727406,USW00027406,annual,0,17.78651175928566,18.186087249815913,221.0280656393136,212.43383067097534,8.59423496833827,,,365,
70063727406,USW00027406,diurnal,1,1.4135096829396452,,,,,5.504094693914729,0.5286738351254483,29,
70063727406,USW00027406,diurnal,2,1.5321577202712333,,,,,4.400454575397106,1.1428571428571426,29,
70063727406,USW00027406,diurnal,3,2.040213624540083,,,,,5.924664474622924,3.2741935483870974,31,
70063727406,USW00027406,diurnal,4,2.605479172810191,,,,,8.294166169484651,5.1537037037037035,30,
70063727406,USW00027406,diurnal,5,1.1936092146202617,,,,,3.425141563917834,3.6684587813620064,31,
70063727406,USW00027406,diurnal,6,3.048664709110155,,,,,7.758951732435899,4.94074074074074,30,
70063727406,USW00027406,diurnal,7,2.938825065430818,,,,,8.281283061879765,5.507168458781362,31,
70063727406,USW00027406,diurnal,8,2.598953862027964,,,,,7.715562927096458,4.437275985663082,31,
70063727406,USW00027406,diurnal,9,1.5112932065492861,,,,,4.820615684270891,3.1166666666666667,30,
70063727406,USW00027406,diurnal,10,1.3830798417840573,,,,,4.699521434753896,1.2885304659498202,31,
70063727406,USW00027406,diurnal,11,1.1683944811644227,,,,,4.016892465551615,0.5833333333333337,30,
70063727406,USW00027406,diurnal,12,1.368631904977226,,,,,4.62854251715517,0.4928315412186379,31,
70133026616,USW00026616,annual,0,13.680545102500458,16.270146866198022,212.3846511917064,209.09480178442757,3.2898494072788367,,,365,
70133026616,USW00026616,diurnal,1,1.4369044956824804,,,,,5.517208633298004,0.6917562724014337,31,
70133026616,USW00026616,diurnal,2,1.2665421094837168,,,,,3.987688154859118,1.7222222222222225,29,
70133026616,USW00026616,diurnal,3,2.490332094148971,,,,,6.897380395138727,4.057347670250896,31,
70133026616,USW00026616,diurnal,4,2.4456581843636376,,,,,7.427669210385153,5.337037037037037,30,
70133026616,USW00026616,diurnal,5,2.3061406821521624,,,,,7.409677913510301,3.849462365591398,30,
70133026616,USW00026616,diurnal,6,1.9799884768733298,,,,,6.0257726063715165,3.1092592592592596,30,
70133026616,USW00026616,diurnal,7,1.9406002188282985,,,,,5.312011438114565,2.752688172043011,31,
70133026616,USW00026616,diurnal,8,1.438275887549768,,,,,4.579832307380101,2.956989247311827,31,
70133026616,USW00026616,diurnal,9,1.390013115735716,,,,,4.184617242657045,3.3203703703703704,30,
70133026616,USW00026616,diurnal,10,1.359835318655168,,,,,4.717565967562665,2.17921146953405,30,
70133026616,USW00026616,diurnal,11,1.3911321270315238,,,,,4.852475548064978,0.7222222222222221,30,
70133026616,USW00026616,diurnal,12,1.333664665320132,,,,,4.3534921040763415,0.45698924731182766,30,
70174026533,USW00026533,annual,0,19.49126935427235,20.118605081321473,190.20418802390387,194.44359304785533,-4.239405023951463,,,365,
70174026533,USW00026533,diurnal,1,2.4535512992079203,,,,,8.216700836338902,1.8189964157706102,31,
70174026533,USW00026533,diurnal,2,2.558378109077574,,,,,7.894697252244258,5.468253968253968,29,
70174026533,USW00026533,diurnal,3,4.826260010573456,,,,,11.647512648835123,10.315412186379927,31,
70174026533,USW00026533,diurnal,4,4.83562980317893,,,,,11.322720900383386,10.042592592592595,30,
70174026533,USW00026533,diurnal,5,4.520451462369646,,,,,11.112922819113525,9.646953405017923,30,
70174026533,USW00026533,diurnal,6,5.6756491942088285,,,,,13.037331587791577,9.770370370370369,30,
70174026533,USW00026533,diurnal,7,3.6673063469275395,,,,,9.55931811558912,8.956989247311826,31,
70174026533,USW00026533,diurnal,8,3.0058839347233475,,,,,8.06133569744566,8.632616487455198,31,
70174026533,USW00026533,diurnal,9,3.2931140804957586,,,,,8.380799262649322,7.261111111111111,30,
70174026533,USW00026533,diurnal,10,3.0529762467220447,,,,,8.686243576682076,4.7759856630824356,31,
70174026533,USW00026533,diurnal,11,1.8711795856654794,,,,,6.823258612166894,2.066666666666666,30,
70174026533,USW00026533,diurnal,12,1.8457718383964548,,,,,7.194360258259081,0.7939068100358424,31,
70200026617,USW00026617,annual,0,10.602310880055889,13.649541992111374,211.9426595504192,209.25473832742736,2.6879212229918323,,,365,
70200026617,USW00026617,diurnal,1,1.9912550199558503,,,,,6.947443975179645,0.9982078853046595,31,
70200026617,USW00026617,diurnal,2,1.1853274348072906,,,,,4.778688011552495,2.3650793650793647,29,
70200026617,USW00026617,diurnal,3,2.828674416704761,,,,,7.50096766081376,4.521505376344088,31,
70200026617,USW00026617,diurnal,4,2.6071889976422233,,,,,7.771287203245018,4.5,30,
70200026617,USW00026617,diurnal,5,2.4534902496581714,,,,,6.200610664300055,4.179211469534049,31,
70200026617,USW00026617,diurnal,6,2.61376538462128,,,,,8.224979498405448,4.181481481481482,30,
70200026617,USW00026617,diurnal,7,1.548745919432789,,,,,5.083606353186263,3.74731182795699,31,
70200026617,USW00026617,diurnal,8,1.0950004630699344,,,,,2.936952338023282,4.123655913978494,31,
70200026617,USW00026617,diurnal,9,2.280096699952077,,,,,6.253962253875542,4.1796296296296305,30,
70200026617,USW00026617,diurnal,10,1.778472455009515,,,,,5.118014835351346,3.1559139784946235,31,
70200026617,USW00026617,diurnal,11,1.1843201797925715,,,,,4.52516552036383,1.5370370370370372,30,
70200026617,USW00026617,diurnal,12,1.1529288813877963,,,,,4.527121335174289,0.44623655913978477,29,
70219026615,USW00026615,annual,0,11.30010208101257,14.033371277740047,207.77661762531613,202.6619465474249,5.114671077891245,,,365,
70219026615,USW00026615,diurnal,1,1.4969636711049237,,,,,4.973422704235539,1.308243727598566,31,
70219026615,USW00026615,diurnal,2,2.0156076614288563,,,,,5.802986820945747,3.0099206349206358,29,
70219026615,USW00026615,diurnal,3,2.906877001915668,,,,,7.072147481616467,5.20967741935484,31,
70219026615,USW00026615,diurnal,4,2.2214930422865864,,,,,7.121607640843824,6.4796296296296285,30,
70219026615,USW00026615,diurnal,5,3.435615707636367,,,,,8.076877380595892,8.051971326164873,31,
70219026615,USW00026615,diurnal,6,3.9829720951071943,,,,,9.624796294733462,7.6537037037037035,30,
70219026615,USW00026615,diurnal,7,2.1079641549869614,,,,,5.081320753977058,6.222222222222222,31,
70219026615,USW00026615,diurnal,8,1.9560542819382931,,,,,5.601940571512143,5.449820788530466,31,
70219026615,USW00026615,diurnal,9,2.446753219656715,,,,,6.147054663526152,5.442592592592592,30,
70219026615,USW00026615,diurnal,10,1.6812788334957884,,,,,5.170951360678973,4.051971326164875,31,
70219026615,USW00026615,diurnal,11,1.4104664392224078,,,,,4.760575590726971,1.9148148148148147,30,
70219026615,USW00026615,diurnal,12,1.6908576206222223,,,,,5.615871887823033,0.9103942652329751,31,
70222026501,USW00026501,annual,0,17.56587315010666,19.710647938402712,195.09948488276567,196.59792512143028,-1.4984402386646138,,,365,
70222026501,USW00026501,diurnal,1,2.815814335086959,,,,,8.88509461808736,2.612903225806451,27,
70222026501,USW00026501,diurnal,2,2.758536236184087,,,,,8.312024102848937,6.452380952380951,29,
70222026501,USW00026501,diurnal,3,3.7442055767084335,,,,,9.328750896413677,10.59856630824373,31,
70222026501,USW00026501,diurnal,4,4.652703409982861,,,,,10.685616061769139,10.375925925925925,30,
70222026501,USW00026501,diurnal,5,4.640422310753928,,,,,10.324523906242273,9.964157706093188,30,
70222026501,USW00026501,diurnal,6,4.772731428579573,,,,,10.790775582448784,7.5629629629629616,30,
70222026501,USW00026501,diurnal,7,2.8977939396991825,,,,,7.008755215314787,6.858422939068101,31,
70222026501,USW00026501,diurnal,8,2.185416440912631,,,,,5.523423897266612,7.681003584229392,31,
70222026501,USW00026501,diurnal,9,2.591998686465029,,,,,6.881273327619168,7.951851851851853,30,
70222026501,USW00026501,diurnal,10,2.2639897759244696,,,,,7.079221480705364,5.6594982078853056,31,
70222026501,USW00026501,diurnal,11,2.339822030771928,,,,,7.003271128490791,3.009259259259259,30,
70222026501,USW00026501,diurnal,12,2.1753698614283286,,,,,5.774515544320724,1.1577060931899643,30,
70231026510,USW00026510,annual,0,17.236720426888358,18.56448255792498,191.539151592309,193.8125269491853,-2.2733753568763007,,,365,
70231026510,USW00026510,diurnal,1,2.697480110640763,,,,,8.065285146730398,3.6003584229390677,30,
70231026510,USW00026510,diurnal,2,2.973401230976808,,,,,9.250076088477323,7.265873015873017,27,
70231026510,USW00026510,diurnal,3,3.086921719350647,,,,,8.025449087576217,11.198924731182794,31,
70231026510,USW00026510,diurnal,4,4.1603681840494025,,,,,10.94167520689571,10.592592592592593,30,
70231026510,USW00026510,diurnal,5,4.560396314925698,,,,,11.579981150227916,10.232974910394267,30,
70231026510,USW00026510,diurnal,6,4.976778623279669,,,,,12.654396596739701,9.605555555555558,30,
70231026510,USW00026510,diurnal,7,2.9521914198996675,,,,,8.39972344452476,8.102150537634408,31,
70231026510,USW00026510,diurnal,8,2.510750523489329,,,,,6.6219862321412855,7.655913978494623,30,
70231026510,USW00026510,diurnal,9,3.5740077722277377,,,,,8.226892552758462,7.362962962962963,30,
70231026510,USW00026510,diurnal,10,1.9623950804617472,,,,,6.134312454580777,5.089605734767025,31,
70231026510,USW00026510,diurnal,11,1.7312049585062734,,,,,5.658752179029285,3.3407407407407406,30,
70231026510,USW00026510,diurnal,12,2.0413941129579136,,,,,7.935470453710574,1.82078853046595,30,
70251026528,USW00026528,annual,0,11.694693743265868,12.934032994442946,187.8141344136027,193.85162363769663,-6.037489224093946,,,365,
70251026528,USW00026528,diurnal,1,1.961607351404913,,,,,7.952592022684167,3.053763440860215,31,
70251026528,USW00026528,diurnal,2,1.6611902465501012,,,,,6.503990016485361,6.273809523809524,29,
70251026528,USW00026528,diurnal,3,2.3446726036491885,,,,,7.658613422219236,9.24731182795699,29,
70251026528,USW00026528,diurnal,4,5.5498191042168745,,,,,12.021522059381027,9.585185185185185,30,
70251026528,USW00026528,diurnal,5,3.7236036900658505,,,,,9.294122638329025,10.197132616487455,31,
70251026528,USW00026528,diurnal,6,5.398161345022929,,,,,13.404570996308399,9.044444444444444,30,
70251026528,USW00026528,diurnal,7,2.8008876803022384,,,,,7.263342347124688,7.896057347670251,31,
70251026528,USW00026528,diurnal,8,2.8291483387870713,,,,,7.546240641841061,7.732974910394264,31,
70251026528,USW00026528,diurnal,9,2.477837873735832,,,,,6.83725976610388,7.424074074074075,30,
70251026528,USW00026528,diurnal,10,2.8824542544772056,,,,,9.150412274451458,5.926523297491039,30,
70251026528,USW00026528,diurnal,11,2.4361553841014167,,,,,7.605534664907913,3.6129629629629627,30,
70251026528,USW00026528,diurnal,12,0.9984034259036227,,,,,4.759554870548635,1.7885304659498207,30,
70259026523,USW00026523,annual,0,10.364587603330722,11.320643073191336,189.14896466484458,197.88743444790578,-8.738469783061191,,,365,
70259026523,USW00026523,diurnal,1,3.0095313466059173,,,,,8.904325048413167,3.39605734767025,31,
70259026523,USW00026523,diurnal,2,2.037720550551651,,,,,6.413221478013922,5.009920634920634,29,
70259026523,USW00026523,diurnal,3,2.045623863885066,,,,,5.711218676293741,7.254480286738352,31,
70259026523,USW00026523,diurnal,4,3.377939488829891,,,,,7.761549770682386,7.525925925925927,30,
70259026523,USW00026523,diurnal,5,2.652863983282004,,,,,6.1334212933534,8.13620071684588,31,
70259026523,USW00026523,diurnal,6,2.789030021681058,,,,,8.407009220020228,6.909259259259259,30,
70259026523,USW00026523,diurnal,7,2.1078746197727747,,,,,5.5942794681797,6.164874551971326,31,
70259026523,USW00026523,diurnal,8,2.0823742676784462,,,,,5.134125157822295,6.946236559139787,31,
70259026523,USW00026523,diurnal,9,1.8198089756648663,,,,,5.509800813841515,6.603703703703703,30,
70259026523,USW00026523,diurnal,10,2.991285502153246,,,,,8.366981830085702,5.308243727598566,31,
70259026523,USW00026523,diurnal,11,2.2053249011450933,,,,,7.738089224124758,3.7388888888888894,30,
70259026523,USW00026523,diurnal,12,1.3348837941017317,,,,,3.7625272859788055,2.2419354838709675,31,
70261026411,USW00026411,annual,0,20.2715355390967,20.29378292187524,189.72308037196152,192.54270057178195,-2.8196201998204344,,,365,
70261026411,USW00026411,diurnal,1,2.802138396527239,,,,,8.084243048902284,2.444444444444444,31,
70261026411,USW00026411,diurnal,2,4.485526400843108,,,,,11.995379080248181,6.757936507936509,29,
70261026411,USW00026411,diurnal,3,4.9690464326455155,,,,,12.442552317194494,11.57885304659498,31,
70261026411,USW00026411,diurnal,4,5.467846444843288,,,,,11.599808088227707,10.762962962962963,30,
70261026411,USW00026411,diurnal,5,4.837854767130616,,,,,11.309449060307697,10.668458781362004,31,
70261026411,USW00026411,diurnal,6,5.661981740778838,,,,,12.956241644516545,9.37962962962963,30,
70261026411,USW00026411,diurnal,7,3.9186981323329344,,,,,9.626635151427672,8.655913978494622,31,
70261026411,USW00026411,diurnal,8,3.4624834434389173,,,,,8.62167324540015,8.47132616487455,31,
70261026411,USW00026411,diurnal,9,2.5078103196845194,,,,,6.825002941458671,8.37037037037037,30,
70261026411,USW00026411,diurnal,10,2.4215995829429633,,,,,7.020397168822381,5.625448028673834,31,
70261026411,USW00026411,diurnal,11,2.724140340098066,,,,,7.902146960247665,2.6740740740740745,30,
70261026411,USW00026411,diurnal,12,2.9841476174400188,,,,,8.35124593998479,0.9516129032258067,31,
70267026415,USW00026415,annual,0,17.352978228670015,17.301228335567284,184.0287540727158,190.5906942690598,-6.561940196344011,,,365,
70267026415,USW00026415,diurnal,1,1.3011012353822091,,,,,5.071269275849325,1.8709677419354835,31,
70267026415,USW00026415,diurnal,2,2.542515519981233,,,,,7.541463356619378,4.807539682539683,29,
70267026415,USW00026415,diurnal,3,2.7325890310550816,,,,,6.488832896260721,8.422939068100357,31,
70267026415,USW00026415,diurnal,4,5.019144497507742,,,,,11.296809642397537,9.127777777777778,30,
70267026415,USW00026415,diurnal,5,3.579445181767488,,,,,8.64392201350941,8.845878136200717,31,
70267026415,USW00026415,diurnal,6,5.381358705010969,,,,,12.262208916147628,8.203703703703704,30,
70267026415,USW00026415,diurnal,7,3.4378970290189987,,,,,9.536027797224484,7.675627240143368,31,
70267026415,USW00026415,diurnal,8,3.1243547432970593,,,,,7.7544365962503585,7.625448028673836,31,
70267026415,USW00026415,diurnal,9,2.363956022692128,,,,,6.598250312255372,6.955555555555557,30,
70267026415,USW00026415,diurnal,10,2.1646698845092596,,,,,6.751780135694327,4.439068100358423,31,
70267026415,USW00026415,diurnal,11,1.7606051468730723,,,,,5.9574949578965235,2.0259259259259257,30,
70267026415,USW00026415,diurnal,12,1.481888916916266,,,,,5.150620267730678,0.8458781362007166,31,
70271026425,USW00026425,annual,0,17.020780615202828,17.059522606740803,183.60133729990463,192.01095266255703,-8.409615362652403,,,365,
70271026425,USW00026425,diurnal,1,2.9328741864360235,,,,,8.715546110530788,3.3494623655913984,31,
70271026425,USW00026425,diurnal,2,3.9239392234610717,,,,,12.42030466545398,7.404761904761904,29,
70271026425,USW00026425,diurnal,3,4.660793081209874,,,,,11.643397405268425,11.99820788530466,31,
70271026425,USW00026425,diurnal,4,5.529801280242035,,,,,12.7350238189669,11.162962962962963,30,
70271026425,USW00026425,diurnal,5,4.41787384865952,,,,,10.1147380758786,11.292114695340501,31,
70271026425,USW00026425,diurnal,6,6.287811858474598,,,,,14.60129280143514,11.103703703703703,30,
70271026425,USW00026425,diurnal,7,4.365848040207378,,,,,10.041220947434622,10.200716845878135,31,
70271026425,USW00026425,diurnal,8,4.306370099812248,,,,,10.383553240905332,9.99462365591398,31,
70271026425,USW00026425,diurnal,9,3.5681621199364626,,,,,8.798341835324079,9.127777777777776,30,
70271026425,USW00026425,diurnal,10,3.2290407994867487,,,,,9.490192179986202,6.681003584229391,31,
70271026425,USW00026425,diurnal,11,3.1380935347748182,,,,,8.59733236245299,3.853703703703704,30,
70271026425,USW00026425,diurnal,12,1.5484934914699682,,,,,6.338003661286904,2.125448028673835,30,
70272026401,USW00026401,annual,0,12.247933724829675,12.857371403232689,188.96858568736508,194.3526068955958,-5.384021208230735,,,365,
70272026401,USW00026401,diurnal,1,2.1718148128663994,,,,,8.016456706921996,2.8154121863799286,31,
70272026401,USW00026401,diurnal,2,2.0510566094471825,,,,,6.86204909382623,5.023809523809523,28,
70272026401,USW00026401,diurnal,3,2.0815789913037754,,,,,5.634703787439122,7.695340501792115,30,
70272026401,USW00026401,diurnal,4,2.888606996879891,,,,,7.449656928373097,7.935185185185186,30,
70272026401,USW00026401,diurnal,5,2.65463402390798,,,,,6.739939126617377,8.125448028673835,29,
70272026401,USW00026401,diurnal,6,3.0612728310577566,,,,,7.589379773336621,7.14074074074074,30,
70272026401,USW00026401,diurnal,7,2.3591360800215364,,,,,6.277050626526584,6.166666666666667,31,
70272026401,USW00026401,diurnal,8,2.2104102229505496,,,,,7.447653397602039,6.408602150537633,31,
70272026401,USW00026401,diurnal,9,2.037798543091651,,,,,5.949887817379847,6.007407407407408,30,
70272026401,USW00026401,diurnal,10,2.582476667461152,,,,,7.246227010268449,4.870967741935484,31,
70272026401,USW00026401,diurnal,11,1.465638892309881,,,,,5.690679772562881,3.142592592592593,29,
70272026401,USW00026401,diurnal,12,1.2089816863253038,,,,,4.993767252810655,1.7186379928315412,30,
70272526491,USW00026491,annual,0,11.87743198272935,12.292641910209843,191.6460904238045,197.53688296950062,-5.890792545696115,,,360,
70272526491,USW00026491,diurnal,1,1.954205990613323,,,,,6.212219616920425,2.089605734767025,31,
70272526491,USW00026491,diurnal,2,2.3955689800257725,,,,,6.813752185785768,3.5992063492063493,29,
70272526491,USW00026491,diurnal,3,2.1382723096382215,,,,,5.746998447515059,6.0412186379928325,31,
70272526491,USW00026491,diurnal,4,2.946754800238365,,,,,7.218602220728111,6.749999999999999,30,
70272526491,USW00026491,diurnal,5,2.6392791442057644,,,,,6.666508435144226,6.921146953405016,31,
70272526491,USW00026491,diurnal,6,3.3889492550628213,,,,,7.762438241820513,5.932367149758455,30,
70272526491,USW00026491,diurnal,7,2.147712895262778,,,,,5.751476306030653,5.555555555555555,30,
70272526491,USW00026491,diurnal,8,2.224217226131524,,,,,6.9266551486083685,5.5842293906810045,31,
70272526491,USW00026491,diurnal,9,2.0282457157123956,,,,,5.577539560626383,5.131481481481481,30,
70272526491,USW00026491,diurnal,10,2.191041251530185,,,,,5.89178048932944,3.7347670250896052,31,
70272526491,USW00026491,diurnal,11,1.4955699209897821,,,,,5.922110061911679,2.1462962962962964,30,
70272526491,USW00026491,diurnal,12,0.9802788464504922,,,,,3.633058494112705,1.2849462365591398,30,
70273026451,USW00026451,annual,0,11.645810075510356,11.955475684645727,190.7499799274954,196.48806790274497,-5.738087975249584,,,365,
70273026451,USW00026451,diurnal,1,1.5265024792584874,,,,,5.1931575942295565,1.6577060931899639,31,
70273026451,USW00026451,diurnal,2,1.997977281128374,,,,,6.023845834506746,3.1547619047619055,29,
70273026451,USW00026451,diurnal,3,1.7482938862675488,,,,,5.4041984829081695,5.413978494623654,31,
70273026451,USW00026451,diurnal,4,2.5928580536337043,,,,,6.771398632796446,6.2796296296296275,30,
70273026451,USW00026451,diurnal,5,2.5578116605757404,,,,,6.6040462924662755,6.774193548387097,31,
70273026451,USW00026451,diurnal,6,3.1806380585874496,,,,,8.110349231096663,6.142592592592592,30,
70273026451,USW00026451,diurnal,7,2.077839345382504,,,,,5.135078445321495,5.279569892473119,31,
70273026451,USW00026451,diurnal,8,1.8823685811214959,,,,,6.223163912436027,5.227598566308244,31,
70273026451,USW00026451,diurnal,9,1.852599167268048,,,,,5.040828448208089,4.872222222222223,30,
70273026451,USW00026451,diurnal,10,2.225291611859942,,,,,6.232264552012031,3.7043010752688175,31,
70273026451,USW00026451,diurnal,11,1.3745695343880184,,,,,4.415101696923074,1.8944444444444444,30,
70273026451,USW00026451,diurnal,12,0.9747594744450149,,,,,3.7311900186920846,0.9677419354838708,30,
70273526409,USW00026409,annual,0,12.312692959972535,12.698641779707575,188.46497247309327,194.93319602541575,-6.468223552322485,,,365,
70273526409,USW00026409,diurnal,1,2.4353547769337593,,,,,8.303343586325468,2.682795698924731,31,
70273526409,USW00026409,diurnal,2,2.551966374613689,,,,,7.311180525241929,4.573412698412698,29,
70273526409,USW00026409,diurnal,3,2.0696754354753177,,,,,6.213655412993949,7.041218637992831,31,
70273526409,USW00026409,diurnal,4,3.216174916188222,,,,,7.912160604762902,7.594444444444444,30,
70273526409,USW00026409,diurnal,5,2.6927265907547415,,,,,6.965546414546299,7.553763440860216,30,
70273526409,USW00026409,diurnal,6,2.966363160054062,,,,,7.398439937938506,6.711111111111113,30,
70273526409,USW00026409,diurnal,7,2.2007893570213826,,,,,5.690503121021006,5.969534050179212,31,
70273526409,USW00026409,diurnal,8,2.2798712576976095,,,,,6.809857734321504,6.10215053763441,31,
70273526409,USW00026409,diurnal,9,1.9462606872278494,,,,,5.529501004903022,5.759259259259258,30,
70273526409,USW00026409,diurnal,10,2.843602373959863,,,,,7.4925813511090755,4.508960573476703,31,
70273526409,USW00026409,diurnal,11,1.908591726567018,,,,,5.704918742864442,2.7907407407407407,30,
70273526409,USW00026409,diurnal,12,1.2816046421720138,,,,,4.665726288723812,1.6344086021505373,30,
70291026412,USW00026412,annual,0,20.159267380797072,20.99834300389672,185.4269358588385,191.82418792891232,-6.397252070073819,,,365,
70291026412,USW00026412,diurnal,1,3.1308678157174668,,,,,8.426379246265164,3.1630824372759863,19,
70291026412,USW00026412,diurnal,2,5.040794518326015,,,,,13.056404984365857,8.021825396825397,29,
70291026412,USW00026412,diurnal,3,5.819228977277082,,,,,15.013288334198531,13.621863799283155,31,
70291026412,USW00026412,diurnal,4,6.688639054500142,,,,,14.673056319716054,12.792592592592591,30,
70291026412,USW00026412,diurnal,5,5.662964520202508,,,,,12.403976452948747,11.464157706093193,31,
70291026412,USW00026412,diurnal,6,5.962744359827594,,,,,14.587612131249818,10.400000000000002,30,
70291026412,USW00026412,diurnal,7,4.507378905515555,,,,,11.557581236446822,9.980286738351255,31,
70291026412,USW00026412,diurnal,8,5.660201027301316,,,,,12.798135710391529,9.75627240143369,31,
70291026412,USW00026412,diurnal,9,4.57518862202936,,,,,11.00094786596092,9.546296296296298,22,
70291026412,USW00026412,diurnal,10,1.8291812817953546,,,,,6.666818356838418,6.077060931899643,22,
70291026412,USW00026412,diurnal,11,1.4920070235887897,,,,,5.759947099390209,3.627777777777778,30,
70291026412,USW00026412,diurnal,12,2.4529196258187262,,,,,7.253958749673072,1.7544802867383513,30,
70296026410,USW00026410,annual,0,8.88135959638826,7.981206162150249,211.86528372226132,200.52091336668335,11.34437035557798,,,365,
70296026410,USW00026410,diurnal,1,2.2440028479494107,,,,,6.586547552465596,2.7670250896057342,31,
70296026410,USW00026410,diurnal,2,3.1205778151304964,,,,,9.340614852859083,4.507936507936508,26,
70296026410,USW00026410,diurnal,3,1.7064319032478417,,,,,5.283967109747703,5.6917562724014354,27,
70296026410,USW00026410,diurnal,4,3.236158263513516,,,,,8.451597532338553,6.524074074074075,27,
70296026410,USW00026410,diurnal,5,2.6184503953865184,,,,,6.711333197065178,7.163082437275985,31,
70296026410,USW00026410,diurnal,6,2.5765160150065856,,,,,7.4639204487290645,6.50925925925926,30,
70296026410,USW00026410,diurnal,7,2.1406017280678182,,,,,4.938439289741767,5.740143369175627,31,
70296026410,USW00026410,diurnal,8,2.3145102458941547,,,,,6.388944798304236,6.2168458781362,31,
70296026410,USW00026410,diurnal,9,2.645358530935183,,,,,7.073535326012172,5.992592592592592,25,
70296026410,USW00026410,diurnal,10,2.7246625276843317,,,,,8.477422410042674,4.8996415770609305,31,
70296026410,USW00026410,diurnal,11,1.1282010279142463,,,,,5.316794728705796,3.1462962962962964,21,
70296026410,USW00026410,diurnal,12,1.787607330515685,,,,,5.246701396404082,1.7096774193548383,1,
70308025713,USW00025713,annual,0,5.215113889426969,6.599052114250266,232.84966198514815,223.54494889612477,9.30471308902338,,,365,
70308025713,USW00025713,diurnal,1,1.0735596899722988,,,,,3.332029637995957,0.7437275985663081,28,
70308025713,USW00025713,diurnal,2,1.002560907545072,,,,,3.0230786569949637,1.0694444444444444,29,
70308025713,USW00025713,diurnal,3,1.0153027391184934,,,,,2.8992564220532415,1.8315412186379931,31,
70308025713,USW00025713,diurnal,4,1.092264416603309,,,,,3.147104040705017,2.2462962962962956,30,
70308025713,USW00025713,diurnal,5,1.2488999754472239,,,,,3.6068924216879283,2.8888888888888893,31,
70308025713,USW00025713,diurnal,6,1.7724344419068014,,,,,4.337302120977465,3.1111111111111103,30,
70308025713,USW00025713,diurnal,7,1.2197498886783855,,,,,3.7801417632335674,2.614695340501792,31,
70308025713,USW00025713,diurnal,8,0.8779929018384451,,,,,2.397504704648087,2.172043010752689,31,
70308025713,USW00025713,diurnal,9,0.9042453096483767,,,,,2.9335727101823563,2.2870370370370368,30,
70308025713,USW00025713,diurnal,10,0.9817497455549482,,,,,3.020743818182717,1.9068100358422935,31,
70308025713,USW00025713,diurnal,11,0.6602705529415618,,,,,2.22784715503903,1.0333333333333332,29,
70308025713,USW00025713,diurnal,12,0.5605620953639563,,,,,2.0193921875902885,0.6756272401433695,30,
70316025624,USW00025624,annual,0,5.539453372597879,6.401777975332584,222.0997984476414,216.54605523473543,5.553743212905971,,,365,
70316025624,USW00025624,diurnal,1,1.2308220321407681,,,,,4.306930462927797,1.3064516129032258,28,
70316025624,USW00025624,diurnal,2,0.8608277046663125,,,,,3.968677595914233,1.8710317460317465,29,
70316025624,USW00025624,diurnal,3,1.2414995442434382,,,,,3.3824186312274342,2.965949820788531,31,
70316025624,USW00025624,diurnal,4,1.8404280364906886,,,,,5.296244866890022,3.3074074074074082,29,
70316025624,USW00025624,diurnal,5,1.675318692974863,,,,,4.752653882598423,3.9623655913978495,31,
70316025624,USW00025624,diurnal,6,1.8419901719473835,,,,,5.324942621798727,3.757407407407408,30,
70316025624,USW00025624,diurnal,7,1.3106929260406124,,,,,3.9834738839625174,3.3458781362007177,31,
70316025624,USW00025624,diurnal,8,1.6609632990649092,,,,,4.5223528794317875,3.048387096774193,27,
70316025624,USW00025624,diurnal,9,1.5104629227181414,,,,,4.47528412183059,2.872222222222222,30,
70316025624,USW00025624,diurnal,10,1.393310279090203,,,,,4.6391440838635285,2.5537634408602155,31,
70316025624,USW00025624,diurnal,11,1.026349515295054,,,,,3.5814606618523372,1.568518518518519,30,
70316025624,USW00025624,diurnal,12,0.9504021390437805,,,,,3.894773539587839,1.0483870967741933,31,
70326025503,USW00025503,annual,0,8.252245238925932,11.178202807115987,195.8705488900112,200.8086223644729,-4.938073474461703,,,365,
70326025503,USW00025503,diurnal,1,2.002563148931269,,,,,5.6262011455409535,3.023297491039427,31,
70326025503,USW00025503,diurnal,2,1.6916780700294365,,,,,5.7126688962487915,4.3769841269841265,26,
70326025503,USW00025503,diurnal,3,2.7562437358272933,,,,,8.074635354619602,6.53763440860215,31,
70326025503,USW00025503,diurnal,4,2.7221087341349355,,,,,7.15415564014789,7.518518518518519,30,
70326025503,USW00025503,diurnal,5,3.112280885863262,,,,,7.923876639651853,8.96415770609319,30,
70326025503,USW00025503,diurnal,6,4.5833815197853305,,,,,10.906239442808339,8.696296296296298,30,
70326025503,USW00025503,diurnal,7,2.432678490471501,,,,,6.444772095888153,7.274193548387098,31,
70326025503,USW00025503,diurnal,8,2.734992437043107,,,,,6.93452605915077,6.792114695340502,31,
70326025503,USW00025503,diurnal,9,2.461664510903398,,,,,6.89008614759393,6.481481481481481,30,
70326025503,USW00025503,diurnal,10,3.747255845451553,,,,,9.70413903827637,5.627240143369176,31,
70326025503,USW00025503,diurnal,11,2.784846782835908,,,,,7.83266240631376,3.4222222222222225,30,
70326025503,USW00025503,diurnal,12,1.4976757148934907,,,,,4.470541164366255,2.2078853046594986,30,
70340025506,USW00025506,annual,0,9.25821160533957,10.913189675702943,207.81908251271008,202.41753080740185,5.401551705308236,,,365,
70340025506,USW00025506,diurnal,1,1.8809558404422138,,,,,5.434985829113774,1.7562724014336917,31,
70340025506,USW00025506,diurnal,2,1.8694122920135916,,,,,6.010815847732912,3.0039682539682535,29,
70340025506,USW00025506,diurnal,3,2.302366302926011,,,,,6.873618828113905,5.089605734767026,31,
70340025506,USW00025506,diurnal,4,2.557393336450016,,,,,6.306031547535933,5.5888888888888895,30,
70340025506,USW00025506,diurnal,5,2.458838863997749,,,,,6.939857987274131,6.942652329749103,31,
70340025506,USW00025506,diurnal,6,3.081846968039482,,,,,8.916636172295913,6.851851851851852,30,
70340025506,USW00025506,diurnal,7,2.3492215467273203,,,,,7.693747550513369,5.6756272401433705,31,
70340025506,USW00025506,diurnal,8,1.8695731423045423,,,,,5.4825438709373495,5.340501792114696,31,
70340025506,USW00025506,diurnal,9,1.7317864909836702,,,,,5.411978211271711,4.703703703703703,30,
70340025506,USW00025506,diurnal,10,2.8466426606262205,,,,,7.268026110175281,3.775985663082437,31,
70340025506,USW00025506,diurnal,11,1.8469687956553562,,,,,5.641422047049966,2.0148148148148146,30,
70340025506,USW00025506,diurnal,12,1.5162554908909516,,,,,3.913474382276082,1.1290322580645162,24,
70341025507,USW00025507,annual,0,7.945271668565003,8.577553751542974,196.76115864907743,201.62666514929566,-4.865506500218231,,,365,
70341025507,USW00025507,diurnal,1,1.8649383684658514,,,,,6.484157038296001,2.417562724014337,31,
70341025507,USW00025507,diurnal,2,1.703953368082738,,,,,5.603721442448439,3.357142857142857,28,
70341025507,USW00025507,diurnal,3,1.7589159724964591,,,,,5.0525739253091775,4.673835125448028,31,
70341025507,USW00025507,diurnal,4,2.208606077187669,,,,,6.0350541936633935,5.368518518518518,30,
70341025507,USW00025507,diurnal,5,1.8248322132562649,,,,,4.954202042124969,5.788530465949821,31,
70341025507,USW00025507,diurnal,6,2.5739625466506535,,,,,6.575162742678497,5.335185185185185,30,
70341025507,USW00025507,diurnal,7,1.9480628063640077,,,,,4.842548280240612,4.863799283154123,31,
70341025507,USW00025507,diurnal,8,2.0889481811217205,,,,,5.717666464561052,5.179211469534049,31,
70341025507,USW00025507,diurnal,9,2.1449930482485686,,,,,4.94047408961274,4.816666666666666,27,
70341025507,USW00025507,diurnal,10,2.2479091279831955,,,,,6.475831190200904,4.225806451612903,31,
70341025507,USW00025507,diurnal,11,1.6319231044983808,,,,,5.415898744642284,2.7722222222222217,30,
70341025507,USW00025507,diurnal,12,1.5365301606524464,,,,,4.35131908624949,1.7759856630824373,23,
70350025501,USW00025501,annual,0,5.636936801286938,7.14494233882778,213.5023811734251,208.47441151075694,5.02796966266817,,,365,
70350025501,USW00025501,diurnal,1,1.394239072988832,,,,,4.484311739657911,1.6415770609318994,31,
70350025501,USW00025501,diurnal,2,1.1066509313603947,,,,,4.085497012303675,2.4841269841269846,29,
70350025501,USW00025501,diurnal,3,1.6714813725945092,,,,,5.054808624081956,3.383512544802868,31,
70350025501,USW00025501,diurnal,4,1.9099748066419129,,,,,5.518606917299463,3.829629629629629,30,
70350025501,USW00025501,diurnal,5,1.660841447424209,,,,,5.203341986179199,4.236559139784948,31,
70350025501,USW00025501,diurnal,6,0.9407853687504526,,,,,3.136592365974539,3.948148148148148,30,
70350025501,USW00025501,diurnal,7,1.6563785058560752,,,,,4.796018941740501,3.810035842293906,31,
70350025501,USW00025501,diurnal,8,2.2339101257766885,,,,,5.777150323908225,4.318996415770609,31,
70350025501,USW00025501,diurnal,9,1.8747119547867888,,,,,5.608941939991335,4.216666666666667,30,
70350025501,USW00025501,diurnal,10,1.6276779045934535,,,,,5.060063226293438,3.6648745519713253,31,
70350025501,USW00025501,diurnal,11,1.441707229758756,,,,,5.183014382782867,2.174074074074073,30,
70350025501,USW00025501,diurnal,12,0.8401201941794579,,,,,3.041697146478834,1.3655913978494627,31,
70361025339,USW00025339,annual,0,6.555854830158929,7.648811460422444,200.77534915435766,202.73396652932885,-1.9586173749711975,,,365,
70361025339,USW00025339,diurnal,1,1.163226811888392,,,,,4.304842651020894,2.4229390681003586,31,
70361025339,USW00025339,diurnal,2,1.6274986540244267,,,,,5.370092437608528,4.277777777777778,29,
70361025339,USW00025339,diurnal,3,1.4298836750899249,,,,,5.207210365307279,5.8028673835125435,31,
70361025339,USW00025339,diurnal,4,3.3310197724255795,,,,,8.42199755517277,6.3314814814814815,30,
70361025339,USW00025339,diurnal,5,2.065285368153166,,,,,5.186392736504731,6.200716845878137,30,
70361025339,USW00025339,diurnal,6,2.062396999829016,,,,,5.881285333086612,5.1722222222222225,30,
70361025339,USW00025339,diurnal,7,1.3752417451576857,,,,,3.8841539416418263,4.657706093189964,30,
70361025339,USW00025339,diurnal,8,2.354307225406459,,,,,5.691592902585166,5.270609318996414,29,
70361025339,USW00025339,diurnal,9,1.7737549186922532,,,,,4.2866941415275415,5.494444444444444,30,
70361025339,USW00025339,diurnal,10,1.7874636978740572,,,,,5.7713601879446355,4.551971326164874,31,
70361025339,USW00025339,diurnal,11,1.6204446435568864,,,,,5.20058707084338,3.031481481481481,30,
70361025339,USW00025339,diurnal,12,1.2497004371059943,,,,,4.2243847456201395,1.4910394265232976,30,
70371025333,USW00025333,annual,0,5.3122584262271895,5.952126584423526,204.24533646360584,210.86211532885943,-6.616778865253593,,,365,
70371025333,USW00025333,diurnal,1,1.1995513181248127,,,,,3.906221490890344,1.3745519713261647,31,
70371025333,USW00025333,diurnal,2,0.9952364841146568,,,,,3.9890012486567024,2.3611111111111116,29,
70371025333,USW00025333,diurnal,3,1.8052678610175383,,,,,5.290771512839761,3.111111111111111,31,
70371025333,USW00025333,diurnal,4,2.167923000640908,,,,,5.821842322281304,3.762962962962964,30,
70371025333,USW00025333,diurnal,5,1.4698860346010902,,,,,4.315256579591796,3.763440860215053,31,
70371025333,USW00025333,diurnal,6,1.6015659517763825,,,,,4.479409589951942,3.251851851851852,30,
70371025333,USW00025333,diurnal,7,0.8714214797873342,,,,,2.845193233590468,2.7455197132616487,31,
70371025333,USW00025333,diurnal,8,1.7417791986034727,,,,,4.900696100294351,3.1308243727598573,30,
70371025333,USW00025333,diurnal,9,1.1250869951262397,,,,,2.98536425971373,3.0111111111111115,30,
70371025333,USW00025333,diurnal,10,1.0257845254810594,,,,,3.3811390841162154,2.259856630824373,31,
70371025333,USW00025333,diurnal,11,1.259710704702099,,,,,3.857426908927594,1.5851851851851853,30,
70371025333,USW00025333,diurnal,12,1.6715359908178817,,,,,4.618445753704463,1.1182795698924732,31,
70381025309,USW00025309,annual,0,7.7438469951318,8.150931135577945,193.91073062135757,200.5139982882264,-6.603267666868817,,,365,
70381025309,USW00025309,diurnal,1,1.00291507701266,,,,,3.59273223274148,1.7903225806451613,31,
70381025309,USW00025309,diurnal,2,1.4836477174249076,,,,,4.963065223354988,3.138888888888889,29,
70381025309,USW00025309,diurnal,3,2.282511916066805,,,,,6.327846765432805,4.526881720430108,31,
70381025309,USW00025309,diurnal,4,2.9042822223236584,,,,,7.174798957006377,6.348148148148149,30,
70381025309,USW00025309,diurnal,5,2.4150414836644796,,,,,6.017924656458624,7.331541218637992,31,
70381025309,USW00025309,diurnal,6,3.2984407534247513,,,,,8.303745713187219,6.55,30,
70381025309,USW00025309,diurnal,7,1.5998507832479065,,,,,4.964167153569269,5.732974910394264,31,
70381025309,USW00025309,diurnal,8,3.6283683439628476,,,,,9.713050089482682,5.482078853046595,31,
70381025309,USW00025309,diurnal,9,1.33798788822349,,,,,4.199031968818886,4.237037037037037,30,
70381025309,USW00025309,diurnal,10,1.1189949194284012,,,,,4.246523217009379,2.8315412186379927,31,
70381025309,USW00025309,diurnal,11,1.042887207054354,,,,,3.4553154348697235,1.9296296296296294,30,
70381025309,USW00025309,diurnal,12,0.82483825164187,,,,,4.210963493717824,1.2670250896057356,30,
70395025325,USW00025325,annual,0,6.0443178699207945,6.734802404556911,202.09278379412785,206.44140966753446,-4.348625873406604,,,365,
70395025325,USW00025325,diurnal,1,0.8920676041224476,,,,,3.1882536885621695,1.6738351254480288,30,
70395025325,USW00025325,diurnal,2,1.4144857192913398,,,,,4.0048841292039405,2.6448412698412693,29,
70395025325,USW00025325,diurnal,3,2.0200097503877936,,,,,5.927888279631989,3.7186379928315416,31,
70395025325,USW00025325,diurnal,4,2.384067020862158,,,,,7.228186602196195,4.714814814814815,30,
70395025325,USW00025325,diurnal,5,2.132823727383381,,,,,5.051276967333697,5.376344086021506,29,
70395025325,USW00025325,diurnal,6,1.7715899286891508,,,,,5.159248326511822,4.814814814814815,23,
70395025325,USW00025325,diurnal,7,1.8431676216594786,,,,,4.958391499065575,4.516129032258065,31,
70395025325,USW00025325,diurnal,8,3.168497348098894,,,,,7.7934879721014205,4.413978494623656,31,
70395025325,USW00025325,diurnal,9,1.2393824215109799,,,,,4.448197654229348,3.8055555555555554,30,
70395025325,USW00025325,diurnal,10,1.2351372543060324,,,,,3.5727801314099894,2.7867383512544803,31,
70395025325,USW00025325,diurnal,11,1.2569803739141299,,,,,3.7286035466909997,1.827777777777777,30,
70395025325,USW00025325,diurnal,12,0.8508633240282693,,,,,2.8631312027300666,1.2831541218637996,30,
72201012836,USW00012836,annual,0,4.508235672634632,4.183056023608799,208.0157453782217,208.85872379475651,-0.8429784165348053,,,365,
72201012836,USW00012836,diurnal,1,1.3978365394587948,,,,,4.906682731648905,3.3960573476702507,30,
72201012836,USW00012836,diurnal,2,2.0359493691536263,,,,,5.116063048873539,3.6250000000000004,29,
72201012836,USW00012836,diurnal,3,1.573261042502409,,,,,3.751733015891734,3.7992831541218637,31,
72201012836,USW00012836,diurnal,4,1.8811982349062248,,,,,4.583094896716306,3.642592592592593,30,
72201012836,USW00012836,diurnal,5,1.6124150739053873,,,,,3.643996209520978,3.523297491039426,29,
72201012836,USW00012836,diurnal,6,1.4431718727793446,,,,,3.757780451164704,2.988888888888889,30,
72201012836,USW00012836,diurnal,7,1.4602772870716447,,,,,3.5837731967467654,2.9569892473118276,31,
72201012836,USW00012836,diurnal,8,1.30814335728052,,,,,4.1121459931440505,2.9964157706093175,31,
72201012836,USW00012836,diurnal,9,1.1664468578736082,,,,,3.775777273122209,2.8851851851851853,27,
72201012836,USW00012836,diurnal,10,1.432845275650356,,,,,3.5633269162377985,2.937275985663083,31,
72201012836,USW00012836,diurnal,11,1.1520254263958192,,,,,3.153059767536565,3.253703703703704,30,
72201012836,USW00012836,diurnal,12,1.6288866747456476,,,,,4.450251679517461,3.155913978494624,31,
72201512850,USW00012850,annual,0,4.829925535263762,4.098323500453995,209.2548998266089,208.9432749416491,0.311624884959798,,,365,
72201512850,USW00012850,diurnal,1,1.7023248562871027,,,,,5.359839911600037,3.8405017921146967,26,
72201512850,USW00012850,diurnal,2,2.1771174960455326,,,,,4.907318096476551,4.170634920634922,23,
72201512850,USW00012850,diurnal,3,1.941968653905127,,,,,4.507573423367848,4.315412186379929,31,
72201512850,USW00012850,diurnal,4,2.1949570236810168,,,,,4.955510759789329,4.161111111111111,30,
72201512850,USW00012850,diurnal,5,1.8829861665544907,,,,,4.4503678988123845,3.946236559139786,31,
72201512850,USW00012850,diurnal,6,1.7639872118681224,,,,,4.656442550329622,3.5185185185185186,30,
72201512850,USW00012850,diurnal,7,1.88983423061297,,,,,4.113464959684855,3.6039426523297493,31,
72201512850,USW00012850,diurnal,8,1.4733645572831946,,,,,4.234727525363095,3.560931899641578,31,
72201512850,USW00012850,diurnal,9,1.6538535468701343,,,,,4.134951767364935,3.4666666666666663,30,
72201512850,USW00012850,diurnal,10,1.6021173486301115,,,,,4.057288185205703,3.3422939068100357,31,
72201512850,USW00012850,diurnal,11,1.514220912564342,,,,,4.049748272807095,3.509259259259259,30,
72201512850,USW00012850,diurnal,12,1.9314499095026498,,,,,5.1483222207313375,3.53405017921147,29,
72202012839,USW00012839,annual,0,4.150321511864895,4.080392455577736,207.79327080291034,207.56026455969936,0.23300624321097985,,,365,
72202012839,USW00012839,diurnal,1,2.673521520266851,,,,,6.12037187693473,6.125448028673834,31,
72202012839,USW00012839,diurnal,2,3.4104982263450685,,,,,7.2031064575716215,6.303571428571431,29,
72202012839,USW00012839,diurnal,3,2.6195056306307913,,,,,6.164132772372319,6.224014336917565,31,
72202012839,USW00012839,diurnal,4,2.8042752744758896,,,,,6.517994577669336,5.837037037037037,30,
72202012839,USW00012839,diurnal,5,2.619477084117318,,,,,6.700628258426093,5.385304659498207,31,
72202012839,USW00012839,diurnal,6,2.1705692770700358,,,,,5.568484255931354,4.674074074074073,30,
72202012839,USW00012839,diurnal,7,2.1550394174829486,,,,,5.149083191598262,4.60394265232975,31,
72202012839,USW00012839,diurnal,8,1.9691138946485078,,,,,6.215085825387561,4.546594982078854,31,
72202012839,USW00012839,diurnal,9,2.310304935633121,,,,,6.152398329000169,4.32962962962963,30,
72202012839,USW00012839,diurnal,10,1.8941995593172807,,,,,4.802130831335788,4.537634408602149,31,
72202012839,USW00012839,diurnal,11,1.6276857801161237,,,,,5.411916424996205,5.353703703703704,30,
72202012839,USW00012839,diurnal,12,2.968670797909124,,,,,7.072844905603731,5.6057347670250905,31,
72202612826,USW00012826,annual,0,3.861411951723113,4.172598314357337,208.8283510311209,207.5982779726754,1.2300730584454982,,,365,
72202612826,USW00012826,diurnal,1,2.3539944614472867,,,,,6.354618603713721,7.053763440860214,31,
72202612826,USW00012826,diurnal,2,3.7018542039204756,,,,,9.046784910728256,7.299603174603175,29,
72202612826,USW00012826,diurnal,3,2.9685190847710765,,,,,7.245160408916032,7.0734767025089615,29,
72202612826,USW00012826,diurnal,4,3.0817072580499953,,,,,6.485908706356129,6.540740740740741,30,
72202612826,USW00012826,diurnal,5,2.7747968116374135,,,,,7.182250940632619,6.001792114695342,30,
72202612826,USW00012826,diurnal,6,1.9860583931873521,,,,,5.839167648559336,5.355555555555556,30,
72202612826,USW00012826,diurnal,7,2.2800045675102854,,,,,5.874251258105776,5.25268817204301,31,
72202612826,USW00012826,diurnal,8,1.756167166754177,,,,,5.843032446440237,5.311827956989248,31,
72202612826,USW00012826,diurnal,9,2.5314372252025326,,,,,6.207518066398025,5.072222222222221,30,
72202612826,USW00012826,diurnal,10,2.1823548412645346,,,,,5.383726162303194,5.263440860215055,31,
72202612826,USW00012826,diurnal,11,2.1946685786557993,,,,,5.212725474905341,6.294444444444445,29,
72202612826,USW00012826,diurnal,12,3.5723814486584438,,,,,8.03486583674849,6.435483870967742,24,
72202912888,USW00012888,annual,0,4.3860377118694505,4.305805079489372,208.39201154366447,206.66137378802662,1.7306377556378436,,,365,
72202912888,USW00012888,diurnal,1,2.710261423272867,,,,,7.834319597370074,8.084229390681001,31,
72202912888,USW00012888,diurnal,2,4.32844359164583,,,,,9.80865765601662,8.436507936507935,27,
72202912888,USW00012888,diurnal,3,3.786095693071426,,,,,8.26045993170316,8.523297491039427,31,
72202912888,USW00012888,diurnal,4,4.377322657230055,,,,,9.269462978077055,8.198148148148146,28,
72202912888,USW00012888,diurnal,5,3.781633249220312,,,,,8.854637756336881,7.516129032258062,31,
72202912888,USW00012888,diurnal,6,2.5737147611392515,,,,,6.860900137155699,6.294444444444445,29,
72202912888,USW00012888,diurnal,7,3.10515882012146,,,,,7.448635126057816,6.263440860215055,30,
72202912888,USW00012888,diurnal,8,2.458314535572961,,,,,7.006995234995767,6.3297491039426514,31,
72202912888,USW00012888,diurnal,9,3.1387183450923777,,,,,7.199356940598424,5.849999999999999,29,
72202912888,USW00012888,diurnal,10,2.880063643716921,,,,,6.617290963148651,6.32078853046595,30,
72202912888,USW00012888,diurnal,11,2.5546643381053715,,,,,6.427826789197985,7.205555555555554,30,
72202912888,USW00012888,diurnal,12,3.667850136548603,,,,,9.85434442081655,7.489247311827958,24,
72203012844,USW00012844,annual,0,4.6499930893686345,4.392731927747054,203.98533596167505,208.09294206539184,-4.10760610371679,,,365,
72203012844,USW00012844,diurnal,1,2.0394006952749595,,,,,7.2495827262421955,6.792114695340503,31,
72203012844,USW00012844,diurnal,2,3.950549573788695,,,,,9.035300425110979,7.075396825396827,29,
72203012844,USW00012844,diurnal,3,2.557918858430331,,,,,6.971852031430952,6.808243727598567,31,
72203012844,USW00012844,diurnal,4,2.9455465218361434,,,,,7.870645235462225,6.372222222222222,30,
72203012844,USW00012844,diurnal,5,2.6978599592059744,,,,,7.182212706481074,5.992831541218637,31,
72203012844,USW00012844,diurnal,6,2.0445842579049387,,,,,6.16666062238011,5.409259259259259,30,
72203012844,USW00012844,diurnal,7,2.3205635599173853,,,,,6.137494108209481,5.507168458781364,31,
72203012844,USW00012844,diurnal,8,1.9237004677379759,,,,,6.635252710474962,5.383512544802866,31,
72203012844,USW00012844,diurnal,9,2.485549737744069,,,,,6.465358355809274,4.953703703703703,30,
72203012844,USW00012844,diurnal,10,1.5604444285052277,,,,,5.0870509729346125,5.129032258064516,31,
72203012844,USW00012844,diurnal,11,1.6406304406629582,,,,,5.0398164751121595,5.870370370370369,30,
72203012844,USW00012844,diurnal,12,3.123997691205541,,,,,7.70221288467933,6.198924731182794,31,
72204012838,USW00012838,annual,0,5.446714876074788,5.403591970958933,206.80299833533908,207.1617477141877,-0.35874937884861424,,,365,
72204012838,USW00012838,diurnal,1,2.9182884502126836,,,,,7.734343144701304,8.077060931899643,31,
72204012838,USW00012838,diurnal,2,4.8072436187879575,,,,,10.654481951101932,8.343253968253967,29,
72204012838,USW00012838,diurnal,3,3.636590454439777,,,,,8.526798823846814,8.209677419354836,31,
72204012838,USW00012838,diurnal,4,3.954683079401693,,,,,10.137087080109108,7.724074074074073,30,
72204012838,USW00012838,diurnal,5,3.3349273962910666,,,,,9.058117369937214,7.1308243727598555,31,
72204012838,USW00012838,diurnal,6,2.8701534362219974,,,,,7.770858488226647,6.4796296296296285,30,
72204012838,USW00012838,diurnal,7,3.087103210485195,,,,,7.474050904375186,6.675627240143366,31,
72204012838,USW00012838,diurnal,8,2.5497849871120843,,,,,7.07037468450558,6.369175627240144,31,
72204012838,USW00012838,diurnal,9,2.085524041460659,,,,,6.529405301633801,5.666666666666667,30,
72204012838,USW00012838,diurnal,10,2.2219153859619363,,,,,6.046422808052654,5.888888888888888,31,
72204012838,USW00012838,diurnal,11,1.9649364823615045,,,,,5.628388844875218,7.064814814814816,30,
72204012838,USW00012838,diurnal,12,3.3259140013346364,,,,,9.017424004079324,7.344086021505378,29,
72205012815,USW00012815,annual,0,5.7156627489911935,5.732521734168152,199.06274406229502,203.13468234750152,-4.0719382852065,,,365,
72205012815,USW00012815,diurnal,1,4.442596834071074,,,,,11.150656313704559,9.091397849462366,31,
72205012815,USW00012815,diurnal,2,5.7391107873818665,,,,,11.972008621471156,9.579365079365077,29,
72205012815,USW00012815,diurnal,3,4.750287005156816,,,,,10.39158237064944,9.865591397849464,31,
72205012815,USW00012815,diurnal,4,5.624616824814341,,,,,11.810312314645373,9.944444444444446,30,
72205012815,USW00012815,diurnal,5,4.983100012453702,,,,,11.145899851061074,9.564516129032258,31,
72205012815,USW00012815,diurnal,6,3.9233552474752513,,,,,9.666187372106023,7.731481481481483,30,
72205012815,USW00012815,diurnal,7,4.204288850918543,,,,,10.035196962429753,7.424731182795698,30,
72205012815,USW00012815,diurnal,8,3.0606358029401886,,,,,7.926841789146959,7.191756272401432,31,
72205012815,USW00012815,diurnal,9,3.0333923132604816,,,,,8.101737124896069,7.012962962962963,26,
72205012815,USW00012815,diurnal,10,3.944844119753528,,,,,8.581130001651676,7.790322580645162,31,
72205012815,USW00012815,diurnal,11,3.783818816256598,,,,,8.8560152501596,8.522222222222222,30,
72205012815,USW00012815,diurnal,12,4.186430794274978,,,,,10.020555159631668,8.405017921146955,30,
72205312841,USW00012841,annual,0,5.941443142433027,5.845339644149351,202.24671854588763,203.66488046382705,-1.4181619179394147,,,365,
72205312841,USW00012841,diurnal,1,4.461222108722608,,,,,11.093960733916177,8.442652329749105,31,
72205312841,USW00012841,diurnal,2,5.20710980725711,,,,,10.851927047286349,8.9265873015873,29,
72205312841,USW00012841,diurnal,3,4.049755502330189,,,,,9.479774406719546,9.265232974910393,31,
72205312841,USW00012841,diurnal,4,5.421533746272667,,,,,11.291556110783176,9.17037037037037,30,
72205312841,USW00012841,diurnal,5,4.72094813696246,,,,,10.428646164578177,8.727598566308243,30,
72205312841,USW00012841,diurnal,6,3.5026899445161157,,,,,8.204552186444383,7.198148148148148,30,
72205312841,USW00012841,diurnal,7,3.956423316265846,,,,,8.857839947068875,6.953405017921147,31,
72205312841,USW00012841,diurnal,8,3.071994757980154,,,,,7.509909400137708,6.743727598566308,31,
72205312841,USW00012841,diurnal,9,2.7970271500382906,,,,,7.338870709217957,6.533333333333334,30,
72205312841,USW00012841,diurnal,10,3.28297816543525,,,,,7.64898574214299,7.141577060931899,31,
72205312841,USW00012841,diurnal,11,3.7689654338954566,,,,,8.816372330601087,7.975925925925926,29,
72205312841,USW00012841,diurnal,12,3.564134939247208,,,,,9.095012031498488,7.913978494623656,30,
72205712854,USW00012854,annual,0,5.957594436008294,6.0653615175542095,199.02330256923406,203.1311312281411,-4.107828658907039,,,365,
72205712854,USW00012854,diurnal,1,4.688716425366251,,,,,11.142214637126791,8.9910394265233,31,
72205712854,USW00012854,diurnal,2,5.372295935975625,,,,,11.89725527641265,9.30952380952381,29,
72205712854,USW00012854,diurnal,3,4.2033251680095125,,,,,9.486616097454156,9.915770609318995,31,
72205712854,USW00012854,diurnal,4,5.714839067362549,,,,,11.941783511913036,9.95185185185185,30,
72205712854,USW00012854,diurnal,5,4.801304959414601,,,,,11.213148684789683,9.465949820788529,31,
72205712854,USW00012854,diurnal,6,3.3484380856790006,,,,,8.76339777402669,7.62037037037037,30,
72205712854,USW00012854,diurnal,7,3.5138306905763126,,,,,9.734953476522158,7.406810035842294,31,
72205712854,USW00012854,diurnal,8,2.7573278337251264,,,,,8.38751430323465,7.234767025089605,31,
72205712854,USW00012854,diurnal,9,2.7836554217197715,,,,,7.952851437012669,7.037037037037037,30,
72205712854,USW00012854,diurnal,10,3.571411975967152,,,,,7.9692631950393675,7.727598566308243,31,
72205712854,USW00012854,diurnal,11,3.727757004002325,,,,,8.577666033054541,8.361111111111109,30,
72205712854,USW00012854,diurnal,12,3.6953373486178256,,,,,8.89899828419951,8.39247311827957,30,
72206013889,USW00013889,annual,0,7.388400132625507,7.646940182582795,197.85195789388288,201.14820626077713,-3.296248366894247,,,365,
72206013889,USW00013889,diurnal,1,4.936721251620919,,,,,11.382925626338658,9.555555555555555,31,
72206013889,USW00013889,diurnal,2,6.640589192225574,,,,,14.418473854745802,9.819444444444445,29,
72206013889,USW00013889,diurnal,3,4.051121579015046,,,,,9.45362582057109,10.639784946236558,31,
72206013889,USW00013889,diurnal,4,6.05173227261805,,,,,12.6213912922291,10.78888888888889,30,
72206013889,USW00013889,diurnal,5,5.0417376796168165,,,,,11.68478178969233,10.333333333333334,31,
72206013889,USW00013889,diurnal,6,4.176719010875956,,,,,10.179879607147587,8.63888888888889,30,
72206013889,USW00013889,diurnal,7,3.947556718774624,,,,,10.026389689824459,8.335125448028672,31,
72206013889,USW00013889,diurnal,8,3.3553986043110102,,,,,7.983442895033143,7.906810035842293,31,
72206013889,USW00013889,diurnal,9,2.9490696444408786,,,,,6.6393462718064065,7.455555555555555,30,
72206013889,USW00013889,diurnal,10,4.470724474386469,,,,,9.889173625066856,8.67383512544803,31,
72206013889,USW00013889,diurnal,11,3.664909178575975,,,,,10.629969483373856,9.583333333333334,30,
72206013889,USW00013889,diurnal,12,4.435475177078952,,,,,10.252346397748916,9.008960573476703,31,
72206593837,USW00093837,annual,0,7.155924317985622,7.529932692333941,195.95850526543092,202.2879552603992,-6.329449994968286,,,365,
72206593837,USW00093837,diurnal,1,3.9787491069522054,,,,,9.588771506798782,7.763440860215053,31,
72206593837,USW00093837,diurnal,2,4.414056846370689,,,,,9.567971945566116,7.94047619047619,29,
72206593837,USW00093837,diurnal,3,3.416946699517522,,,,,8.288378573608828,8.607526881720428,31,
72206593837,USW00093837,diurnal,4,4.187774280361514,,,,,9.788618353756167,8.41111111111111,30,
72206593837,USW00093837,diurnal,5,3.72698248865417,,,,,8.307869106183364,8.154121863799283,31,
72206593837,USW00093837,diurnal,6,3.3270875312585533,,,,,7.640483145784822,6.966666666666666,30,
72206593837,USW00093837,diurnal,7,3.022892447614932,,,,,7.744515046102386,6.777777777777777,31,
72206593837,USW00093837,diurnal,8,2.6685575241196733,,,,,6.483649477737266,6.433691756272401,31,
72206593837,USW00093837,diurnal,9,2.4040394654511754,,,,,5.761316949632745,5.942592592592592,30,
72206593837,USW00093837,diurnal,10,2.611278221976776,,,,,6.665959068909093,6.797491039426523,31,
72206593837,USW00093837,diurnal,11,3.1161074112910807,,,,,7.399580708914055,7.390740740740742,30,
72206593837,USW00093837,diurnal,12,3.0595021823639676,,,,,7.998843990934581,7.259856630824373,31,
72207003822,USW00003822,annual,0,8.019651335537313,8.691031754239878,197.8685217301253,199.48461532816142,-1.616093598036116,,,365,
72207003822,USW00003822,diurnal,1,4.437552289559671,,,,,10.675413547232889,8.996415770609318,31,
72207003822,USW00003822,diurnal,2,5.537119651378881,,,,,13.380846404973637,9.52579365079365,29,
72207003822,USW00003822,diurnal,3,4.2268750690715935,,,,,9.61097361170485,10.24193548387097,31,
72207003822,USW00003822,diurnal,4,5.432567859285811,,,,,11.747981253254027,10.56111111111111,30,
72207003822,USW00003822,diurnal,5,4.339333974205011,,,,,10.045636175574966,9.935483870967744,31,
72207003822,USW00003822,diurnal,6,4.1406596812728935,,,,,9.419062360284238,8.631481481481481,30,
72207003822,USW00003822,diurnal,7,3.395667979161189,,,,,8.760768622788667,8.56989247311828,31,
72207003822,USW00003822,diurnal,8,3.969270573170813,,,,,8.661877868855843,7.9767025089605745,31,
72207003822,USW00003822,diurnal,9,3.0988609401123424,,,,,7.352025775575571,7.988888888888891,30,
72207003822,USW00003822,diurnal,10,5.5374141191368285,,,,,11.30410544910557,9.292114695340501,31,
72207003822,USW00003822,diurnal,11,3.484647317149508,,,,,8.521303052280155,9.955555555555556,30,
72207003822,USW00003822,diurnal,12,4.697938028454047,,,,,10.988077309219697,8.890681003584229,30,
72208013880,USW00013880,annual,0,8.331091521043662,8.909750856091048,196.69525546614793,199.97111935119128,-3.27586388504335,,,365,
72208013880,USW00013880,diurnal,1,4.214990638639485,,,,,10.547951618243927,8.54121863799283,31,
72208013880,USW00013880,diurnal,2,5.042412704092321,,,,,11.726349450833474,8.920634920634921,29,
72208013880,USW00013880,diurnal,3,4.073125166106387,,,,,9.000763169933853,9.471326164874553,31,
72208013880,USW00013880,diurnal,4,5.136600267738142,,,,,11.591243261580832,9.764814814814816,30,
72208013880,USW00013880,diurnal,5,4.292779285868639,,,,,10.000780102514838,8.983870967741936,31,
72208013880,USW00013880,diurnal,6,4.319587395816779,,,,,9.360962933762478,7.857407407407408,30,
72208013880,USW00013880,diurnal,7,3.700927061966859,,,,,8.203994176933339,7.456989247311828,31,
72208013880,USW00013880,diurnal,8,3.6908416422657635,,,,,8.568018693841854,7.159498207885305,31,
72208013880,USW00013880,diurnal,9,3.4562554213866763,,,,,7.902047478560469,7.509259259259259,30,
72208013880,USW00013880,diurnal,10,5.479543807857538,,,,,11.335856717113977,8.801075268817206,31,
72208013880,USW00013880,diurnal,11,3.7418083110849136,,,,,9.239078237838743,9.374074074074075,30,
72208013880,USW00013880,diurnal,12,4.695384896617301,,,,,11.403526745900855,8.458781362007167,31,
72208593831,USW00093831,annual,0,8.661579059623627,9.024982238089017,202.25304464364686,199.9129322589777,2.340112384669169,,,365,
72208593831,USW00093831,diurnal,1,3.9645370406320994,,,,,9.924731210908096,8.136200716845877,31,
72208593831,USW00093831,diurnal,2,4.919579073903239,,,,,11.879247893852842,8.52579365079365,29,
72208593831,USW00093831,diurnal,3,4.3149922723885625,,,,,9.950622045069547,9.025089605734768,31,
72208593831,USW00093831,diurnal,4,5.194919632956873,,,,,11.480888072324563,9.199999999999998,30,
72208593831,USW00093831,diurnal,5,4.4088124546835825,,,,,9.776526659062593,8.704301075268816,31,
72208593831,USW00093831,diurnal,6,4.0351006703389825,,,,,9.26675911814027,7.696296296296295,30,
72208593831,USW00093831,diurnal,7,3.451968223490999,,,,,9.051395955082558,7.550179211469534,31,
72208593831,USW00093831,diurnal,8,3.886572283211344,,,,,8.862699530736723,7.302867383512543,31,
72208593831,USW00093831,diurnal,9,3.3461915987276134,,,,,7.950923831262514,7.366666666666666,30,
72208593831,USW00093831,diurnal,10,5.391314444387709,,,,,11.678595203108035,8.419354838709678,31,
72208593831,USW00093831,diurnal,11,3.535874375558957,,,,,9.04598863185057,8.898148148148147,30,
72208593831,USW00093831,diurnal,12,3.9797968617319404,,,,,10.727899745909433,7.967741935483871,30,
72210612835,USW00012835,annual,0,5.067842401363576,4.926907516464348,204.00235967387465,203.80941094578606,0.1929487280885951,,,365,
72210612835,USW00012835,diurnal,1,3.5208659113642797,,,,,7.915628273064161,9.071684587813623,31,
72210612835,USW00012835,diurnal,2,4.938950055329165,,,,,10.701145308390293,9.607142857142858,29,
72210612835,USW00012835,diurnal,3,4.322327504313158,,,,,8.723515682685886,9.551971326164873,31,
72210612835,USW00012835,diurnal,4,5.034963883730946,,,,,10.979526069800976,9.63333333333333,30,
72210612835,USW00012835,diurnal,5,4.3198688111665815,,,,,9.474015876096594,9.299283154121861,31,
72210612835,USW00012835,diurnal,6,3.1833187293932568,,,,,7.817860281292237,7.662962962962964,30,
72210612835,USW00012835,diurnal,7,3.0460936590640446,,,,,8.211332710013753,6.887096774193548,31,
72210612835,USW00012835,diurnal,8,2.8145860897081816,,,,,8.23169335950713,6.838709677419353,31,
72210612835,USW00012835,diurnal,9,3.243920539391872,,,,,7.9284236126834475,6.8500000000000005,30,
72210612835,USW00012835,diurnal,10,3.6265440705956613,,,,,8.616348574790614,7.878136200716846,30,
72210612835,USW00012835,diurnal,11,4.2569171592620485,,,,,9.516131579992242,8.935185185185187,30,
72210612835,USW00012835,diurnal,12,4.701528770164571,,,,,10.611107854398451,8.637992831541219,31,
72210812894,USW00012894,annual,0,4.729552366451642,4.984632899765707,200.8304859211445,205.88225973124358,-5.0517738100990925,,,365,
72210812894,USW00012894,diurnal,1,2.7345067954160087,,,,,7.5154292620044725,9.53225806451613,17,
72210812894,USW00012894,diurnal,2,6.374124446034878,,,,,12.866930857974722,10.083333333333337,3,
72210812894,USW00012894,diurnal,3,4.937568434644365,,,,,9.435950533589118,10.293906810035839,31,
72210812894,USW00012894,diurnal,4,5.552158502560107,,,,,11.716132105610631,10.461111111111112,30,
72210812894,USW00012894,diurnal,5,4.4982908995867525,,,,,10.029482920588876,10.170250896057347,31,
72210812894,USW00012894,diurnal,6,3.27497181036457,,,,,7.645996318348214,8.055555555555555,30,
72210812894,USW00012894,diurnal,7,2.984019261562905,,,,,8.226860377634956,7.154121863799283,31,
72210812894,USW00012894,diurnal,8,2.746810371357356,,,,,8.140210546237679,7.100358422939068,29,
72210812894,USW00012894,diurnal,9,3.193749233782592,,,,,7.583905945267567,7.001851851851851,30,
72210812894,USW00012894,diurnal,10,3.7444300326663056,,,,,8.836019044514892,8.068100358422939,30,
72210812894,USW00012894,diurnal,11,4.408649077133154,,,,,9.088407855302675,9.144444444444444,30,
72210812894,USW00012894,diurnal,12,4.60129016188001,,,,,10.426141042172446,8.985663082437277,30,
72211012842,USW00012842,annual,0,6.057808378736484,6.059428070711659,200.08489762127215,203.84631786969598,-3.761420248423832,,,365,
72211012842,USW00012842,diurnal,1,3.4618280422277334,,,,,8.592214464051015,7.525089605734768,31,
72211012842,USW00012842,diurnal,2,3.9895519844362552,,,,,8.856370874698282,7.563492063492063,29,
72211012842,USW00012842,diurnal,3,3.7000523641297063,,,,,8.070777724963555,7.903225806451613,31,
72211012842,USW00012842,diurnal,4,4.017106192087607,,,,,9.088588680122484,7.927777777777777,30,
72211012842,USW00012842,diurnal,5,3.460208463891674,,,,,8.12702242803541,7.845878136200717,31,
72211012842,USW00012842,diurnal,6,3.0026873076078964,,,,,7.4560610025314205,6.212962962962963,30,
72211012842,USW00012842,diurnal,7,2.797610564801043,,,,,6.970076612433591,5.354838709677421,31,
72211012842,USW00012842,diurnal,8,2.254076941061712,,,,,6.306319528290832,5.512544802867385,31,
72211012842,USW00012842,diurnal,9,2.9122420294610123,,,,,7.068120778034515,6.32962962962963,30,
72211012842,USW00012842,diurnal,10,4.101352126292374,,,,,8.759831890333434,7.275985663082438,29,
72211012842,USW00012842,diurnal,11,3.6458479656094678,,,,,8.406485469936127,7.918518518518519,30,
72211012842,USW00012842,diurnal,12,4.146218072436691,,,,,9.430018075838497,7.3584229390681,30,
72211612873,USW00012873,annual,0,6.112156875585562,6.034230155108521,204.09484374553418,204.40637479534766,-0.3115310498134818,,,365,
72211612873,USW00012873,diurnal,1,3.7774585477201255,,,,,8.442961983826866,6.874551971326163,31,
72211612873,USW00012873,diurnal,2,4.038017555150557,,,,,10.021906906841892,7.148809523809524,29,
72211612873,USW00012873,diurnal,3,3.523001202260273,,,,,8.551932118158557,7.383512544802868,31,
72211612873,USW00012873,diurnal,4,4.1389776759862835,,,,,9.230545215187714,7.485185185185184,30,
72211612873,USW00012873,diurnal,5,3.697371277229624,,,,,8.980941397245722,7.5627240143369185,31,
72211612873,USW00012873,diurnal,6,3.5948438026121936,,,,,8.372611303787156,6.237037037037038,30,
72211612873,USW00012873,diurnal,7,2.7944222858695813,,,,,7.646995264556404,5.458781362007167,30,
72211612873,USW00012873,diurnal,8,2.674069205496982,,,,,6.787519938092977,5.465949820788532,31,
72211612873,USW00012873,diurnal,9,2.695779526355938,,,,,7.059475286293415,5.768518518518518,26,
72211612873,USW00012873,diurnal,10,3.26242372849352,,,,,7.736872326518398,6.403225806451612,21,
72211612873,USW00012873,diurnal,11,3.219128165165885,,,,,7.654446286169692,6.903703703703704,30,
72211612873,USW00012873,diurnal,12,4.11553334808857,,,,,9.693728502114539,6.64516129032258,13,
72212012833,USW00012833,annual,0,8.770194525604095,7.606086510083643,152.3044935764229,200.5943602221604,-48.289866645737476,,,365,
72212012833,USW00012833,diurnal,1,4.740407663617217,,,,,12.66430821435984,10.57347670250896,31,
72212012833,USW00012833,diurnal,2,7.118175137366842,,,,,14.612700384407422,10.980158730158731,29,
72212012833,USW00012833,diurnal,3,4.2796663104452195,,,,,10.687194577452786,12.03405017921147,27,
72212012833,USW00012833,diurnal,4,6.834096525567679,,,,,14.087238900204031,12.138888888888891,30,
72212012833,USW00012833,diurnal,5,5.729930609244123,,,,,11.964100724716149,11.775985663082439,30,
72212012833,USW00012833,diurnal,6,5.244448911878351,,,,,11.32373221566412,9.046296296296296,30,
72212012833,USW00012833,diurnal,7,3.6992760497483435,,,,,8.150553181637576,7.971326164874551,5,
72212012833,USW00012833,diurnal,11,6.727604975630447,,,,,15.65803966818273,11.711111111111109,9,
72212012833,USW00012833,diurnal,12,4.667422135021816,,,,,11.504372177811343,10.550179211469535,30,
72213713878,USW00013878,annual,0,8.272908047164702,8.400167040813532,199.52331478626806,202.9077184459735,-3.384403659705441,,,365,
72213713878,USW00013878,diurnal,1,3.921369511137882,,,,,10.12465944684973,6.6093189964157695,31,
72213713878,USW00013878,diurnal,2,3.8255664202865054,,,,,9.892797267347369,6.674603174603173,29,
72213713878,USW00013878,diurnal,3,2.5041210681545194,,,,,7.1391413164965805,6.940860215053763,31,
72213713878,USW00013878,diurnal,4,3.278201248914664,,,,,8.202201844710597,6.803703703703704,30,
72213713878,USW00013878,diurnal,5,2.770170889276206,,,,,7.097274095619838,6.396057347670252,31,
72213713878,USW00013878,diurnal,6,2.2281658825583195,,,,,5.917069947088754,5.916666666666667,30,
72213713878,USW00013878,diurnal,7,2.4738372948589613,,,,,6.603119359486623,6.166666666666666,31,
72213713878,USW00013878,diurnal,8,2.4725801767987665,,,,,6.463761789944023,5.629032258064516,31,
72213713878,USW00013878,diurnal,9,1.4098520783004767,,,,,3.6566802080393987,5.25925925925926,28,
72213713878,USW00013878,diurnal,10,3.1755709745890983,,,,,8.161858331243867,6.3207885304659515,31,
72213713878,USW00013878,diurnal,11,2.6690632079712544,,,,,7.150661660165622,6.977777777777778,30,
72213713878,USW00013878,diurnal,12,3.0600450197940154,,,,,8.68872736473161,6.209677419354839,31,
72214093805,USW00093805,annual,0,7.868869711051736,8.31870317480381,198.35748843498322,200.27451644731315,-1.9170280123299221,,,365,
72214093805,USW00093805,diurnal,1,4.835440235221402,,,,,12.499556986351617,10.044802867383513,31,
72214093805,USW00093805,diurnal,2,6.993398197964788,,,,,14.7305262842013,10.613095238095237,29,
72214093805,USW00093805,diurnal,3,5.834997106036994,,,,,12.348019128574045,11.772401433691757,31,
72214093805,USW00093805,diurnal,4,6.596946109716442,,,,,13.640639185554287,11.91111111111111,30,
72214093805,USW00093805,diurnal,5,6.050758422619926,,,,,12.215594567411578,11.532258064516126,31,
72214093805,USW00093805,diurnal,6,5.1162939142539,,,,,10.820608681873873,9.046296296296296,30,
72214093805,USW00093805,diurnal,7,2.9615749967048366,,,,,9.248823644093228,8.274193548387096,31,
72214093805,USW00093805,diurnal,8,4.832507874567342,,,,,10.424875005199404,8.243727598566306,31,
72214093805,USW00093805,diurnal,9,3.0510448191699884,,,,,7.518165911790396,8.98148148148148,30,
72214093805,USW00093805,diurnal,10,5.983784363164466,,,,,13.044323633293196,10.827956989247312,31,
72214093805,USW00093805,diurnal,11,3.9949683255059556,,,,,9.86886783731306,11.162962962962967,30,
72214093805,USW00093805,diurnal,12,5.06439948564854,,,,,11.913387631362486,9.578853046594983,30,
72216013869,USW00013869,annual,0,8.301107641543561,8.957108808672208,196.77826660639917,198.70946073944728,-1.931194133048109,,,365,
72216013869,USW00013869,diurnal,1,4.613602848631338,,,,,11.015628737181823,9.650537634408602,31,
72216013869,USW00013869,diurnal,2,6.979581601841578,,,,,14.521552931635561,10.095238095238097,29,
72216013869,USW00013869,diurnal,3,4.373042572703003,,,,,11.098756468562534,11.362007168458781,31,
72216013869,USW00013869,diurnal,4,5.686940670493257,,,,,12.250175185076012,11.651851851851854,30,
72216013869,USW00013869,diurnal,5,5.005550513421044,,,,,11.199908625704197,11.390681003584229,31,
72216013869,USW00013869,diurnal,6,5.450504235632307,,,,,11.541292906837977,9.559259259259258,30,
72216013869,USW00013869,diurnal,7,3.9652915296451186,,,,,9.463588528004369,9.051971326164876,31,
72216013869,USW00013869,diurnal,8,5.385858947676737,,,,,11.576669774753402,8.813620071684587,31,
72216013869,USW00013869,diurnal,9,3.219047795790285,,,,,7.976171718814957,9.601851851851851,30,
72216013869,USW00013869,diurnal,10,6.689436717033459,,,,,14.040426221778255,11.046594982078853,31,
72216013869,USW00013869,diurnal,11,3.9287433486093333,,,,,10.302262790757622,11.292592592592593,30,
72216013869,USW00013869,diurnal,12,5.307016404803161,,,,,13.029522523772052,9.261648745519713,31,
72216693845,USW00093845,annual,0,7.384603974707942,8.20990815980039,198.28891522060638,198.73382856404328,-0.4449133434368946,,,365,
72216693845,USW00093845,diurnal,1,4.860405120686516,,,,,11.819169317049191,9.822580645161292,31,
72216693845,USW00093845,diurnal,2,7.229800289363742,,,,,15.347239535246322,10.424603174603176,29,
72216693845,USW00093845,diurnal,3,5.062050606604124,,,,,11.20002765136078,11.6505376344086,31,
72216693845,USW00093845,diurnal,4,6.454107065047847,,,,,13.66346020104386,11.898148148148147,30,
72216693845,USW00093845,diurnal,5,5.561318785718282,,,,,12.37053334725648,11.781362007168461,31,
72216693845,USW00093845,diurnal,6,5.695535955676258,,,,,12.09725632451361,9.805555555555559,30,
72216693845,USW00093845,diurnal,7,3.902529330396682,,,,,9.761205062939368,9.28136200716846,31,
72216693845,USW00093845,diurnal,8,4.785183188113047,,,,,10.705592561769375,9.035842293906809,31,
72216693845,USW00093845,diurnal,9,2.320102673202378,,,,,6.393641591869953,9.403703703703703,26,
72216693845,USW00093845,diurnal,10,6.312608008801763,,,,,13.155726433604059,10.661290322580648,29,
72216693845,USW00093845,diurnal,11,3.673119538622563,,,,,10.075726973436566,11.09074074074074,30,
72216693845,USW00093845,diurnal,12,4.831778913844637,,,,,11.697337159719542,9.5752688172043,30,
72217003813,USW00003813,annual,0,8.89074933343554,9.491044622070008,195.13901374427167,197.52017329580735,-2.3811595515356885,,,365,
72217003813,USW00003813,diurnal,1,5.682421535776442,,,,,11.920836115193874,9.627240143369177,29,
72217003813,USW00003813,diurnal,2,6.853515549635683,,,,,14.433266426472322,10.21825396825397,29,
72217003813,USW00003813,diurnal,3,4.186169881893326,,,,,10.125961676536527,11.578853046594979,31,
72217003813,USW00003813,diurnal,4,6.155595498599444,,,,,12.93597346457899,12.153703703703707,30,
72217003813,USW00003813,diurnal,5,5.550056884802885,,,,,11.553284033948128,12.082437275985662,31,
72217003813,USW00003813,diurnal,6,6.501424105211557,,,,,13.625473687668748,10.325925925925924,30,
72217003813,USW00003813,diurnal,7,4.382457332378182,,,,,10.848585736417085,9.937275985663081,31,
72217003813,USW00003813,diurnal,8,5.896822686623159,,,,,12.165379104385206,9.81899641577061,31,
72217003813,USW00003813,diurnal,9,4.689386375648656,,,,,10.644840939404077,10.614814814814814,30,
72217003813,USW00003813,diurnal,10,7.057777170034833,,,,,15.346567883820946,11.78853046594982,31,
72217003813,USW00003813,diurnal,11,3.9100808303247674,,,,,9.661049218328277,11.82962962962963,30,
72217003813,USW00003813,diurnal,12,5.29495784696555,,,,,13.657805807097695,9.614695340501793,30,
72217513860,USW00013860,annual,0,8.180810858969457,9.382948397815353,197.51129319323783,196.16571122270818,1.3455819705296506,,,365,
72217513860,USW00013860,diurnal,1,5.5263456302533855,,,,,11.101278663564411,9.539426523297491,31,
72217513860,USW00013860,diurnal,2,6.03309793566361,,,,,13.046350065112968,10.07738095238095,28,
72217513860,USW00013860,diurnal,3,3.972475539993839,,,,,9.924620949312061,11.396057347670252,31,
72217513860,USW00013860,diurnal,4,5.850584730337028,,,,,11.85928679427499,11.994444444444444,30,
72217513860,USW00013860,diurnal,5,5.522994924366915,,,,,11.555837443473326,11.905017921146955,30,
72217513860,USW00013860,diurnal,6,5.7793931290197325,,,,,12.45706328109772,10.17222222222222,30,
72217513860,USW00013860,diurnal,7,4.016468294094625,,,,,9.716822783172052,9.75985663082437,31,
72217513860,USW00013860,diurnal,8,5.625965530778839,,,,,12.903480527143614,9.634408602150538,31,
72217513860,USW00013860,diurnal,9,4.441854669445544,,,,,9.95908285246474,10.296296296296294,30,
72217513860,USW00013860,diurnal,10,6.628263346851136,,,,,13.734075932714829,11.28673835125448,31,
72217513860,USW00013860,diurnal,11,3.296888644827069,,,,,8.729573034463213,11.646296296296294,30,
72217513860,USW00013860,diurnal,12,4.942869126810685,,,,,12.5459529571851,9.566308243727597,30,
72218003820,USW00003820,annual,0,8.948261987461057,9.655654843964745,195.02394560119023,197.47036471487394,-2.446419113683703,,,365,
72218003820,USW00003820,diurnal,1,5.663463200299301,,,,,12.709248500491213,10.166666666666668,31,
72218003820,USW00003820,diurnal,2,6.735358538655865,,,,,14.697565851714169,10.831349206349207,29,
72218003820,USW00003820,diurnal,3,5.2045918301705285,,,,,11.68005794794328,12.137992831541219,31,
72218003820,USW00003820,diurnal,4,6.711286818014326,,,,,15.273771661001778,12.861111111111112,30,
72218003820,USW00003820,diurnal,5,5.5860865173530545,,,,,12.555271201965297,12.329749103942655,31,
72218003820,USW00003820,diurnal,6,5.712727743742771,,,,,12.53134608036504,10.738888888888887,30,
72218003820,USW00003820,diurnal,7,4.576285974934072,,,,,11.280696804921739,10.290322580645162,31,
72218003820,USW00003820,diurnal,8,5.2044324889114755,,,,,11.281013375184099,9.99641577060932,31,
72218003820,USW00003820,diurnal,9,4.286247921883908,,,,,10.2214759857184,10.705555555555556,27,
72218003820,USW00003820,diurnal,10,6.674992036081528,,,,,14.224543158163023,11.817204301075268,31,
72218003820,USW00003820,diurnal,11,3.8401523023530313,,,,,10.153007759486679,12.125925925925925,26,
72218003820,USW00003820,diurnal,12,4.94782725669212,,,,,13.739970039350112,10.155913978494626,29,
72219013874,USW00013874,annual,0,9.402698606641469,9.930792191723373,194.5171191843122,198.4779062124949,-3.9607870281826933,,,365,
72219013874,USW00013874,diurnal,1,3.678156963597106,,,,,9.03709276345177,7.274193548387098,31,
72219013874,USW00013874,diurnal,2,4.587146099098281,,,,,11.671810786353749,7.8690476190476195,29,
72219013874,USW00013874,diurnal,3,4.660572892903589,,,,,10.35211932612835,9.003584229390682,31,
72219013874,USW00013874,diurnal,4,4.983998397739098,,,,,10.799631985198673,9.325925925925928,30,
72219013874,USW00013874,diurnal,5,4.404364186206024,,,,,9.6694932482118,8.969534050179211,31,
72219013874,USW00013874,diurnal,6,4.490943780286804,,,,,10.147193679098043,8.190740740740742,30,
72219013874,USW00013874,diurnal,7,3.145206209400068,,,,,8.723121734801566,8.03763440860215,31,
72219013874,USW00013874,diurnal,8,4.791047998308808,,,,,10.143397958692823,7.956989247311828,31,
72219013874,USW00013874,diurnal,9,3.679474398575279,,,,,8.483770760684928,8.053703703703706,30,
72219013874,USW00013874,diurnal,10,5.026260930800824,,,,,11.19328642703712,8.675627240143369,31,
72219013874,USW00013874,diurnal,11,3.693804370587026,,,,,9.498406764741972,8.466666666666665,30,
72219013874,USW00013874,diurnal,12,4.545024459710677,,,,,10.623370821039357,6.872759856630825,31,
72219503888,USW00003888,annual,0,9.274563732350938,10.045528114205394,194.54865167960966,197.56248149729586,-3.013829817686201,,,365,
72219503888,USW00003888,diurnal,1,4.112233686629842,,,,,10.01648295451796,8.234767025089605,31,
72219503888,USW00003888,diurnal,2,5.646704886885882,,,,,12.932793770727036,8.966269841269842,29,
72219503888,USW00003888,diurnal,3,4.003647205198497,,,,,9.545850611465244,10.369175627240145,31,
72219503888,USW00003888,diurnal,4,5.010892815460682,,,,,11.218293601858447,11.02962962962963,30,
72219503888,USW00003888,diurnal,5,5.148369284384511,,,,,11.21471660593744,10.449820788530465,31,
72219503888,USW00003888,diurnal,6,4.873991462682456,,,,,11.045472305034531,9.362962962962964,30,
72219503888,USW00003888,diurnal,7,3.306267881704106,,,,,9.114078542470374,8.948028673835129,31,
72219503888,USW00003888,diurnal,8,5.3599575528507115,,,,,11.567910781350118,8.994623655913978,31,
72219503888,USW00003888,diurnal,9,3.96822411557051,,,,,9.80232510289097,9.562962962962962,30,
72219503888,USW00003888,diurnal,10,6.294672558521418,,,,,12.874170988326604,10.32616487455197,31,
72219503888,USW00003888,diurnal,11,3.5680723356366704,,,,,9.25339253912822,10.051851851851852,30,
72219503888,USW00003888,diurnal,12,5.123930453750263,,,,,11.912192118984969,7.767025089605735,31,
72221013858,USW00013858,annual,0,7.40044878745795,8.559780947772913,196.04853660048738,201.1126930322284,-5.064156431741026,,,365,
72221013858,USW00013858,diurnal,1,4.685468182321835,,,,,10.984598547006154,7.779569892473118,31,
72221013858,USW00013858,diurnal,2,4.225505103030434,,,,,9.90789725494274,7.759920634920634,29,
72221013858,USW00013858,diurnal,3,3.502224916737572,,,,,8.612379457050192,8.28494623655914,31,
72221013858,USW00013858,diurnal,4,3.5083640666209615,,,,,7.896692218076939,8.05,27,
72221013858,USW00013858,diurnal,5,3.274403099469634,,,,,7.80378471855742,8.127240143369177,29,
72221013858,USW00013858,diurnal,6,3.3942332957583634,,,,,8.224721322773316,6.7259259259259245,29,
72221013858,USW00013858,diurnal,7,2.5390245100836006,,,,,6.7648632415932966,6.4229390681003595,30,
72221013858,USW00013858,diurnal,8,3.999651359718068,,,,,9.145729234451277,6.681003584229391,31,
72221013858,USW00013858,diurnal,9,2.992624862501306,,,,,7.608190034930809,7.742592592592593,30,
72221013858,USW00013858,diurnal,10,6.263112589424076,,,,,12.777870397576105,9.13978494623656,31,
72221013858,USW00013858,diurnal,11,2.9172142387112614,,,,,7.803557779280231,9.114814814814816,30,
72221013858,USW00013858,diurnal,12,4.903225104551332,,,,,11.480883373015175,7.500000000000001,30,
72222313899,USW00013899,annual,0,7.229263992312019,8.432487232608809,198.15825966347793,200.67687255039692,-2.518612886918987,,,365,
72222313899,USW00013899,diurnal,1,4.660829383566048,,,,,10.488498758996693,6.991039426523298,30,
72222313899,USW00013899,diurnal,2,3.834798678934328,,,,,9.009601738713137,7.184523809523809,29,
72222313899,USW00013899,diurnal,3,3.5784530430998007,,,,,9.1213209120844,7.654121863799283,31,
72222313899,USW00013899,diurnal,4,2.884445987131704,,,,,6.706667905038389,7.498148148148148,30,
72222313899,USW00013899,diurnal,5,3.129850700873628,,,,,7.3152570197340125,7.6415770609319,31,
72222313899,USW00013899,diurnal,6,2.8027195701981333,,,,,7.366396699834162,6.546296296296296,30,
72222313899,USW00013899,diurnal,7,2.444956656204563,,,,,6.440745179461796,6.077060931899644,31,
72222313899,USW00013899,diurnal,8,3.3776764453949575,,,,,8.238933122275782,6.215053763440861,31,
72222313899,USW00013899,diurnal,9,3.160917356649281,,,,,7.300392953172054,7.207407407407407,30,
72222313899,USW00013899,diurnal,10,4.82840314331803,,,,,10.596965818549481,8.345878136200717,31,
72222313899,USW00013899,diurnal,11,2.090254382340902,,,,,6.506120383634099,8.262962962962963,30,
72222313899,USW00013899,diurnal,12,4.420783533592486,,,,,9.769886627483432,6.903225806451613,30,
72222503855,USW00003855,annual,0,8.591591110785926,8.238957606042067,193.94464462460908,200.21247798968324,-6.267833365074154,,,365,
72222503855,USW00003855,diurnal,1,4.087803645754393,,,,,10.081240961502315,6.887096774193549,28,
72222503855,USW00003855,diurnal,2,4.676886814594258,,,,,9.452425712566074,7.037698412698412,24,
72222503855,USW00003855,diurnal,3,3.3222307509092914,,,,,7.798247051395965,7.340501792114695,26,
72222503855,USW00003855,diurnal,4,2.752681066358149,,,,,6.573913987025797,7.209259259259259,27,
72222503855,USW00003855,diurnal,5,3.4756467398378295,,,,,8.413309507401493,7.476702508960574,28,
72222503855,USW00003855,diurnal,6,3.0577792314774483,,,,,8.122696877278347,6.462962962962964,25,
72222503855,USW00003855,diurnal,7,2.5478044239555455,,,,,7.463712832757519,6.148745519713261,23,
72222503855,USW00003855,diurnal,8,4.0749545127574995,,,,,8.627681747672149,6.188172043010754,31,
72222503855,USW00003855,diurnal,9,2.360452506843151,,,,,6.111778879542637,6.948148148148149,22,
72222503855,USW00003855,diurnal,10,5.551501750471719,,,,,11.225890290752119,8.227598566308242,27,
72222503855,USW00003855,diurnal,11,1.8712262618064615,,,,,7.275642148560927,8.335185185185184,30,
72222503855,USW00003855,diurnal,12,4.543302524023202,,,,,10.322580813011914,6.985663082437275,29,
72223013894,USW00013894,annual,0,8.099462540537347,8.455451058320712,198.28883204381196,198.91146428488113,-0.6226322410691694,,,365,
72223013894,USW00013894,diurnal,1,4.692805090103199,,,,,11.797727179093615,8.134408602150538,31,
72223013894,USW00013894,diurnal,2,5.865122202009569,,,,,11.060603462699136,8.507936507936508,29,
72223013894,USW00013894,diurnal,3,4.483211119860411,,,,,10.739235317202201,9.17921146953405,31,
72223013894,USW00013894,diurnal,4,3.907907002791852,,,,,9.858709706110815,9.368518518518519,30,
72223013894,USW00013894,diurnal,5,4.318941858813671,,,,,9.15951691221272,9.42652329749104,31,
72223013894,USW00013894,diurnal,6,3.9465743687676307,,,,,9.438225287694605,7.985185185185187,30,
72223013894,USW00013894,diurnal,7,3.7196745804352096,,,,,8.56956696529831,7.451612903225806,31,
72223013894,USW00013894,diurnal,8,5.139029102192545,,,,,11.148314244599273,7.754480286738352,31,
72223013894,USW00013894,diurnal,9,4.421003206382039,,,,,10.482708403860101,8.420370370370371,30,
72223013894,USW00013894,diurnal,10,6.122798507094915,,,,,13.586114027002248,9.75089605734767,31,
72223013894,USW00013894,diurnal,11,2.8186623197399223,,,,,8.261211833029845,9.440740740740742,30,
72223013894,USW00013894,diurnal,12,5.244406302290649,,,,,11.982228019848712,7.869175627240143,30,
72225013829,USW00013829,annual,0,8.36817114665498,9.43967481693885,188.62804828559234,198.1106217501443,-9.482573464551962,,,365,
72225013829,USW00013829,diurnal,1,4.686339675330333,,,,,12.500123487147658,10.42831541218638,29,
72225013829,USW00013829,diurnal,2,8.520399025458975,,,,,17.86718182245487,11.291666666666666,28,
72225013829,USW00013829,diurnal,3,3.6065779493309407,,,,,9.559222261963159,12.8584229390681,23,
72225013829,USW00013829,diurnal,4,6.771627241415529,,,,,14.522689153913872,13.092592592592588,21,
72225013829,USW00013829,diurnal,5,5.5746978312530695,,,,,11.749413109317874,12.689964157706093,29,
72225013829,USW00013829,diurnal,6,6.382601469986001,,,,,13.37824181152768,10.866666666666667,30,
72225013829,USW00013829,diurnal,7,4.313561876999141,,,,,10.353151180457038,10.213261648745522,30,
72225013829,USW00013829,diurnal,8,6.018372009082546,,,,,12.950302555955208,10.225806451612904,29,
72225013829,USW00013829,diurnal,9,4.1389116286352525,,,,,9.412581960137835,11.074074074074076,28,
72225013829,USW00013829,diurnal,10,6.629666389963683,,,,,14.85697110758332,12.18637992831541,31,
72225013829,USW00013829,diurnal,11,4.086372018525174,,,,,11.019499810411816,12.31851851851852,26,
72225013829,USW00013829,diurnal,12,6.122730145193181,,,,,15.30484037438971,10.04121863799283,30,
72225593842,USW00093842,annual,0,8.58891419782894,9.506386900864081,195.83862540058294,198.54300957787873,-2.7043841772957933,,,365,
72225593842,USW00093842,diurnal,1,4.648405012319632,,,,,9.779408407238131,8.681003584229392,31,
72225593842,USW00093842,diurnal,2,6.155883591947745,,,,,12.699679048472605,9.339285714285714,29,
72225593842,USW00093842,diurnal,3,4.194943519462054,,,,,10.906848229649144,10.598566308243727,31,
72225593842,USW00093842,diurnal,4,6.0245940853182445,,,,,12.506054432005705,10.948148148148148,29,
72225593842,USW00093842,diurnal,5,4.812768056044127,,,,,10.559589784004388,10.281362007168461,28,
72225593842,USW00093842,diurnal,6,5.27703626115402,,,,,11.436447675880615,8.988888888888889,30,
72225593842,USW00093842,diurnal,7,4.029494093150781,,,,,9.83440871587213,8.605734767025089,31,
72225593842,USW00093842,diurnal,8,4.891678910579872,,,,,11.1996689562453,8.528673835125447,31,
72225593842,USW00093842,diurnal,9,4.294500946564588,,,,,9.078863966277565,9.133333333333333,30,
72225593842,USW00093842,diurnal,10,5.900089865697133,,,,,12.81954278852223,9.982078853046595,31,
72225593842,USW00093842,diurnal,11,3.911243642289289,,,,,9.10272693879988,9.874074074074075,30,
72225593842,USW00093842,diurnal,12,4.81774843502108,,,,,11.723000117922043,8.265232974910397,31,
72226013895,USW00013895,annual,0,8.733617204295497,9.424938793199686,193.61054608690597,197.69772887454704,-4.087182787641069,,,365,
72226013895,USW00013895,diurnal,1,4.669355679488543,,,,,11.48121071551991,9.019713261648745,30,
72226013895,USW00013895,diurnal,2,6.795021817576883,,,,,14.992623023543423,9.66666666666667,29,
72226013895,USW00013895,diurnal,3,4.199579379099173,,,,,10.104900105500619,10.887096774193548,31,
72226013895,USW00013895,diurnal,4,5.331916880449366,,,,,12.68848587815065,11.431481481481484,30,
72226013895,USW00013895,diurnal,5,4.900926874350874,,,,,10.430316832386797,11.017921146953405,31,
72226013895,USW00013895,diurnal,6,4.903344328717423,,,,,11.338907608514265,9.70925925925926,30,
72226013895,USW00013895,diurnal,7,4.011832222207747,,,,,10.106740122495978,9.363799283154119,31,
72226013895,USW00013895,diurnal,8,5.995971975068123,,,,,12.715855246038732,9.695340501792113,31,
72226013895,USW00013895,diurnal,9,4.475406691489477,,,,,9.944297707237062,10.26666666666667,30,
72226013895,USW00013895,diurnal,10,6.7139474045991285,,,,,14.462430949340808,11.379928315412187,31,
72226013895,USW00013895,diurnal,11,4.1183571067592215,,,,,9.68975274508883,11.10185185185185,30,
72226013895,USW00013895,diurnal,12,5.656783088615451,,,,,13.695420340967264,8.836917562724015,30,
72226903850,USW00003850,annual,0,7.666411583144519,8.609645794807157,196.6959630155301,198.260777725939,-1.564814710408882,,,365,
72226903850,USW00003850,diurnal,1,4.753578183589452,,,,,11.4992936789573,9.145161290322582,31,
72226903850,USW00003850,diurnal,2,6.337423189672395,,,,,15.181259152730828,9.799603174603174,29,
72226903850,USW00003850,diurnal,3,4.5602984737789924,,,,,11.135493757861207,11.017921146953405,30,
72226903850,USW00003850,diurnal,4,5.825927998927998,,,,,12.55056577150076,11.335185185185184,30,
72226903850,USW00003850,diurnal,5,5.34932223715005,,,,,11.18621940911185,11.0663082437276,30,
72226903850,USW00003850,diurnal,6,4.773233533424927,,,,,11.024486290874894,9.450000000000001,30,
72226903850,USW00003850,diurnal,7,3.9334215082039514,,,,,9.33907895101079,8.804659498207887,31,
72226903850,USW00003850,diurnal,8,5.509855195036934,,,,,11.397645620913021,8.863799283154124,31,
72226903850,USW00003850,diurnal,9,3.639730742262693,,,,,9.247710988830484,9.555555555555555,30,
72226903850,USW00003850,diurnal,10,6.822742752766858,,,,,13.299054657323182,10.70250896057348,31,
72226903850,USW00003850,diurnal,11,3.4689497065650046,,,,,9.000121818830308,10.68888888888889,30,
72226903850,USW00003850,diurnal,12,6.048806119627821,,,,,13.305878492199636,8.790322580645162,30,
72228013876,USW00013876,annual,0,9.010319961119466,9.98776241164343,190.9848595638559,197.88406453827974,-6.899204974423839,,,365,
72228013876,USW00013876,diurnal,1,3.3562300354026378,,,,,8.997761846521048,7.387096774193548,31,
72228013876,USW00013876,diurnal,2,5.343800297009985,,,,,12.802211092908546,8.11111111111111,29,
72228013876,USW00013876,diurnal,3,4.34248388588585,,,,,11.049408141121248,9.526881720430106,31,
72228013876,USW00013876,diurnal,4,4.318639927346938,,,,,10.061150450224654,10.051851851851852,30,
72228013876,USW00013876,diurnal,5,4.253495187773297,,,,,9.503982979078312,9.50537634408602,31,
72228013876,USW00013876,diurnal,6,4.277824957130166,,,,,9.745632883377857,8.666666666666666,30,
72228013876,USW00013876,diurnal,7,3.7256980509059088,,,,,8.859101396498929,8.437275985663083,31,
72228013876,USW00013876,diurnal,8,5.3176150299702805,,,,,11.164241303308966,8.81541218637993,31,
72228013876,USW00013876,diurnal,9,4.170646924973892,,,,,8.93284359029864,9.412962962962961,30,
72228013876,USW00013876,diurnal,10,6.281236422536017,,,,,13.530847619664636,9.951612903225808,31,
72228013876,USW00013876,diurnal,11,3.9646417894022297,,,,,9.046361532023237,9.081481481481482,30,
72228013876,USW00013876,diurnal,12,3.5045338557064767,,,,,10.655950044580429,7.094982078853046,31,
72228693806,USW00093806,annual,0,8.68845448488662,9.920562859594984,189.96820618055366,197.01157151845874,-7.0433653379050725,,,365,
72228693806,USW00093806,diurnal,1,3.7836396510758035,,,,,10.01739686451257,8.419354838709678,31,
72228693806,USW00093806,diurnal,2,5.717795179722641,,,,,13.551205322899627,9.285714285714283,28,
72228693806,USW00093806,diurnal,3,4.896361783717654,,,,,10.339476395900414,10.826164874551973,31,
72228693806,USW00093806,diurnal,4,4.3483099106808565,,,,,9.870617982673009,11.181481481481482,30,
72228693806,USW00093806,diurnal,5,4.7186895724828295,,,,,10.303084439240006,10.754480286738351,31,
72228693806,USW00093806,diurnal,6,4.889678643156795,,,,,11.160985923035865,10.053703703703706,30,
72228693806,USW00093806,diurnal,7,3.9083740845876727,,,,,9.197809329075376,9.60215053763441,29,
72228693806,USW00093806,diurnal,8,5.584886152370799,,,,,12.562416668034498,9.664874551971325,31,
72228693806,USW00093806,diurnal,9,4.515495419545624,,,,,10.203017308601105,10.612962962962962,30,
72228693806,USW00093806,diurnal,10,6.786815109620016,,,,,15.1146018323978,11.49462365591398,31,
72228693806,USW00093806,diurnal,11,3.790387825197797,,,,,9.57186493445943,10.662962962962961,30,
72228693806,USW00093806,diurnal,12,3.747451547695988,,,,,11.626683063824013,8.308243727598565,30,
72228713871,USW00013871,annual,0,8.76705166252368,9.822895976051637,189.99413399559006,197.73774307436335,-7.743609078773289,,,365,
72228713871,USW00013871,diurnal,1,3.1888477828824477,,,,,9.57792029389138,8.243727598566307,31,
72228713871,USW00013871,diurnal,2,5.86557476729608,,,,,13.484728186979506,8.988095238095239,29,
72228713871,USW00013871,diurnal,3,4.403833420088708,,,,,11.128128835642087,10.381720430107526,31,
72228713871,USW00013871,diurnal,4,5.788487684343242,,,,,13.061986065486515,11.185185185185187,30,
72228713871,USW00013871,diurnal,5,5.066109210253351,,,,,10.985955793272172,10.52867383512545,31,
72228713871,USW00013871,diurnal,6,5.184020719827469,,,,,11.29542283486115,9.598148148148146,30,
72228713871,USW00013871,diurnal,7,3.7341324000559593,,,,,8.901933230187247,9.272401433691758,31,
72228713871,USW00013871,diurnal,8,5.483168348357225,,,,,12.25873960901815,9.517921146953405,28,
72228713871,USW00013871,diurnal,9,4.947298491238186,,,,,9.601127293787108,10.075925925925926,16,
72228713871,USW00013871,diurnal,10,7.0804445046640385,,,,,13.940299359170044,10.912186379928317,31,
72228713871,USW00013871,diurnal,11,3.7942201988932927,,,,,9.11811453781049,10.2962962962963,30,
72228713871,USW00013871,diurnal,12,5.0246490122339695,,,,,11.751086786117531,8.087813620071683,31,
72231012916,USW00012916,annual,0,7.215021397468021,8.194038292597169,194.6114564698753,200.32755384835298,-5.716097378477684,,,365,
72231012916,USW00012916,diurnal,1,3.7313113216566327,,,,,9.125776087740794,6.261648745519713,31,
72231012916,USW00012916,diurnal,2,3.760377738984769,,,,,8.978705507912514,6.654761904761904,29,
72231012916,USW00012916,diurnal,3,3.5778166228568464,,,,,8.44939266147886,7.188172043010754,31,
72231012916,USW00012916,diurnal,4,3.5122684265527324,,,,,7.307835303094475,7.253703703703705,30,
72231012916,USW00012916,diurnal,5,2.9598859000622406,,,,,7.043698858436247,7.2831541218638,31,
72231012916,USW00012916,diurnal,6,3.199062300947597,,,,,7.4120312055319,6.181481481481481,30,
72231012916,USW00012916,diurnal,7,2.3053322064667885,,,,,7.2000315847076735,5.847670250896057,31,
72231012916,USW00012916,diurnal,8,3.6453645214341948,,,,,8.623911139537778,5.8853046594982095,31,
72231012916,USW00012916,diurnal,9,3.1533829232931887,,,,,7.485030476989795,6.037037037037038,30,
72231012916,USW00012916,diurnal,10,3.9209834983676317,,,,,8.431407911450968,7.086021505376346,31,
72231012916,USW00012916,diurnal,11,2.26869174069443,,,,,5.874602235653102,7.053703703703703,30,
72231012916,USW00012916,diurnal,12,3.517625808313703,,,,,8.24248389382135,5.978494623655912,31,
72231553917,USW00053917,annual,0,7.340808155324915,8.478193003327824,195.93230320291326,200.26915120513297,-4.3368480022197105,,,365,
72231553917,USW00053917,diurnal,1,3.042921308532767,,,,,8.269152144958674,4.741935483870968,31,
72231553917,USW00053917,diurnal,2,3.0466972396154297,,,,,7.8062335590439424,5.194444444444445,29,
72231553917,USW00053917,diurnal,3,2.893733578210368,,,,,7.018058437269914,5.623655913978496,31,
72231553917,USW00053917,diurnal,4,2.959698486904383,,,,,6.864223829178906,5.692592592592592,30,
72231553917,USW00053917,diurnal,5,2.844599565222875,,,,,6.404891885321259,5.698924731182796,31,
72231553917,USW00053917,diurnal,6,2.4187149594390998,,,,,5.719564725418543,4.6981481481481495,30,
72231553917,USW00053917,diurnal,7,1.8022466281786054,,,,,5.864393335877168,4.026881720430108,30,
72231553917,USW00053917,diurnal,8,2.231970586595644,,,,,5.411671375471322,4.112903225806452,31,
72231553917,USW00053917,diurnal,9,2.357042920031148,,,,,5.759549771468945,4.583333333333333,30,
72231553917,USW00053917,diurnal,10,2.800479332272805,,,,,7.111424805578324,5.111111111111112,31,
72231553917,USW00053917,diurnal,11,1.9080547178690441,,,,,5.094649623084914,5.059259259259259,30,
72231553917,USW00053917,diurnal,12,2.6409744253963154,,,,,6.434740100271961,4.510752688172042,28,
72234013865,USW00013865,annual,0,8.653416978464533,9.593801441633715,191.3060635194421,197.02538583246323,-5.719322313021138,,,365,
72234013865,USW00013865,diurnal,1,5.392952154248581,,,,,12.103338444635035,9.03763440860215,31,
72234013865,USW00013865,diurnal,2,6.10628825327371,,,,,13.96282910765809,9.859126984126984,29,
72234013865,USW00013865,diurnal,3,4.989851051789956,,,,,10.13422735040686,11.084229390681005,31,
72234013865,USW00013865,diurnal,4,5.010798062048712,,,,,12.176304341861488,11.307407407407405,30,
72234013865,USW00013865,diurnal,5,4.670468559066015,,,,,9.982520399973012,11.044802867383513,31,
72234013865,USW00013865,diurnal,6,5.146108144229864,,,,,11.892916592883484,10.118518518518519,30,
72234013865,USW00013865,diurnal,7,4.601454234533945,,,,,10.303164546465297,9.727598566308242,31,
72234013865,USW00013865,diurnal,8,6.380800475811831,,,,,13.01962834371681,10.026881720430106,31,
72234013865,USW00013865,diurnal,9,4.622035740618789,,,,,10.363765922342285,10.894444444444447,30,
72234013865,USW00013865,diurnal,10,7.605392429859836,,,,,16.179667788132946,11.917562724014337,31,
72234013865,USW00013865,diurnal,11,4.446785526553206,,,,,10.379098913269816,11.105555555555554,30,
72234013865,USW00013865,diurnal,12,4.842163739623537,,,,,11.888766289409116,8.767025089605735,30,
72235003940,USW00003940,annual,0,8.344979574065338,9.64931075653069,188.98623341899528,197.54148663088387,-8.555253211888584,,,365,
72235003940,USW00003940,diurnal,1,4.311342626536327,,,,,12.148501628950946,8.008960573476703,31,
72235003940,USW00003940,diurnal,2,5.134270040433327,,,,,11.772329280348949,8.851190476190476,29,
72235003940,USW00003940,diurnal,3,4.250123787184554,,,,,10.235503163734087,9.813620071684586,31,
72235003940,USW00003940,diurnal,4,4.570851216286861,,,,,11.881457269259482,10.131481481481481,30,
72235003940,USW00003940,diurnal,5,4.002759273346554,,,,,9.511683717820386,9.998207885304659,31,
72235003940,USW00003940,diurnal,6,4.786903745935474,,,,,10.609549378123276,9.372222222222224,30,
72235003940,USW00003940,diurnal,7,4.094947826299249,,,,,9.271331091530374,9.077060931899643,31,
72235003940,USW00003940,diurnal,8,5.299806290753497,,,,,12.030592330639362,9.580645161290322,31,
72235003940,USW00003940,diurnal,9,4.54578413311743,,,,,9.734801310876966,10.33888888888889,30,
72235003940,USW00003940,diurnal,10,6.856461227611164,,,,,14.956894820022871,11.068100358422939,31,
72235003940,USW00003940,diurnal,11,4.016794011209534,,,,,9.322877333062792,10.02222222222222,30,
72235003940,USW00003940,diurnal,12,3.4849185501094415,,,,,9.023476674876196,7.883512544802869,31,
72235893919,USW00093919,annual,0,7.352779892029176,8.757423558646668,194.92475333808508,198.25793623211473,-3.3331828940296475,,,365,
72235893919,USW00093919,diurnal,1,5.266691043040962,,,,,12.843584943999033,8.415770609318995,31,
72235893919,USW00093919,diurnal,2,5.3566475927406065,,,,,11.630606232836135,9.184523809523808,29,
72235893919,USW00093919,diurnal,3,4.357476119373816,,,,,10.61073558622642,9.863799283154124,31,
72235893919,USW00093919,diurnal,4,4.493113930789937,,,,,10.139059442943664,10.075925925925928,30,
72235893919,USW00093919,diurnal,5,3.9268411744327554,,,,,9.386999166015762,9.888888888888891,31,
72235893919,USW00093919,diurnal,6,4.889664941277264,,,,,10.734164175037735,9.131481481481481,30,
72235893919,USW00093919,diurnal,7,3.8569462318696788,,,,,8.90747869254309,8.732974910394265,31,
72235893919,USW00093919,diurnal,8,5.423320495675378,,,,,11.955158574450557,8.992831541218639,31,
72235893919,USW00093919,diurnal,9,4.920917090493521,,,,,10.950299398709454,9.431481481481482,30,
72235893919,USW00093919,diurnal,10,6.7715959690758325,,,,,14.185779048557952,10.444444444444445,31,
72235893919,USW00093919,diurnal,11,2.8996908863495015,,,,,7.997677502794648,9.833333333333334,30,
72235893919,USW00093919,diurnal,12,4.055907523657515,,,,,10.804809299067303,8.093189964157705,30,
72239003931,USW00003931,annual,0,7.106637281409406,9.008939967180515,188.24616885429498,197.99861484941246,-9.752445995117483,,,365,
72239003931,USW00003931,diurnal,1,4.149963510110161,,,,,11.080527766375264,7.860215053763441,31,
72239003931,USW00003931,diurnal,2,4.064466795617441,,,,,10.750503674367426,8.315476190476192,29,
72239003931,USW00003931,diurnal,3,4.365752478434443,,,,,9.98798996657212,8.919354838709678,30,
72239003931,USW00003931,diurnal,4,4.0736305005073445,,,,,8.75830644939051,9.246296296296297,30,
72239003931,USW00003931,diurnal,5,3.153687223286305,,,,,8.37285222316632,8.944444444444446,29,
72239003931,USW00003931,diurnal,6,4.726347016231172,,,,,10.768071979458892,8.418518518518518,30,
72239003931,USW00003931,diurnal,7,3.958284142097349,,,,,8.898742163807142,8.302867383512545,31,
72239003931,USW00003931,diurnal,8,5.006094585075385,,,,,10.86983388700566,8.831541218637993,30,
72239003931,USW00003931,diurnal,9,4.647965483608947,,,,,10.305979503869542,9.3,30,
72239003931,USW00003931,diurnal,10,6.269363468894841,,,,,14.06890404942347,9.78853046594982,31,
72239003931,USW00003931,diurnal,11,3.7418882850969144,,,,,10.101100270432758,8.95,30,
72239003931,USW00003931,diurnal,12,3.1904181903084474,,,,,8.93945099051351,7.517921146953404,30,
72240003937,USW00003937,annual,0,7.235922175614835,8.515842844156365,188.00492010978488,198.59010618880555,-10.585186079020673,,,365,
72240003937,USW00003937,diurnal,1,4.446755811233166,,,,,11.639631034663296,7.396057347670252,31,
72240003937,USW00003937,diurnal,2,5.039080487453166,,,,,10.678379063840932,7.545634920634922,29,
72240003937,USW00003937,diurnal,3,4.062377027877704,,,,,9.969842401425542,8.019713261648747,31,
72240003937,USW00003937,diurnal,4,3.5748705712569913,,,,,8.848033194207247,8.137037037037038,30,
72240003937,USW00003937,diurnal,5,2.7608492592184186,,,,,6.914382821502045,7.82437275985663,31,
72240003937,USW00003937,diurnal,6,3.5572407454183237,,,,,8.205346516282493,7.129629629629631,30,
72240003937,USW00003937,diurnal,7,2.557580619357607,,,,,7.389715572070873,6.802867383512546,31,
72240003937,USW00003937,diurnal,8,4.497386823235051,,,,,9.981779149408528,7.49820788530466,31,
72240003937,USW00003937,diurnal,9,4.661782100601504,,,,,10.1498332523952,8.394444444444444,30,
72240003937,USW00003937,diurnal,10,6.509359313570535,,,,,14.538258077825965,9.381720430107528,31,
72240003937,USW00003937,diurnal,11,3.5993373428040956,,,,,8.09474599139871,8.803703703703706,30,
72240003937,USW00003937,diurnal,12,3.8603257576599206,,,,,10.688745937386877,7.449820788530465,31,
72240513976,USW00013976,annual,0,7.25770223115876,8.360361368452972,188.75770154837366,197.72240908799856,-8.964707539624897,,,365,
72240513976,USW00013976,diurnal,1,4.386998733177093,,,,,11.682710834458517,7.134408602150537,31,
72240513976,USW00013976,diurnal,2,4.868116504414153,,,,,11.453517083384742,7.511904761904762,29,
72240513976,USW00013976,diurnal,3,4.114591317975169,,,,,9.893686056001632,8.125448028673834,31,
72240513976,USW00013976,diurnal,4,3.9094612109043956,,,,,8.711289135285252,8.607407407407406,30,
72240513976,USW00013976,diurnal,5,3.2708631919153985,,,,,7.610115326333844,8.397849462365588,31,
72240513976,USW00013976,diurnal,6,3.9004887371935086,,,,,8.812189535941979,7.259259259259259,29,
72240513976,USW00013976,diurnal,7,2.826154506855856,,,,,7.4491063924463,6.666666666666666,31,
72240513976,USW00013976,diurnal,8,4.422822354537108,,,,,9.894746103487048,7.483870967741935,31,
72240513976,USW00013976,diurnal,9,4.450229251623027,,,,,9.565084507508129,8.442592592592593,30,
72240513976,USW00013976,diurnal,10,6.641409006347228,,,,,13.114320559347739,9.616487455197134,31,
72240513976,USW00013976,diurnal,11,3.057896053068825,,,,,7.946653563309901,9.092592592592592,30,
72240513976,USW00013976,diurnal,12,4.150308691414232,,,,,10.242309184993065,7.304659498207885,31,
72241012917,USW00012917,annual,0,7.000949954029115,8.327583883171148,189.56563094562452,199.34249340755582,-9.776862461931302,,,365,
72241012917,USW00012917,diurnal,1,4.2380454818154,,,,,11.339333962004611,7.245519713261648,31,
72241012917,USW00012917,diurnal,2,4.64448167244265,,,,,11.32678440600897,7.230158730158729,29,
72241012917,USW00012917,diurnal,3,3.983311565283266,,,,,8.979875452196241,7.528673835125447,31,
72241012917,USW00012917,diurnal,4,3.393890133466517,,,,,8.368001730750807,7.694444444444445,30,
72241012917,USW00012917,diurnal,5,2.722230954996323,,,,,7.53626049468857,7.609318996415772,31,
72241012917,USW00012917,diurnal,6,3.7561607640224706,,,,,8.318287249977086,7.107407407407407,30,
72241012917,USW00012917,diurnal,7,2.8286084684012813,,,,,7.8502373034314346,7.259856630824373,31,
72241012917,USW00012917,diurnal,8,4.879585555529661,,,,,10.263403762860271,7.5734767025089615,31,
72241012917,USW00012917,diurnal,9,4.487435950598318,,,,,9.80454859954982,7.933333333333333,30,
72241012917,USW00012917,diurnal,10,6.009344974411864,,,,,12.670784748776754,8.539426523297493,31,
72241012917,USW00012917,diurnal,11,3.5329395111199537,,,,,8.599759380180556,8.079629629629629,30,
72241012917,USW00012917,diurnal,12,3.391779260221821,,,,,8.926601490993932,7.089605734767026,31,
72243012960,USW00012960,annual,0,7.326579385916838,8.589419612296009,189.24722251393715,198.62176794175429,-9.37454542781714,,,365,
72243012960,USW00012960,diurnal,1,4.587490721863864,,,,,12.35556878007009,7.849462365591399,31,
72243012960,USW00012960,diurnal,2,4.325461748527415,,,,,10.594234958141442,8.037698412698413,29,
72243012960,USW00012960,diurnal,3,4.000612885445583,,,,,9.72304355932435,8.306451612903226,31,
72243012960,USW00012960,diurnal,4,3.250928416986462,,,,,8.234702488264562,8.499999999999998,30,
72243012960,USW00012960,diurnal,5,3.1781894939850606,,,,,7.760856831954715,8.329749103942653,31,
72243012960,USW00012960,diurnal,6,3.915663170263763,,,,,8.859447934378355,7.938888888888891,30,
72243012960,USW00012960,diurnal,7,3.3626513094195967,,,,,8.100788145056914,8.181003584229389,31,
72243012960,USW00012960,diurnal,8,4.427275024921948,,,,,9.568876403134645,8.713261648745519,31,
72243012960,USW00012960,diurnal,9,4.6127200483880415,,,,,10.7447091914229,8.82962962962963,30,
72243012960,USW00012960,diurnal,10,6.568251159785565,,,,,14.181777516329781,9.335125448028673,31,
72243012960,USW00012960,diurnal,11,4.525539830650795,,,,,11.35836480258467,8.568518518518518,30,
72243012960,USW00012960,diurnal,12,3.3447305312820927,,,,,9.163094715122869,7.6093189964157695,31,
72244693987,USW00093987,annual,0,7.44487349687765,9.29077025969598,185.71903268099018,198.07640237200513,-12.357369691014952,,,365,
72244693987,USW00093987,diurnal,1,4.142346481186012,,,,,10.087600746601563,8.853046594982079,31,
72244693987,USW00093987,diurnal,2,4.803853291044081,,,,,12.189202428051438,9.061507936507935,29,
72244693987,USW00093987,diurnal,3,4.598212391061441,,,,,10.579505406229512,9.738351254480287,24,
72244693987,USW00093987,diurnal,4,3.9342464445274095,,,,,9.336476828082887,10.137037037037038,30,
72244693987,USW00093987,diurnal,5,3.524533734639796,,,,,8.419424610618236,9.620071684587813,31,
72244693987,USW00093987,diurnal,6,5.023560522534794,,,,,10.904050020410791,9.20185185185185,30,
72244693987,USW00093987,diurnal,7,3.9271950535205273,,,,,9.558514168385987,9.838709677419354,31,
72244693987,USW00093987,diurnal,8,5.31255783173509,,,,,11.215124681481342,10.444444444444446,31,
72244693987,USW00093987,diurnal,9,5.07258378417087,,,,,11.00769191650255,10.45185185185185,30,
72244693987,USW00093987,diurnal,10,7.2368565215316165,,,,,14.851208043408395,10.854838709677422,31,
72244693987,USW00093987,diurnal,11,4.734610355499672,,,,,11.97193435089521,9.761111111111111,30,
72244693987,USW00093987,diurnal,12,4.042063175721663,,,,,9.956146092975704,8.618279569892474,30,
72248013957,USW00013957,annual,0,8.623790777884652,10.035896049134452,190.04926968805904,198.64003866978925,-8.590768981730207,,,365,
72248013957,USW00013957,diurnal,1,4.020628142987662,,,,,10.306782089352753,8.247311827956988,31,
72248013957,USW00013957,diurnal,2,4.687612128373458,,,,,11.928288631531615,8.446428571428573,29,
72248013957,USW00013957,diurnal,3,4.002446481937117,,,,,10.204830875716059,9.41935483870968,28,
72248013957,USW00013957,diurnal,4,3.6681885393587614,,,,,8.951427419639533,9.874074074074075,29,
72248013957,USW00013957,diurnal,5,3.792320298744431,,,,,9.038399466987526,9.327956989247312,30,
72248013957,USW00013957,diurnal,6,4.728230463829863,,,,,10.709123523648898,9.014814814814816,30,
72248013957,USW00013957,diurnal,7,4.453489736074291,,,,,9.481538894359652,9.247311827956992,31,
72248013957,USW00013957,diurnal,8,5.294406616469538,,,,,11.352093455649317,9.903225806451612,29,
72248013957,USW00013957,diurnal,9,4.225626061131343,,,,,9.69707863476464,10.212962962962964,21,
72248013957,USW00013957,diurnal,10,7.196070983757492,,,,,14.857145719301702,10.335125448028677,14,
72248013957,USW00013957,diurnal,11,3.789466596962574,,,,,10.729378488172912,9.220370370370372,27,
72248013957,USW00013957,diurnal,12,3.04360575827521,,,,,8.396872509126176,8.03763440860215,30,
72248613942,USW00013942,annual,0,8.548255071691864,9.946680507165114,184.76563943417923,197.1097659678071,-12.344126533627872,,,365,
72248613942,USW00013942,diurnal,1,4.127050577096436,,,,,10.862287904723537,7.879928315412188,31,
72248613942,USW00013942,diurnal,2,4.46845270027756,,,,,11.203449502388677,8.365079365079366,29,
72248613942,USW00013942,diurnal,3,4.3935221828906466,,,,,10.513398533148116,9.229390681003581,31,
72248613942,USW00013942,diurnal,4,4.305251676800593,,,,,9.123682771918984,9.687037037037038,30,
72248613942,USW00013942,diurnal,5,3.928524792567205,,,,,8.92225611575967,9.652329749103941,31,
72248613942,USW00013942,diurnal,6,5.195561672563582,,,,,10.833939793400358,9.257407407407406,29,
72248613942,USW00013942,diurnal,7,4.374015044168579,,,,,9.677127539526325,9.345878136200717,31,
72248613942,USW00013942,diurnal,8,5.867108123892287,,,,,12.36251529654182,10.053763440860216,28,
72248613942,USW00013942,diurnal,9,5.382910579770957,,,,,10.5946188172241,10.822222222222223,30,
72248613942,USW00013942,diurnal,10,7.956615168098909,,,,,17.000118142380103,11.146953405017923,31,
72248613942,USW00013942,diurnal,11,3.675282131626119,,,,,9.31559811054893,9.949999999999998,30,
72248613942,USW00013942,diurnal,12,3.8728275589717898,,,,,9.702504610682151,7.763440860215052,30,
72250012919,USW00012919,annual,0,5.5420275863355,6.524812018044796,184.88694561541195,199.21522167859777,-14.328276063185825,,,365,
72250012919,USW00012919,diurnal,1,4.5319321958100165,,,,,10.023722440372389,7.374551971326164,31,
72250012919,USW00012919,diurnal,2,4.263504943296912,,,,,9.839142601783934,7.339285714285714,29,
72250012919,USW00012919,diurnal,3,3.586605858784947,,,,,8.187619760286314,7.245519713261648,31,
72250012919,USW00012919,diurnal,4,3.1230865285339418,,,,,7.588317647624411,7.440740740740742,30,
72250012919,USW00012919,diurnal,5,3.39408235736912,,,,,7.718712764052295,7.315412186379929,31,
72250012919,USW00012919,diurnal,6,3.5432750330064016,,,,,8.074996089299235,7.459259259259261,30,
72250012919,USW00012919,diurnal,7,3.3585531462504177,,,,,7.840480764775759,8.001792114695341,31,
72250012919,USW00012919,diurnal,8,3.8820742820970313,,,,,8.786287551460806,8.306451612903224,31,
72250012919,USW00012919,diurnal,9,2.9902170026959647,,,,,6.830816965204187,7.53888888888889,30,
72250012919,USW00012919,diurnal,10,4.509482829807816,,,,,9.985030266827678,7.982078853046596,31,
72250012919,USW00012919,diurnal,11,4.090743690973807,,,,,9.894503591505572,7.594444444444444,30,
72250012919,USW00012919,diurnal,12,3.1368625427004764,,,,,8.26731326205196,7.059139784946235,31,
72250612959,USW00012959,annual,0,6.1590387858371365,7.064074675190331,188.02197142476606,197.49219278448086,-9.470221359714799,,,365,
72250612959,USW00012959,diurnal,1,4.872420606875825,,,,,10.916388629720014,8.758064516129032,31,
72250612959,USW00012959,diurnal,2,5.130337338530575,,,,,11.891632316479818,9.182539682539682,29,
72250612959,USW00012959,diurnal,3,4.627091526910913,,,,,10.595044744643262,9.24910394265233,31,
72250612959,USW00012959,diurnal,4,4.019736672541077,,,,,9.011194574163113,9.324074074074074,30,
72250612959,USW00012959,diurnal,5,4.563580084665568,,,,,9.797692652532035,9.21863799283154,31,
72250612959,USW00012959,diurnal,6,4.337437195401558,,,,,9.212669629878821,9.403703703703705,30,
72250612959,USW00012959,diurnal,7,4.380773356016241,,,,,9.497461144797754,9.835125448028672,31,
72250612959,USW00012959,diurnal,8,5.401429447091967,,,,,11.61599104413487,10.017921146953405,31,
72250612959,USW00012959,diurnal,9,4.017822225406492,,,,,9.191178842192196,8.774074074074075,30,
72250612959,USW00012959,diurnal,10,5.46896131330979,,,,,11.067805437014453,9.39784946236559,31,
72250612959,USW00012959,diurnal,11,5.266283950575842,,,,,11.247604027748453,8.974074074074075,30,
72250612959,USW00012959,diurnal,12,3.6643602609236354,,,,,8.907517125413415,8.42652329749104,30,
72251012924,USW00012924,annual,0,6.792693423749151,7.488092862543109,189.75474324516372,200.2627871574797,-10.50804391231597,,,365,
72251012924,USW00012924,diurnal,1,3.4425965223339796,,,,,9.456258169541858,8.094982078853047,31,
72251012924,USW00012924,diurnal,2,4.80972822554498,,,,,11.300492673742522,8.150793650793648,29,
72251012924,USW00012924,diurnal,3,3.9514942605455206,,,,,9.336923992731021,7.711469534050179,31,
72251012924,USW00012924,diurnal,4,2.9793921780060084,,,,,7.302907345188062,7.829629629629631,30,
72251012924,USW00012924,diurnal,5,2.3763006808322453,,,,,5.963693684574135,7.39964157706093,31,
72251012924,USW00012924,diurnal,6,3.635255189040825,,,,,8.488301339283202,7.792592592592593,30,
72251012924,USW00012924,diurnal,7,3.5247936708647973,,,,,8.442233093153064,8.71505376344086,31,
72251012924,USW00012924,diurnal,8,4.930794478439918,,,,,10.45594454888277,9.161290322580648,31,
72251012924,USW00012924,diurnal,9,3.985628432388148,,,,,8.871903335789618,8.146296296296297,30,
72251012924,USW00012924,diurnal,10,5.752682092297553,,,,,12.518691543928185,8.738351254480285,31,
72251012924,USW00012924,diurnal,11,5.041300480564075,,,,,11.733223753749863,8.292592592592591,30,
72251012924,USW00012924,diurnal,12,4.20412276534232,,,,,10.43597272235165,7.82258064516129,31,
72251512926,USW00012926,annual,0,6.223632662651417,7.466926894782282,186.81178594659264,203.4543216377494,-16.642535691156752,,,365,
72251512926,USW00012926,diurnal,1,3.3222816766888386,,,,,7.803674895025104,5.5878136200716835,31,
72251512926,USW00012926,diurnal,2,3.132593999053224,,,,,7.26818586471882,5.5019841269841265,29,
72251512926,USW00012926,diurnal,3,2.339485016067775,,,,,6.209363580285128,5.333333333333334,31,
72251512926,USW00012926,diurnal,4,2.137974328515025,,,,,4.795845568827621,5.185185185185185,30,
72251512926,USW00012926,diurnal,5,1.4889429446924556,,,,,4.239001749616666,4.838709677419356,31,
72251512926,USW00012926,diurnal,6,2.7242020587011564,,,,,5.0090985890069035,5.0481481481481465,16,
72251512926,USW00012926,diurnal,7,2.6501903442333776,,,,,5.154484352420223,5.47311827956989,16,
72251512926,USW00012926,diurnal,8,2.9925675298764327,,,,,5.681745582234523,5.836917562724014,17,
72251512926,USW00012926,diurnal,9,2.6115536787835136,,,,,4.955648935068417,5.627777777777777,16,
72251512926,USW00012926,diurnal,10,3.266093818810342,,,,,6.210958966020215,5.60752688172043,15,
72251512926,USW00012926,diurnal,11,3.656548613037676,,,,,7.454415949116141,5.422222222222223,14,
72251512926,USW00012926,diurnal,12,3.141710078347052,,,,,6.772119438247614,5.324372759856632,15,
72251712932,USW00012932,annual,0,6.621536357581683,7.723776455280853,186.52157834620488,198.34944594780924,-11.827867601604368,,,365,
72251712932,USW00012932,diurnal,1,3.8569897407595,,,,,10.143138830143887,9.54121863799283,30,
72251712932,USW00012932,diurnal,2,5.37574742047523,,,,,11.694524429937674,9.827380952380953,29,
72251712932,USW00012932,diurnal,3,5.00330101594815,,,,,11.85820236498224,9.80465949820789,31,
72251712932,USW00012932,diurnal,4,3.9267777922653395,,,,,9.965763579826763,10.15925925925926,30,
72251712932,USW00012932,diurnal,5,4.141139794866365,,,,,9.311110547305816,9.59856630824373,31,
72251712932,USW00012932,diurnal,6,5.2458819293971946,,,,,11.094012284201954,9.894444444444444,30,
72251712932,USW00012932,diurnal,7,4.728444513187963,,,,,10.501469431061373,10.818996415770606,31,
72251712932,USW00012932,diurnal,8,6.2735476189345665,,,,,13.05807738439978,11.11111111111111,31,
72251712932,USW00012932,diurnal,9,5.104269970621969,,,,,10.981629229326424,9.72962962962963,30,
72251712932,USW00012932,diurnal,10,7.225882768606435,,,,,14.686836180309621,10.68637992831541,31,
72251712932,USW00012932,diurnal,11,5.799528660585551,,,,,13.707119650394453,10.009259259259261,30,
72251712932,USW00012932,diurnal,12,4.59571776556091,,,,,10.719928126101017,9.107526881720432,31,
72253012921,USW00012921,annual,0,8.205106724048818,9.023052916451345,191.32547799259495,199.56908701368678,-8.243609021091828,,,365,
72253012921,USW00012921,diurnal,1,3.6163746799400083,,,,,10.13982825434671,9.292114695340501,31,
72253012921,USW00012921,diurnal,2,4.955325646493297,,,,,11.98099467296881,9.640873015873018,29,
72253012921,USW00012921,diurnal,3,4.3239610143136105,,,,,11.633838232279867,9.551971326164873,31,
72253012921,USW00012921,diurnal,4,3.897404299598404,,,,,9.298803170796514,9.783333333333335,30,
72253012921,USW00012921,diurnal,5,4.368588116024175,,,,,9.846266655985868,9.234767025089605,31,
72253012921,USW00012921,diurnal,6,4.8384541140749375,,,,,10.60829775866257,9.01851851851852,30,
72253012921,USW00012921,diurnal,7,4.149473569083967,,,,,9.565664282372115,9.498207885304659,31,
72253012921,USW00012921,diurnal,8,5.097619811607103,,,,,10.80647501579288,10.053763440860218,31,
72253012921,USW00012921,diurnal,9,4.610207371048,,,,,10.077488864892583,9.54814814814815,30,
72253012921,USW00012921,diurnal,10,5.433850525447022,,,,,12.448552433841023,9.901433691756273,31,
72253012921,USW00012921,diurnal,11,5.03904861178667,,,,,13.017343009056539,9.13888888888889,30,
72253012921,USW00012921,diurnal,12,3.465239925388612,,,,,9.117912050277099,8.915770609318997,30,
72253312962,USW00012962,annual,0,8.157584562738906,9.149241901368066,189.0466802058477,198.39896966951792,-9.352289463670218,,,365,
72253312962,USW00012962,diurnal,1,4.381194033672174,,,,,11.722669473591102,10.869175627240145,31,
72253312962,USW00012962,diurnal,2,5.6186080450323965,,,,,13.834597355467624,11.3015873015873,29,
72253312962,USW00012962,diurnal,3,4.364497795866236,,,,,12.659507379985339,11.148745519713263,31,
72253312962,USW00012962,diurnal,4,4.402848423173772,,,,,10.902950040687376,11.257407407407406,30,
72253312962,USW00012962,diurnal,5,4.646100323231764,,,,,10.685778815215844,10.460573476702509,31,
72253312962,USW00012962,diurnal,6,5.092550641219448,,,,,10.708500881171517,10.499999999999998,30,
72253312962,USW00012962,diurnal,7,5.673769840061666,,,,,12.177617396255123,11.189964157706093,31,
72253312962,USW00012962,diurnal,8,6.0287448793744085,,,,,12.853440125978036,11.908602150537638,31,
72253312962,USW00012962,diurnal,9,5.659919130292877,,,,,12.117059400529104,10.875925925925925,30,
72253312962,USW00012962,diurnal,10,7.368100236954409,,,,,16.260690846671036,11.245519713261647,31,
72253312962,USW00012962,diurnal,11,5.326564958860651,,,,,13.967205213729468,10.574074074074074,30,
72253312962,USW00012962,diurnal,12,3.810160443587049,,,,,10.521706789079234,10.70609318996416,29,
72253512909,USW00012909,annual,0,7.923503654646449,9.032087220326652,189.56541224263262,198.68286327141954,-9.117451028786917,,,365,
72253512909,USW00012909,diurnal,1,3.473499185488473,,,,,9.856021666803423,9.939068100358423,31,
72253512909,USW00012909,diurnal,2,4.962976861869179,,,,,12.172438810392679,10.057539682539682,29,
72253512909,USW00012909,diurnal,3,4.176342637180703,,,,,11.505451094852582,9.838709677419354,30,
72253512909,USW00012909,diurnal,4,3.9429226187039443,,,,,9.967130842847375,10.248148148148148,30,
72253512909,USW00012909,diurnal,5,4.667357912960284,,,,,10.145486112416464,9.636200716845876,30,
72253512909,USW00012909,diurnal,6,4.824678978041656,,,,,10.776312262737108,9.509259259259261,29,
72253512909,USW00012909,diurnal,7,4.503663617586927,,,,,10.841565900775912,10.26344086021505,31,
72253512909,USW00012909,diurnal,8,5.662815661583629,,,,,11.745703012881428,10.731182795698924,30,
72253512909,USW00012909,diurnal,9,5.080494217397783,,,,,10.814630086700703,9.859259259259261,30,
72253512909,USW00012909,diurnal,10,6.110494106459937,,,,,13.97151127586562,10.338709677419354,31,
72253512909,USW00012909,diurnal,11,4.954109106090846,,,,,11.18168514687256,9.67222222222222,30,
72253512909,USW00012909,diurnal,12,3.2427113764229016,,,,,9.406524392099133,9.530465949820789,30,
72255012912,USW00012912,annual,0,6.895477418296572,8.23053652136944,184.43609822253492,199.09608274217427,-14.659984519639352,,,365,
72255012912,USW00012912,diurnal,1,3.8184349413706076,,,,,11.099978459870904,8.706093189964157,31,
72255012912,USW00012912,diurnal,2,4.553221716940324,,,,,10.55106751427397,8.626984126984125,29,
72255012912,USW00012912,diurnal,3,3.6963388234742895,,,,,9.328731510022081,8.485663082437275,31,
72255012912,USW00012912,diurnal,4,3.5540121085310945,,,,,8.064777007166006,8.768518518518517,30,
72255012912,USW00012912,diurnal,5,3.606263398910372,,,,,8.197630852175582,8.577060931899643,31,
72255012912,USW00012912,diurnal,6,3.6958959044892317,,,,,8.906131225676363,8.535185185185185,30,
72255012912,USW00012912,diurnal,7,3.8833360045115586,,,,,8.48128237605754,9.299283154121861,28,
72255012912,USW00012912,diurnal,8,5.2044303830494965,,,,,11.346697297665372,9.802867383512542,31,
72255012912,USW00012912,diurnal,9,5.4093721085968065,,,,,11.860058476639315,9.36111111111111,30,
72255012912,USW00012912,diurnal,10,7.648902578606181,,,,,16.078607569814316,10.193548387096774,31,
72255012912,USW00012912,diurnal,11,5.818858602561129,,,,,13.675704768448206,9.533333333333333,29,
72255012912,USW00012912,diurnal,12,4.418884631304287,,,,,11.614505664053693,8.587813620071685,30,
72255512935,USW00012935,annual,0,6.99897261524794,8.199805738904736,191.28343691191074,200.2082908100029,-8.924853898092152,,,365,
72255512935,USW00012935,diurnal,1,2.8003997037361374,,,,,8.893702440793456,6.878136200716847,31,
72255512935,USW00012935,diurnal,2,3.1847937248890497,,,,,7.419496785471573,6.609126984126985,29,
72255512935,USW00012935,diurnal,3,2.9757261537579587,,,,,6.574057420719644,6.421146953405017,29,
72255512935,USW00012935,diurnal,4,2.2353952212695543,,,,,5.093249333566208,6.3,30,
72255512935,USW00012935,diurnal,5,2.0611994592182596,,,,,5.165563287603515,5.704301075268819,31,
72255512935,USW00012935,diurnal,6,2.5761345795037656,,,,,6.656473887351311,5.1333333333333355,30,
72255512935,USW00012935,diurnal,7,2.0540539189107516,,,,,5.578394979423763,5.1845878136200705,29,
72255512935,USW00012935,diurnal,8,2.983169672882516,,,,,7.70408294796497,5.9587813620071675,31,
72255512935,USW00012935,diurnal,9,3.224168355329006,,,,,7.949154629510572,7.285185185185185,30,
72255512935,USW00012935,diurnal,10,5.524980880766946,,,,,11.815400034680422,8.078853046594983,27,
72255512935,USW00012935,diurnal,11,3.998994397525962,,,,,9.500305934879016,7.646296296296296,28,
72255512935,USW00012935,diurnal,12,3.1893918916807005,,,,,8.017764747069416,6.876344086021505,30,
72256013959,USW00013959,annual,0,9.15503317855156,10.578135643178124,189.00148147427203,199.66184449253288,-10.660363018260853,,,365,
72256013959,USW00013959,diurnal,1,4.299362269166053,,,,,12.443341632919651,9.306451612903226,31,
72256013959,USW00013959,diurnal,2,5.1170962285846375,,,,,11.621159535355222,9.378968253968253,29,
72256013959,USW00013959,diurnal,3,4.543386260422872,,,,,10.37139914889238,9.519713261648747,31,
72256013959,USW00013959,diurnal,4,3.7344345696926853,,,,,9.630208313102408,9.83888888888889,30,
72256013959,USW00013959,diurnal,5,3.5000903314997522,,,,,9.576412127820504,9.655913978494626,31,
72256013959,USW00013959,diurnal,6,4.800147136222532,,,,,10.286540715186872,9.885185185185186,30,
72256013959,USW00013959,diurnal,7,4.7876684126089994,,,,,10.67293118831271,10.672043010752692,31,
72256013959,USW00013959,diurnal,8,5.7096309198073385,,,,,13.00927568927445,10.974910394265233,31,
72256013959,USW00013959,diurnal,9,5.548270041238414,,,,,12.172810913740001,11.016666666666667,30,
72256013959,USW00013959,diurnal,10,7.060853279125117,,,,,16.57935984878802,10.810035842293908,26,
72256013959,USW00013959,diurnal,11,5.333859699413937,,,,,13.26619254720222,9.396296296296297,30,
72256013959,USW00013959,diurnal,12,4.474032932300526,,,,,10.56143541718157,8.894265232974911,31,
72257603902,USW00003902,annual,0,8.42374531019224,9.942938449009752,187.38113446332702,199.83717567270037,-12.456041209373353,,,365,
72257603902,USW00003902,diurnal,1,4.4144378277099445,,,,,9.798966228741985,8.745519713261652,31,
72257603902,USW00003902,diurnal,2,5.34378267532412,,,,,11.877415518835171,8.950396825396824,29,
72257603902,USW00003902,diurnal,3,4.954877994771809,,,,,11.054492246639064,9.369175627240143,29,
72257603902,USW00003902,diurnal,4,3.581974986771936,,,,,9.116774013863864,9.661111111111113,30,
72257603902,USW00003902,diurnal,5,3.894298475420976,,,,,8.980071121813495,9.408602150537636,31,
72257603902,USW00003902,diurnal,6,4.318089075652462,,,,,9.396498426132949,9.824074074074074,30,
72257603902,USW00003902,diurnal,7,4.81864513947233,,,,,10.621578756374543,10.802867383512543,31,
72257603902,USW00003902,diurnal,8,5.154252187827286,,,,,11.473182025929999,10.949820788530467,30,
72257603902,USW00003902,diurnal,9,5.258768457289364,,,,,11.556570700511436,10.13888888888889,30,
72257603902,USW00003902,diurnal,10,6.3104637185872585,,,,,14.05070960916455,9.899641577060933,31,
72257603902,USW00003902,diurnal,11,5.629745141471542,,,,,13.60709668341311,8.835185185185187,30,
72257603902,USW00003902,diurnal,12,4.9209406364104185,,,,,11.311137548437696,8.372759856630823,31,
72259003927,USW00003927,annual,0,9.795837888456582,10.99027899205717,191.10820428333471,199.54249434010205,-8.434290056767338,,,365,
72259003927,USW00003927,diurnal,1,3.957810196056995,,,,,9.862756022537278,8.378136200716845,31,
72259003927,USW00003927,diurnal,2,5.127974831603016,,,,,11.674039574426791,8.64484126984127,29,
72259003927,USW00003927,diurnal,3,4.529028284346495,,,,,9.62657923595954,8.96415770609319,31,
72259003927,USW00003927,diurnal,4,3.9375036597397273,,,,,10.433231126909309,9.118518518518519,30,
72259003927,USW00003927,diurnal,5,4.071313726237712,,,,,10.024087755333838,8.67741935483871,31,
72259003927,USW00003927,diurnal,6,4.152506811140251,,,,,9.133937897805623,8.894444444444444,30,
72259003927,USW00003927,diurnal,7,4.35024820471495,,,,,9.924280742000558,9.569892473118282,31,
72259003927,USW00003927,diurnal,8,4.762441945489777,,,,,10.442606688624764,9.593189964157707,31,
72259003927,USW00003927,diurnal,9,4.3830463104219,,,,,9.729320453390839,9.399999999999999,30,
72259003927,USW00003927,diurnal,10,5.091385098328066,,,,,11.186264112653507,9.555555555555554,31,
72259003927,USW00003927,diurnal,11,5.090058678961439,,,,,12.030437864352415,8.642592592592592,30,
72259003927,USW00003927,diurnal,12,4.195116204079142,,,,,11.491107654267411,7.944444444444445,31,
72259453909,USW00053909,annual,0,10.114972550434649,11.19400913085139,191.5248432911205,199.22239904495896,-7.697555753838458,,,365,
72259453909,USW00053909,diurnal,1,4.295824719766707,,,,,10.108739712839123,9.32078853046595,31,
72259453909,USW00053909,diurnal,2,4.186510016807859,,,,,9.906950676766371,9.551587301587302,29,
72259453909,USW00053909,diurnal,3,4.513888613367434,,,,,9.83846307590909,9.833333333333332,31,
72259453909,USW00053909,diurnal,4,3.8754212229265406,,,,,9.163092657562718,9.840740740740738,30,
72259453909,USW00053909,diurnal,5,4.059776165658516,,,,,9.533759761890323,9.338709677419356,31,
72259453909,USW00053909,diurnal,6,4.211054411290564,,,,,9.592354808432804,9.70185185185185,30,
72259453909,USW00053909,diurnal,7,4.591803769352172,,,,,10.071155348246275,10.553763440860216,31,
72259453909,USW00053909,diurnal,8,4.994033166477539,,,,,10.669300480191364,10.81541218637993,31,
72259453909,USW00053909,diurnal,9,4.783048238168255,,,,,10.935809245340373,10.670370370370373,30,
72259453909,USW00053909,diurnal,10,6.07923454567049,,,,,13.220145628821957,10.632616487455198,31,
72259453909,USW00053909,diurnal,11,5.862616005806695,,,,,13.217393430412631,9.557407407407407,30,
72259453909,USW00053909,diurnal,12,4.55803186306451,,,,,11.432106662791107,8.883512544802867,31,
72261022010,USW00022010,annual,0,9.29529281921672,9.71256854503421,184.7012023168033,195.98522796562233,-11.28402564881904,,,365,
72261022010,USW00022010,diurnal,1,5.116237164408303,,,,,14.1235857761545,11.055555555555554,31,
72261022010,USW00022010,diurnal,2,5.616620034252441,,,,,14.077220541245186,11.267857142857142,29,
72261022010,USW00022010,diurnal,3,5.509862508525192,,,,,13.592902099712397,11.297491039426525,31,
72261022010,USW00022010,diurnal,4,5.740906787360078,,,,,12.779860043988048,11.511111111111111,30,
72261022010,USW00022010,diurnal,5,5.619841813909996,,,,,13.587461462588287,10.691756272401435,31,
72261022010,USW00022010,diurnal,6,5.2063696714860495,,,,,11.58437679657866,10.666666666666666,30,
72261022010,USW00022010,diurnal,7,5.261689104783654,,,,,11.684346761943665,10.752688172043012,31,
72261022010,USW00022010,diurnal,8,5.481809832986218,,,,,11.961567751788198,10.738351254480287,31,
72261022010,USW00022010,diurnal,9,4.907770360174579,,,,,10.939006261344005,9.962962962962962,30,
72261022010,USW00022010,diurnal,10,5.814417143736628,,,,,12.68018547326393,10.31720430107527,31,
72261022010,USW00022010,diurnal,11,5.926895201405706,,,,,13.03284348717979,9.955555555555556,30,
72261022010,USW00022010,diurnal,12,4.644513896375194,,,,,12.329678639543285,10.546594982078853,31,
72263023034,USW00023034,annual,0,10.121690535039201,10.580797631384375,186.96338995638962,196.05710118054782,-9.093711224158199,,,365,
72263023034,USW00023034,diurnal,1,5.21811145357258,,,,,14.635178109501968,11.824372759856631,31,
72263023034,USW00023034,diurnal,2,6.306366313111745,,,,,15.012874003011188,12.162698412698413,29,
72263023034,USW00023034,diurnal,3,6.119365033032515,,,,,14.642557528913764,12.322580645161294,31,
72263023034,USW00023034,diurnal,4,6.9273509555087855,,,,,15.576222793790789,13.020370370370369,30,
72263023034,USW00023034,diurnal,5,6.01930610913695,,,,,14.149180454501465,12.1505376344086,31,
72263023034,USW00023034,diurnal,6,6.335964898186676,,,,,14.139728178801507,11.855555555555554,30,
72263023034,USW00023034,diurnal,7,6.385203105356233,,,,,14.055325656770759,12.216845878136201,30,
72263023034,USW00023034,diurnal,8,6.4515281474707065,,,,,14.36485304322315,11.905017921146952,31,
72263023034,USW00023034,diurnal,9,5.897531750218941,,,,,13.664199074956525,11.55,29,
72263023034,USW00023034,diurnal,10,7.892639047161808,,,,,17.687572143608666,12.134408602150536,31,
72263023034,USW00023034,diurnal,11,6.212666316629415,,,,,15.323957420903904,11.337037037037039,30,
72263023034,USW00023034,diurnal,12,5.306385878051582,,,,,12.993840572770187,11.281362007168461,30,
72265023023,USW00023023,annual,0,10.497827323268199,11.177085078012787,190.2001157259539,196.31409990206302,-6.113984176109113,,,365,
72265023023,USW00023023,diurnal,1,5.323711019788409,,,,,13.028757455295608,12.39605734767025,31,
72265023023,USW00023023,diurnal,2,6.145907904950095,,,,,14.92362350724944,12.988095238095237,29,
72265023023,USW00023023,diurnal,3,6.789148814644443,,,,,15.238882116130887,13.627240143369175,31,
72265023023,USW00023023,diurnal,4,7.063849198425947,,,,,16.196294024470102,14.04814814814815,30,
72265023023,USW00023023,diurnal,5,6.111589445906122,,,,,15.602794915386252,13.134408602150538,31,
72265023023,USW00023023,diurnal,6,5.823859977500404,,,,,12.494927276189337,12.68148148148148,30,
72265023023,USW00023023,diurnal,7,5.615836055116418,,,,,12.27500980866029,11.905017921146955,25,
72265023023,USW00023023,diurnal,8,5.539682567087112,,,,,12.185673747024655,11.67921146953405,31,
72265023023,USW00023023,diurnal,9,5.682903379654537,,,,,11.8596598124459,11.448148148148146,30,
72265023023,USW00023023,diurnal,10,6.834867752835985,,,,,15.349285780553732,12.498207885304657,31,
72265023023,USW00023023,diurnal,11,5.6706825061474335,,,,,14.545724535434442,12.181481481481478,30,
72265023023,USW00023023,diurnal,12,5.5209198725746464,,,,,13.907302109696207,11.905017921146957,30,
72265623040,USW00023040,annual,0,11.153063169633116,11.520806929352208,192.5445926748306,195.40926423887427,-2.8646715640436753,,,365,
72265623040,USW00023040,diurnal,1,6.635326405571856,,,,,16.42587218817765,14.998207885304662,31,
72265623040,USW00023040,diurnal,2,6.606992128096181,,,,,15.076083265238223,15.54761904761905,26,
72265623040,USW00023040,diurnal,3,7.006635629634134,,,,,15.53446881488092,15.973118279569892,31,
72265623040,USW00023040,diurnal,4,7.7067906744382135,,,,,16.48410703063584,16.614814814814814,28,
72265623040,USW00023040,diurnal,5,7.800747061782322,,,,,16.51673019666031,15.584229390681005,29,
72265623040,USW00023040,diurnal,6,6.571970229166455,,,,,14.511495036007274,14.603703703703705,30,
72265623040,USW00023040,diurnal,7,6.188719254754988,,,,,13.356877029254953,13.059139784946236,21,
72265623040,USW00023040,diurnal,8,5.807274290822083,,,,,12.767512039564977,12.872759856630823,27,
72265623040,USW00023040,diurnal,9,6.058556394807358,,,,,13.126743036619185,13.042592592592595,30,
72265623040,USW00023040,diurnal,10,7.367169701090863,,,,,16.758893308919887,14.948028673835124,31,
72265623040,USW00023040,diurnal,11,6.463534891755545,,,,,14.907404920825861,15.035185185185185,28,
72265623040,USW00023040,diurnal,12,6.697219221440409,,,,,15.745935878182735,14.627240143369175,31,
72266013962,USW00013962,annual,0,10.095313225460236,10.839803310461791,190.59903055842142,198.2019657295665,-7.602935171145077,,,365,
72266013962,USW00013962,diurnal,1,4.393131793618658,,,,,11.295011278906912,10.112903225806452,31,
72266013962,USW00013962,diurnal,2,4.852251399946472,,,,,12.7692638972281,10.376984126984128,29,
72266013962,USW00013962,diurnal,3,5.924633791936181,,,,,12.412417068053227,10.863799283154119,31,
72266013962,USW00013962,diurnal,4,4.599044174667819,,,,,13.129107006659812,11.374074074074075,24,
72266013962,USW00013962,diurnal,5,4.373772722974587,,,,,10.872951269617564,10.767025089605735,30,
72266013962,USW00013962,diurnal,6,5.314847979193244,,,,,11.401845882101092,10.625925925925925,30,
72266013962,USW00013962,diurnal,7,6.198747853829675,,,,,13.1859444062315,10.949820788530467,31,
72266013962,USW00013962,diurnal,8,6.008730944296787,,,,,13.402270132662284,10.661290322580644,31,
72266013962,USW00013962,diurnal,9,5.5233045901000715,,,,,12.270431211063277,10.414814814814815,30,
72266013962,USW00013962,diurnal,10,6.1895243488170495,,,,,14.095105354736464,10.584229390681003,31,
72266013962,USW00013962,diurnal,11,4.711694611306507,,,,,11.352280440218102,9.892592592592592,30,
72266013962,USW00013962,diurnal,12,4.806211440031886,,,,,12.343376790041543,9.462365591397848,31,
72267023042,USW00023042,annual,0,10.98146989542512,11.564511575619758,191.8191056952841,197.48546751841462,-5.666361823130529,,,365,
72267023042,USW00023042,diurnal,1,5.59831364681786,,,,,13.11871056328413,13.102150537634408,31,
72267023042,USW00023042,diurnal,2,6.112646905426415,,,,,15.081621813877854,13.545634920634921,29,
72267023042,USW00023042,diurnal,3,7.429640290912038,,,,,16.777400938989672,14.11111111111111,31,
72267023042,USW00023042,diurnal,4,7.059409573829189,,,,,16.339451050711205,14.025925925925925,30,
72267023042,USW00023042,diurnal,5,6.511627480541689,,,,,16.23670303309916,13.272401433691757,30,
72267023042,USW00023042,diurnal,6,5.73410456980902,,,,,12.779598289879713,12.687037037037035,30,
72267023042,USW00023042,diurnal,7,5.840261731063988,,,,,13.03046340765804,12.03763440860215,31,
72267023042,USW00023042,diurnal,8,6.162082241756328,,,,,13.126643388008532,11.955197132616489,31,
72267023042,USW00023042,diurnal,9,6.32194088492775,,,,,13.739855775035052,11.909259259259256,30,
72267023042,USW00023042,diurnal,10,7.602504481777236,,,,,18.230969067974815,13.062724014336913,31,
72267023042,USW00023042,diurnal,11,5.941932412111034,,,,,14.680796148414332,12.790740740740743,30,
72267023042,USW00023042,diurnal,12,6.037425022166558,,,,,15.013752870798466,12.31541218637993,31,
72268023009,USW00023009,annual,0,11.669402368536861,11.779357051075925,194.69169908474407,195.75791859304837,-1.0662195083043002,,,365,
72268023009,USW00023009,diurnal,1,6.3945622115189416,,,,,15.750717457466965,14.0089605734767,31,
72268023009,USW00023009,diurnal,2,6.275992584501626,,,,,15.66676841969084,14.79761904761905,29,
72268023009,USW00023009,diurnal,3,6.77800762915525,,,,,16.269927605928032,15.360215053763442,31,
72268023009,USW00023009,diurnal,4,7.832868027108333,,,,,18.65549321055002,15.794444444444448,30,
72268023009,USW00023009,diurnal,5,7.714918288325149,,,,,18.31047991847165,15.426523297491041,31,
72268023009,USW00023009,diurnal,6,6.96821828549677,,,,,15.81852144242196,15.248148148148148,30,
72268023009,USW00023009,diurnal,7,6.67681086568822,,,,,14.752929874825409,13.155913978494626,31,
72268023009,USW00023009,diurnal,8,6.587155813830662,,,,,14.876751876432781,12.88709677419355,31,
72268023009,USW00023009,diurnal,9,6.882911753138303,,,,,15.884035339400313,13.305555555555555,30,
72268023009,USW00023009,diurnal,10,7.859696807889855,,,,,17.95194997497515,14.491039426523296,31,
72268023009,USW00023009,diurnal,11,6.0429800073007,,,,,14.564458305643264,14.20185185185185,30,
72268023009,USW00023009,diurnal,12,6.10847544239952,,,,,16.184621745992914,13.415770609318995,28,
72268623008,USW00023008,annual,0,11.401626359854351,11.17624863835329,193.71786392518104,196.6047253464331,-2.886861421252064,,,365,
72268623008,USW00023008,diurnal,1,5.668196246017255,,,,,14.614797436657177,12.197132616487455,30,
72268623008,USW00023008,diurnal,2,6.416813272177981,,,,,13.762075690230702,13.432539682539684,29,
72268623008,USW00023008,diurnal,3,7.339549842499072,,,,,15.39521295545133,14.22759856630824,31,
72268623008,USW00023008,diurnal,4,8.099551610688192,,,,,17.02883412716144,14.64074074074074,30,
72268623008,USW00023008,diurnal,5,7.42850995870222,,,,,16.571701989166254,14.625448028673835,30,
72268623008,USW00023008,diurnal,6,7.034026973425166,,,,,14.821572295357164,14.75,30,
72268623008,USW00023008,diurnal,7,6.930917470248648,,,,,14.388767125862206,13.146953405017921,30,
72268623008,USW00023008,diurnal,8,7.2250733202523705,,,,,15.22208601986884,12.784946236559138,31,
72268623008,USW00023008,diurnal,9,6.980316493296659,,,,,15.47055869815614,12.711111111111112,26,
72268623008,USW00023008,diurnal,10,7.794073184664125,,,,,16.84214077460676,13.177419354838708,30,
72268623008,USW00023008,diurnal,11,5.618373366785393,,,,,13.433613317470744,12.677777777777775,30,
72268623008,USW00023008,diurnal,12,6.04659778579413,,,,,14.02460758504142,11.863799283154124,30,
72268793033,USW00093033,annual,0,11.02988472368825,11.292061358892552,192.43963135809457,195.1709800822043,-2.731348724109722,,,365,
72268793033,USW00093033,diurnal,1,5.962680284627039,,,,,12.728898638389433,13.326164874551973,31,
72268793033,USW00093033,diurnal,2,6.59641922298138,,,,,15.362418111159448,14.08531746031746,29,
72268793033,USW00093033,diurnal,3,5.940992971201913,,,,,14.855570322741041,15.010752688172046,31,
72268793033,USW00093033,diurnal,4,7.767037866666927,,,,,17.22200586264013,15.516666666666664,30,
72268793033,USW00093033,diurnal,5,7.31465341031046,,,,,17.378879721224006,15.198924731182796,31,
72268793033,USW00093033,diurnal,6,6.711314722572011,,,,,14.85570133959487,15.253703703703703,30,
72268793033,USW00093033,diurnal,7,6.2276956832465515,,,,,14.29861415353653,13.202508960573477,31,
72268793033,USW00093033,diurnal,8,6.298136208626819,,,,,13.87441892254941,12.906810035842295,31,
72268793033,USW00093033,diurnal,9,6.191688648750798,,,,,14.3066307901729,13.011111111111113,30,
72268793033,USW00093033,diurnal,10,7.223230288072964,,,,,16.975055798141103,14.297491039426523,31,
72268793033,USW00093033,diurnal,11,6.7766966237196655,,,,,15.975907007114252,13.931481481481478,30,
72268793033,USW00093033,diurnal,12,5.859368071811724,,,,,14.94027427072672,12.767025089605735,31,
72270023044,USW00023044,annual,0,11.201631630233951,11.08129740821631,197.12928269766752,196.40797178135793,0.7213109163095908,,,365,
72270023044,USW00023044,diurnal,1,5.0367703939252735,,,,,12.21338160819543,11.704301075268818,31,
72270023044,USW00023044,diurnal,2,5.752727369943815,,,,,13.517901474242587,12.251984126984128,29,
72270023044,USW00023044,diurnal,3,4.971127306980737,,,,,12.259550156971972,12.815412186379927,31,
72270023044,USW00023044,diurnal,4,6.374793668493743,,,,,14.826360049364938,13.207407407407407,30,
72270023044,USW00023044,diurnal,5,5.590958642169913,,,,,13.275183984954428,12.924731182795698,31,
72270023044,USW00023044,diurnal,6,5.756399933295995,,,,,13.470347516323237,12.81111111111111,30,
72270023044,USW00023044,diurnal,7,5.580934712278017,,,,,12.986555402682804,10.91756272401434,31,
72270023044,USW00023044,diurnal,8,5.254486337587854,,,,,11.945502412288928,10.935483870967744,31,
72270023044,USW00023044,diurnal,9,5.6381317316041475,,,,,12.60242433337754,11.366666666666665,30,
72270023044,USW00023044,diurnal,10,6.760520877141985,,,,,15.021743599569902,12.5,31,
72270023044,USW00023044,diurnal,11,5.392895071222039,,,,,13.73762783527728,12.231481481481483,30,
72270023044,USW00023044,diurnal,12,6.302272045810922,,,,,14.788016946592675,11.195340501792113,31,
72271093045,USW00093045,annual,0,11.184816215634232,11.157669621889386,197.93283880156176,198.03226924323712,-0.09943044167536641,,,365,
72271093045,USW00093045,diurnal,1,5.102964205517169,,,,,11.858559422761001,11.85125448028674,31,
72271093045,USW00093045,diurnal,2,5.586257178216695,,,,,13.230528634275082,12.740079365079364,29,
72271093045,USW00093045,diurnal,3,5.623726840747528,,,,,13.577605490768082,13.392473118279572,31,
72271093045,USW00093045,diurnal,4,6.919137719005533,,,,,15.948267379452492,14.077777777777776,30,
72271093045,USW00093045,diurnal,5,7.3448895432922106,,,,,15.627988937336944,13.95878136200717,31,
72271093045,USW00093045,diurnal,6,6.722415981814564,,,,,14.15617511035724,14.062962962962963,30,
72271093045,USW00093045,diurnal,7,6.1898726835896944,,,,,13.833072251997873,11.867383512544807,31,
72271093045,USW00093045,diurnal,8,5.693393854347045,,,,,13.203776277546957,11.736559139784948,31,
72271093045,USW00093045,diurnal,9,6.536806601319871,,,,,14.482223779915238,12.349999999999998,30,
72271093045,USW00093045,diurnal,10,7.435648824226627,,,,,16.176858411517358,12.820788530465949,31,
72271093045,USW00093045,diurnal,11,5.313696495482062,,,,,13.108531394202549,12.355555555555554,30,
72271093045,USW00093045,diurnal,12,5.9300646482763515,,,,,14.714680250917784,11.241935483870968,30,
72274023160,USW00023160,annual,0,10.904668171199253,10.57557536311189,201.9206333225385,203.648955593815,-1.728322271276511,,,365,
72274023160,USW00023160,diurnal,1,6.382783636406654,,,,,14.31212885043814,12.74551971326165,31,
72274023160,USW00023160,diurnal,2,6.308675705001351,,,,,14.371433547932455,12.938492063492065,29,
72274023160,USW00023160,diurnal,3,6.137551085742831,,,,,14.3526031514069,13.996415770609321,31,
72274023160,USW00023160,diurnal,4,8.033091968959585,,,,,17.23366947939046,15.257407407407406,30,
72274023160,USW00023160,diurnal,5,7.627621141375555,,,,,16.71413946384341,15.480286738351252,31,
72274023160,USW00023160,diurnal,6,7.093957650675025,,,,,15.706433737419943,15.244444444444445,30,
72274023160,USW00023160,diurnal,7,5.9414456933534785,,,,,13.24710393240591,11.308243727598565,31,
72274023160,USW00023160,diurnal,8,5.3338245221479434,,,,,12.857409344347033,11.164874551971325,31,
72274023160,USW00023160,diurnal,9,6.20872607465327,,,,,13.803362645501252,12.283333333333335,30,
72274023160,USW00023160,diurnal,10,8.139166640949112,,,,,17.029422367670094,13.811827956989246,31,
72274023160,USW00023160,diurnal,11,7.379467504471743,,,,,16.670865399664486,13.622222222222218,30,
72274023160,USW00023160,diurnal,12,7.947821957508829,,,,,16.904716285368927,12.21505376344086,29,
72274523109,USW00023109,annual,0,10.917294268932503,10.50920997694604,204.68176848989393,204.63644001950752,0.045328470386408526,,,365,
72274523109,USW00023109,diurnal,1,6.114863082343044,,,,,13.251594397383547,11.926523297491038,31,
72274523109,USW00023109,diurnal,2,6.537336877110057,,,,,13.521342833732257,12.234126984126986,29,
72274523109,USW00023109,diurnal,3,6.493166747134727,,,,,14.178220879999511,13.681003584229389,30,
72274523109,USW00023109,diurnal,4,8.344619016596878,,,,,17.83877595285822,15.268518518518515,30,
72274523109,USW00023109,diurnal,5,7.781729706242449,,,,,17.12293424662749,15.453405017921147,30,
72274523109,USW00023109,diurnal,6,7.204527133666171,,,,,16.233074810139918,15.36851851851852,27,
72274523109,USW00023109,diurnal,7,6.0304100576106245,,,,,13.545061140694322,11.455197132616487,31,
72274523109,USW00023109,diurnal,8,5.3377582889435535,,,,,12.558136762938567,11.363799283154126,31,
72274523109,USW00023109,diurnal,9,6.442566832894718,,,,,13.828036379601832,12.283333333333333,30,
72274523109,USW00023109,diurnal,10,7.922887177441346,,,,,16.850367996007485,13.394265232974911,31,
72274523109,USW00023109,diurnal,11,7.1801642979406015,,,,,14.990943667499803,12.792592592592591,30,
72274523109,USW00023109,diurnal,12,7.511476656419711,,,,,15.905748163452333,11.449820788530467,28,
72274793084,USW00093084,annual,0,12.418519258722926,11.565064034828865,201.13382258871894,200.44528685793313,0.6885357307858158,,,365,
72274793084,USW00093084,diurnal,1,5.137953556975376,,,,,12.708717361893342,13.170250896057347,30,
72274793084,USW00093084,diurnal,2,6.158327925961292,,,,,15.033142684372088,14.01984126984127,29,
72274793084,USW00093084,diurnal,3,7.056767094045134,,,,,15.620115522252599,15.478494623655918,31,
72274793084,USW00093084,diurnal,4,8.322637977240099,,,,,19.184268316539722,17.12962962962963,28,
72274793084,USW00093084,diurnal,5,8.753683345365094,,,,,19.823587678920802,17.09856630824373,31,
72274793084,USW00093084,diurnal,6,7.648676760680594,,,,,16.915072728773463,16.846296296296295,29,
72274793084,USW00093084,diurnal,7,6.280631647438268,,,,,14.66709662293103,13.152329749103941,28,
72274793084,USW00093084,diurnal,8,6.153159340301784,,,,,15.24543049097472,12.795698924731186,31,
72274793084,USW00093084,diurnal,9,6.728179451633851,,,,,14.997560161985856,13.866666666666667,30,
72274793084,USW00093084,diurnal,10,8.465041256161452,,,,,19.21899076071557,15.18279569892473,31,
72274793084,USW00093084,diurnal,11,7.0326771559956684,,,,,15.99820971079958,14.23888888888889,29,
72274793084,USW00093084,diurnal,12,7.751304644519661,,,,,17.55630715125003,12.577060931899643,30,
72278023183,USW00023183,annual,0,12.452142232072203,11.602082795294864,201.72495063982817,204.13489804712415,-2.409947407295988,,,365,
72278023183,USW00023183,diurnal,1,4.983544843739118,,,,,11.404475937057601,10.591397849462366,31,
72278023183,USW00023183,diurnal,2,4.85711327092485,,,,,12.13619632887465,10.71031746031746,29,
72278023183,USW00023183,diurnal,3,5.676763032637351,,,,,13.090057844601237,11.637992831541219,31,
72278023183,USW00023183,diurnal,4,6.241645810202131,,,,,14.484943391105737,12.35740740740741,30,
72278023183,USW00023183,diurnal,5,5.899469583497775,,,,,13.655597781524278,12.596774193548386,31,
72278023183,USW00023183,diurnal,6,6.06898504891749,,,,,13.50932986470346,13.012962962962963,30,
72278023183,USW00023183,diurnal,7,5.188394206387837,,,,,11.555029619485481,10.630824372759854,31,
72278023183,USW00023183,diurnal,8,4.575197571407414,,,,,10.998151376205541,10.18279569892473,31,
72278023183,USW00023183,diurnal,9,5.341437560023518,,,,,12.842168533325978,10.890740740740743,30,
72278023183,USW00023183,diurnal,10,6.71068968184979,,,,,14.738064184627909,11.7168458781362,31,
72278023183,USW00023183,diurnal,11,5.717208467922188,,,,,13.471341835188323,11.279629629629627,30,
72278023183,USW00023183,diurnal,12,6.124187372028843,,,,,14.09358120627513,10.161290322580646,31,
72286023119,USW00023119,annual,0,8.100285642377811,7.482771114097111,211.91273066453184,214.134383596838,-2.2216529323061707,,,365,
72286023119,USW00023119,diurnal,1,6.3359715068831335,,,,,13.706363721125083,12.512544802867383,31,
72286023119,USW00023119,diurnal,2,3.3340078307107186,,,,,8.746158794489011,12.063492063492063,29,
72286023119,USW00023119,diurnal,3,4.25685353097395,,,,,10.199591426805428,13.03046594982079,31,
72286023119,USW00023119,diurnal,4,7.475297801436138,,,,,17.091633757066035,14.207407407407409,30,
72286023119,USW00023119,diurnal,5,6.531523435341007,,,,,13.51232744437869,13.95878136200717,31,
72286023119,USW00023119,diurnal,6,8.362452336676146,,,,,17.081653676505873,15.844444444444441,30,
72286023119,USW00023119,diurnal,7,8.571446298864089,,,,,17.61784061437967,16.39068100358423,31,
72286023119,USW00023119,diurnal,8,8.54404536398738,,,,,18.482128368173736,16.623655913978496,30,
72286023119,USW00023119,diurnal,9,8.469917670822287,,,,,18.054513118694373,16.127777777777776,30,
72286023119,USW00023119,diurnal,10,10.000710964556502,,,,,20.806509823393615,15.202508960573478,31,
72286023119,USW00023119,diurnal,11,6.982032148217541,,,,,16.34975911153436,14.518518518518517,29,
72286023119,USW00023119,diurnal,12,7.922463267672351,,,,,17.25149466421017,12.539426523297488,29,
72288023152,USW00023152,annual,0,5.868477699905932,5.741145279972471,215.1296648086937,218.04743796265947,-2.9177731539657827,,,365,
72288023152,USW00023152,diurnal,1,4.615307417848769,,,,,11.22197202072609,10.602150537634408,31,
72288023152,USW00023152,diurnal,2,3.382012174698866,,,,,8.694088661080976,9.948412698412696,29,
72288023152,USW00023152,diurnal,3,4.091662052671403,,,,,9.73358618704265,9.982078853046595,31,
72288023152,USW00023152,diurnal,4,4.733962101509143,,,,,11.49454608625021,10.27962962962963,30,
72288023152,USW00023152,diurnal,5,3.789186521065061,,,,,8.57195725442484,9.435483870967742,31,
72288023152,USW00023152,diurnal,6,4.888380318166773,,,,,10.756987157093214,10.325925925925928,30,
72288023152,USW00023152,diurnal,7,6.258047473184334,,,,,13.264485425966189,11.290322580645162,31,
72288023152,USW00023152,diurnal,8,5.858669068415666,,,,,12.39251024807309,12.001792114695341,31,
72288023152,USW00023152,diurnal,9,5.588959809470227,,,,,12.97245241037032,11.91851851851852,30,
72288023152,USW00023152,diurnal,10,6.683644475381398,,,,,14.376959466790098,11.646953405017921,31,
72288023152,USW00023152,diurnal,11,5.5603109568844635,,,,,12.73037725742933,11.705555555555552,30,
72288023152,USW00023152,diurnal,12,5.14904269143632,,,,,12.502123018685428,10.541218637992834,31,
72290023188,USW00023188,annual,0,4.045374462333622,3.888919408816714,214.82598987048306,224.26937003319182,-9.443380162708763,,,365,
72290023188,USW00023188,diurnal,1,3.455177639795538,,,,,9.08056282559017,7.017921146953408,31,
72290023188,USW00023188,diurnal,2,2.053276368201604,,,,,5.94641439007969,6.087301587301587,29,
72290023188,USW00023188,diurnal,3,2.1908108252698666,,,,,5.775176894529277,5.227598566308243,31,
72290023188,USW00023188,diurnal,4,2.2794736042653283,,,,,5.653101048689808,4.970370370370371,30,
72290023188,USW00023188,diurnal,5,1.5084481288016236,,,,,3.8547761576962394,3.78494623655914,31,
72290023188,USW00023188,diurnal,6,1.757061103633505,,,,,4.0574551799702565,3.592592592592592,30,
72290023188,USW00023188,diurnal,7,2.1016825781337922,,,,,4.930341097300467,3.6827956989247306,31,
72290023188,USW00023188,diurnal,8,2.172102508348666,,,,,5.067693561970124,4.087813620071685,31,
72290023188,USW00023188,diurnal,9,1.755863382384854,,,,,4.213619881293868,4.535185185185185,30,
72290023188,USW00023188,diurnal,10,1.9982351650709445,,,,,5.689560101392374,5.512544802867384,31,
72290023188,USW00023188,diurnal,11,4.832056360497104,,,,,11.462203562966106,6.894444444444444,30,
72290023188,USW00023188,diurnal,12,3.0706999348211435,,,,,8.70008382395735,7.121863799283155,31,
72290693112,USW00093112,annual,0,4.115879756678911,3.8824150236031296,217.22974555266845,223.90657926999702,-6.676833717328577,,,365,
72290693112,USW00093112,diurnal,1,3.2631248136623903,,,,,7.934045844835273,7.4551971326164885,31,
72290693112,USW00093112,diurnal,2,2.124038091218274,,,,,5.9904607307585245,6.355158730158732,25,
72290693112,USW00093112,diurnal,3,2.295931443128107,,,,,6.204787910891911,5.413978494623657,25,
72290693112,USW00093112,diurnal,4,2.103151357297096,,,,,5.052230851003178,5.140740740740741,28,
72290693112,USW00093112,diurnal,5,1.432690992264397,,,,,3.5590650491051647,3.956989247311827,31,
72290693112,USW00093112,diurnal,6,1.532840186512442,,,,,3.313718686013825,3.562962962962963,29,
72290693112,USW00093112,diurnal,7,2.009120849626724,,,,,4.720157832066473,3.6272401433691766,31,
72290693112,USW00093112,diurnal,8,2.0901832037885413,,,,,5.014475464781235,3.89605734767025,31,
72290693112,USW00093112,diurnal,9,1.7578195726602805,,,,,4.567907781802857,4.553703703703705,30,
72290693112,USW00093112,diurnal,10,1.9415337152071355,,,,,5.51609616559875,5.75268817204301,31,
72290693112,USW00093112,diurnal,11,4.269399784148678,,,,,10.044768240721893,7.103703703703704,30,
72290693112,USW00093112,diurnal,12,2.3194345311217366,,,,,6.848231083692648,7.482078853046596,30,
72292603154,USW00003154,annual,0,5.833083349255933,5.097619193817366,210.27168170989,216.31238211746037,-6.04070040757037,,,365,
72292603154,USW00003154,diurnal,1,6.800034052911698,,,,,16.04383249837162,13.234767025089605,31,
72292603154,USW00003154,diurnal,2,2.408554775578872,,,,,7.147708066578467,11.90873015873016,25,
72292603154,USW00003154,diurnal,3,4.3610691423575485,,,,,10.175970840434694,10.657706093189965,30,
72292603154,USW00003154,diurnal,4,4.584179868370481,,,,,11.362670272679487,10.777777777777777,29,
72292603154,USW00003154,diurnal,5,2.5209066603874355,,,,,6.423876929664651,8.222222222222221,21,
72292603154,USW00003154,diurnal,6,2.695674160284763,,,,,6.137560310760488,7.7444444444444445,17,
72292603154,USW00003154,diurnal,7,4.349435112348123,,,,,9.45517255185257,8.245519713261649,4,
72292603154,USW00003154,diurnal,8,5.722371578022109,,,,,10.289625189133272,9.229390681003583,10,
72292603154,USW00003154,diurnal,9,5.026774052503642,,,,,11.432178927130982,10.85925925925926,13,
72292603154,USW00003154,diurnal,10,6.533606967964321,,,,,16.455151325344477,12.571684587813623,25,
72292603154,USW00003154,diurnal,11,8.48400313268527,,,,,17.541799756275584,14.259259259259258,29,
72292603154,USW00003154,diurnal,12,6.878874941459371,,,,,15.848372204623388,13.639784946236562,30,
72295023174,USW00023174,annual,0,3.6856356549844533,3.742377514482236,224.09308385154867,226.90305423660305,-2.8099703850543847,,,365,
72295023174,USW00023174,diurnal,1,2.625543806237525,,,,,7.071090876852576,7.030465949820788,31,
72295023174,USW00023174,diurnal,2,1.9324963797788712,,,,,5.413151390408737,6.36111111111111,29,
72295023174,USW00023174,diurnal,3,2.560524331809918,,,,,6.604265003680277,5.582437275985663,31,
72295023174,USW00023174,diurnal,4,2.45429959825736,,,,,6.136087707731252,5.540740740740743,30,
72295023174,USW00023174,diurnal,5,1.9652476081016104,,,,,4.550034169932225,4.7992831541218655,31,
72295023174,USW00023174,diurnal,6,2.284817289609464,,,,,5.222861939049958,4.470370370370371,30,
72295023174,USW00023174,diurnal,7,2.5817574507108674,,,,,5.682818281869885,4.501792114695342,31,
72295023174,USW00023174,diurnal,8,2.905263155233181,,,,,6.251758624621438,4.716845878136201,31,
72295023174,USW00023174,diurnal,9,2.1643258066229984,,,,,5.126006123652873,4.9833333333333325,30,
72295023174,USW00023174,diurnal,10,1.9327718927060273,,,,,5.322484333854176,5.976702508960573,31,
72295023174,USW00023174,diurnal,11,3.4128336885778676,,,,,8.963933586098078,7.175925925925926,30,
72295023174,USW00023174,diurnal,12,2.608023584012281,,,,,6.641130959792061,7.0734767025089615,31,
72303013714,USW00013714,annual,0,8.937178621962303,10.520216749169334,196.3964919911217,197.60045265933832,-1.2039606682166095,,,365,
72303013714,USW00013714,diurnal,1,5.28695698304671,,,,,11.79963549764351,8.982078853046593,31,
72303013714,USW00013714,diurnal,2,5.62407279138208,,,,,12.930808694898415,9.799603174603174,29,
72303013714,USW00013714,diurnal,3,5.506432527023569,,,,,12.069176528971818,10.813620071684586,30,
72303013714,USW00013714,diurnal,4,5.304427570974818,,,,,11.940952583838232,11.229629629629631,30,
72303013714,USW00013714,diurnal,5,4.921430599519026,,,,,10.528362592191666,10.422939068100355,30,
72303013714,USW00013714,diurnal,6,5.457456955957914,,,,,11.80482847361432,9.605555555555556,30,
72303013714,USW00013714,diurnal,7,4.110769813218069,,,,,9.60755235867487,8.964157706093188,29,
72303013714,USW00013714,diurnal,8,3.930123089256237,,,,,10.109502882084438,8.874551971326163,31,
72303013714,USW00013714,diurnal,9,3.2473714466233714,,,,,8.423919000652011,9.294444444444444,30,
72303013714,USW00013714,diurnal,10,6.469096410038617,,,,,14.01090441814524,10.510752688172042,31,
72303013714,USW00013714,diurnal,11,5.028325364634986,,,,,11.96094601237668,10.801851851851852,30,
72303013714,USW00013714,diurnal,12,4.504682216932947,,,,,10.692916266089828,9.134408602150536,30,
72303593740,USW00093740,annual,0,8.761834777343537,10.158137263193485,197.33688218190372,198.77708885272313,-1.440206670819407,,,365,
72303593740,USW00093740,diurnal,1,4.246112310387448,,,,,10.409735548436876,8.442652329749103,31,
72303593740,USW00093740,diurnal,2,5.17246009338068,,,,,12.12116283545927,9.297619047619047,29,
72303593740,USW00093740,diurnal,3,5.083712187553337,,,,,11.752014075328898,10.333333333333332,31,
72303593740,USW00093740,diurnal,4,5.6625341062540535,,,,,11.852527232681046,10.964814814814813,30,
72303593740,USW00093740,diurnal,5,4.664211704995475,,,,,10.18273437914782,10.360215053763438,31,
72303593740,USW00093740,diurnal,6,5.989136358055825,,,,,12.370789326521056,9.627777777777778,30,
72303593740,USW00093740,diurnal,7,4.221956307339249,,,,,9.960593514522241,9.06989247311828,31,
72303593740,USW00093740,diurnal,8,4.188211671355595,,,,,9.546086187127937,8.7831541218638,31,
72303593740,USW00093740,diurnal,9,3.7970085895241517,,,,,9.294441848541194,9.085185185185187,30,
72303593740,USW00093740,diurnal,10,6.03500647148261,,,,,12.8445265808079,9.89605734767025,31,
72303593740,USW00093740,diurnal,11,4.705880286531309,,,,,11.062706771774923,10.06111111111111,30,
72303593740,USW00093740,diurnal,12,4.1895178725095965,,,,,10.122558901756374,8.46594982078853,31,
72306013722,USW00013722,annual,0,9.539393916236444,10.439054455260043,195.05929838024844,198.4592222928629,-3.3999239126144687,,,365,
72306013722,USW00013722,diurnal,1,3.903416802691294,,,,,10.670303233326951,7.935483870967742,31,
72306013722,USW00013722,diurnal,2,5.031163272224649,,,,,12.545247873806264,8.763888888888888,29,
72306013722,USW00013722,diurnal,3,4.739987767987234,,,,,10.972421859381283,9.91935483870968,31,
72306013722,USW00013722,diurnal,4,5.281604739288094,,,,,11.620367702624288,10.568518518518522,30,
72306013722,USW00013722,diurnal,5,4.796392054500395,,,,,10.319040927932974,10.051971326164871,31,
72306013722,USW00013722,diurnal,6,5.052422618854498,,,,,10.98534599159591,9.78148148148148,30,
72306013722,USW00013722,diurnal,7,4.169144992647586,,,,,9.7063039075612,9.306451612903226,31,
72306013722,USW00013722,diurnal,8,4.456251957811685,,,,,10.292700771267715,8.930107526881718,31,
72306013722,USW00013722,diurnal,9,3.6910679185018296,,,,,8.70716208891545,9.06111111111111,30,
72306013722,USW00013722,diurnal,10,6.03141897748573,,,,,12.702925996926927,9.974910394265233,31,
72306013722,USW00013722,diurnal,11,4.919343269703986,,,,,11.234064407229866,9.8,30,
72306013722,USW00013722,diurnal,12,3.6978428579975713,,,,,9.668742801484669,8.051971326164875,30,
72306613713,USW00013713,annual,0,9.033958029873984,10.071122847881142,193.79947073758086,198.45801266866482,-4.65854193108396,,,365,
72306613713,USW00013713,diurnal,1,3.7721085515739823,,,,,10.186063185067791,7.905017921146953,22,
72306613713,USW00013713,diurnal,2,5.477277743697709,,,,,12.212051981471081,8.674603174603176,26,
72306613713,USW00013713,diurnal,3,4.97291625573379,,,,,10.905024600035167,9.774193548387098,30,
72306613713,USW00013713,diurnal,4,5.636123316144428,,,,,12.570269269843653,10.568518518518518,30,
72306613713,USW00013713,diurnal,5,4.551191435838582,,,,,9.6869387650026,10.035842293906809,30,
72306613713,USW00013713,diurnal,6,5.973301637040697,,,,,12.097495560937768,9.364814814814816,30,
72306613713,USW00013713,diurnal,7,3.7444750076649185,,,,,9.428305799870571,8.913978494623658,27,
72306613713,USW00013713,diurnal,8,3.9079380551728358,,,,,9.548868130848604,8.672043010752688,27,
72306613713,USW00013713,diurnal,9,4.214549217490741,,,,,8.405384928068017,8.740740740740742,23,
72306613713,USW00013713,diurnal,10,5.405347039002606,,,,,11.82218107671818,9.738351254480289,20,
72306613713,USW00013713,diurnal,11,3.847416894723803,,,,,9.437227666107074,9.475925925925926,14,
72306613713,USW00013713,diurnal,12,3.4188840344913864,,,,,9.097599199749324,7.994623655913979,28,
72307513769,USW00013769,annual,0,9.01878445182934,10.372393008362177,199.73537896289105,204.3908774127993,-4.655498449908265,,,365,
72307513769,USW00013769,diurnal,1,3.12386519068197,,,,,7.514828492263673,5.408602150537634,31,
72307513769,USW00013769,diurnal,2,3.4681819685918125,,,,,9.067154811963212,6.063492063492063,29,
72307513769,USW00013769,diurnal,3,2.913262464611077,,,,,9.808036130471066,6.539426523297491,31,
72307513769,USW00013769,diurnal,4,3.504393195306476,,,,,10.457978411755331,7.300000000000001,30,
72307513769,USW00013769,diurnal,5,3.2622777253293953,,,,,7.680966035979509,7.186379928315411,31,
72307513769,USW00013769,diurnal,6,4.295443950835709,,,,,9.216136392083067,6.966666666666666,30,
72307513769,USW00013769,diurnal,7,2.7971042911016077,,,,,7.672233784468364,6.8458781362007155,31,
72307513769,USW00013769,diurnal,8,3.6973766699572024,,,,,8.650333367768596,6.494623655913978,31,
72307513769,USW00013769,diurnal,9,1.458987901386398,,,,,5.065723242725785,6.105555555555557,30,
72307513769,USW00013769,diurnal,10,4.1864370802794815,,,,,9.664293226893184,6.71146953405018,31,
72307513769,USW00013769,diurnal,11,3.305980143509908,,,,,8.759600741367535,6.45925925925926,30,
72307513769,USW00013769,diurnal,12,3.2926932042817443,,,,,8.17885993558287,5.603942652329748,30,
72308013737,USW00013737,annual,0,9.324307976932673,10.52812072309531,201.7323388026341,203.92219124692787,-2.189852444293763,,,365,
72308013737,USW00013737,diurnal,1,3.2362910012387314,,,,,6.709427292177587,4.747311827956989,31,
72308013737,USW00013737,diurnal,2,3.079889722414816,,,,,7.102199009485403,5.4563492063492065,29,
72308013737,USW00013737,diurnal,3,3.173309976543358,,,,,8.87580420963645,5.953405017921146,31,
72308013737,USW00013737,diurnal,4,3.5445422986302897,,,,,9.146605352701625,6.75925925925926,30,
72308013737,USW00013737,diurnal,5,2.8476705878081403,,,,,8.08741858134233,6.689964157706093,31,
72308013737,USW00013737,diurnal,6,4.2653391833307985,,,,,9.0344026123754,6.6203703703703685,30,
72308013737,USW00013737,diurnal,7,2.523866116152325,,,,,7.28898371114688,6.5017921146953395,31,
72308013737,USW00013737,diurnal,8,3.3958963620526474,,,,,7.413117235273354,5.792114695340503,31,
72308013737,USW00013737,diurnal,9,1.5696197099861493,,,,,4.115708218310221,5.23888888888889,30,
72308013737,USW00013737,diurnal,10,3.017341390156794,,,,,7.758594758576194,5.75268817204301,31,
72308013737,USW00013737,diurnal,11,2.659012412258126,,,,,7.781866606581333,5.507407407407407,30,
72308013737,USW00013737,diurnal,12,2.581946840651269,,,,,8.315556546328146,4.78673835125448,30,
72308513750,USW00013750,annual,0,9.195724946061675,10.563722215110513,201.35755378205926,203.87093506152968,-2.5133812794704227,,,365,
72308513750,USW00013750,diurnal,1,3.3046134561160616,,,,,6.804998541235758,4.652329749103942,31,
72308513750,USW00013750,diurnal,2,2.5948223521900777,,,,,7.000302720340493,5.382936507936507,29,
72308513750,USW00013750,diurnal,3,3.062002965197963,,,,,8.69163311783143,6.008960573476703,31,
72308513750,USW00013750,diurnal,4,3.418694944946619,,,,,9.417134719389967,6.801851851851851,30,
72308513750,USW00013750,diurnal,5,3.119763099415726,,,,,7.6215165255956165,6.6362007168458765,31,
72308513750,USW00013750,diurnal,6,4.151758814211965,,,,,8.734432536453554,6.522222222222222,30,
72308513750,USW00013750,diurnal,7,2.751954747504834,,,,,7.111416785211333,6.492831541218638,31,
72308513750,USW00013750,diurnal,8,3.2855700600695217,,,,,8.010511865484585,5.901433691756272,31,
72308513750,USW00013750,diurnal,9,1.58636490410224,,,,,4.7142871816810406,5.377777777777778,30,
72308513750,USW00013750,diurnal,10,3.5278655102713468,,,,,7.873759716987893,5.629032258064516,31,
72308513750,USW00013750,diurnal,11,2.5492090481274503,,,,,7.2360589494222,5.411111111111111,30,
72308513750,USW00013750,diurnal,12,2.481879811158538,,,,,6.935639115087046,4.657706093189965,29,
72308693741,USW00093741,annual,0,9.369753259805119,10.808611502283355,197.6351306605376,202.0154942723818,-4.380363611844189,,,365,
72308693741,USW00093741,diurnal,1,3.8545604511935365,,,,,9.13544845683303,6.340501792114695,31,
72308693741,USW00093741,diurnal,2,3.5033979964520303,,,,,9.914539783900828,7.176587301587301,29,
72308693741,USW00093741,diurnal,3,3.3556410236321246,,,,,10.04507811447471,7.826164874551972,31,
72308693741,USW00093741,diurnal,4,4.178905725152807,,,,,9.472094441788979,8.64814814814815,30,
72308693741,USW00093741,diurnal,5,3.451069036505606,,,,,8.847837744904824,8.474910394265233,31,
72308693741,USW00093741,diurnal,6,5.351276466947386,,,,,11.167184305160735,8.333333333333334,30,
72308693741,USW00093741,diurnal,7,3.778657467027134,,,,,8.298323406111614,8.161290322580646,31,
72308693741,USW00093741,diurnal,8,4.423860196645628,,,,,9.602240573905828,7.749103942652329,31,
72308693741,USW00093741,diurnal,9,2.7638692401255853,,,,,6.367138872700737,7.659259259259259,30,
72308693741,USW00093741,diurnal,10,4.773070953960806,,,,,10.750996861948654,8.089605734767023,31,
72308693741,USW00093741,diurnal,11,3.858387175789784,,,,,10.371872748572953,7.824074074074075,30,
72308693741,USW00093741,diurnal,12,4.071151439653577,,,,,9.639424281039803,6.505376344086023,28,
72309013754,USW00013754,annual,0,8.502166460559796,9.523064846060159,201.48261367308044,202.43857619827426,-0.9559625251938257,,,365,
72309013754,USW00013754,diurnal,1,3.3997983649300294,,,,,9.632140194938104,7.3512544802867374,31,
72309013754,USW00013754,diurnal,2,3.974434134328756,,,,,9.014241589252146,7.769841269841271,29,
72309013754,USW00013754,diurnal,3,4.539801827694803,,,,,10.684154406595018,8.354838709677418,31,
72309013754,USW00013754,diurnal,4,4.959074999010601,,,,,10.69636294816288,8.705555555555556,30,
72309013754,USW00013754,diurnal,5,4.465131654325038,,,,,9.725368983547988,8.46594982078853,31,
72309013754,USW00013754,diurnal,6,4.534514357423269,,,,,10.037212147251227,7.62037037037037,30,
72309013754,USW00013754,diurnal,7,2.505586741900275,,,,,6.899949021911965,6.8691756272401445,31,
72309013754,USW00013754,diurnal,8,2.8552492731393855,,,,,7.354534719137703,6.81899641577061,31,
72309013754,USW00013754,diurnal,9,3.236581477958882,,,,,7.395889346968984,6.699999999999999,30,
72309013754,USW00013754,diurnal,10,4.735293955545051,,,,,9.922262484331641,8.019713261648745,31,
72309013754,USW00013754,diurnal,11,4.128654538597585,,,,,9.918694530858486,8.10925925925926,30,
72309013754,USW00013754,diurnal,12,3.4843244449532813,,,,,8.569196673522004,7.258064516129033,30,
72309593719,USW00093719,annual,0,8.411612426063833,9.725600814780105,197.89332030242468,201.33656408147195,-3.4432437790472648,,,365,
72309593719,USW00093719,diurnal,1,4.1989767703059915,,,,,10.076881628156002,7.881720430107525,31,
72309593719,USW00093719,diurnal,2,5.046429795286732,,,,,11.121573047157785,8.470238095238095,29,
72309593719,USW00093719,diurnal,3,4.31979952089958,,,,,11.112814672763452,9.234767025089607,31,
72309593719,USW00093719,diurnal,4,5.651872933992243,,,,,11.573712523992882,9.644444444444446,30,
72309593719,USW00093719,diurnal,5,4.529384445472174,,,,,9.491658267591244,9.238351254480284,31,
72309593719,USW00093719,diurnal,6,5.044831695966856,,,,,10.728233009981082,8.31851851851852,30,
72309593719,USW00093719,diurnal,7,3.2951966923198537,,,,,8.194115586909565,7.8369175627240155,31,
72309593719,USW00093719,diurnal,8,3.4843218383814616,,,,,9.26560886361343,7.589605734767025,31,
72309593719,USW00093719,diurnal,9,3.543081365181142,,,,,8.180259195610118,7.655555555555556,30,
72309593719,USW00093719,diurnal,10,5.225598200625847,,,,,10.732000851352014,8.89247311827957,31,
72309593719,USW00093719,diurnal,11,4.114522268855031,,,,,10.543773502851552,8.964814814814813,30,
72309593719,USW00093719,diurnal,12,4.186143214136327,,,,,10.24702163069819,7.747311827956989,31,
72309693727,USW00093727,annual,0,7.900504937532933,9.556064595244765,195.1051250316463,200.72432588033308,-5.6192008486867735,,,365,
72309693727,USW00093727,diurnal,1,3.948733667088543,,,,,9.837423955394703,8.087813620071685,31,
72309693727,USW00093727,diurnal,2,5.091769656351874,,,,,11.248050057898894,8.567460317460316,29,
72309693727,USW00093727,diurnal,3,4.55283859053984,,,,,10.19141246849692,9.379928315412188,31,
72309693727,USW00093727,diurnal,4,5.151638574666693,,,,,11.385893397667264,9.657407407407407,30,
72309693727,USW00093727,diurnal,5,4.0103463870221425,,,,,9.4747947069275,9.028673835125447,31,
72309693727,USW00093727,diurnal,6,3.7228270891907487,,,,,8.845226423919785,8.146296296296297,30,
72309693727,USW00093727,diurnal,7,2.8926892749241393,,,,,7.156122596623483,7.516129032258066,31,
72309693727,USW00093727,diurnal,8,3.793606778394042,,,,,8.596163136070187,7.338709677419353,30,
72309693727,USW00093727,diurnal,9,3.2482237862510415,,,,,7.958213077701117,7.716666666666668,30,
72309693727,USW00093727,diurnal,10,4.170187318502316,,,,,9.708318208555168,9.141577060931903,23,
72309693727,USW00093727,diurnal,11,5.089935091745068,,,,,10.836934906217932,9.348148148148148,14,
72309693727,USW00093727,diurnal,12,4.270053799537733,,,,,10.316952035877193,8.046594982078854,18,
72310013883,USW00013883,annual,0,9.220920201457357,10.025912222714197,195.18729482105957,197.66593040410083,-2.4786355830412674,,,365,
72310013883,USW00013883,diurnal,1,4.83920234583319,,,,,11.149770618152967,9.204301075268816,31,
72310013883,USW00013883,diurnal,2,5.537490399735615,,,,,12.770244662360655,9.857142857142858,29,
72310013883,USW00013883,diurnal,3,5.087418733087043,,,,,12.628606064056486,10.992831541218637,31,
72310013883,USW00013883,diurnal,4,5.687502766590711,,,,,12.146765889395255,11.348148148148148,30,
72310013883,USW00013883,diurnal,5,4.85397085799941,,,,,11.382937300682773,10.777777777777777,31,
72310013883,USW00013883,diurnal,6,5.659185742783009,,,,,11.954140739700003,9.603703703703705,30,
72310013883,USW00013883,diurnal,7,4.485058544185244,,,,,10.309407461396301,9.31541218637993,31,
72310013883,USW00013883,diurnal,8,4.323058507099227,,,,,10.091633801521752,9.014336917562725,31,
72310013883,USW00013883,diurnal,9,3.803753475044333,,,,,8.236088155222403,9.568518518518518,30,
72310013883,USW00013883,diurnal,10,6.378169893589767,,,,,14.268981593713168,10.75268817204301,31,
72310013883,USW00013883,diurnal,11,3.9195617515910843,,,,,9.440018680250798,11.024074074074074,30,
72310013883,USW00013883,diurnal,12,4.326135881554858,,,,,10.79869858535881,9.345878136200717,31,
72310613744,USW00013744,annual,0,8.587863089629044,9.720094017342145,195.78824312530176,198.34540835573992,-2.5571652304381587,,,365,
72310613744,USW00013744,diurnal,1,4.622326606629523,,,,,11.1552734980256,8.697132616487455,31,
72310613744,USW00013744,diurnal,2,5.135776776800149,,,,,11.951055776983425,9.43452380952381,29,
72310613744,USW00013744,diurnal,3,4.869831544465154,,,,,11.76946587966986,10.706093189964156,31,
72310613744,USW00013744,diurnal,4,6.144885322679778,,,,,13.181621830002936,11.338888888888887,30,
72310613744,USW00013744,diurnal,5,4.964770301130664,,,,,11.116766970427566,10.45878136200717,31,
72310613744,USW00013744,diurnal,6,6.037119239989911,,,,,12.253076718705694,9.479629629629631,30,
72310613744,USW00013744,diurnal,7,4.5201655968263035,,,,,10.074963211078611,9.06989247311828,31,
72310613744,USW00013744,diurnal,8,4.7491577545006045,,,,,10.220301749152693,8.720430107526884,31,
72310613744,USW00013744,diurnal,9,4.1097129030615625,,,,,9.285520342376364,9.212962962962964,30,
72310613744,USW00013744,diurnal,10,5.913257436654537,,,,,13.389844976424946,10.005376344086022,31,
72310613744,USW00013744,diurnal,11,4.410497341116772,,,,,10.980983280177506,10.388888888888888,30,
72310613744,USW00013744,diurnal,12,4.168990356831336,,,,,11.0558094020503,8.956989247311828,31,
72311013873,USW00013873,annual,0,9.20144726277382,9.889989236486695,196.13491375451252,197.84581061915762,-1.7108968646450933,,,365,
72311013873,USW00013873,diurnal,1,4.205195053889083,,,,,10.290876922288001,8.49820788530466,31,
72311013873,USW00013873,diurnal,2,4.7060263073532775,,,,,11.194368447396478,9.023809523809522,29,
72311013873,USW00013873,diurnal,3,4.529650995008737,,,,,12.059884083161013,10.455197132616489,31,
72311013873,USW00013873,diurnal,4,5.187637840216166,,,,,11.262201023592318,10.940740740740745,30,
72311013873,USW00013873,diurnal,5,4.76249809532194,,,,,10.04521839924622,10.729390681003583,31,
72311013873,USW00013873,diurnal,6,5.448576721048294,,,,,11.475634259905627,9.894444444444446,30,
72311013873,USW00013873,diurnal,7,4.541350697214963,,,,,10.845840927716527,9.65591397849462,31,
72311013873,USW00013873,diurnal,8,5.129269910892725,,,,,11.41277121084801,9.503584229390682,31,
72311013873,USW00013873,diurnal,9,4.0876409722045155,,,,,9.13017523239808,9.775925925925927,27,
72311013873,USW00013873,diurnal,10,5.603394439383859,,,,,12.447167301439617,10.415770609318995,31,
72311013873,USW00013873,diurnal,11,4.022447721417887,,,,,9.71004644397275,10.188888888888888,30,
72311013873,USW00013873,diurnal,12,4.611244456505518,,,,,11.463224304633805,8.270609318996415,31,
72312003870,USW00003870,annual,0,9.419027675061239,10.071165979634475,194.03285301926965,198.1592909576509,-4.126437938381258,,,365,
72312003870,USW00003870,diurnal,1,3.7039159915100384,,,,,9.369648306803558,8.048387096774194,31,
72312003870,USW00003870,diurnal,2,4.905810164304979,,,,,11.624391953843087,8.712301587301587,29,
72312003870,USW00003870,diurnal,3,5.655023000104562,,,,,11.955358797462294,9.713261648745519,31,
72312003870,USW00003870,diurnal,4,5.357585866873191,,,,,13.266480262361142,10.237037037037036,30,
72312003870,USW00003870,diurnal,5,4.819172815577709,,,,,10.75643166225521,9.802867383512545,31,
72312003870,USW00003870,diurnal,6,5.327136972793253,,,,,11.918310197986026,9.462962962962962,30,
72312003870,USW00003870,diurnal,7,4.679309113572955,,,,,10.608575847012848,9.137992831541217,31,
72312003870,USW00003870,diurnal,8,4.942546811608749,,,,,10.48222821814542,8.799283154121863,31,
72312003870,USW00003870,diurnal,9,3.862771977857046,,,,,8.572120352649332,9.01851851851852,28,
72312003870,USW00003870,diurnal,10,5.7579107086745935,,,,,12.624800911043062,9.7168458781362,31,
72312003870,USW00003870,diurnal,11,3.974142928593679,,,,,9.946035722572368,9.38888888888889,30,
72312003870,USW00003870,diurnal,12,4.647215332404495,,,,,11.213273894726937,7.844086021505375,31,
72313993729,USW00093729,annual,0,8.278312173097692,9.313254490431607,208.18300923650403,208.31503453987776,-0.1320253033737231,,,353,
72313993729,USW00093729,diurnal,1,2.2784331371923208,,,,,6.571911183667121,3.0268817204301075,31,
72313993729,USW00093729,diurnal,2,1.463288258626827,,,,,4.968087359795469,3.371031746031746,29,
72313993729,USW00093729,diurnal,3,2.1767623938974636,,,,,6.177635528913175,3.666666666666666,31,
72313993729,USW00093729,diurnal,4,2.3277268040031265,,,,,5.870153583736236,4.0166666666666675,30,
72313993729,USW00093729,diurnal,5,2.5591701520855255,,,,,5.598119503194479,4.275985663082436,31,
72313993729,USW00093729,diurnal,6,2.786882749463171,,,,,6.7040281300026,4.242592592592593,30,
72313993729,USW00093729,diurnal,7,1.6791006251158995,,,,,4.083456253159309,3.9516129032258065,31,
72313993729,USW00093729,diurnal,8,1.8403883141066957,,,,,4.699600637709533,4.068100358422939,31,
72313993729,USW00093729,diurnal,9,1.7414781193188773,,,,,4.951945849798145,3.5833333333333326,30,
72313993729,USW00093729,diurnal,10,2.167871426008926,,,,,5.772960092904366,3.8494623655913975,31,
72313993729,USW00093729,diurnal,11,2.0691351011648864,,,,,5.726490942514969,3.424074074074073,29,
72313993729,USW00093729,diurnal,12,1.9021813659838915,,,,,5.816624288322,2.9444444444444433,31,
72314013881,USW00013881,annual,0,9.446296586663411,10.218709798173201,196.42880282580103,198.14098880842948,-1.712185982628455,,,365,
72314013881,USW00013881,diurnal,1,3.7468553633510555,,,,,9.85055953794864,8.066308243727597,31,
72314013881,USW00013881,diurnal,2,4.701374038614015,,,,,12.2044965743502,8.714285714285715,29,
72314013881,USW00013881,diurnal,3,5.0764683155240595,,,,,11.73893035106746,9.738351254480289,31,
72314013881,USW00013881,diurnal,4,4.561267016469324,,,,,10.855779896604163,10.338888888888887,30,
72314013881,USW00013881,diurnal,5,4.829350825935958,,,,,10.755884947171321,9.768817204301076,31,
72314013881,USW00013881,diurnal,6,4.629510240331188,,,,,9.969813844239262,9.387037037037038,30,
72314013881,USW00013881,diurnal,7,3.866893099341294,,,,,9.15519487712804,9.232974910394265,31,
72314013881,USW00013881,diurnal,8,4.654222513179327,,,,,10.318063494960029,8.982078853046595,31,
72314013881,USW00013881,diurnal,9,3.232047500264823,,,,,7.947707919666652,9.105555555555554,30,
72314013881,USW00013881,diurnal,10,5.695171977162858,,,,,12.221843015906993,9.878136200716845,31,
72314013881,USW00013881,diurnal,11,3.7033203171772566,,,,,9.406963499780286,9.733333333333333,30,
72314013881,USW00013881,diurnal,12,4.000593498871082,,,,,9.674695910030529,8.026881720430106,31,
72315003812,USW00003812,annual,0,8.988216622220133,9.939357359150314,194.54657814503264,198.1860091691362,-3.6394310241035726,,,365,
72315003812,USW00003812,diurnal,1,3.216982177901644,,,,,9.224565992905992,7.793906810035842,31,
72315003812,USW00003812,diurnal,2,6.0702776196197155,,,,,13.270101556706267,8.484126984126984,29,
72315003812,USW00003812,diurnal,3,4.729550280291679,,,,,11.687069640031583,9.724014336917563,31,
72315003812,USW00003812,diurnal,4,4.671505519370603,,,,,10.819461081575037,10.601851851851851,30,
72315003812,USW00003812,diurnal,5,4.529269225465267,,,,,10.804669192872389,10.21326164874552,31,
72315003812,USW00003812,diurnal,6,4.555820096772279,,,,,9.944411374965707,9.377777777777778,30,
72315003812,USW00003812,diurnal,7,3.425303424341246,,,,,8.658712083592437,8.838709677419352,31,
72315003812,USW00003812,diurnal,8,4.170907810041854,,,,,9.816642912346186,8.772401433691757,31,
72315003812,USW00003812,diurnal,9,3.288613703267984,,,,,8.31208164036433,9.407407407407408,28,
72315003812,USW00003812,diurnal,10,5.456929232212278,,,,,13.268981170240414,10.353046594982077,31,
72315003812,USW00003812,diurnal,11,3.397758657798756,,,,,9.084949196134005,9.905555555555553,30,
72315003812,USW00003812,diurnal,12,4.268136758013214,,,,,10.614974103102458,7.82795698924731,31,
72317013723,USW00013723,annual,0,9.694934668130466,10.61078324876712,195.62538198251062,198.51573313324826,-2.8903511507376436,,,365,
72317013723,USW00013723,diurnal,1,3.6665856597812625,,,,,8.953740400879333,7.354838709677419,31,
72317013723,USW00013723,diurnal,2,5.108778400310388,,,,,11.673175352504757,8.182539682539684,29,
72317013723,USW00013723,diurnal,3,4.405760205223843,,,,,10.710703961778053,9.200716845878139,31,
72317013723,USW00013723,diurnal,4,4.908241392346342,,,,,10.36309361768921,9.883333333333331,30,
72317013723,USW00013723,diurnal,5,4.434671588005682,,,,,10.092229211433832,9.324372759856631,31,
72317013723,USW00013723,diurnal,6,4.528921406447079,,,,,9.709392549189682,9.044444444444446,30,
72317013723,USW00013723,diurnal,7,3.8744051541424502,,,,,9.008203255957064,8.602150537634408,31,
72317013723,USW00013723,diurnal,8,4.142258126781513,,,,,9.555855933875474,8.422939068100357,31,
72317013723,USW00013723,diurnal,9,3.321933855669918,,,,,8.296803730817334,8.59074074074074,30,
72317013723,USW00013723,diurnal,10,5.492598109902035,,,,,10.610167033908823,9.417562724014337,31,
72317013723,USW00013723,diurnal,11,3.9740050412443093,,,,,10.00840824632209,9.1,30,
72317013723,USW00013723,diurnal,12,3.5832063473350675,,,,,9.864722346219374,7.383512544802867,31,
72320093801,USW00093801,annual,0,9.564180760401594,10.470422597730128,193.3545295849308,197.80122560342596,-4.4466960184951745,,,365,
72320093801,USW00093801,diurnal,1,3.446783007189649,,,,,8.973562914386221,8.61111111111111,30,
72320093801,USW00093801,diurnal,2,5.811355411437247,,,,,14.174945469201301,9.476190476190476,29,
72320093801,USW00093801,diurnal,3,3.7883033886366646,,,,,9.739569219430784,11.008960573476704,31,
72320093801,USW00093801,diurnal,4,5.058293293241036,,,,,11.858607821683705,12.022222222222219,30,
72320093801,USW00093801,diurnal,5,5.240942062660094,,,,,11.091318431726084,11.630824372759857,31,
72320093801,USW00093801,diurnal,6,5.272749384291609,,,,,10.933599771459294,10.52962962962963,30,
72320093801,USW00093801,diurnal,7,4.044150605680865,,,,,10.079130611464212,10.03225806451613,31,
72320093801,USW00093801,diurnal,8,5.541312530257175,,,,,12.763657907302097,10.324372759856633,31,
72320093801,USW00093801,diurnal,9,4.469952037807215,,,,,10.945310372455905,11.322222222222221,30,
72320093801,USW00093801,diurnal,10,6.73481205681907,,,,,15.306859260741925,11.865591397849464,31,
72320093801,USW00093801,diurnal,11,3.251771485003225,,,,,8.727238776096144,11.098148148148148,30,
72320093801,USW00093801,diurnal,12,4.974207793889519,,,,,11.62171016240152,8.329749103942651,30,
72323003856,USW00003856,annual,0,9.810767074977717,10.557974886895643,189.94456431777985,197.65807164752835,-7.713507329748495,,,365,
72323003856,USW00003856,diurnal,1,2.7913835855210274,,,,,8.098168573647593,6.815412186379929,31,
72323003856,USW00003856,diurnal,2,5.447653218098115,,,,,13.292869960746708,7.7638888888888875,29,
72323003856,USW00003856,diurnal,3,4.217824567314193,,,,,10.507528832663171,9.259856630824371,31,
72323003856,USW00003856,diurnal,4,4.898522870151551,,,,,10.692136256465833,10.09074074074074,30,
72323003856,USW00003856,diurnal,5,4.7915404391357646,,,,,10.906917599464954,9.99462365591398,31,
72323003856,USW00003856,diurnal,6,5.1254430734771805,,,,,11.06083149127026,9.348148148148146,30,
72323003856,USW00003856,diurnal,7,3.7243517160697803,,,,,9.767952909822998,9.03405017921147,31,
72323003856,USW00003856,diurnal,8,5.516125520631903,,,,,12.664251567557695,9.695340501792113,31,
72323003856,USW00003856,diurnal,9,4.337881846126605,,,,,9.922765338793322,10.318518518518518,30,
72323003856,USW00003856,diurnal,10,6.868641129007475,,,,,15.062995831520093,10.596774193548388,31,
72323003856,USW00003856,diurnal,11,3.906938451244631,,,,,8.639468074945137,9.153703703703705,30,
72323003856,USW00003856,diurnal,12,3.154989513936801,,,,,10.099511640161442,6.8315412186379945,31,
72323513896,USW00013896,annual,0,9.546034521888537,10.555664993170776,185.9919682544405,197.41158154770397,-11.419613293263467,,,365,
72323513896,USW00013896,diurnal,1,2.6079064737437867,,,,,8.000644170698198,7.0089605734767035,31,
72323513896,USW00013896,diurnal,2,5.533716470151355,,,,,14.405758885230423,7.880952380952381,29,
72323513896,USW00013896,diurnal,3,4.813139043813814,,,,,10.974019751384485,9.2831541218638,31,
72323513896,USW00013896,diurnal,4,4.039305418857568,,,,,9.662387217909197,10.087037037037039,30,
72323513896,USW00013896,diurnal,5,4.506839212161822,,,,,10.0847721427888,9.962365591397848,31,
72323513896,USW00013896,diurnal,6,4.879056794308031,,,,,11.024634694236553,9.655555555555555,30,
72323513896,USW00013896,diurnal,7,4.292753112873645,,,,,10.27180099773317,9.372759856630823,31,
72323513896,USW00013896,diurnal,8,5.648198636453406,,,,,12.933273867801969,9.883512544802866,31,
72323513896,USW00013896,diurnal,9,3.9512433552241593,,,,,9.92324211539776,10.692592592592591,30,
72323513896,USW00013896,diurnal,10,7.122213887688768,,,,,14.524547053928632,10.971326164874553,31,
72323513896,USW00013896,diurnal,11,3.49573058135522,,,,,8.212851041059118,9.568518518518518,30,
72323513896,USW00013896,diurnal,12,2.7606584708243678,,,,,9.36111998674528,7.00179211469534,30,
72324013882,USW00013882,annual,0,10.200481397716834,10.727839668982838,191.5473482176442,197.7076144754728,-6.160266257828596,,,365,
72324013882,USW00013882,diurnal,1,3.6981902671819005,,,,,9.094919470249875,7.206093189964159,31,
72324013882,USW00013882,diurnal,2,5.834178541963305,,,,,13.362455856357824,8.20436507936508,29,
72324013882,USW00013882,diurnal,3,3.6619477110742826,,,,,9.39928084350116,9.664874551971327,31,
72324013882,USW00013882,diurnal,4,4.48502300115441,,,,,10.256322892984034,10.618518518518519,30,
72324013882,USW00013882,diurnal,5,4.808092143668135,,,,,10.244019187259902,10.120071684587812,31,
72324013882,USW00013882,diurnal,6,4.925533360828248,,,,,10.480337910735042,9.318518518518518,30,
72324013882,USW00013882,diurnal,7,4.0367941658838005,,,,,9.33351481461299,8.90322580645161,31,
72324013882,USW00013882,diurnal,8,5.276199080956404,,,,,11.351109536215585,9.286738351254481,31,
72324013882,USW00013882,diurnal,9,4.153139369149244,,,,,10.016597476988595,9.746296296296295,30,
72324013882,USW00013882,diurnal,10,5.532677840329175,,,,,12.986506196624823,10.39426523297491,31,
72324013882,USW00013882,diurnal,11,3.1530461054251884,,,,,8.323207215558202,9.424074074074072,30,
72324013882,USW00013882,diurnal,12,3.945062715759523,,,,,9.595739856415953,7.168458781362008,31,
72326013891,USW00013891,annual,0,9.96922917663495,10.844130558490455,188.93793347098855,197.87532435000438,-8.937390879015823,,,365,
72326013891,USW00013891,diurnal,1,2.765625383365536,,,,,7.887160170209724,6.5358422939068115,31,
72326013891,USW00013891,diurnal,2,5.500402280754954,,,,,14.27164913740079,7.365079365079366,29,
72326013891,USW00013891,diurnal,3,5.56963699193447,,,,,12.532226295303186,8.876344086021508,31,
72326013891,USW00013891,diurnal,4,3.7582222494339472,,,,,9.862298841018667,9.71111111111111,30,
72326013891,USW00013891,diurnal,5,4.544759079854571,,,,,9.998500379952876,9.548387096774192,31,
72326013891,USW00013891,diurnal,6,4.862720359089604,,,,,10.977167153052031,9.040740740740743,30,
72326013891,USW00013891,diurnal,7,3.8158693706224898,,,,,10.101989360751805,8.698924731182794,31,
72326013891,USW00013891,diurnal,8,5.408752242312812,,,,,11.34507529147433,9.150537634408604,31,
72326013891,USW00013891,diurnal,9,4.788298008607078,,,,,10.862449886813543,9.742592592592594,30,
72326013891,USW00013891,diurnal,10,6.034287367743837,,,,,13.18188329730285,10.03225806451613,31,
72326013891,USW00013891,diurnal,11,3.5061040875793656,,,,,10.057555126131014,8.96111111111111,30,
72326013891,USW00013891,diurnal,12,4.110921640911468,,,,,10.307115384445277,6.7007168458781345,30,
72327013897,USW00013897,annual,0,10.229942128556363,11.234963651155107,186.60306705793815,198.02502767763548,-11.42196061969733,,,365,
72327013897,USW00013897,diurnal,1,2.425708425696597,,,,,7.464593190778311,6.177419354838709,31,
72327013897,USW00013897,diurnal,2,5.095433426800368,,,,,12.125469507704253,7.232142857142857,29,
72327013897,USW00013897,diurnal,3,4.472546545597441,,,,,11.691351625493203,8.704301075268818,31,
72327013897,USW00013897,diurnal,4,3.911103910379147,,,,,9.69746101366078,9.470370370370372,30,
72327013897,USW00013897,diurnal,5,5.017740247447084,,,,,10.791533759568356,9.351254480286737,31,
72327013897,USW00013897,diurnal,6,5.271503620607185,,,,,11.855657235961258,8.996296296296297,30,
72327013897,USW00013897,diurnal,7,4.2607414244299875,,,,,9.692337806615814,8.765232974910395,31,
72327013897,USW00013897,diurnal,8,5.121595156925889,,,,,11.112248752525847,9.116487455197134,31,
72327013897,USW00013897,diurnal,9,3.948372810879728,,,,,10.406044958834842,9.690740740740742,30,
72327013897,USW00013897,diurnal,10,6.72979341455029,,,,,14.87217582357773,9.838709677419354,31,
72327013897,USW00013897,diurnal,11,3.341227643643843,,,,,8.286007016870489,8.422222222222222,30,
72327013897,USW00013897,diurnal,12,3.189648688829721,,,,,8.404924613496028,6.111111111111111,31,
72330003975,USW00003975,annual,0,10.240111708799038,11.989423058826084,183.4918309972669,197.0619444864394,-13.570113489172485,,,365,
72330003975,USW00003975,diurnal,1,2.6084040126613934,,,,,6.90390093586389,6.387096774193547,31,
72330003975,USW00003975,diurnal,2,5.284508176528212,,,,,12.468567679673988,7.4821428571428585,29,
72330003975,USW00003975,diurnal,3,5.620113144226366,,,,,12.883064740302709,8.526881720430108,31,
72330003975,USW00003975,diurnal,4,4.394407195486847,,,,,10.776131726752865,9.437037037037037,30,
72330003975,USW00003975,diurnal,5,4.525182738654799,,,,,9.695602797897363,9.437275985663081,31,
72330003975,USW00003975,diurnal,6,5.127300444255656,,,,,10.828706336872704,9.61111111111111,30,
72330003975,USW00003975,diurnal,7,4.319582301126696,,,,,9.014900726409806,9.089605734767025,31,
72330003975,USW00003975,diurnal,8,5.040426624197791,,,,,11.07315593061405,9.686379928315413,31,
72330003975,USW00003975,diurnal,9,4.275620050634358,,,,,10.095003824269092,10.898148148148147,30,
72330003975,USW00003975,diurnal,10,7.60903996936184,,,,,15.824491187113246,10.969534050179213,31,
72330003975,USW00003975,diurnal,11,3.543656874910469,,,,,9.046692117870656,8.551851851851852,30,
72330003975,USW00003975,diurnal,12,2.6221325022589475,,,,,6.794791418725749,6.379928315412186,30,
72332093862,USW00093862,annual,0,9.58424617678407,10.662356297739803,186.0318345282262,197.6115950280412,-11.579760499814995,,,365,
72332093862,USW00093862,diurnal,1,3.169084036610756,,,,,9.551647132691812,7.345878136200716,31,
72332093862,USW00093862,diurnal,2,5.809210305843723,,,,,13.757074721436288,8.291666666666668,29,
72332093862,USW00093862,diurnal,3,5.4866156599765175,,,,,11.560915326163958,9.431899641577061,31,
72332093862,USW00093862,diurnal,4,4.477896077545998,,,,,10.964650443311506,10.064814814814815,30,
72332093862,USW00093862,diurnal,5,4.433958755492179,,,,,9.67728536148282,9.931899641577061,31,
72332093862,USW00093862,diurnal,6,5.033428188053399,,,,,11.171111060717857,9.4,30,
72332093862,USW00093862,diurnal,7,4.243294822209115,,,,,9.262871551640554,8.985663082437275,31,
72332093862,USW00093862,diurnal,8,5.688684931296791,,,,,11.969977705915397,9.439068100358423,31,
72332093862,USW00093862,diurnal,9,3.858419673790359,,,,,10.885481067811243,10.446296296296298,30,
72332093862,USW00093862,diurnal,10,7.685143511878989,,,,,16.19472565540089,10.774193548387096,31,
72332093862,USW00093862,diurnal,11,3.8899440556827525,,,,,9.628478981656045,9.511111111111113,30,
72332093862,USW00093862,diurnal,12,3.242271178819578,,,,,8.679676135878037,7.2293906810035855,30,
72334013893,USW00013893,annual,0,9.903052526296145,11.307966697871796,185.65865963215526,198.34012666535867,-12.681467033203404,,,365,
72334013893,USW00013893,diurnal,1,3.0999319784248023,,,,,8.999467462555454,5.989247311827957,31,
72334013893,USW00013893,diurnal,2,4.175196548082019,,,,,11.76568995530355,6.869047619047619,29,
72334013893,USW00013893,diurnal,3,3.9091620331939922,,,,,10.393416986144455,7.707885304659498,31,
72334013893,USW00013893,diurnal,4,3.125049905396911,,,,,8.805329503893223,8.307407407407407,30,
72334013893,USW00013893,diurnal,5,3.23815491524167,,,,,8.191010036927139,8.36021505376344,31,
72334013893,USW00013893,diurnal,6,4.094711349033588,,,,,9.396428129731408,8.274074074074074,30,
72334013893,USW00013893,diurnal,7,3.5789817740225516,,,,,8.562231769688871,7.922939068100358,31,
72334013893,USW00013893,diurnal,8,4.416081284786873,,,,,10.176082777654116,8.344086021505378,31,
72334013893,USW00013893,diurnal,9,3.618939223928515,,,,,8.467004570244814,9.072222222222221,30,
72334013893,USW00013893,diurnal,10,5.45540974229804,,,,,13.217436106782003,9.005376344086022,31,
72334013893,USW00013893,diurnal,11,3.155279305304932,,,,,7.493804686953439,7.607407407407408,30,
72334013893,USW00013893,diurnal,12,2.96250603158601,,,,,7.838370487322116,5.867383512544802,30,
72334603811,USW00003811,annual,0,9.67982894419703,11.071527185831853,180.41137143438718,196.5981715033542,-16.186800068967017,,,365,
72334603811,USW00003811,diurnal,1,2.5496324062162476,,,,,8.107000882319753,6.602150537634409,31,
72334603811,USW00003811,diurnal,2,5.037086736033119,,,,,12.5183563728966,7.466269841269841,29,
72334603811,USW00003811,diurnal,3,4.563533991530052,,,,,10.218541742415159,8.71146953405018,31,
72334603811,USW00003811,diurnal,4,4.021781657296719,,,,,9.961084281809596,9.624074074074075,30,
72334603811,USW00003811,diurnal,5,4.131658401485711,,,,,9.018819111655677,9.569892473118282,31,
72334603811,USW00003811,diurnal,6,5.21016866017715,,,,,11.48091487223282,9.575925925925924,30,
72334603811,USW00003811,diurnal,7,4.275318463921477,,,,,9.3047283786307,9.525089605734767,31,
72334603811,USW00003811,diurnal,8,5.96602637488558,,,,,11.708555424413653,10.193548387096772,31,
72334603811,USW00003811,diurnal,9,4.743171928312167,,,,,10.77747076658962,11.0,30,
72334603811,USW00003811,diurnal,10,7.3043821646864675,,,,,15.178012360469804,10.836917562724013,31,
72334603811,USW00003811,diurnal,11,3.036096700237855,,,,,7.734079357015996,8.822222222222225,30,
72334603811,USW00003811,diurnal,12,2.976333614737017,,,,,8.402930262316357,6.562724014336918,30,
72340313963,USW00013963,annual,0,10.023445997684899,11.23727292321552,186.13506050441785,198.13449455097043,-11.99943404655258,,,365,
72340313963,USW00013963,diurnal,1,3.481132224214329,,,,,8.613925714996554,7.318996415770608,31,
72340313963,USW00013963,diurnal,2,4.736888300075361,,,,,12.315155078495948,8.13888888888889,29,
72340313963,USW00013963,diurnal,3,4.386213250932026,,,,,9.987151064398716,8.933691756272403,31,
72340313963,USW00013963,diurnal,4,4.223205468332075,,,,,10.021323618768442,9.503703703703705,30,
72340313963,USW00013963,diurnal,5,3.9807591140300733,,,,,8.8681244913906,9.21863799283154,31,
72340313963,USW00013963,diurnal,6,4.756844928529635,,,,,10.161086973671605,9.025925925925925,30,
72340313963,USW00013963,diurnal,7,4.003292170185745,,,,,8.826013970693303,9.125448028673837,31,
72340313963,USW00013963,diurnal,8,5.374121284067293,,,,,11.292183314251158,9.456989247311828,31,
72340313963,USW00013963,diurnal,9,3.953074867055273,,,,,9.713547777099839,10.083333333333334,30,
72340313963,USW00013963,diurnal,10,6.700135719412294,,,,,14.628932076637845,10.220430107526878,31,
72340313963,USW00013963,diurnal,11,3.515826405500591,,,,,9.398864409545109,8.607407407407408,30,
72340313963,USW00013963,diurnal,12,2.4352911332639207,,,,,7.015545094198913,7.1756272401433705,31,
72340503930,USW00003930,annual,0,9.481016533638838,11.265472643261933,182.8388612283616,195.92014513161683,-13.08128390325524,,,365,
72340503930,USW00003930,diurnal,1,3.270424726439378,,,,,9.148079971619053,8.060931899641577,31,
72340503930,USW00003930,diurnal,2,5.689725334966761,,,,,13.471093234827578,8.906746031746033,29,
72340503930,USW00003930,diurnal,3,4.853473499249487,,,,,10.848111480228543,9.707885304659499,29,
72340503930,USW00003930,diurnal,4,4.516558432516343,,,,,10.327788792580272,10.418518518518518,28,
72340503930,USW00003930,diurnal,5,3.871818958638754,,,,,9.409854059249216,10.082437275985665,28,
72340503930,USW00003930,diurnal,6,5.235835906083625,,,,,11.255554752084674,9.946296296296294,29,
72340503930,USW00003930,diurnal,7,4.4255365412399845,,,,,9.444989957531494,9.81899641577061,28,
72340503930,USW00003930,diurnal,8,5.897194577607651,,,,,13.052646659522567,10.405017921146955,30,
72340503930,USW00003930,diurnal,9,4.07127977964531,,,,,9.754921595563054,11.225925925925926,17,
72340503930,USW00003930,diurnal,10,8.092214590879049,,,,,17.520972106979496,11.408602150537634,16,
72340503930,USW00003930,diurnal,11,4.05704293486512,,,,,10.921003393626986,9.555555555555555,30,
72340503930,USW00003930,diurnal,12,2.487309748463211,,,,,7.806376977829796,7.8620071684587804,31,
72341793988,USW00093988,annual,0,9.467793891962746,10.863881033941023,184.65211405708988,197.36607977311178,-12.713965716021903,,,365,
72341793988,USW00093988,diurnal,1,3.30095080812435,,,,,8.209496217039538,6.862007168458781,31,
72341793988,USW00093988,diurnal,2,4.251970872188273,,,,,10.643188797806255,7.718253968253968,29,
72341793988,USW00093988,diurnal,3,4.601830220891248,,,,,10.155753814481393,8.702508960573478,31,
72341793988,USW00093988,diurnal,4,4.6519938734088235,,,,,10.342434537017208,9.437037037037035,30,
72341793988,USW00093988,diurnal,5,4.258689098315544,,,,,9.55850751970645,9.224014336917564,28,
72341793988,USW00093988,diurnal,6,5.221097911947915,,,,,10.544701200359814,9.146296296296295,30,
72341793988,USW00093988,diurnal,7,4.603074038456111,,,,,9.149646785183336,9.175627240143369,30,
72341793988,USW00093988,diurnal,8,5.8542891809945665,,,,,12.284705336643643,9.75985663082437,31,
72341793988,USW00093988,diurnal,9,4.156400998151193,,,,,9.52827890887519,10.614814814814816,30,
72341793988,USW00093988,diurnal,10,7.400198821663249,,,,,16.79280284775605,10.593189964157705,31,
72341793988,USW00093988,diurnal,11,3.534643060705239,,,,,9.996776542780035,8.805555555555554,30,
72341793988,USW00093988,diurnal,12,2.28842895997304,,,,,6.442480849874171,6.888888888888889,29,
72341813977,USW00013977,annual,0,9.167284550634061,10.432700582801166,183.3781899989342,198.5099303564858,-15.131740357551593,,,365,
72341813977,USW00013977,diurnal,1,3.3958616942141364,,,,,8.540309399350875,7.349462365591397,31,
72341813977,USW00013977,diurnal,2,5.1175117163808235,,,,,11.184761272317992,7.876984126984126,29,
72341813977,USW00013977,diurnal,3,3.8641530815802043,,,,,9.08699112870007,9.014336917562725,31,
72341813977,USW00013977,diurnal,4,4.4215411647551734,,,,,10.038077761558847,9.418518518518516,30,
72341813977,USW00013977,diurnal,5,4.328347350155896,,,,,10.067465671688534,8.856630824372758,31,
72341813977,USW00013977,diurnal,6,5.107992048681709,,,,,11.27141368030378,8.87037037037037,30,
72341813977,USW00013977,diurnal,7,4.742497789590343,,,,,10.302337385787247,9.439068100358423,31,
72341813977,USW00013977,diurnal,8,5.728468162202178,,,,,12.1610060844924,10.057347670250895,31,
72341813977,USW00013977,diurnal,9,4.613679025125539,,,,,10.09186561251254,10.242592592592592,30,
72341813977,USW00013977,diurnal,10,7.2353232251629365,,,,,15.726788282675948,9.982078853046593,31,
72341813977,USW00013977,diurnal,11,4.872483183169436,,,,,12.063681698431814,8.527777777777779,30,
72341813977,USW00013977,diurnal,12,2.8422005714982586,,,,,7.590202156086965,7.372759856630825,30,
72341993992,USW00093992,annual,0,8.6181628611547,10.346557103337085,181.94695559577056,197.10013719485795,-15.15318159908739,,,365,
72341993992,USW00093992,diurnal,1,3.601031405448087,,,,,10.623573532306391,8.591397849462366,31,
72341993992,USW00093992,diurnal,2,5.892702210299663,,,,,13.91619214255115,9.291666666666666,29,
72341993992,USW00093992,diurnal,3,4.3877849790965655,,,,,10.583210640306211,10.456989247311826,31,
72341993992,USW00093992,diurnal,4,4.438766255016914,,,,,10.015230239898665,10.794444444444443,30,
72341993992,USW00093992,diurnal,5,4.152091949080278,,,,,9.314670688026126,10.270609318996414,31,
72341993992,USW00093992,diurnal,6,5.707807246713553,,,,,12.244826793645373,10.077777777777776,30,
72341993992,USW00093992,diurnal,7,4.813581149413448,,,,,10.77260875240475,10.084229390681006,29,
72341993992,USW00093992,diurnal,8,6.395561255752413,,,,,12.606510972009136,10.815412186379929,31,
72341993992,USW00093992,diurnal,9,5.280347284472974,,,,,11.435346369298337,11.35,30,
72341993992,USW00093992,diurnal,10,9.349231360792102,,,,,19.476306175683636,11.491039426523301,28,
72341993992,USW00093992,diurnal,11,4.254266947896983,,,,,10.647827613571831,10.083333333333334,27,
72341993992,USW00093992,diurnal,12,3.036634831474812,,,,,8.569346230779983,8.49820788530466,28,
72344013964,USW00013964,annual,0,10.474589122465224,11.68725125882017,187.04465746521686,197.62163726925286,-10.576979804036,,,365,
72344013964,USW00013964,diurnal,1,3.6614975694615173,,,,,9.264168440954,8.232974910394264,31,
72344013964,USW00013964,diurnal,2,6.445492852896361,,,,,14.396992294250554,9.113095238095237,29,
72344013964,USW00013964,diurnal,3,5.78634566501096,,,,,12.161512182346804,9.85125448028674,31,
72344013964,USW00013964,diurnal,4,4.505487302352364,,,,,10.665177414218839,10.177777777777777,30,
72344013964,USW00013964,diurnal,5,4.093815210965122,,,,,9.624199238830844,9.327956989247314,31,
72344013964,USW00013964,diurnal,6,5.186942317756671,,,,,10.969637050084609,9.238888888888887,30,
72344013964,USW00013964,diurnal,7,4.928624347676981,,,,,10.67557107843652,9.862007168458781,31,
72344013964,USW00013964,diurnal,8,5.389000071203561,,,,,11.329553498796884,10.32078853046595,31,
72344013964,USW00013964,diurnal,9,5.219056106615097,,,,,11.22992952009599,10.574074074074076,30,
72344013964,USW00013964,diurnal,10,7.6583556459886735,,,,,16.232121076216043,10.74731182795699,31,
72344013964,USW00013964,diurnal,11,5.098007772750604,,,,,11.751483054383684,9.427777777777777,30,
72344013964,USW00013964,diurnal,12,2.9819047553383964,,,,,9.726053613615191,7.944444444444445,31,
72344593993,USW00093993,annual,0,9.902723153824045,11.232444020850261,184.28895123260867,197.7938555640869,-13.50490433147823,,,365,
72344593993,USW00093993,diurnal,1,4.154831142960656,,,,,11.661813157101143,7.575268817204302,31,
72344593993,USW00093993,diurnal,2,6.584217512669406,,,,,15.757024982006754,8.666666666666668,29,
72344593993,USW00093993,diurnal,3,4.550528383349427,,,,,11.543114451329759,9.444444444444443,31,
72344593993,USW00093993,diurnal,4,4.009391365538063,,,,,10.343515392589612,9.881481481481483,30,
72344593993,USW00093993,diurnal,5,4.688057060458184,,,,,10.051105186944113,9.263440860215052,31,
72344593993,USW00093993,diurnal,6,5.744469989597544,,,,,11.920565404813633,9.350000000000001,30,
72344593993,USW00093993,diurnal,7,4.811528715631149,,,,,10.625731760422259,10.001792114695341,31,
72344593993,USW00093993,diurnal,8,5.419789687079197,,,,,11.519529776598823,10.695340501792113,31,
72344593993,USW00093993,diurnal,9,6.137548702068306,,,,,13.29197263092467,10.985185185185184,30,
72344593993,USW00093993,diurnal,10,9.068989243491963,,,,,19.352882178826604,10.557347670250895,31,
72344593993,USW00093993,diurnal,11,5.2500124700483495,,,,,13.273344345541677,8.68888888888889,30,
72344593993,USW00093993,diurnal,12,3.5341985808298846,,,,,9.427902526643365,7.532258064516129,31,
72349513987,USW00013987,annual,0,10.675927370180116,12.13613603024526,187.3063741922192,198.16457207421536,-10.858197881996148,,,365,
72349513987,USW00013987,diurnal,1,3.6322441034765207,,,,,9.488228656753066,6.835125448028673,31,
72349513987,USW00013987,diurnal,2,5.65098717315247,,,,,13.905469206339554,7.825396825396827,29,
72349513987,USW00013987,diurnal,3,4.571097730164328,,,,,10.813708028981893,8.817204301075272,31,
72349513987,USW00013987,diurnal,4,4.354584360094563,,,,,10.914408575284597,9.13888888888889,30,
72349513987,USW00013987,diurnal,5,5.01493022095773,,,,,10.829968233261436,8.777777777777779,31,
72349513987,USW00013987,diurnal,6,4.731471997415947,,,,,10.37395862917869,9.192592592592593,30,
72349513987,USW00013987,diurnal,7,4.69981255981827,,,,,9.960205292205796,9.521505376344084,31,
72349513987,USW00013987,diurnal,8,5.659812624251071,,,,,11.831898226243961,10.137992831541219,31,
72349513987,USW00013987,diurnal,9,6.503636603305974,,,,,13.108069971214238,10.037037037037036,30,
72349513987,USW00013987,diurnal,10,7.3057260363228655,,,,,15.532603242212637,9.537634408602152,31,
72349513987,USW00013987,diurnal,11,4.420155077371083,,,,,9.581984036326428,7.855555555555555,30,
72349513987,USW00013987,diurnal,12,3.9497072720566715,,,,,8.398825917964032,6.71863799283154,31,
72351013966,USW00013966,annual,0,10.932464776254047,11.885364289129278,194.4808957620335,198.9002296845147,-4.419333922481201,,,365,
72351013966,USW00013966,diurnal,1,3.932234838012997,,,,,10.765333428574595,10.335125448028673,31,
72351013966,USW00013966,diurnal,2,5.0523185252383955,,,,,13.386095774234938,10.74404761904762,29,
72351013966,USW00013966,diurnal,3,5.389030694434613,,,,,13.931047150307469,11.419354838709676,31,
72351013966,USW00013966,diurnal,4,5.204639776360894,,,,,12.761534819442979,11.331481481481484,30,
72351013966,USW00013966,diurnal,5,4.9627585963698335,,,,,11.30380539498816,10.820788530465947,31,
72351013966,USW00013966,diurnal,6,5.699572350009111,,,,,12.143758040750926,10.801851851851852,30,
72351013966,USW00013966,diurnal,7,6.077004340170625,,,,,13.213812115401776,11.79390681003584,31,
72351013966,USW00013966,diurnal,8,6.711951858415632,,,,,14.59837579685183,11.700716845878135,31,
72351013966,USW00013966,diurnal,9,7.137140721304735,,,,,15.07928831818925,11.116666666666669,30,
72351013966,USW00013966,diurnal,10,7.483832377071942,,,,,16.18455058240301,11.406810035842295,31,
72351013966,USW00013966,diurnal,11,6.131376345697958,,,,,14.234034385104447,10.52962962962963,30,
72351013966,USW00013966,diurnal,12,3.921365542259549,,,,,10.435399352699662,9.659498207885305,30,
72352593986,USW00093986,annual,0,11.566614995306669,12.75284241605334,195.59362613069587,199.80475924426256,-4.211133113566689,,,365,
72352593986,USW00093986,diurnal,1,4.380857250955621,,,,,10.781483495936602,10.548387096774196,31,
72352593986,USW00093986,diurnal,2,5.122131057515104,,,,,12.549763969281043,10.90873015873016,29,
72352593986,USW00093986,diurnal,3,5.61548100370442,,,,,13.858791581372305,11.483870967741938,31,
72352593986,USW00093986,diurnal,4,5.601417270660483,,,,,14.880336058856944,11.590740740740744,29,
72352593986,USW00093986,diurnal,5,5.314724884491763,,,,,11.681585213415175,11.40322580645161,30,
72352593986,USW00093986,diurnal,6,5.482512204787824,,,,,11.734535491087115,11.725925925925928,26,
72352593986,USW00093986,diurnal,7,6.194589992969921,,,,,13.231839498072386,12.362007168458781,31,
72352593986,USW00093986,diurnal,8,6.518361127364461,,,,,13.979141518854583,12.087813620071682,27,
72352593986,USW00093986,diurnal,9,6.895007536810806,,,,,14.656735737483485,11.305555555555554,29,
72352593986,USW00093986,diurnal,10,6.984640888296362,,,,,16.110764180996203,11.478494623655916,31,
72352593986,USW00093986,diurnal,11,5.374335997560069,,,,,12.708381990136495,10.396296296296297,30,
72352593986,USW00093986,diurnal,12,4.362159620605018,,,,,10.564244963470058,9.589605734767025,31,
72353013967,USW00013967,annual,0,11.046171005518685,12.034993999867966,190.24471847151514,198.6478285925517,-8.403110121036548,,,365,
72353013967,USW00013967,diurnal,1,4.279882267003525,,,,,10.98791928459607,8.930107526881722,31,
72353013967,USW00013967,diurnal,2,4.812693818617677,,,,,12.134157740780298,9.454365079365077,29,
72353013967,USW00013967,diurnal,3,4.5572951469058305,,,,,11.814844502524762,10.005376344086022,31,
72353013967,USW00013967,diurnal,4,4.912204139532911,,,,,12.420320061518208,9.924074074074076,30,
72353013967,USW00013967,diurnal,5,4.219534716990302,,,,,9.810660328282797,9.272401433691757,31,
72353013967,USW00013967,diurnal,6,5.328164103634281,,,,,10.959424345744967,9.716666666666667,30,
72353013967,USW00013967,diurnal,7,5.6159080681050515,,,,,12.43816857223382,10.88888888888889,31,
72353013967,USW00013967,diurnal,8,5.817766226690982,,,,,12.408769763696224,10.9336917562724,31,
72353013967,USW00013967,diurnal,9,6.350400362957934,,,,,14.025457691205649,10.196296296296298,30,
72353013967,USW00013967,diurnal,10,6.625037562958257,,,,,14.836967546672685,10.195340501792115,31,
72353013967,USW00013967,diurnal,11,5.445031018593566,,,,,12.309344820784794,9.36111111111111,30,
72353013967,USW00013967,diurnal,12,3.9368962466168345,,,,,11.653039750876111,8.272401433691757,30,
72354013919,USW00013919,annual,0,10.507030784998733,11.822001078959747,189.60970727190622,198.73954451815388,-9.12983724624766,,,365,
72354013919,USW00013919,diurnal,1,4.14048298037731,,,,,9.909294349677719,8.71326164874552,30,
72354013919,USW00013919,diurnal,2,4.8949990411604,,,,,11.011110119221094,9.091269841269842,28,
72354013919,USW00013919,diurnal,3,4.662867190165665,,,,,10.920594108042273,9.740143369175625,30,
72354013919,USW00013919,diurnal,4,5.210624653361231,,,,,12.025383959401129,9.555555555555555,30,
72354013919,USW00013919,diurnal,5,4.13912599301939,,,,,9.705736305080382,8.68637992831541,29,
72354013919,USW00013919,diurnal,6,4.879173701047301,,,,,10.81504729881252,8.924074074074074,29,
72354013919,USW00013919,diurnal,7,5.092356310263488,,,,,10.512081194993486,10.186379928315414,28,
72354013919,USW00013919,diurnal,8,5.273731920258706,,,,,11.520799743624893,10.410394265232975,30,
72354013919,USW00013919,diurnal,9,6.2117498808631435,,,,,13.150317015165395,9.58148148148148,30,
72354013919,USW00013919,diurnal,10,6.412663703744115,,,,,13.992551715039479,9.641577060931901,31,
72354013919,USW00013919,diurnal,11,5.185932752301141,,,,,11.524717122774945,8.814814814814815,30,
72354013919,USW00013919,diurnal,12,3.524978882346055,,,,,10.199622705940836,7.9229390681003595,29,
72354403954,USW00003954,annual,0,11.307313410658134,12.366709295322325,192.01798340753263,198.91638210722067,-6.898398699688045,,,365,
72354403954,USW00003954,diurnal,1,4.51029267383003,,,,,11.17028875412694,8.53405017921147,31,
72354403954,USW00003954,diurnal,2,4.862784694299459,,,,,10.972069680096965,9.152777777777777,29,
72354403954,USW00003954,diurnal,3,4.653495534543018,,,,,11.689247059446348,9.630824372759855,31,
72354403954,USW00003954,diurnal,4,5.105977118520878,,,,,11.80608952139253,9.546296296296298,30,
72354403954,USW00003954,diurnal,5,4.539656816059279,,,,,10.25091314164456,9.010752688172042,31,
72354403954,USW00003954,diurnal,6,5.1597651409320235,,,,,10.826868463283063,9.185185185185185,30,
72354403954,USW00003954,diurnal,7,5.237924075023143,,,,,11.632780037465402,10.073476702508959,31,
72354403954,USW00003954,diurnal,8,5.105278957624304,,,,,11.365874790198866,10.082437275985665,31,
72354403954,USW00003954,diurnal,9,5.7964645323887565,,,,,13.05410628119739,9.62962962962963,30,
72354403954,USW00003954,diurnal,10,6.224065589157025,,,,,14.134308908121668,9.655913978494622,31,
72354403954,USW00003954,diurnal,11,4.602948563353672,,,,,10.462829251288824,8.970370370370368,30,
72354403954,USW00003954,diurnal,12,3.6524940379602135,,,,,10.11075662829748,7.8620071684587804,30,
72356013968,USW00013968,annual,0,11.120733394569456,12.265931605119931,186.7281438647934,198.04381200582054,-11.315668141027146,,,365,
72356013968,USW00013968,diurnal,1,4.319654387007404,,,,,9.566997861046332,7.969534050179211,31,
72356013968,USW00013968,diurnal,2,4.494261449856972,,,,,12.864877283826633,8.83531746031746,29,
72356013968,USW00013968,diurnal,3,5.001807796021895,,,,,12.046138655911623,9.315412186379929,31,
72356013968,USW00013968,diurnal,4,4.662136243358834,,,,,11.479197576776592,9.342592592592592,30,
72356013968,USW00013968,diurnal,5,4.3139970483602275,,,,,10.131300628837408,8.614695340501791,31,
72356013968,USW00013968,diurnal,6,4.509404790311823,,,,,10.421522076760652,8.762962962962964,30,
72356013968,USW00013968,diurnal,7,4.605338019461399,,,,,10.586616814601786,9.320788530465949,31,
72356013968,USW00013968,diurnal,8,4.588914125307838,,,,,10.43349415026805,10.00716845878136,31,
72356013968,USW00013968,diurnal,9,6.0679800858010555,,,,,13.63584642536745,9.916666666666664,30,
72356013968,USW00013968,diurnal,10,6.618361909399549,,,,,15.597432891634597,9.862007168458783,31,
72356013968,USW00013968,diurnal,11,4.8439612574035396,,,,,11.167143292799885,8.7,30,
72356013968,USW00013968,diurnal,12,3.8106607114062574,,,,,10.772829241691745,7.480286738351254,30,
72356693950,USW00093950,annual,0,9.760654784065068,11.253925742964448,187.2967914244709,198.29142788284182,-10.994636458370906,,,365,
72356693950,USW00093950,diurnal,1,3.8204437056225373,,,,,10.429473489739184,8.030465949820789,31,
72356693950,USW00093950,diurnal,2,4.628763437648132,,,,,11.094951970340269,8.634920634920636,29,
72356693950,USW00093950,diurnal,3,4.191224009993774,,,,,9.725520661831613,9.125448028673834,31,
72356693950,USW00093950,diurnal,4,4.588532897543563,,,,,10.225965658783512,9.433333333333334,30,
72356693950,USW00093950,diurnal,5,3.8081248501596647,,,,,9.872573486447504,8.627240143369177,31,
72356693950,USW00093950,diurnal,6,4.670727002992182,,,,,10.444281400471782,8.755555555555555,30,
72356693950,USW00093950,diurnal,7,4.483991251618588,,,,,10.083200045149663,9.698924731182794,31,
72356693950,USW00093950,diurnal,8,5.184850119695987,,,,,11.945866309148279,10.39247311827957,31,
72356693950,USW00093950,diurnal,9,6.346717786496434,,,,,13.80820589231268,10.307407407407407,30,
72356693950,USW00093950,diurnal,10,7.149208019045916,,,,,17.10028279010252,10.137992831541219,31,
72356693950,USW00093950,diurnal,11,5.876012618848101,,,,,12.534871946184312,8.683333333333334,30,
72356693950,USW00093950,diurnal,12,3.604882133103686,,,,,9.429876700568583,7.602150537634407,30,
72360023051,USW00023051,annual,0,11.16414561251682,11.448568533497536,190.02767255980925,201.13893116592536,-11.11125860611611,,,365,
72360023051,USW00023051,diurnal,1,4.7203179046866435,,,,,11.853998287020593,10.232974910394265,31,
72360023051,USW00023051,diurnal,2,6.284637200815213,,,,,14.325383077848002,11.305555555555555,29,
72360023051,USW00023051,diurnal,3,6.4521677188466535,,,,,14.705524329434716,12.320788530465952,31,
72360023051,USW00023051,diurnal,4,7.833836319145767,,,,,16.65596540170543,12.696296296296294,29,
72360023051,USW00023051,diurnal,5,7.58069545748779,,,,,15.795418942139763,13.229390681003583,30,
72360023051,USW00023051,diurnal,6,6.7391587907208255,,,,,15.794241163863228,13.738888888888889,30,
72360023051,USW00023051,diurnal,7,7.15264642119795,,,,,14.754064578633377,13.198924731182794,31,
72360023051,USW00023051,diurnal,8,6.794614759499774,,,,,15.047572510798794,12.4910394265233,31,
72360023051,USW00023051,diurnal,9,7.334901894759968,,,,,15.55967688262645,12.350000000000001,29,
72360023051,USW00023051,diurnal,10,6.718944903712853,,,,,15.044847962326273,12.048387096774192,31,
72360023051,USW00023051,diurnal,11,4.849162052271361,,,,,11.87313728259496,11.105555555555554,30,
72360023051,USW00023051,diurnal,12,5.322509798615863,,,,,12.835774598448449,9.74910394265233,31,
72362723081,USW00023081,annual,0,12.722878829416072,12.08895713471902,198.3401018668579,199.1631284974352,-0.8230266305772886,,,365,
72362723081,USW00023081,diurnal,1,5.825695047978487,,,,,14.060989358089913,14.15591397849462,26,
72362723081,USW00023081,diurnal,2,8.050935423963685,,,,,17.489605763204878,14.47222222222222,29,
72362723081,USW00023081,diurnal,3,7.2710957426901315,,,,,17.034544735973025,16.64516129032258,31,
72362723081,USW00023081,diurnal,4,9.510443642094527,,,,,20.975596755894202,17.694444444444446,30,
72362723081,USW00023081,diurnal,5,10.00279499118083,,,,,21.818999888924058,18.327956989247316,30,
72362723081,USW00023081,diurnal,6,8.605204054594687,,,,,19.78097170123219,19.866666666666667,30,
72362723081,USW00023081,diurnal,7,8.259118072508324,,,,,18.816581975819414,15.888888888888893,31,
72362723081,USW00023081,diurnal,8,6.681413718675235,,,,,16.66665712749066,15.38709677419355,31,
72362723081,USW00023081,diurnal,9,10.549858157149181,,,,,22.1309071815314,17.274074074074075,30,
72362723081,USW00023081,diurnal,10,12.140492411425225,,,,,25.08276552631811,18.093189964157705,31,
72362723081,USW00023081,diurnal,11,8.68659639873005,,,,,19.08175532098301,16.76851851851852,30,
72362723081,USW00023081,diurnal,12,10.757995732439525,,,,,23.066990696690496,13.899641577060933,31,
72363023047,USW00023047,annual,0,11.953365459830783,11.928595856993057,194.63186984783454,199.18345536220696,-4.5515855143724195,,,365,
72363023047,USW00023047,diurnal,1,4.945719083931227,,,,,13.864068671092934,11.722222222222221,31,
72363023047,USW00023047,diurnal,2,6.26953557783471,,,,,15.032928866116766,12.410714285714288,29,
72363023047,USW00023047,diurnal,3,6.836295202168114,,,,,16.09112018318435,13.584229390681003,31,
72363023047,USW00023047,diurnal,4,7.141611910066086,,,,,16.78574802763341,13.477777777777778,30,
72363023047,USW00023047,diurnal,5,7.40106703000558,,,,,16.02763677649267,13.227598566308243,31,
72363023047,USW00023047,diurnal,6,5.8347971320133505,,,,,13.757211829227206,13.00740740740741,30,
72363023047,USW00023047,diurnal,7,6.996408147207724,,,,,14.962974460355337,12.675627240143369,30,
72363023047,USW00023047,diurnal,8,7.065515690114134,,,,,15.397703744486908,12.11469534050179,31,
72363023047,USW00023047,diurnal,9,7.471833172454074,,,,,16.102186256462495,12.153703703703703,28,
72363023047,USW00023047,diurnal,10,7.505385857377578,,,,,17.823968292247947,12.715053763440862,31,
72363023047,USW00023047,diurnal,11,5.919770538847253,,,,,13.369549708747359,12.135185185185183,30,
72363023047,USW00023047,diurnal,12,6.00622357498131,,,,,14.088127990811891,11.06989247311828,31,
72365023050,USW00023050,annual,0,11.972431300787575,11.885525592778894,198.0699401377649,198.9108275343526,-0.8408873965877035,,,365,
72365023050,USW00023050,diurnal,1,4.356055610249753,,,,,12.09542284075288,10.141577060931901,31,
72365023050,USW00023050,diurnal,2,5.654317371427564,,,,,13.00231820995328,11.315476190476188,29,
72365023050,USW00023050,diurnal,3,5.72421447272652,,,,,13.240331187131346,12.206093189964157,31,
72365023050,USW00023050,diurnal,4,6.687453698693869,,,,,15.524087635087074,12.699999999999998,30,
72365023050,USW00023050,diurnal,5,6.668310812690893,,,,,14.813347524144206,12.874551971326165,31,
72365023050,USW00023050,diurnal,6,6.213074809177115,,,,,15.271380945757322,13.335185185185187,30,
72365023050,USW00023050,diurnal,7,6.302341283623192,,,,,13.864784708658153,11.582437275985667,31,
72365023050,USW00023050,diurnal,8,5.236106356969494,,,,,12.715800852614976,11.31362007168459,31,
72365023050,USW00023050,diurnal,9,6.124848484402813,,,,,13.997886274172675,11.457407407407405,30,
72365023050,USW00023050,diurnal,10,6.280376861502248,,,,,14.189841926115522,11.582437275985663,31,
72365023050,USW00023050,diurnal,11,4.9637403761270935,,,,,12.458125687828694,10.711111111111112,30,
72365023050,USW00023050,diurnal,12,5.502576666257296,,,,,13.16150551188087,9.444444444444443,31,
72365823090,USW00023090,annual,0,13.094463282950684,12.94177183026204,198.13331041210813,197.88292829625405,0.2503821158540802,,,365,
72365823090,USW00023090,diurnal,1,4.268123016757951,,,,,9.82516073660868,11.025089605734768,23,
72365823090,USW00023090,diurnal,2,6.497757188053455,,,,,13.981469554993023,12.16666666666667,29,
72365823090,USW00023090,diurnal,3,6.5623022086457965,,,,,14.314202488671022,14.008960573476703,31,
72365823090,USW00023090,diurnal,4,8.510235516051406,,,,,18.822203328708575,14.898148148148147,30,
72365823090,USW00023090,diurnal,5,8.73479001347578,,,,,19.073890301856274,15.92652329749104,31,
72365823090,USW00023090,diurnal,6,8.531589632132567,,,,,19.23984816881794,17.696296296296296,30,
72365823090,USW00023090,diurnal,7,7.534881952723614,,,,,16.84026162711575,15.333333333333332,31,
72365823090,USW00023090,diurnal,8,6.269455454390622,,,,,14.811829421630268,14.808243727598565,22,
72365823090,USW00023090,diurnal,9,8.101777206773338,,,,,17.588160813426946,15.362962962962962,30,
72365823090,USW00023090,diurnal,10,8.898893773625248,,,,,19.13533791707855,14.908602150537634,31,
72365823090,USW00023090,diurnal,11,6.120221391502037,,,,,14.754483202672935,13.253703703703703,30,
72365823090,USW00023090,diurnal,12,7.083991566708438,,,,,16.13777459762048,10.54121863799283,30,
72370093167,USW00093167,annual,0,13.09306998349911,12.076813858193361,200.9472874583593,203.30210200110935,-2.3548145427500344,,,365,
72370093167,USW00093167,diurnal,1,5.550692446369545,,,,,13.490767543968884,11.211469534050183,31,
72370093167,USW00093167,diurnal,2,5.257487542471002,,,,,12.21781161751839,11.583333333333334,29,
72370093167,USW00093167,diurnal,3,4.616097899964851,,,,,11.67936855963936,12.709677419354836,31,
72370093167,USW00093167,diurnal,4,6.9613879031045105,,,,,15.556470562425828,13.998148148148148,30,
72370093167,USW00093167,diurnal,5,6.99182705273432,,,,,15.247417982106956,14.412186379928313,31,
72370093167,USW00093167,diurnal,6,6.781215456723896,,,,,15.22614329112829,14.964814814814815,30,
72370093167,USW00093167,diurnal,7,6.335405016011926,,,,,15.0462770943547,12.872759856630825,31,
72370093167,USW00093167,diurnal,8,5.609570242132409,,,,,13.482756133630424,12.577060931899641,31,
72370093167,USW00093167,diurnal,9,7.394941342194292,,,,,16.134410168241132,13.670370370370371,30,
72370093167,USW00093167,diurnal,10,7.745911668952007,,,,,16.713557174733776,14.107526881720428,31,
72370093167,USW00093167,diurnal,11,5.9532950755880965,,,,,13.525766188544512,12.95185185185185,30,
72370093167,USW00093167,diurnal,12,6.433598929337301,,,,,15.194579289946839,10.937275985663083,31,
72371003162,USW00003162,annual,0,13.937683819676232,13.394960781842261,196.68440484111034,198.53726226263325,-1.8528574215229128,,,365,
72371003162,USW00003162,diurnal,1,3.3251949782044044,,,,,9.453934697205352,7.360215053763443,31,
72371003162,USW00003162,diurnal,2,4.07008163256462,,,,,10.055292260492951,8.744047619047619,29,
72371003162,USW00003162,diurnal,3,4.419967815275913,,,,,10.408903101662364,10.222222222222223,31,
72371003162,USW00003162,diurnal,4,5.604315109663819,,,,,13.481417503791313,11.022222222222224,30,
72371003162,USW00003162,diurnal,5,6.0978105225718515,,,,,14.190075385642018,11.607526881720432,31,
72371003162,USW00003162,diurnal,6,5.735488395634405,,,,,14.164925323712904,12.888888888888891,30,
72371003162,USW00003162,diurnal,7,6.218825718767137,,,,,13.919157265406422,11.57168458781362,31,
72371003162,USW00003162,diurnal,8,5.283189104046385,,,,,12.49559583426781,11.254480286738351,31,
72371003162,USW00003162,diurnal,9,5.841298230018572,,,,,13.766377415623003,11.355555555555554,26,
72371003162,USW00003162,diurnal,10,5.154740936531478,,,,,12.293492645375206,10.664874551971325,27,
72371003162,USW00003162,diurnal,11,4.220413511945016,,,,,10.874899760324135,8.833333333333334,30,
72371003162,USW00003162,diurnal,12,4.123872167354268,,,,,10.183788054305015,6.81899641577061,30,
72372323184,USW00023184,annual,0,11.804103783185365,11.022362600539012,200.3887822403584,203.00260117716104,-2.6138189368026303,,,365,
72372323184,USW00023184,diurnal,1,6.073563037894653,,,,,13.926054734866835,12.578853046594983,31,
72372323184,USW00023184,diurnal,2,5.505976194737113,,,,,14.04211259557595,12.5218253968254,29,
72372323184,USW00023184,diurnal,3,5.210605981801792,,,,,11.923808569864919,13.279569892473113,31,
72372323184,USW00023184,diurnal,4,7.387224420971698,,,,,15.92003317018489,13.977777777777778,30,
72372323184,USW00023184,diurnal,5,7.533577355711448,,,,,16.647100512986,14.374551971326165,30,
72372323184,USW00023184,diurnal,6,7.0930397228589515,,,,,15.341167223231956,15.28888888888889,30,
72372323184,USW00023184,diurnal,7,6.898349372134625,,,,,16.220416802445566,12.370967741935486,31,
72372323184,USW00023184,diurnal,8,5.612038394220415,,,,,12.87608569452982,12.03046594982079,31,
72372323184,USW00023184,diurnal,9,7.870984616085493,,,,,16.46308752709587,13.605555555555553,30,
72372323184,USW00023184,diurnal,10,8.438732519204757,,,,,17.79021704048627,14.801075268817202,31,
72372323184,USW00023184,diurnal,11,6.793396883907594,,,,,15.46862659496627,14.031481481481483,30,
72372323184,USW00023184,diurnal,12,7.600182575804801,,,,,17.13741555309172,12.010752688172042,29,
72374023194,USW00023194,annual,0,13.092289340798153,12.544083787243277,198.91222428396202,199.03952995501234,-0.12730567105032264,,,365,
72374023194,USW00023194,diurnal,1,5.820108073071703,,,,,14.412580909290998,13.661290322580646,31,
72374023194,USW00023194,diurnal,2,7.226791089813739,,,,,15.824106445988196,14.761904761904761,29,
72374023194,USW00023194,diurnal,3,5.898797333821289,,,,,14.080166438953002,15.897849462365592,31,
72374023194,USW00023194,diurnal,4,8.456740414671007,,,,,18.708209123921442,16.72407407407407,30,
72374023194,USW00023194,diurnal,5,8.732874341671788,,,,,18.85327212527221,17.159498207885306,30,
72374023194,USW00023194,diurnal,6,8.609497950152157,,,,,19.44817317868653,18.492592592592594,30,
72374023194,USW00023194,diurnal,7,7.4174658470418136,,,,,17.305320012047932,14.78494623655914,31,
72374023194,USW00023194,diurnal,8,7.0079908649200044,,,,,16.007480694578508,14.134408602150538,31,
72374023194,USW00023194,diurnal,9,9.062182739866358,,,,,19.16140951619022,15.787037037037036,30,
72374023194,USW00023194,diurnal,10,9.704694474876534,,,,,21.068477337527067,16.80824372759857,23,
72374023194,USW00023194,diurnal,11,7.895067680391745,,,,,17.881784561472344,15.61111111111111,30,
72374023194,USW00023194,diurnal,12,8.129983848756481,,,,,18.888282965994946,12.860215053763442,30,
72378303195,USW00003195,annual,0,11.665883859865007,11.04029390566701,198.69095178094872,202.48656357452091,-3.795611793572192,,,365,
72378303195,USW00003195,diurnal,1,6.569432933415138,,,,,15.188480385286635,13.057347670250898,31,
72378303195,USW00003195,diurnal,2,5.9986788190481,,,,,14.525918758488247,13.34722222222222,29,
72378303195,USW00003195,diurnal,3,5.095443121720544,,,,,12.342997644186163,15.170250896057347,31,
72378303195,USW00003195,diurnal,4,11.33574011694766,,,,,22.452461341942374,16.96851851851852,30,
72378303195,USW00003195,diurnal,5,11.121722928870557,,,,,23.016592136896897,18.910394265232974,31,
72378303195,USW00003195,diurnal,6,11.282274273273675,,,,,23.264294938343397,21.855555555555558,30,
72378303195,USW00003195,diurnal,7,10.087639036300347,,,,,21.703333819417313,17.17383512544803,31,
72378303195,USW00003195,diurnal,8,7.074151646282861,,,,,16.918817557044505,16.10931899641577,31,
72378303195,USW00003195,diurnal,9,10.993581837974363,,,,,22.110802119363996,17.162962962962965,30,
72378303195,USW00003195,diurnal,10,11.62955239462031,,,,,23.25548830571597,17.258064516129032,31,
72378303195,USW00003195,diurnal,11,8.640928557810554,,,,,17.655234445909876,15.457407407407405,30,
72378303195,USW00003195,diurnal,12,9.747566414814353,,,,,20.65083524075494,13.089605734767028,31,
72381523161,USW00023161,annual,0,12.805775126696448,11.907503460474244,203.43279169845488,202.6561431345323,0.7766485639225778,,,365,
72381523161,USW00023161,diurnal,1,5.142276729036576,,,,,12.070910794629707,11.9336917562724,31,
72381523161,USW00023161,diurnal,2,5.511191763792659,,,,,11.353514586784824,12.200396825396824,29,
72381523161,USW00023161,diurnal,3,5.226243073601736,,,,,11.806959559332341,13.168458781362009,31,
72381523161,USW00023161,diurnal,4,7.356830185246748,,,,,15.641669944841919,13.877777777777776,30,
72381523161,USW00023161,diurnal,5,7.339789945021067,,,,,16.691940638790125,14.781362007168457,30,
72381523161,USW00023161,diurnal,6,7.532076365229798,,,,,17.102470244441612,16.098148148148148,30,
72381523161,USW00023161,diurnal,7,7.316318130313305,,,,,16.231638072568835,15.483870967741938,31,
72381523161,USW00023161,diurnal,8,7.520472317831323,,,,,16.775723885083558,15.32616487455197,31,
72381523161,USW00023161,diurnal,9,7.624462916878015,,,,,16.49837096441979,15.237037037037036,30,
72381523161,USW00023161,diurnal,10,7.675961279672724,,,,,16.10784975435622,14.48924731182796,31,
72381523161,USW00023161,diurnal,11,6.220188557313378,,,,,13.631631490623239,13.03888888888889,30,
72381523161,USW00023161,diurnal,12,6.949508695511091,,,,,15.525799464035963,11.557347670250897,31,
72381603159,USW00003159,annual,0,11.605537382421051,11.070845077965123,203.04515013115042,203.5039852514501,-0.4588351202996819,,,365,
72381603159,USW00003159,diurnal,1,5.424659972172135,,,,,12.630069417531319,13.150537634408598,31,
72381603159,USW00003159,diurnal,2,3.983810111444516,,,,,8.82701147308086,12.569444444444445,29,
72381603159,USW00003159,diurnal,3,4.806024684766806,,,,,10.173133401975779,13.232974910394265,31,
72381603159,USW00003159,diurnal,4,6.462159398842676,,,,,14.976173653930253,13.457407407407407,30,
72381603159,USW00003159,diurnal,5,6.64782505682791,,,,,15.154119529470673,13.842293906810037,30,
72381603159,USW00003159,diurnal,6,6.15565162790363,,,,,13.309194796450972,14.844444444444445,30,
72381603159,USW00003159,diurnal,7,7.2414538007262435,,,,,16.195216755979327,15.25806451612903,31,
72381603159,USW00003159,diurnal,8,7.297805323499311,,,,,16.623767657398712,16.372759856630825,31,
72381603159,USW00003159,diurnal,9,8.823073829857965,,,,,19.16676030273684,17.31851851851852,30,
72381603159,USW00003159,diurnal,10,9.994257646620595,,,,,21.4922087163068,16.92293906810036,31,
72381603159,USW00003159,diurnal,11,7.242848103675449,,,,,16.89179733639986,15.107407407407408,30,
72381603159,USW00003159,diurnal,12,7.6071484047800215,,,,,18.785857774284178,13.003584229390684,29,
72384023155,USW00023155,annual,0,11.086076607380008,10.037613297835058,203.98075217044249,204.27223360690925,-0.2914814364667677,,,365,
72384023155,USW00023155,diurnal,1,3.3679584838294088,,,,,8.731426039497117,7.987455197132617,31,
72384023155,USW00023155,diurnal,2,3.5232448194359955,,,,,8.99128269963899,9.40873015873016,29,
72384023155,USW00023155,diurnal,3,4.749765954491394,,,,,11.984613969741384,10.854838709677418,31,
72384023155,USW00023155,diurnal,4,6.028348136492834,,,,,14.15965430208218,12.127777777777778,30,
72384023155,USW00023155,diurnal,5,6.496096953641423,,,,,14.192888448674767,12.980286738351255,30,
72384023155,USW00023155,diurnal,6,6.786493852548569,,,,,14.990390662638255,13.912962962962967,30,
72384023155,USW00023155,diurnal,7,6.868221559802127,,,,,14.483955104266322,13.775985663082436,31,
72384023155,USW00023155,diurnal,8,6.739309780987987,,,,,14.861626976780691,13.763440860215052,31,
72384023155,USW00023155,diurnal,9,6.363394129433246,,,,,14.73191014938136,13.298148148148151,30,
72384023155,USW00023155,diurnal,10,6.15862192803793,,,,,14.20119169297407,12.272401433691757,31,
72384023155,USW00023155,diurnal,11,4.3349626894668285,,,,,11.905178682830332,10.08148148148148,30,
72384023155,USW00023155,diurnal,12,4.164942695937934,,,,,10.70101974108814,8.317204301075268,31,
72386023169,USW00023169,annual,0,14.367231498650208,12.743106369532459,201.40209943261777,201.09304392013638,0.3090555124813932,,,365,
72386023169,USW00023169,diurnal,1,3.918835260323498,,,,,9.013964322390338,8.969534050179211,31,
72386023169,USW00023169,diurnal,2,3.831032397122165,,,,,8.902340784940982,9.357142857142858,29,
72386023169,USW00023169,diurnal,3,3.760447928148243,,,,,9.700274149164548,10.259856630824371,31,
72386023169,USW00023169,diurnal,4,5.089734776376789,,,,,12.118879183496123,10.74259259259259,30,
72386023169,USW00023169,diurnal,5,5.312317553170655,,,,,12.317674140817275,11.351254480286737,31,
72386023169,USW00023169,diurnal,6,5.664198650063743,,,,,12.64268745892319,12.124074074074075,30,
72386023169,USW00023169,diurnal,7,5.366973267701067,,,,,11.959495150384925,11.173835125448027,31,
72386023169,USW00023169,diurnal,8,4.881858738839525,,,,,11.49046039573048,10.924731182795698,31,
72386023169,USW00023169,diurnal,9,5.319745448950433,,,,,12.158561245133077,11.257407407407408,30,
72386023169,USW00023169,diurnal,10,5.879856982296664,,,,,12.72902160194376,11.03584229390681,31,
72386023169,USW00023169,diurnal,11,4.220532293748439,,,,,9.912287471722712,9.805555555555555,30,
72386023169,USW00023169,diurnal,12,4.842225126254572,,,,,10.949150771592,8.383512544802866,31,
72387003160,USW00003160,annual,0,13.305245566964585,12.20512583000653,200.47069711469808,202.92187413353972,-2.4511770188416335,,,365,
72387003160,USW00003160,diurnal,1,5.176524565548048,,,,,12.785500886374349,9.50179211469534,31,
72387003160,USW00003160,diurnal,2,4.155410244807738,,,,,10.754638659519944,9.797619047619047,29,
72387003160,USW00003160,diurnal,3,4.715988738803932,,,,,11.51133250632478,10.946236559139784,31,
72387003160,USW00003160,diurnal,4,6.503574466814801,,,,,15.573417893280276,11.855555555555554,30,
72387003160,USW00003160,diurnal,5,6.495601888320647,,,,,15.103365164515616,12.510752688172042,31,
72387003160,USW00003160,diurnal,6,7.248010086509183,,,,,16.5830847026344,13.675925925925924,30,
72387003160,USW00003160,diurnal,7,6.813460872194554,,,,,15.300584394131487,12.996415770609316,31,
72387003160,USW00003160,diurnal,8,6.653686063597649,,,,,15.235478588751516,12.700716845878135,31,
72387003160,USW00003160,diurnal,9,7.530585589608537,,,,,15.870222011848997,12.72777777777778,30,
72387003160,USW00003160,diurnal,10,8.172480873654948,,,,,17.347308430423798,12.302867383512547,31,
72387003160,USW00003160,diurnal,11,5.399960129176561,,,,,13.057581423124999,10.622222222222224,30,
72387003160,USW00003160,diurnal,12,6.31397421642294,,,,,14.65348493112137,9.272401433691757,29,
72389093193,USW00093193,annual,0,10.87992470666868,10.144631004910455,204.37790563708666,203.46803871852055,0.9098669185661095,,,365,
72389093193,USW00093193,diurnal,1,2.7692396254232907,,,,,6.884190700450979,7.720430107526882,31,
72389093193,USW00093193,diurnal,2,4.050329870235621,,,,,9.762132131768682,9.21031746031746,29,
72389093193,USW00093193,diurnal,3,4.809632268405153,,,,,11.4575397133661,10.736559139784948,31,
72389093193,USW00093193,diurnal,4,5.716953400898306,,,,,13.893101033556398,12.227777777777776,30,
72389093193,USW00093193,diurnal,5,6.924421762017072,,,,,15.421784654335106,13.786738351254481,31,
72389093193,USW00093193,diurnal,6,7.442352476669291,,,,,16.193792009847066,15.418518518518518,30,
72389093193,USW00093193,diurnal,7,7.83090278008878,,,,,16.792957355746314,15.888888888888893,31,
72389093193,USW00093193,diurnal,8,7.682281763100686,,,,,16.684072051972578,15.976702508960575,31,
72389093193,USW00093193,diurnal,9,7.74829888827821,,,,,17.0212770077133,15.087037037037039,30,
72389093193,USW00093193,diurnal,10,6.8668939304795735,,,,,15.766222861384861,13.324372759856631,31,
72389093193,USW00093193,diurnal,11,5.016476229687839,,,,,11.147887382554632,10.440740740740742,30,
72389093193,USW00093193,diurnal,12,3.4036884339558635,,,,,9.480680496327457,7.976702508960575,31,
72392523190,USW00023190,annual,0,3.1236187569072698,3.825739650803205,226.71556123635685,217.34841375306803,9.367147483288818,,,365,
72392523190,USW00023190,diurnal,1,4.052448980282346,,,,,10.707659631097789,10.29569892473118,31,
72392523190,USW00023190,diurnal,2,3.650439374252436,,,,,8.164049066845076,9.124999999999998,29,
72392523190,USW00023190,diurnal,3,3.6510874808455087,,,,,9.079989345904423,8.220430107526884,31,
72392523190,USW00023190,diurnal,4,3.4721032369716767,,,,,8.563148803200033,8.6,30,
72392523190,USW00023190,diurnal,5,2.067855180468078,,,,,5.688469704079083,7.7025089605734784,31,
72392523190,USW00023190,diurnal,6,2.777398010167788,,,,,7.184454132641843,6.974074074074072,30,
72392523190,USW00023190,diurnal,7,3.144038023123512,,,,,7.231054242171835,6.980286738351255,31,
72392523190,USW00023190,diurnal,8,3.918171701194538,,,,,9.067079553004405,7.349462365591397,31,
72392523190,USW00023190,diurnal,9,2.9750240234412417,,,,,7.857075564378593,8.188888888888886,30,
72392523190,USW00023190,diurnal,10,2.543719036781343,,,,,7.976240204465022,9.664874551971325,31,
72392523190,USW00023190,diurnal,11,5.535013652071428,,,,,12.995463704075913,10.95,30,
72392523190,USW00023190,diurnal,12,4.246946638580787,,,,,10.520466501922105,10.593189964157707,29,
72392623136,USW00023136,annual,0,4.424395263913221,4.071576926402073,205.89407535309388,224.39602498188322,-18.501949628789333,,,365,
72392623136,USW00023136,diurnal,1,4.688764484891658,,,,,11.934291548180049,9.18100358422939,31,
72392623136,USW00023136,diurnal,2,4.087042468826202,,,,,10.034328523438312,8.96825396825397,29,
72392623136,USW00023136,diurnal,3,3.771706756643319,,,,,9.936971592318452,9.064516129032256,31,
72392623136,USW00023136,diurnal,4,4.4414235252927305,,,,,10.2969252510784,9.559259259259258,30,
72392623136,USW00023136,diurnal,5,2.538074333219658,,,,,6.115267949987356,8.227598566308243,31,
72392623136,USW00023136,diurnal,6,3.7022894075777115,,,,,7.907424460585787,7.53888888888889,30,
72392623136,USW00023136,diurnal,7,4.27208805209585,,,,,9.018007809386877,7.684587813620072,31,
72392623136,USW00023136,diurnal,8,4.8313393794076855,,,,,10.585134445437976,8.370967741935484,31,
72392623136,USW00023136,diurnal,9,4.041543794993807,,,,,8.967254082068942,8.896296296296297,29,
72392623136,USW00023136,diurnal,10,4.106276622865042,,,,,10.05320686822595,9.385304659498207,31,
72392623136,USW00023136,diurnal,11,5.984742251670596,,,,,13.853653523421324,10.148148148148147,30,
72392623136,USW00023136,diurnal,12,4.758140107713903,,,,,11.355220736817756,9.584229390681006,31,
72394023273,USW00023273,annual,0,2.24693354235581,3.269492537524784,216.42722709331142,223.77504437454613,-7.347817281234711,,,365,
72394023273,USW00023273,diurnal,1,3.958428605527789,,,,,10.584961670912588,10.607526881720432,31,
72394023273,USW00023273,diurnal,2,3.974791047645365,,,,,9.19680065129198,10.113095238095237,29,
72394023273,USW00023273,diurnal,3,4.409486930162888,,,,,10.153197984018654,9.802867383512545,31,
72394023273,USW00023273,diurnal,4,4.339077974800062,,,,,10.435988727483554,10.301851851851852,30,
72394023273,USW00023273,diurnal,5,3.2876854419093102,,,,,8.290138049560403,9.412186379928315,31,
72394023273,USW00023273,diurnal,6,4.388672590220992,,,,,9.135860496815699,9.19074074074074,30,
72394023273,USW00023273,diurnal,7,4.46291878118684,,,,,10.002349173269558,8.763440860215054,31,
72394023273,USW00023273,diurnal,8,4.606368678458457,,,,,10.836493109443284,8.836917562724015,31,
72394023273,USW00023273,diurnal,9,3.74866933364796,,,,,10.162371521182536,9.92037037037037,30,
72394023273,USW00023273,diurnal,10,5.207333250095692,,,,,12.04169830256306,11.335125448028675,31,
72394023273,USW00023273,diurnal,11,5.815837058041167,,,,,13.72490352556244,11.822222222222221,30,
72394023273,USW00023273,diurnal,12,4.68835280636215,,,,,12.312553724018954,10.92652329749104,30,
72396593209,USW00093209,annual,0,7.5645482419587635,7.378433098431105,208.57352278623696,208.1962041991778,0.37731858705916466,,,365,
72396593209,USW00093209,diurnal,1,4.6779892162346055,,,,,11.215058283189776,12.340501792114697,31,
72396593209,USW00093209,diurnal,2,4.119261314618481,,,,,10.26330964823835,12.063492063492067,29,
72396593209,USW00093209,diurnal,3,5.753386544674462,,,,,13.014920500359228,13.290322580645162,31,
72396593209,USW00093209,diurnal,4,7.052940468534183,,,,,16.599428662108323,15.664814814814815,30,
72396593209,USW00093209,diurnal,5,9.138797637064688,,,,,21.001553875637704,17.263440860215052,31,
72396593209,USW00093209,diurnal,6,9.656342106843958,,,,,21.705240340342865,19.224074074074068,30,
72396593209,USW00093209,diurnal,7,10.85091929193931,,,,,22.852951086097036,19.838709677419352,31,
72396593209,USW00093209,diurnal,8,10.251154179847596,,,,,23.025768867169674,20.27598566308244,31,
72396593209,USW00093209,diurnal,9,9.787778491186229,,,,,22.483452266573543,20.079629629629625,30,
72396593209,USW00093209,diurnal,10,10.488575765525988,,,,,22.696415034008666,18.189964157706093,31,
72396593209,USW00093209,diurnal,11,7.459335323257909,,,,,17.3365981986348,15.146296296296299,30,
72396593209,USW00093209,diurnal,12,6.314407475040818,,,,,14.956678466061856,12.623655913978492,30,
72401013740,USW00013740,annual,0,10.266468713951218,11.086978453241748,198.96332477885568,200.07891878028272,-1.1155940014270413,,,365,
72401013740,USW00013740,diurnal,1,3.399405275503782,,,,,9.448180051722833,7.077060931899642,31,
72401013740,USW00013740,diurnal,2,4.808523965165541,,,,,11.022700496886838,8.178571428571429,29,
72401013740,USW00013740,diurnal,3,4.9619261414244935,,,,,11.784407629462743,9.284946236559142,31,
72401013740,USW00013740,diurnal,4,4.871226841156824,,,,,11.103782478726202,10.168518518518518,30,
72401013740,USW00013740,diurnal,5,4.267929913763707,,,,,10.375324512552728,9.64336917562724,31,
72401013740,USW00013740,diurnal,6,5.7591356286082735,,,,,11.640620416692,9.442592592592595,30,
72401013740,USW00013740,diurnal,7,3.8625058336694527,,,,,9.696143224668027,9.215053763440858,31,
72401013740,USW00013740,diurnal,8,4.103723731357388,,,,,10.266301939036168,8.851254480286737,31,
72401013740,USW00013740,diurnal,9,3.6825136032520187,,,,,8.38543095891187,8.948148148148148,30,
72401013740,USW00013740,diurnal,10,5.356029430781068,,,,,11.735085338129295,9.442652329749102,31,
72401013740,USW00013740,diurnal,11,4.3726907763836955,,,,,10.604755268826366,8.733333333333336,30,
72401013740,USW00013740,diurnal,12,3.2699288012928682,,,,,9.144824720319935,7.256272401433693,30,
72403093738,USW00093738,annual,0,11.279900130030441,11.857458230013622,196.8879606187975,200.43241656220155,-3.5444559434040457,,,365,
72403093738,USW00093738,diurnal,1,2.7029293960161564,,,,,7.9343254376075345,6.265232974910393,31,
72403093738,USW00093738,diurnal,2,4.431104932522732,,,,,10.386572421900166,7.426587301587301,29,
72403093738,USW00093738,diurnal,3,4.856272823803983,,,,,11.145509620034094,8.833333333333332,31,
72403093738,USW00093738,diurnal,4,4.472086406504784,,,,,10.520351303780084,9.864814814814814,30,
72403093738,USW00093738,diurnal,5,4.01691386730843,,,,,9.947175961261063,9.736559139784946,31,
72403093738,USW00093738,diurnal,6,5.188216874642888,,,,,11.264393677540227,9.703703703703704,30,
72403093738,USW00093738,diurnal,7,4.434895925726339,,,,,11.759416867126031,9.562724014336917,31,
72403093738,USW00093738,diurnal,8,4.520458716843777,,,,,11.856217522349585,9.516129032258064,31,
72403093738,USW00093738,diurnal,9,3.957810330208469,,,,,8.584012343114987,9.533333333333333,30,
72403093738,USW00093738,diurnal,10,6.232095121932175,,,,,14.125368261282375,9.571684587813618,31,
72403093738,USW00093738,diurnal,11,3.6439259991179744,,,,,9.73171218902619,8.268518518518519,30,
72403093738,USW00093738,diurnal,12,3.460318993007139,,,,,7.8980051135456755,6.374551971326165,31,
72403513773,USW00013773,annual,0,11.114529196426156,11.76200462911804,200.62636355748614,200.64220531404607,-0.01584175655992226,,,365,
72403513773,USW00013773,diurnal,1,2.523149891957877,,,,,7.822320400036983,5.732974910394264,31,
72403513773,USW00013773,diurnal,2,3.4444975408419514,,,,,8.372675310225148,6.6646825396825395,29,
72403513773,USW00013773,diurnal,3,4.076718842766105,,,,,10.011811601853939,7.616487455197131,31,
72403513773,USW00013773,diurnal,4,3.5538028512234687,,,,,8.989537329671322,8.350000000000001,30,
72403513773,USW00013773,diurnal,5,3.340979784938429,,,,,7.908791365083513,8.146953405017921,31,
72403513773,USW00013773,diurnal,6,4.345543921039372,,,,,9.548496614302035,8.112962962962964,30,
72403513773,USW00013773,diurnal,7,3.603923341476241,,,,,8.975268988902243,7.994623655913979,31,
72403513773,USW00013773,diurnal,8,3.6415461943070793,,,,,8.566339692614772,7.844086021505378,31,
72403513773,USW00013773,diurnal,9,2.8933820591812376,,,,,6.2851123833287215,7.805555555555557,30,
72403513773,USW00013773,diurnal,10,5.284632715882479,,,,,11.391526817731844,8.093189964157707,31,
72403513773,USW00013773,diurnal,11,3.4873863488555696,,,,,9.402287447044658,7.35185185185185,30,
72403513773,USW00013773,diurnal,12,2.7269473481701523,,,,,6.697330044754777,5.808243727598566,30,
72404013721,USW00013721,annual,0,10.857952364272098,11.481073239783711,204.1098436661201,203.4231018339231,0.6867418321969865,,,365,
72404013721,USW00013721,diurnal,1,3.2151286347913497,,,,,7.883384809921745,4.716845878136201,31,
72404013721,USW00013721,diurnal,2,3.0305630270978394,,,,,8.759634336727997,5.436507936507937,29,
72404013721,USW00013721,diurnal,3,3.3883186347071446,,,,,8.952778843327142,6.231182795698925,31,
72404013721,USW00013721,diurnal,4,3.2650440109491425,,,,,7.92183635938256,6.962962962962963,30,
72404013721,USW00013721,diurnal,5,3.032027640112223,,,,,7.209973936819125,7.019713261648745,31,
72404013721,USW00013721,diurnal,6,3.765757390064596,,,,,8.906912225042852,7.0703703703703695,30,
72404013721,USW00013721,diurnal,7,3.178817916339913,,,,,7.165201818963286,6.9229390681003595,31,
72404013721,USW00013721,diurnal,8,4.048419480756938,,,,,8.90247797315267,6.512544802867383,31,
72404013721,USW00013721,diurnal,9,2.9721392687751536,,,,,7.3460064086201715,6.446296296296296,30,
72404013721,USW00013721,diurnal,10,4.0823995216355256,,,,,10.848888898848436,6.534050179211469,31,
72404013721,USW00013721,diurnal,11,2.347080202345504,,,,,8.132189099805004,5.796296296296297,30,
72404013721,USW00013721,diurnal,12,2.706846845239328,,,,,6.735699445842772,4.790322580645162,30,
72405013743,USW00013743,annual,0,11.133579914587301,11.883106114537961,200.56315503218832,201.67318973191104,-1.1100346997227177,,,365,
72405013743,USW00013743,diurnal,1,2.5033433192936196,,,,,6.856310790864596,5.0555555555555545,31,
72405013743,USW00013743,diurnal,2,4.1385480202053655,,,,,9.25995589169274,6.087301587301588,29,
72405013743,USW00013743,diurnal,3,4.23475028728748,,,,,9.905942679154752,7.272401433691756,31,
72405013743,USW00013743,diurnal,4,3.8744201915524954,,,,,9.607584419977448,8.035185185185187,30,
72405013743,USW00013743,diurnal,5,4.0985292629691354,,,,,9.209857992703103,8.050179211469533,31,
72405013743,USW00013743,diurnal,6,4.68390691345428,,,,,9.951552437604224,7.953703703703704,30,
72405013743,USW00013743,diurnal,7,3.7045365445834615,,,,,9.479339335311607,7.6702508960573486,31,
72405013743,USW00013743,diurnal,8,3.619046403065519,,,,,8.82281674499022,7.537634408602149,31,
72405013743,USW00013743,diurnal,9,3.3222083416083263,,,,,7.227873398726402,7.398148148148148,30,
72405013743,USW00013743,diurnal,10,5.07102614513186,,,,,10.810869093354027,7.206093189964159,31,
72405013743,USW00013743,diurnal,11,3.1292032278151294,,,,,8.407255554502967,6.340740740740742,30,
72405013743,USW00013743,diurnal,12,2.5625961527149204,,,,,6.625696156972176,4.9050179211469525,31,
72406093721,USW00093721,annual,0,11.446492892875844,11.966902966209195,197.3227965870476,201.210792088473,-3.8879955014253937,,,365,
72406093721,USW00093721,diurnal,1,2.931153610856528,,,,,7.188945902136391,5.797491039426524,31,
72406093721,USW00093721,diurnal,2,4.565932030830517,,,,,11.0552395352875,6.892857142857143,29,
72406093721,USW00093721,diurnal,3,4.616333561514652,,,,,10.672842084648838,8.093189964157707,31,
72406093721,USW00093721,diurnal,4,4.532083059992395,,,,,10.041767642597446,9.051851851851854,30,
72406093721,USW00093721,diurnal,5,3.5242933451998097,,,,,10.664761539488222,9.245519713261649,31,
72406093721,USW00093721,diurnal,6,5.4230852628928226,,,,,11.740639357788632,9.381481481481481,30,
72406093721,USW00093721,diurnal,7,4.587599286853316,,,,,10.043557330382818,9.087813620071685,31,
72406093721,USW00093721,diurnal,8,4.637531457938947,,,,,10.837627439189884,8.813620071684587,31,
72406093721,USW00093721,diurnal,9,4.12924481948227,,,,,9.12203204865992,8.744444444444444,30,
72406093721,USW00093721,diurnal,10,6.181155097284282,,,,,12.204740590633175,8.682795698924732,31,
72406093721,USW00093721,diurnal,11,3.610372082924642,,,,,9.311809811605556,7.657407407407408,30,
72406093721,USW00093721,diurnal,12,2.9257362453515827,,,,,6.966561713403348,5.826164874551972,31,
72407093730,USW00093730,annual,0,10.78749153756862,11.513181834636278,203.81773878988864,204.4342205627728,-0.616481772884157,,,365,
72407093730,USW00093730,diurnal,1,2.7206721441631005,,,,,7.523588762405665,5.8369175627240155,31,
72407093730,USW00093730,diurnal,2,4.465450042889087,,,,,10.883768163099836,6.730158730158729,26,
72407093730,USW00093730,diurnal,3,4.310860815178599,,,,,9.46480102599202,7.376344086021506,31,
72407093730,USW00093730,diurnal,4,3.7573778148221972,,,,,11.247843899790798,8.285185185185187,30,
72407093730,USW00093730,diurnal,5,4.0339158188722815,,,,,9.100189750548987,8.510752688172042,31,
72407093730,USW00093730,diurnal,6,4.679733254933284,,,,,9.994990754064572,8.583333333333334,30,
72407093730,USW00093730,diurnal,7,4.026568326483528,,,,,9.130986056044549,8.376344086021506,31,
72407093730,USW00093730,diurnal,8,3.999598684313926,,,,,8.860530674191853,8.311827956989248,31,
72407093730,USW00093730,diurnal,9,4.004926428189515,,,,,8.501754691018355,8.407407407407408,30,
72407093730,USW00093730,diurnal,10,6.248873377940052,,,,,13.202083745728272,8.225806451612902,31,
72407093730,USW00093730,diurnal,11,3.921721006535549,,,,,10.888474911955463,7.28888888888889,30,
72407093730,USW00093730,diurnal,12,3.5996352859093808,,,,,8.585510933712758,5.858422939068101,31,
72407513735,USW00013735,annual,0,10.729057531515881,11.719920200025694,201.6173067083388,203.24501299336254,-1.6277062850237485,,,365,
72407513735,USW00013735,diurnal,1,2.6013090115924222,,,,,7.573767050851645,5.937275985663084,31,
72407513735,USW00013735,diurnal,2,4.6631168971990995,,,,,11.347760978658116,6.946428571428571,29,
72407513735,USW00013735,diurnal,3,4.32511761057586,,,,,10.001664458144134,8.17383512544803,31,
72407513735,USW00013735,diurnal,4,3.9753602597419695,,,,,10.935456273091644,9.379629629629628,30,
72407513735,USW00013735,diurnal,5,3.9909689084544246,,,,,9.844972916657628,9.689964157706092,31,
72407513735,USW00013735,diurnal,6,5.753810326050626,,,,,12.183684145053752,9.477777777777778,30,
72407513735,USW00013735,diurnal,7,4.5397083540716565,,,,,9.636612717463361,8.905017921146953,31,
72407513735,USW00013735,diurnal,8,4.798351633006397,,,,,9.756136629418524,8.711469534050178,31,
72407513735,USW00013735,diurnal,9,4.100814238861242,,,,,8.841105536629676,8.89074074074074,30,
72407513735,USW00013735,diurnal,10,7.186756119753034,,,,,15.573923370744213,8.901433691756273,31,
72407513735,USW00013735,diurnal,11,3.634238997984511,,,,,11.189767190059765,7.85925925925926,26,
72407513735,USW00013735,diurnal,12,3.5927439057232076,,,,,10.068656445791198,6.1415770609319,31,
72408013739,USW00013739,annual,0,11.433715604519703,12.166778028998607,203.43535601831712,203.0620681558538,0.37328786246331447,,,365,
72408013739,USW00013739,diurnal,1,1.9307340121211012,,,,,5.614752357873426,4.691756272401434,31,
72408013739,USW00013739,diurnal,2,3.780786561679017,,,,,8.729899174947771,5.823412698412698,29,
72408013739,USW00013739,diurnal,3,4.047966519590428,,,,,9.244629157270156,7.005376344086022,31,
72408013739,USW00013739,diurnal,4,4.318004082575257,,,,,10.604791736217955,8.238888888888889,30,
72408013739,USW00013739,diurnal,5,4.17421388564335,,,,,9.593496995874098,8.455197132616487,31,
72408013739,USW00013739,diurnal,6,4.8374584089127985,,,,,10.247317109210858,8.314814814814815,30,
72408013739,USW00013739,diurnal,7,4.12151079838817,,,,,8.812734012842988,7.813620071684588,31,
72408013739,USW00013739,diurnal,8,3.5141793654617706,,,,,9.078791217987828,7.4641577060931885,31,
72408013739,USW00013739,diurnal,9,3.725413433284002,,,,,8.006557992444234,7.483333333333333,30,
72408013739,USW00013739,diurnal,10,5.004146484897853,,,,,11.100217868277673,7.046594982078852,31,
72408013739,USW00013739,diurnal,11,3.4785294484602707,,,,,7.982062194880351,5.987037037037036,30,
72408013739,USW00013739,diurnal,12,2.692989664675091,,,,,7.549118567655524,4.566308243727599,30,
72408594732,USW00094732,annual,0,11.468475761173101,12.043910882863376,202.94141819642778,202.52256336675924,0.4188548296685326,,,365,
72408594732,USW00094732,diurnal,1,2.155693099687619,,,,,5.8094412168682945,5.206093189964157,31,
72408594732,USW00094732,diurnal,2,4.222302444120471,,,,,9.502090911230145,6.48015873015873,29,
72408594732,USW00094732,diurnal,3,3.9650718713759043,,,,,9.391790661449887,7.650537634408602,31,
72408594732,USW00094732,diurnal,4,4.6817986926079005,,,,,10.898675512619867,8.914814814814816,30,
72408594732,USW00094732,diurnal,5,3.961737186995879,,,,,9.530463329479826,9.121863799283155,31,
72408594732,USW00094732,diurnal,6,5.18795113285552,,,,,11.081395867401868,9.040740740740741,30,
72408594732,USW00094732,diurnal,7,4.497141181423429,,,,,9.749888235627552,8.670250896057347,29,
72408594732,USW00094732,diurnal,8,3.628980609868535,,,,,10.744472358001769,8.442652329749105,31,
72408594732,USW00094732,diurnal,9,4.460127288176156,,,,,9.374829545648451,8.657407407407408,30,
72408594732,USW00094732,diurnal,10,6.04823932270888,,,,,13.17759753232182,8.143369175627239,31,
72408594732,USW00094732,diurnal,11,3.861537093276307,,,,,9.482937122224635,6.992592592592592,30,
72408594732,USW00094732,diurnal,12,3.2613881279411565,,,,,8.050244083465767,5.154121863799282,30,
72408813707,USW00013707,annual,0,10.393972562079552,11.61146343421443,203.28387531960541,203.48582179841654,-0.2019464788111236,,,365,
72408813707,USW00013707,diurnal,1,2.4314319462720038,,,,,6.702413359591924,5.198924731182795,31,
72408813707,USW00013707,diurnal,2,3.617166534612734,,,,,8.881678941525152,6.085317460317461,29,
72408813707,USW00013707,diurnal,3,3.688140633211016,,,,,8.407510533791395,6.974910394265234,31,
72408813707,USW00013707,diurnal,4,3.6467100413170273,,,,,10.221689084280246,7.853703703703703,30,
72408813707,USW00013707,diurnal,5,3.241397738999404,,,,,8.044657158379676,7.994623655913978,30,
72408813707,USW00013707,diurnal,6,4.709958745149287,,,,,10.058784593545711,8.011111111111113,30,
72408813707,USW00013707,diurnal,7,3.3352824408120814,,,,,8.297676135538513,7.85483870967742,31,
72408813707,USW00013707,diurnal,8,3.9534758795184253,,,,,9.2156159473926,7.591397849462366,31,
72408813707,USW00013707,diurnal,9,3.0794754546666967,,,,,6.9053919062451214,7.60925925925926,29,
72408813707,USW00013707,diurnal,10,5.293426394330108,,,,,11.627718573644907,7.448028673835125,31,
72408813707,USW00013707,diurnal,11,2.994836453453737,,,,,8.93182788492862,6.722222222222223,30,
72408813707,USW00013707,diurnal,12,2.927326808506997,,,,,8.15097777121001,5.2652329749103925,31,
72409614706,USW00014706,annual,0,10.890448735606698,11.802114382964021,203.3681725339313,203.05577267303886,0.312399860892441,,,365,
72409614706,USW00014706,diurnal,1,2.3812404637318147,,,,,6.683749559284765,5.7813620071684575,31,
72409614706,USW00014706,diurnal,2,4.436982142698813,,,,,10.54954438901169,6.898809523809525,28,
72409614706,USW00014706,diurnal,3,4.319148095580293,,,,,9.912111079639796,7.978494623655915,31,
72409614706,USW00014706,diurnal,4,4.759736021037829,,,,,11.472765746172506,9.40925925925926,30,
72409614706,USW00014706,diurnal,5,4.31651571222826,,,,,10.433185521096147,9.704301075268818,31,
72409614706,USW00014706,diurnal,6,6.318166051574366,,,,,12.76793913510904,9.666666666666666,30,
72409614706,USW00014706,diurnal,7,4.934763233290062,,,,,11.357134168390811,9.408602150537636,31,
72409614706,USW00014706,diurnal,8,5.242044060633207,,,,,11.69228695601413,9.238351254480287,31,
72409614706,USW00014706,diurnal,9,4.8935505333063,,,,,10.75284348559259,9.307407407407407,30,
72409614706,USW00014706,diurnal,10,6.677755305227417,,,,,13.946371847758556,8.885304659498209,30,
72409614706,USW00014706,diurnal,11,4.110395968283372,,,,,10.537898546310451,7.646296296296297,30,
72409614706,USW00014706,diurnal,12,3.5781994050941424,,,,,9.894534108561803,5.709677419354837,30,
72410013733,USW00013733,annual,0,9.941991070195915,10.884427790531348,196.09562622049793,198.67196602862532,-2.5763398081273863,,,365,
72410013733,USW00013733,diurnal,1,4.176437647895183,,,,,9.772946733206584,7.07168458781362,30,
72410013733,USW00013733,diurnal,2,5.388257926326394,,,,,12.567078774679906,8.101190476190476,29,
72410013733,USW00013733,diurnal,3,5.019829571632852,,,,,12.05539037348274,9.456989247311828,30,
72410013733,USW00013733,diurnal,4,5.0480167749389935,,,,,10.356840026414813,10.522222222222222,30,
72410013733,USW00013733,diurnal,5,5.620993908873717,,,,,12.373737185988539,10.03225806451613,31,
72410013733,USW00013733,diurnal,6,5.912931334540179,,,,,12.884516775880222,9.824074074074074,30,
72410013733,USW00013733,diurnal,7,4.512336028952735,,,,,11.054191796101005,9.636200716845874,31,
72410013733,USW00013733,diurnal,8,4.710900235135653,,,,,10.820568109982144,9.53405017921147,31,
72410013733,USW00013733,diurnal,9,3.9229299974810865,,,,,8.554041806745133,9.71851851851852,29,
72410013733,USW00013733,diurnal,10,5.721569580618058,,,,,13.40659383194329,10.13620071684588,31,
72410013733,USW00013733,diurnal,11,4.531671556673297,,,,,10.890879080027966,9.33888888888889,30,
72410013733,USW00013733,diurnal,12,3.2193015446298885,,,,,8.475597640472195,7.301075268817204,30,
72411013741,USW00013741,annual,0,10.517352386666218,10.873003917744352,194.03506074774688,199.09081595623238,-5.055755208485493,,,365,
72411013741,USW00013741,diurnal,1,2.945962335563638,,,,,6.602201262377334,6.1648745519713275,31,
72411013741,USW00013741,diurnal,2,4.998774626757188,,,,,11.727496695943017,7.049603174603173,29,
72411013741,USW00013741,diurnal,3,4.702103068178459,,,,,11.79249261707828,8.474910394265232,31,
72411013741,USW00013741,diurnal,4,4.396407199412307,,,,,11.028609328505711,9.43888888888889,30,
72411013741,USW00013741,diurnal,5,4.546632111259701,,,,,10.981426001579578,9.250896057347669,31,
72411013741,USW00013741,diurnal,6,5.08609796402658,,,,,11.317843931845399,8.903703703703703,30,
72411013741,USW00013741,diurnal,7,4.399908749216407,,,,,9.78769063787102,8.718637992831539,31,
72411013741,USW00013741,diurnal,8,5.139519786903676,,,,,10.78398821598006,8.78136200716846,31,
72411013741,USW00013741,diurnal,9,3.6713991371452006,,,,,8.561533129059763,9.081481481481482,30,
72411013741,USW00013741,diurnal,10,6.168987480469161,,,,,13.523407990310362,9.25627240143369,31,
72411013741,USW00013741,diurnal,11,3.5239723005952195,,,,,8.786384922924686,8.270370370370369,30,
72411013741,USW00013741,diurnal,12,3.083271696898196,,,,,7.598394849569313,6.186379928315412,30,
72412003872,USW00003872,annual,0,10.317144496446074,10.722726950157488,192.716949818135,199.7449283964142,-7.027978578279203,,,365,
72412003872,USW00003872,diurnal,1,2.5853369318495814,,,,,7.9220945020849936,4.426523297491039,31,
72412003872,USW00003872,diurnal,2,4.776804985848166,,,,,11.131311717381339,5.367063492063492,29,
72412003872,USW00003872,diurnal,3,5.131897295696403,,,,,12.017352302248376,6.885304659498209,31,
72412003872,USW00003872,diurnal,4,3.6360867191804114,,,,,9.858753085420288,8.192592592592593,30,
72412003872,USW00003872,diurnal,5,3.945316359926237,,,,,9.422677267842134,8.13799283154122,31,
72412003872,USW00003872,diurnal,6,4.323959700276739,,,,,9.999338605047875,8.124074074074073,30,
72412003872,USW00003872,diurnal,7,4.705198251421047,,,,,9.830698666761098,7.863799283154122,31,
72412003872,USW00003872,diurnal,8,5.033017269981352,,,,,10.818594687699974,8.028673835125447,29,
72412003872,USW00003872,diurnal,9,3.7201374267267395,,,,,8.945488194863342,8.142592592592592,30,
72412003872,USW00003872,diurnal,10,6.281799733764184,,,,,13.391864596778143,7.758064516129031,31,
72412003872,USW00003872,diurnal,11,2.655463872211958,,,,,7.696992455097388,6.3277777777777775,30,
72412003872,USW00003872,diurnal,12,2.4335473221386126,,,,,7.730166564784494,4.455197132616488,31,
72414013866,USW00013866,annual,0,10.648555586310808,11.05020845197842,190.82589904759848,197.91724631689044,-7.091347269291958,,,365,
72414013866,USW00013866,diurnal,1,2.9597120463747113,,,,,8.380532799391231,5.360215053763442,31,
72414013866,USW00013866,diurnal,2,5.108408524180598,,,,,12.59159822638616,6.46031746031746,29,
72414013866,USW00013866,diurnal,3,5.400265111512739,,,,,12.53835519214334,8.52867383512545,31,
72414013866,USW00013866,diurnal,4,4.678088193075855,,,,,11.205996075135944,10.162962962962963,30,
72414013866,USW00013866,diurnal,5,4.543384921642575,,,,,11.173540616272174,9.919354838709678,31,
72414013866,USW00013866,diurnal,6,5.010104851073245,,,,,11.141627088858026,9.67222222222222,30,
72414013866,USW00013866,diurnal,7,5.611463626368536,,,,,11.894979157649878,9.297491039426523,31,
72414013866,USW00013866,diurnal,8,6.4632674762025575,,,,,14.269458385445061,9.618279569892474,31,
72414013866,USW00013866,diurnal,9,6.774931989862682,,,,,14.243862559086816,10.140740740740739,30,
72414013866,USW00013866,diurnal,10,7.860100840680071,,,,,17.203771139870845,9.931899641577061,31,
72414013866,USW00013866,diurnal,11,3.0519057194203647,,,,,8.652662919625586,8.292592592592593,30,
72414013866,USW00013866,diurnal,12,2.9279352256135076,,,,,8.039040575903742,5.623655913978495,31,
72417013729,USW00013729,annual,0,10.065453345995593,11.073589558697858,190.56888622332576,198.69818014543503,-8.12929392210927,,,365,
72417013729,USW00013729,diurnal,1,2.618528814422529,,,,,7.436038600947988,5.700716845878137,31,
72417013729,USW00013729,diurnal,2,5.039983889536318,,,,,14.069392971776303,6.990079365079366,29,
72417013729,USW00013729,diurnal,3,4.447032107935049,,,,,11.175361318729822,8.842293906810037,31,
72417013729,USW00013729,diurnal,4,4.862822217097888,,,,,12.265245065783976,10.707407407407407,30,
72417013729,USW00013729,diurnal,5,4.363581962217508,,,,,11.26463561077566,10.593189964157705,31,
72417013729,USW00013729,diurnal,6,5.399020281774126,,,,,14.022950055260926,10.385185185185186,30,
72417013729,USW00013729,diurnal,7,5.340976165558749,,,,,11.311411488674175,9.897849462365588,31,
72417013729,USW00013729,diurnal,8,5.814222517559841,,,,,13.053794588315771,10.10931899641577,31,
72417013729,USW00013729,diurnal,9,6.079226202859858,,,,,14.620478532603624,10.607407407407408,30,
72417013729,USW00013729,diurnal,10,8.57279684560846,,,,,17.617621111175296,10.553763440860218,31,
72417013729,USW00013729,diurnal,11,2.38094353039659,,,,,11.47728038319972,8.666666666666666,30,
72417013729,USW00013729,diurnal,12,4.194883413154116,,,,,11.579551431522349,5.845878136200717,31,
72417613736,USW00013736,annual,0,10.384448456395823,11.54059823533938,193.38766999626682,200.55155706012025,-7.163887063853423,,,365,
72417613736,USW00013736,diurnal,1,1.8834824269602435,,,,,5.372375450327562,3.9516129032258065,31,
72417613736,USW00013736,diurnal,2,3.5291399833914108,,,,,9.00142100946675,5.226190476190476,29,
72417613736,USW00013736,diurnal,3,4.613313765491053,,,,,10.607541556243564,7.324372759856631,31,
72417613736,USW00013736,diurnal,4,3.70470410712271,,,,,8.997164737023862,8.662962962962963,30,
72417613736,USW00013736,diurnal,5,4.655079432621386,,,,,9.894845343228692,9.050179211469533,31,
72417613736,USW00013736,diurnal,6,4.616716650564953,,,,,10.447517277030881,9.251851851851853,30,
72417613736,USW00013736,diurnal,7,4.992552931401778,,,,,11.152164371973129,8.930107526881718,31,
72417613736,USW00013736,diurnal,8,4.620646628375998,,,,,11.622945506124218,9.077060931899643,31,
72417613736,USW00013736,diurnal,9,4.397303042597007,,,,,10.653870297635955,9.124074074074075,30,
72417613736,USW00013736,diurnal,10,6.591336004810255,,,,,14.569992101626038,8.125448028673835,31,
72417613736,USW00013736,diurnal,11,1.8482851539189782,,,,,7.54019956306802,6.174074074074074,30,
72417613736,USW00013736,diurnal,12,2.1614410029587643,,,,,6.854066236353301,3.9605734767025096,30,
72417713734,USW00013734,annual,0,10.798664685985987,11.827525900732208,197.70382883433032,200.23793510103286,-2.534106266702537,,,365,
72417713734,USW00013734,diurnal,1,2.4502890698045987,,,,,6.497555360401201,5.795698924731185,31,
72417713734,USW00013734,diurnal,2,3.9350157034520246,,,,,10.389648517210063,7.073412698412698,29,
72417713734,USW00013734,diurnal,3,4.873244235667479,,,,,10.942799913438822,8.593189964157707,31,
72417713734,USW00013734,diurnal,4,3.9392940464931177,,,,,9.419099281134454,10.011111111111111,30,
72417713734,USW00013734,diurnal,5,4.159937095936417,,,,,9.315112387942687,10.051971326164873,31,
72417713734,USW00013734,diurnal,6,5.742437495552357,,,,,12.207067937707658,10.207407407407407,30,
72417713734,USW00013734,diurnal,7,5.0219769693452525,,,,,12.18382322606568,10.148745519713264,31,
72417713734,USW00013734,diurnal,8,5.603196992322539,,,,,11.767655630396398,10.053763440860214,31,
72417713734,USW00013734,diurnal,9,4.465301997209856,,,,,9.667796498379376,10.188888888888888,30,
72417713734,USW00013734,diurnal,10,7.4758068981482575,,,,,14.545019431091614,9.731182795698926,31,
72417713734,USW00013734,diurnal,11,2.8871711419747053,,,,,9.037337011164166,8.02222222222222,30,
72417713734,USW00013734,diurnal,12,2.848786217851016,,,,,8.05067910157766,5.969534050179212,30,
72421093814,USW00093814,annual,0,11.175826216283808,12.30048690675879,193.63327319422984,199.53676343168334,-5.9034902374534965,,,365,
72421093814,USW00093814,diurnal,1,2.142146927780632,,,,,5.677843622438263,4.611111111111111,31,
72421093814,USW00093814,diurnal,2,4.910855857179374,,,,,11.137132439360386,5.807539682539683,29,
72421093814,USW00093814,diurnal,3,4.282334055897371,,,,,11.019289197592835,7.471326164874552,31,
72421093814,USW00093814,diurnal,4,4.179793236228086,,,,,9.917135235042956,8.533333333333333,30,
72421093814,USW00093814,diurnal,5,4.229028915573896,,,,,9.300833590504016,8.625448028673834,31,
72421093814,USW00093814,diurnal,6,4.655729367393283,,,,,10.46165504912283,8.67962962962963,30,
72421093814,USW00093814,diurnal,7,4.274945095285604,,,,,9.893180843445954,8.765232974910393,31,
72421093814,USW00093814,diurnal,8,5.418297209248981,,,,,11.285860917679962,9.016129032258064,31,
72421093814,USW00093814,diurnal,9,4.905936735847641,,,,,11.80658147440704,9.307407407407409,30,
72421093814,USW00093814,diurnal,10,5.572250203215068,,,,,13.00797570189369,8.664874551971325,31,
72421093814,USW00093814,diurnal,11,2.8904065919541386,,,,,7.95481275329482,6.5240740740740755,30,
72421093814,USW00093814,diurnal,12,2.2187481578348676,,,,,6.311373484890515,4.596774193548388,31,
72422093820,USW00093820,annual,0,10.519870382357297,11.800420267160984,190.83501930140972,199.41044587378983,-8.57542657238011,,,365,
72422093820,USW00093820,diurnal,1,2.6170866996243696,,,,,6.724503167443759,4.777777777777778,31,
72422093820,USW00093820,diurnal,2,4.791736057820045,,,,,11.419155575108755,5.956349206349204,29,
72422093820,USW00093820,diurnal,3,4.295582489565836,,,,,11.029522791742867,7.652329749103943,31,
72422093820,USW00093820,diurnal,4,4.069090971907135,,,,,9.89907670501803,8.648148148148147,30,
72422093820,USW00093820,diurnal,5,4.344598675423082,,,,,9.857827858456247,8.56451612903226,31,
72422093820,USW00093820,diurnal,6,4.530108817885502,,,,,10.445548757678932,8.787037037037038,30,
72422093820,USW00093820,diurnal,7,5.0146438123453745,,,,,11.282848435770624,8.700716845878137,31,
72422093820,USW00093820,diurnal,8,5.53495543063926,,,,,12.059070810200147,9.215053763440858,31,
72422093820,USW00093820,diurnal,9,4.70134800389107,,,,,10.362296340542166,9.549999999999999,30,
72422093820,USW00093820,diurnal,10,6.439201940822024,,,,,13.598144082214937,8.919354838709676,31,
72422093820,USW00093820,diurnal,11,3.183988099366162,,,,,8.129673454124632,6.966666666666668,30,
72422093820,USW00093820,diurnal,12,2.3776654602858662,,,,,6.262662897782982,4.876344086021505,31,
72423093821,USW00093821,annual,0,10.853765707841285,12.203067150749716,190.3961404387116,198.80074530742874,-8.404604868717144,,,365,
72423093821,USW00093821,diurnal,1,2.395458711448785,,,,,6.552375782002443,5.050179211469535,31,
72423093821,USW00093821,diurnal,2,5.155767695766863,,,,,11.306916949510683,6.180555555555555,29,
72423093821,USW00093821,diurnal,3,4.266684771621658,,,,,11.10812696149712,7.777777777777778,31,
72423093821,USW00093821,diurnal,4,3.9166533235745296,,,,,9.868404999278072,8.662962962962961,30,
72423093821,USW00093821,diurnal,5,4.101398670720073,,,,,9.277921405384891,8.460573476702509,31,
72423093821,USW00093821,diurnal,6,4.387223269408404,,,,,9.634549730394953,8.272222222222222,30,
72423093821,USW00093821,diurnal,7,3.748402559508631,,,,,8.562060502886663,8.299283154121865,31,
72423093821,USW00093821,diurnal,8,4.862747666470573,,,,,10.411094815075128,8.716845878136201,31,
72423093821,USW00093821,diurnal,9,4.678836574522727,,,,,10.90253160640327,9.294444444444443,30,
72423093821,USW00093821,diurnal,10,5.958208328928818,,,,,13.195253047125183,8.96774193548387,31,
72423093821,USW00093821,diurnal,11,3.002369877202617,,,,,7.889395925668691,6.985185185185185,30,
72423093821,USW00093821,diurnal,12,2.258111712057869,,,,,6.526849512444109,4.903225806451613,31,
72423513810,USW00013810,annual,0,10.324237634729917,12.074121206007085,189.39480079700618,198.47053944997205,-9.075738652965867,,,365,
72423513810,USW00013810,diurnal,1,2.268687975491872,,,,,6.335190528685745,5.017921146953405,31,
72423513810,USW00013810,diurnal,2,5.225773381058496,,,,,12.072837449153997,6.160714285714285,29,
72423513810,USW00013810,diurnal,3,4.3018893669966,,,,,11.372212800252756,7.806451612903226,31,
72423513810,USW00013810,diurnal,4,3.826969992390245,,,,,9.909684028545737,8.824074074074073,30,
72423513810,USW00013810,diurnal,5,4.599079124186938,,,,,9.733573277693871,8.741935483870966,30,
72423513810,USW00013810,diurnal,6,4.683499376280073,,,,,10.199974471436532,8.642592592592592,30,
72423513810,USW00013810,diurnal,7,3.8469198275151757,,,,,9.111737775887704,8.659498207885305,31,
72423513810,USW00013810,diurnal,8,5.569567125540676,,,,,11.676580048160663,9.032258064516126,31,
72423513810,USW00013810,diurnal,9,4.8159174466279255,,,,,11.508616743696983,9.65925925925926,25,
72423513810,USW00013810,diurnal,10,7.017135625251953,,,,,15.14966163535768,9.225806451612904,31,
72423513810,USW00013810,diurnal,11,3.0426448351148805,,,,,7.554161587976879,7.066666666666667,30,
72423513810,USW00013810,diurnal,12,2.137792603795133,,,,,5.849031753758553,4.905017921146953,31,
72424013807,USW00013807,annual,0,9.946302948296585,11.776031303910427,189.7936997819845,198.06222757552422,-8.268527793539732,,,365,
72424013807,USW00013807,diurnal,1,2.491455273888121,,,,,6.386497969925621,5.496415770609318,31,
72424013807,USW00013807,diurnal,2,5.523135380632528,,,,,12.73506731262412,6.533730158730159,29,
72424013807,USW00013807,diurnal,3,4.949416968304663,,,,,11.290916473370226,8.241935483870966,31,
72424013807,USW00013807,diurnal,4,4.280662206027566,,,,,9.917272862549133,9.36851851851852,30,
72424013807,USW00013807,diurnal,5,3.8314679516618915,,,,,9.071745616169661,9.215053763440858,29,
72424013807,USW00013807,diurnal,6,5.267923681003003,,,,,11.65593483330857,9.155555555555557,30,
72424013807,USW00013807,diurnal,7,4.4685984011940985,,,,,10.242881080919503,9.109318996415771,27,
72424013807,USW00013807,diurnal,8,5.9018297525807,,,,,12.062601292441922,9.720430107526884,31,
72424013807,USW00013807,diurnal,9,5.038799214777731,,,,,10.582906376634362,10.055555555555559,30,
72424013807,USW00013807,diurnal,10,7.438013875134466,,,,,14.28305427403223,9.655913978494626,31,
72424013807,USW00013807,diurnal,11,3.038484193870212,,,,,7.235012293453606,7.507407407407407,30,
72424013807,USW00013807,diurnal,12,2.195337730202341,,,,,6.737021205837129,5.399641577060934,31,
72425003860,USW00003860,annual,0,10.532766667311432,11.291622167801943,189.27260046923294,198.06311852568695,-8.790518056454005,,,365,
72425003860,USW00003860,diurnal,1,2.3983097315656923,,,,,7.371963339739989,5.265232974910396,31,
72425003860,USW00003860,diurnal,2,4.424370491009954,,,,,12.43645795983095,6.404761904761904,29,
72425003860,USW00003860,diurnal,3,5.8629914256098585,,,,,12.008900616516774,8.28673835125448,31,
72425003860,USW00003860,diurnal,4,4.803486132286381,,,,,10.939679480810067,9.551851851851854,30,
72425003860,USW00003860,diurnal,5,3.879241717259616,,,,,10.459016619549072,9.61111111111111,31,
72425003860,USW00003860,diurnal,6,5.006229485050287,,,,,10.646033704667481,9.387037037037038,30,
72425003860,USW00003860,diurnal,7,5.326956327491149,,,,,11.586206370775578,9.046594982078851,31,
72425003860,USW00003860,diurnal,8,6.203628694607195,,,,,13.211089517643245,9.580645161290322,31,
72425003860,USW00003860,diurnal,9,5.580717560675262,,,,,12.71651518735745,10.024074074074075,30,
72425003860,USW00003860,diurnal,10,6.769547713805904,,,,,15.017066934382592,9.740143369175629,31,
72425003860,USW00003860,diurnal,11,3.342903211362704,,,,,9.375443858974695,7.746296296296297,30,
72425003860,USW00003860,diurnal,12,2.6138779748268206,,,,,6.803398940439314,5.413978494623656,31,
72427303804,USW00003804,annual,0,10.601856782437208,11.593387651825408,189.41915237931147,198.86664112543198,-9.447488746120513,,,365,
72427303804,USW00003804,diurnal,1,2.230380585305683,,,,,5.661221809810522,4.792114695340501,31,
72427303804,USW00003804,diurnal,2,4.565372024577691,,,,,10.932598642667628,6.125000000000001,29,
72427303804,USW00003804,diurnal,3,5.652734652697646,,,,,12.361585193379238,8.17383512544803,31,
72427303804,USW00003804,diurnal,4,4.580688095685192,,,,,10.168383024887074,9.63148148148148,30,
72427303804,USW00003804,diurnal,5,4.365679208769199,,,,,10.077523604204035,9.811827956989246,31,
72427303804,USW00003804,diurnal,6,5.775337535710252,,,,,12.573510050029487,9.729629629629626,30,
72427303804,USW00003804,diurnal,7,5.987866477679433,,,,,12.40349813071417,9.455197132616485,31,
72427303804,USW00003804,diurnal,8,6.143239094362763,,,,,13.052318202564432,9.940860215053766,31,
72427303804,USW00003804,diurnal,9,7.0636226647673706,,,,,14.8908409149241,10.309259259259258,30,
72427303804,USW00003804,diurnal,10,7.437352883661671,,,,,15.69832878973616,9.489247311827958,31,
72427303804,USW00003804,diurnal,11,2.3647267474886258,,,,,7.938012254156467,7.374074074074073,30,
72427303804,USW00003804,diurnal,12,2.950667561551413,,,,,7.728745172701734,4.899641577060931,30,
72428014821,USW00014821,annual,0,11.706770036547557,12.669892878429287,195.79762509481247,200.1224515763048,-4.324826481492323,,,365,
72428014821,USW00014821,diurnal,1,1.7823850251533895,,,,,5.070984060537057,3.9283154121863797,31,
72428014821,USW00014821,diurnal,2,4.851480800455989,,,,,11.205494898230965,5.291666666666667,29,
72428014821,USW00014821,diurnal,3,4.662268725159517,,,,,10.448033478052961,7.172043010752687,31,
72428014821,USW00014821,diurnal,4,4.376197295506264,,,,,10.176865342683424,8.559259259259258,30,
72428014821,USW00014821,diurnal,5,3.740527682532471,,,,,10.022926865936814,9.016129032258064,31,
72428014821,USW00014821,diurnal,6,5.200773486695821,,,,,11.273396781668126,8.927777777777777,30,
72428014821,USW00014821,diurnal,7,4.775335121915601,,,,,10.970016986551222,8.709677419354838,31,
72428014821,USW00014821,diurnal,8,5.344332280192542,,,,,11.284878425037945,9.10573476702509,31,
72428014821,USW00014821,diurnal,9,5.564449591947044,,,,,12.828477836184907,9.392592592592592,30,
72428014821,USW00014821,diurnal,10,6.19070070311463,,,,,14.101223260264835,8.399641577060933,31,
72428014821,USW00014821,diurnal,11,3.2799769888019155,,,,,7.6022895336407315,6.135185185185187,30,
72428014821,USW00014821,diurnal,12,2.0383564405939802,,,,,6.336356158532729,4.012544802867383,31,
72428693824,USW00093824,annual,0,10.55599667139222,12.099811590290429,195.28006240587504,199.59179534114918,-4.3117329352741365,,,365,
72428693824,USW00093824,diurnal,1,2.083179135632574,,,,,5.931474288964503,4.634408602150537,31,
72428693824,USW00093824,diurnal,2,4.503245544910843,,,,,11.229228238885401,6.0317460317460325,29,
72428693824,USW00093824,diurnal,3,4.959259734027111,,,,,11.075364475136556,8.019713261648745,31,
72428693824,USW00093824,diurnal,4,3.917760205313475,,,,,8.963088425018176,9.470370370370372,30,
72428693824,USW00093824,diurnal,5,4.116930311597094,,,,,9.993344762214054,9.942652329749103,31,
72428693824,USW00093824,diurnal,6,5.663461057858067,,,,,12.180974562884836,9.872222222222225,30,
72428693824,USW00093824,diurnal,7,5.658850486247507,,,,,13.172938332573882,9.594982078853045,31,
72428693824,USW00093824,diurnal,8,6.057150056564691,,,,,11.755802706428028,10.177419354838712,31,
72428693824,USW00093824,diurnal,9,7.20259965256163,,,,,15.715842362934595,10.444444444444445,30,
72428693824,USW00093824,diurnal,10,7.923037379428367,,,,,15.594605638234512,9.5752688172043,31,
72428693824,USW00093824,diurnal,11,3.245476267886921,,,,,8.251869907989725,7.1907407407407415,30,
72428693824,USW00093824,diurnal,12,2.947108467769715,,,,,7.423001720784933,4.695340501792115,29,
72429093815,USW00093815,annual,0,11.372451453008662,12.815097548382662,193.90412524491083,200.19363361371097,-6.289508368800142,,,365,
72429093815,USW00093815,diurnal,1,1.4076639828976154,,,,,5.857592149367654,3.9767025089605736,31,
72429093815,USW00093815,diurnal,2,4.418259383827182,,,,,10.384626490091254,5.279761904761905,29,
72429093815,USW00093815,diurnal,3,4.511869409070536,,,,,10.895342676566315,6.93548387096774,31,
72429093815,USW00093815,diurnal,4,3.8438024588448947,,,,,9.04191897754653,8.296296296296296,30,
72429093815,USW00093815,diurnal,5,3.941827157952759,,,,,9.799928422500795,8.5,31,
72429093815,USW00093815,diurnal,6,4.545694354137245,,,,,10.415716649997096,8.442592592592593,30,
72429093815,USW00093815,diurnal,7,4.113544612024647,,,,,9.972893970994715,8.593189964157707,31,
72429093815,USW00093815,diurnal,8,4.808621193534217,,,,,10.561219230989476,9.152329749103943,31,
72429093815,USW00093815,diurnal,9,5.844487831729037,,,,,13.18580808031814,9.52962962962963,30,
72429093815,USW00093815,diurnal,10,5.967073336222688,,,,,13.055065223517019,8.403225806451614,31,
72429093815,USW00093815,diurnal,11,2.678126904354671,,,,,8.136624460950687,5.977777777777777,30,
72429093815,USW00093815,diurnal,12,1.973674248102319,,,,,6.5520163473602455,4.028673835125448,31,
72429793812,USW00093812,annual,0,10.43221510734779,12.017820239447698,189.868591328962,198.7349337971419,-8.866342468179909,,,365,
72429793812,USW00093812,diurnal,1,2.8984097964658426,,,,,6.754672093545397,5.191756272401434,31,
72429793812,USW00093812,diurnal,2,4.88742533806422,,,,,11.35168927592352,6.670634920634922,29,
72429793812,USW00093812,diurnal,3,5.506484062025489,,,,,12.157203903007666,8.435483870967744,31,
72429793812,USW00093812,diurnal,4,4.298094917065715,,,,,12.165957784440588,9.846296296296297,30,
72429793812,USW00093812,diurnal,5,4.60650854037873,,,,,9.792875978758353,9.826164874551973,31,
72429793812,USW00093812,diurnal,6,5.552539857295589,,,,,12.106901703447082,9.762962962962963,29,
72429793812,USW00093812,diurnal,7,4.954981457761002,,,,,11.68360021423046,9.578853046594984,31,
72429793812,USW00093812,diurnal,8,6.005891240092971,,,,,12.977067100350386,10.13799283154122,31,
72429793812,USW00093812,diurnal,9,7.303476195646878,,,,,15.417690249258838,10.74074074074074,30,
72429793812,USW00093812,diurnal,10,7.448868999063693,,,,,16.035875221443277,10.084229390681005,30,
72429793812,USW00093812,diurnal,11,3.656959954840345,,,,,8.834260262390538,7.796296296296297,30,
72429793812,USW00093812,diurnal,12,2.452497038124256,,,,,8.13681642454542,5.344086021505377,31,
72432093817,USW00093817,annual,0,10.852374781520046,12.346234535285854,189.1110496942988,198.31351162486104,-9.202461930562237,,,365,
72432093817,USW00093817,diurnal,1,2.1158243978977223,,,,,6.310433894905659,4.910394265232974,31,
72432093817,USW00093817,diurnal,2,5.723860089196381,,,,,12.814431010026109,6.285714285714285,29,
72432093817,USW00093817,diurnal,3,4.186510901719262,,,,,11.20207005052847,7.808243727598566,31,
72432093817,USW00093817,diurnal,4,4.09512094789823,,,,,10.2851976788126,8.988888888888889,30,
72432093817,USW00093817,diurnal,5,4.561785589585883,,,,,9.807004412345904,9.082437275985662,31,
72432093817,USW00093817,diurnal,6,4.811268108961549,,,,,11.05564527265273,9.18148148148148,30,
72432093817,USW00093817,diurnal,7,4.296890861495345,,,,,10.087617384654685,9.087813620071687,31,
72432093817,USW00093817,diurnal,8,5.229732988289055,,,,,10.71708482550995,9.801075268817204,31,
72432093817,USW00093817,diurnal,9,5.540334612974458,,,,,12.44646823109876,10.638888888888888,30,
72432093817,USW00093817,diurnal,10,6.912453664861193,,,,,15.139219229787198,9.973118279569894,31,
72432093817,USW00093817,diurnal,11,2.7616274142780837,,,,,7.630866420186142,7.253703703703704,30,
72432093817,USW00093817,diurnal,12,2.3051173867684027,,,,,6.581365298485147,5.077060931899642,31,
72433813802,USW00013802,annual,0,10.834974689707895,12.779794175208675,187.7178814081417,197.62334244055742,-9.90546103241573,,,365,
72433813802,USW00013802,diurnal,1,2.446748231336435,,,,,6.3991086976178355,5.847670250896058,31,
72433813802,USW00013802,diurnal,2,5.559641101964562,,,,,12.895507241154045,7.2142857142857135,29,
72433813802,USW00013802,diurnal,3,4.924537001406757,,,,,11.119147775747734,8.702508960573477,31,
72433813802,USW00013802,diurnal,4,4.25284514164143,,,,,9.665190676403983,9.540740740740741,29,
72433813802,USW00013802,diurnal,5,3.9960250803604858,,,,,9.819764739914614,9.48924731182796,29,
72433813802,USW00013802,diurnal,6,5.169234020170873,,,,,11.154556338085191,9.846296296296297,30,
72433813802,USW00013802,diurnal,7,4.208626186795915,,,,,9.81734691980079,9.767025089605736,29,
72433813802,USW00013802,diurnal,8,4.733206057415291,,,,,10.139733640740006,10.297491039426523,30,
72433813802,USW00013802,diurnal,9,5.575510649809336,,,,,11.908637039031206,11.131481481481481,30,
72433813802,USW00013802,diurnal,10,7.85397529278857,,,,,17.07200208794442,10.45878136200717,31,
72433813802,USW00013802,diurnal,11,2.8728255640462352,,,,,8.5896541991852,7.9,30,
72433813802,USW00013802,diurnal,12,2.4948409359699757,,,,,6.746394568644653,6.053763440860215,31,
72434013994,USW00013994,annual,0,11.395952388352175,13.125221045235888,189.3458303459076,198.3368181621096,-8.990987816202022,,,365,
72434013994,USW00013994,diurnal,1,2.4046128029207536,,,,,6.518679233044202,5.159498207885305,31,
72434013994,USW00013994,diurnal,2,5.443155087715466,,,,,12.852983170246432,6.3650793650793664,29,
72434013994,USW00013994,diurnal,3,4.470439370059425,,,,,12.762877035372835,7.612903225806453,31,
72434013994,USW00013994,diurnal,4,4.505545203958597,,,,,10.47668001745887,8.198148148148148,30,
72434013994,USW00013994,diurnal,5,3.7736656534323583,,,,,9.61590786438024,8.100358422939067,31,
72434013994,USW00013994,diurnal,6,4.146905525295842,,,,,9.96393213096552,8.212962962962964,30,
72434013994,USW00013994,diurnal,7,3.96174330447262,,,,,9.291971984070337,8.134408602150538,31,
72434013994,USW00013994,diurnal,8,4.0555660728288165,,,,,9.619840334807119,8.376344086021506,31,
72434013994,USW00013994,diurnal,9,4.948195976664353,,,,,10.573530520308589,8.874074074074075,30,
72434013994,USW00013994,diurnal,10,6.555819476866319,,,,,13.860215763005561,8.286738351254481,31,
72434013994,USW00013994,diurnal,11,2.6596146688363884,,,,,7.824532956973616,6.461111111111111,30,
72434013994,USW00013994,diurnal,12,2.7500345157970485,,,,,7.671188596500879,5.193548387096773,30,
72434503966,USW00003966,annual,0,11.087743890868682,12.69924358447379,184.42388596825626,197.23928497803252,-12.815399009776257,,,365,
72434503966,USW00003966,diurnal,1,2.8892616346389257,,,,,7.149783346569847,6.437275985663083,31,
72434503966,USW00003966,diurnal,2,5.961482348507758,,,,,15.222754976345367,7.515873015873018,29,
72434503966,USW00003966,diurnal,3,5.672214123672189,,,,,13.200177584030236,8.967741935483874,31,
72434503966,USW00003966,diurnal,4,4.525735898698896,,,,,10.316299606763078,9.73888888888889,30,
72434503966,USW00003966,diurnal,5,3.931310873596349,,,,,10.027368403793528,9.668458781362004,31,
72434503966,USW00003966,diurnal,6,5.186633048159969,,,,,11.297635896679212,9.80925925925926,30,
72434503966,USW00003966,diurnal,7,4.492823857234509,,,,,10.29794480071132,9.85483870967742,31,
72434503966,USW00003966,diurnal,8,5.013191361587187,,,,,11.065803041922816,10.28673835125448,31,
72434503966,USW00003966,diurnal,9,6.394881687375233,,,,,13.613648945129126,10.892592592592594,30,
72434503966,USW00003966,diurnal,10,8.508655153958212,,,,,17.588968458433847,10.28853046594982,31,
72434503966,USW00003966,diurnal,11,2.715603438425898,,,,,8.59733448826642,8.157407407407408,30,
72434503966,USW00003966,diurnal,12,2.7732138617151865,,,,,8.304040986429401,6.378136200716846,30,
72435003816,USW00003816,annual,0,9.923388113342268,11.860641519575216,184.78264837943328,197.30138068049257,-12.518732301059288,,,365,
72435003816,USW00003816,diurnal,1,1.9787113062492374,,,,,5.599486382303603,5.657706093189964,31,
72435003816,USW00003816,diurnal,2,5.316802112572477,,,,,12.562511991640049,6.759920634920634,29,
72435003816,USW00003816,diurnal,3,5.060084952604538,,,,,12.080088027958444,8.130824372759857,31,
72435003816,USW00003816,diurnal,4,4.556619059592078,,,,,11.11620871011604,9.10925925925926,30,
72435003816,USW00003816,diurnal,5,4.75506036258824,,,,,10.178448627538746,9.21146953405018,31,
72435003816,USW00003816,diurnal,6,5.317880585972337,,,,,11.361113305808104,9.292592592592593,30,
72435003816,USW00003816,diurnal,7,4.155006899227147,,,,,10.3216981643411,9.399641577060931,31,
72435003816,USW00003816,diurnal,8,5.495730950475111,,,,,11.26822327627189,10.150537634408602,31,
72435003816,USW00003816,diurnal,9,4.792135906024365,,,,,11.495087529939465,10.903703703703705,30,
72435003816,USW00003816,diurnal,10,7.706668719798884,,,,,15.9363699155601,10.35483870967742,31,
72435003816,USW00003816,diurnal,11,2.830316033325772,,,,,8.226715494810339,7.633333333333335,30,
72435003816,USW00003816,diurnal,12,2.690780896056811,,,,,8.319599989764626,5.743727598566307,30,
72438093819,USW00093819,annual,0,11.480092724453216,13.008411972800982,192.6653182105954,199.59129234910606,-6.925974138510668,,,365,
72438093819,USW00093819,diurnal,1,1.8336957477807838,,,,,4.814628902711927,4.347670250896057,31,
72438093819,USW00093819,diurnal,2,4.759775709210619,,,,,10.693214498269395,5.712301587301584,29,
72438093819,USW00093819,diurnal,3,3.893966629650293,,,,,9.112173081276477,7.274193548387097,31,
72438093819,USW00093819,diurnal,4,4.058807928826809,,,,,9.709118000102677,8.346296296296295,30,
72438093819,USW00093819,diurnal,5,4.300941169364452,,,,,9.944214456318516,8.564516129032258,31,
72438093819,USW00093819,diurnal,6,4.830717051180631,,,,,9.894368904056945,8.440740740740742,30,
72438093819,USW00093819,diurnal,7,4.179607961683915,,,,,9.500870202381854,8.566308243727597,31,
72438093819,USW00093819,diurnal,8,5.019480788231969,,,,,10.585009853885119,8.894265232974911,31,
72438093819,USW00093819,diurnal,9,5.372753959093837,,,,,11.317410057969958,9.45185185185185,30,
72438093819,USW00093819,diurnal,10,5.812692232585014,,,,,12.893829581408674,8.630824372759855,31,
72438093819,USW00093819,diurnal,11,2.8848006682931504,,,,,7.394229756869136,6.0888888888888895,30,
72438093819,USW00093819,diurnal,12,2.0364379109779103,,,,,6.4169556011343,4.347670250896056,31,
72438614835,USW00014835,annual,0,11.218613880082787,13.109200106426663,191.59210880905906,199.7259062209539,-8.133797411894847,,,365,
72438614835,USW00014835,diurnal,1,1.5938391831539875,,,,,4.473845717706475,4.299283154121864,31,
72438614835,USW00014835,diurnal,2,4.673003194749202,,,,,11.225413322434374,5.728174603174602,29,
72438614835,USW00014835,diurnal,3,4.526291036335763,,,,,10.17302257035125,7.482078853046593,31,
72438614835,USW00014835,diurnal,4,3.8736575348208273,,,,,10.345082846421704,8.835185185185185,30,
72438614835,USW00014835,diurnal,5,5.273315168859011,,,,,11.568024060921699,9.507168458781361,31,
72438614835,USW00014835,diurnal,6,5.674610357905463,,,,,11.522136196998384,9.496296296296297,30,
72438614835,USW00014835,diurnal,7,4.957909909865086,,,,,10.590897769629084,9.376344086021504,31,
72438614835,USW00014835,diurnal,8,5.339253246849168,,,,,11.443278306863782,9.89605734767025,31,
72438614835,USW00014835,diurnal,9,6.764911769851334,,,,,13.60569566560571,10.54814814814815,30,
72438614835,USW00014835,diurnal,10,7.572322003053927,,,,,15.58478532885094,9.286738351254481,31,
72438614835,USW00014835,diurnal,11,2.7136299267088355,,,,,8.01919068402729,6.262962962962963,30,
72438614835,USW00014835,diurnal,12,2.1296526668538136,,,,,6.766932780538869,4.417562724014338,31,
72439093822,USW00093822,annual,0,11.64822365997046,13.269987556798428,188.34084100401068,198.14573154704667,-9.804890543035981,,,365,
72439093822,USW00093822,diurnal,1,1.6556460105982735,,,,,4.663005892824846,4.681003584229391,31,
72439093822,USW00093822,diurnal,2,5.340684338234965,,,,,12.225889518945836,6.063492063492064,29,
72439093822,USW00093822,diurnal,3,5.082454027742962,,,,,11.270409228335264,8.057347670250897,31,
72439093822,USW00093822,diurnal,4,4.165711781464113,,,,,10.078901153703576,9.137037037037038,25,
72439093822,USW00093822,diurnal,5,4.73879077777596,,,,,11.392022236254117,9.250896057347672,20,
72439093822,USW00093822,diurnal,6,4.811278830288131,,,,,10.681755648658367,9.320370370370371,30,
72439093822,USW00093822,diurnal,7,4.63944212701071,,,,,10.654182216433252,9.383512544802867,31,
72439093822,USW00093822,diurnal,8,4.952810078347088,,,,,10.658344481828566,9.756272401433693,31,
72439093822,USW00093822,diurnal,9,6.119779066233809,,,,,13.094003162636996,10.905555555555557,30,
72439093822,USW00093822,diurnal,10,7.451202804170612,,,,,16.61349746050563,9.535842293906807,31,
72439093822,USW00093822,diurnal,11,2.730854925128467,,,,,7.512956315060702,6.770370370370371,30,
72439093822,USW00093822,diurnal,12,2.7354915387454874,,,,,7.814754445081507,4.870967741935485,30,
72440013995,USW00013995,annual,0,10.70876131717208,12.225026462857707,186.5402058396459,198.37708197169093,-11.836876132045035,,,365,
72440013995,USW00013995,diurnal,1,2.9803099118226304,,,,,8.593496352205012,6.905017921146953,31,
72440013995,USW00013995,diurnal,2,5.5074213057501336,,,,,13.295749670151421,7.944444444444444,29,
72440013995,USW00013995,diurnal,3,4.777784814397407,,,,,11.379767757402854,8.885304659498207,31,
72440013995,USW00013995,diurnal,4,4.146116310413591,,,,,11.702399036960841,9.037037037037036,30,
72440013995,USW00013995,diurnal,5,4.17389643826088,,,,,9.631639706816202,8.752688172043012,31,
72440013995,USW00013995,diurnal,6,4.424195995199344,,,,,10.530306354747811,9.057407407407409,30,
72440013995,USW00013995,diurnal,7,4.597167764829105,,,,,10.032002221777649,9.406810035842293,31,
72440013995,USW00013995,diurnal,8,4.713375114933174,,,,,11.127694219666992,9.824372759856631,31,
72440013995,USW00013995,diurnal,9,5.6752189308909,,,,,12.618445130330638,9.948148148148148,30,
72440013995,USW00013995,diurnal,10,6.958905469344278,,,,,15.301218936866938,9.410394265232975,31,
72440013995,USW00013995,diurnal,11,4.023274733339729,,,,,9.806551495094132,7.909259259259259,30,
72440013995,USW00013995,diurnal,12,3.429572441502134,,,,,9.785406481732544,6.792114695340501,30,
72445003945,USW00003945,annual,0,11.443530468915446,12.810726941661018,186.7480647537883,197.86602585007228,-11.117961096283977,,,365,
72445003945,USW00003945,diurnal,1,2.2037598139148575,,,,,6.765223838512764,6.060931899641577,31,
72445003945,USW00003945,diurnal,2,5.736117414675837,,,,,13.297510276700656,7.311507936507938,29,
72445003945,USW00003945,diurnal,3,5.2536588825067,,,,,12.81087852352313,8.731182795698926,31,
72445003945,USW00003945,diurnal,4,4.597663015519741,,,,,11.232169114889016,9.011111111111111,30,
72445003945,USW00003945,diurnal,5,4.1008175992200675,,,,,9.740707429003823,8.863799283154124,31,
72445003945,USW00003945,diurnal,6,4.805344997497683,,,,,10.113052494557126,9.26851851851852,30,
72445003945,USW00003945,diurnal,7,4.3785014849437385,,,,,9.752912811432346,9.435483870967742,31,
72445003945,USW00003945,diurnal,8,4.253925331732236,,,,,9.93728680656606,9.99283154121864,31,
72445003945,USW00003945,diurnal,9,5.795011270945266,,,,,12.460289658923319,10.192592592592595,30,
72445003945,USW00003945,diurnal,10,7.079469592862773,,,,,15.283714013490918,9.35663082437276,31,
72445003945,USW00003945,diurnal,11,3.080221758147775,,,,,8.87226618142384,7.475925925925926,30,
72445003945,USW00003945,diurnal,12,3.253389086392223,,,,,8.384832929549063,6.037634408602152,31,
72446003947,USW00003947,annual,0,12.047850973062278,13.369252952742576,189.83437104238737,198.202823416523,-8.368452374135614,,,365,
72446003947,USW00003947,diurnal,1,1.9938008892643801,,,,,6.52757247795278,6.345878136200716,31,
72446003947,USW00003947,diurnal,2,6.244087633901233,,,,,15.014904724440521,7.484126984126983,29,
72446003947,USW00003947,diurnal,3,4.548316829949687,,,,,12.259870839829741,8.758064516129032,31,
72446003947,USW00003947,diurnal,4,5.099208662264841,,,,,12.106891518240054,8.66111111111111,30,
72446003947,USW00003947,diurnal,5,4.884690956996752,,,,,10.330760953618752,8.596774193548388,31,
72446003947,USW00003947,diurnal,6,4.549736988000595,,,,,10.26178693085373,8.766666666666667,30,
72446003947,USW00003947,diurnal,7,4.226892287537804,,,,,9.971469346386378,9.03942652329749,31,
72446003947,USW00003947,diurnal,8,4.913219574701573,,,,,11.074599216626503,9.381720430107526,31,
72446003947,USW00003947,diurnal,9,5.996629731861645,,,,,12.988000616999244,9.488888888888887,30,
72446003947,USW00003947,diurnal,10,6.273545861870676,,,,,14.915099950110214,9.051971326164873,31,
72446003947,USW00003947,diurnal,11,3.45521251216478,,,,,8.606099258992229,7.383333333333332,30,
72446003947,USW00003947,diurnal,12,3.4045128093564814,,,,,8.322848471184361,6.207885304659499,31,
72446313988,USW00013988,annual,0,12.104260592668027,13.43270389927923,189.84250255379408,198.3611215066111,-8.518618952817036,,,365,
72446313988,USW00013988,diurnal,1,2.458488382778764,,,,,6.464445825760315,6.243727598566307,31,
72446313988,USW00013988,diurnal,2,6.370714895956108,,,,,14.242657856220482,7.357142857142857,29,
72446313988,USW00013988,diurnal,3,5.191182010017703,,,,,11.590868490900625,8.496415770609318,31,
72446313988,USW00013988,diurnal,4,4.81187806216747,,,,,12.005003115200314,8.36111111111111,30,
72446313988,USW00013988,diurnal,5,4.516970634074835,,,,,10.189092521280468,8.057347670250895,31,
72446313988,USW00013988,diurnal,6,4.36859968426586,,,,,9.810877647185421,8.09074074074074,30,
72446313988,USW00013988,diurnal,7,4.096781383124973,,,,,9.498102293826392,8.118279569892474,31,
72446313988,USW00013988,diurnal,8,4.123404554159248,,,,,9.703880318561211,8.63620071684588,31,
72446313988,USW00013988,diurnal,9,5.556188732328338,,,,,11.525923194339022,8.711111111111112,30,
72446313988,USW00013988,diurnal,10,6.309013835041591,,,,,14.311803804265324,8.589605734767026,31,
72446313988,USW00013988,diurnal,11,3.411505564509222,,,,,8.651312361094867,7.166666666666667,30,
72446313988,USW00013988,diurnal,12,3.2079784528812825,,,,,8.334207621783264,5.9874551971326175,30,
72446713930,USW00013930,annual,0,11.330179341518903,13.049699676269476,187.3814324675467,197.87891328461058,-10.497480817063888,,,365,
72446713930,USW00013930,diurnal,1,2.4979540599497443,,,,,6.534484944503561,6.474910394265233,31,
72446713930,USW00013930,diurnal,2,5.811149466727818,,,,,14.10699775613409,7.54563492063492,23,
72446713930,USW00013930,diurnal,3,5.32960514372479,,,,,12.192487099247058,9.014336917562726,31,
72446713930,USW00013930,diurnal,4,4.82404582854325,,,,,11.41756419445884,9.038888888888888,30,
72446713930,USW00013930,diurnal,5,4.415911356405557,,,,,10.107981135781804,9.03225806451613,30,
72446713930,USW00013930,diurnal,6,4.754597487012049,,,,,10.33171409583282,9.255555555555556,30,
72446713930,USW00013930,diurnal,7,4.284599450880954,,,,,9.882774817780072,9.560931899641576,30,
72446713930,USW00013930,diurnal,8,4.731299576674006,,,,,10.81707032079453,10.051971326164876,31,
72446713930,USW00013930,diurnal,9,6.760849555805741,,,,,14.537070170861746,10.259259259259258,30,
72446713930,USW00013930,diurnal,10,7.76251513469318,,,,,16.342460320502777,9.370967741935486,31,
72446713930,USW00013930,diurnal,11,3.3999669842634916,,,,,8.37427213575953,7.572222222222222,30,
72446713930,USW00013930,diurnal,12,3.3743104801562915,,,,,8.900957389084287,6.403225806451611,30,
72450003928,USW00003928,annual,0,12.146298216148418,13.370918856571897,191.51966554810423,199.17104597525469,-7.651380427150457,,,365,
72450003928,USW00003928,diurnal,1,3.96818979529666,,,,,10.388135783594963,8.483870967741938,31,
72450003928,USW00003928,diurnal,2,6.089631495589925,,,,,15.102671026763714,9.319444444444445,29,
72450003928,USW00003928,diurnal,3,5.481616196969715,,,,,12.655200028410375,9.98387096774194,31,
72450003928,USW00003928,diurnal,4,5.364425673034405,,,,,12.372586224508735,9.942592592592593,30,
72450003928,USW00003928,diurnal,5,5.020180364679844,,,,,11.091487599450641,9.49641577060932,31,
72450003928,USW00003928,diurnal,6,5.281399450368295,,,,,11.641635064396082,10.224074074074075,30,
72450003928,USW00003928,diurnal,7,5.758044175846808,,,,,13.268332561631588,10.621863799283155,31,
72450003928,USW00003928,diurnal,8,5.315727992635212,,,,,12.292502546373345,10.621863799283155,31,
72450003928,USW00003928,diurnal,9,6.769143868035601,,,,,14.208685953048866,10.577777777777781,30,
72450003928,USW00003928,diurnal,10,6.252595127359106,,,,,14.631373290410874,10.401433691756274,31,
72450003928,USW00003928,diurnal,11,3.5435488336245813,,,,,9.840774760696068,9.216666666666665,30,
72450003928,USW00003928,diurnal,12,4.253143378998055,,,,,12.327497222578655,7.887096774193549,31,
72450503923,USW00003923,annual,0,11.567717968390978,13.056123631417158,189.90799409412455,198.9681819304108,-9.060187836286246,,,365,
72450503923,USW00003923,diurnal,1,3.937179441407752,,,,,9.885595031017987,8.094982078853045,31,
72450503923,USW00003923,diurnal,2,6.004299844953488,,,,,14.048890028158581,9.083333333333334,29,
72450503923,USW00003923,diurnal,3,5.460538326367693,,,,,12.199095078554059,9.745519713261649,30,
72450503923,USW00003923,diurnal,4,5.5053632044320295,,,,,12.139840188112831,9.675925925925927,30,
72450503923,USW00003923,diurnal,5,4.6363188087468705,,,,,10.535936519752838,9.189964157706092,29,
72450503923,USW00003923,diurnal,6,4.945989679387333,,,,,10.746620964655296,9.794444444444444,29,
72450503923,USW00003923,diurnal,7,5.625285582108438,,,,,12.541730619332428,10.299283154121863,28,
72450503923,USW00003923,diurnal,8,5.319395471893185,,,,,11.635992193107576,10.451612903225806,31,
72450503923,USW00003923,diurnal,9,6.252478386146076,,,,,13.334302133577445,10.205555555555554,29,
72450503923,USW00003923,diurnal,10,6.134474756654634,,,,,13.8877036897748,10.026881720430104,31,
72450503923,USW00003923,diurnal,11,3.3747820210204735,,,,,9.104231441064215,8.816666666666666,30,
72450503923,USW00003923,diurnal,12,4.459599650320953,,,,,12.054760838049724,7.564516129032258,31,
72451013985,USW00013985,annual,0,12.08687676035515,13.39741821673871,191.9172078359198,200.2536512745864,-8.336443438666578,,,365,
72451013985,USW00013985,diurnal,1,3.3874362156125244,,,,,9.913986542176868,10.315412186379929,28,
72451013985,USW00013985,diurnal,2,6.464959681980881,,,,,15.21187992975147,10.954365079365079,29,
72451013985,USW00013985,diurnal,3,7.55081447354124,,,,,17.435703240780622,12.134408602150536,31,
72451013985,USW00013985,diurnal,4,7.655534583369985,,,,,17.814301481549712,12.131481481481481,30,
72451013985,USW00013985,diurnal,5,6.771541070018682,,,,,15.466364195317642,12.129032258064516,31,
72451013985,USW00013985,diurnal,6,5.697123605894948,,,,,13.069231652481701,12.46111111111111,30,
72451013985,USW00013985,diurnal,7,6.36997735926607,,,,,13.524026796108853,12.890681003584229,31,
72451013985,USW00013985,diurnal,8,6.315282714358244,,,,,14.519867262744697,12.582437275985667,31,
72451013985,USW00013985,diurnal,9,7.5278262959260545,,,,,15.785255694853566,12.55,30,
72451013985,USW00013985,diurnal,10,7.513617693402414,,,,,17.1649175911146,12.405017921146952,31,
72451013985,USW00013985,diurnal,11,4.462511501503451,,,,,11.869096692783856,11.25,30,
72451013985,USW00013985,diurnal,12,5.7718019101543385,,,,,13.9243075453412,9.881720430107526,31,
72451523064,USW00023064,annual,0,12.419690935653875,13.427584389583844,192.87019803080216,200.0301391649805,-7.159941134178354,,,365,
72451523064,USW00023064,diurnal,1,4.098901539437593,,,,,11.103018110791128,11.731182795698926,31,
72451523064,USW00023064,diurnal,2,5.747638171051792,,,,,13.837110398697273,12.15873015873016,29,
72451523064,USW00023064,diurnal,3,8.11487744817711,,,,,18.81093286683205,13.215053763440862,31,
72451523064,USW00023064,diurnal,4,7.799183211784991,,,,,18.77235971326631,13.122222222222224,30,
72451523064,USW00023064,diurnal,5,6.9096138764020765,,,,,16.094661410518587,13.111111111111109,31,
72451523064,USW00023064,diurnal,6,6.332347512271889,,,,,13.966577634232927,13.251851851851852,30,
72451523064,USW00023064,diurnal,7,6.862245840972224,,,,,14.71527921615385,13.392473118279568,31,
72451523064,USW00023064,diurnal,8,6.883367027199398,,,,,15.127957860892852,12.978494623655912,31,
72451523064,USW00023064,diurnal,9,8.028980390860827,,,,,16.9823260282894,13.298148148148147,30,
72451523064,USW00023064,diurnal,10,7.915124150282407,,,,,18.888897174805294,13.523297491039424,31,
72451523064,USW00023064,diurnal,11,5.6496615551103435,,,,,13.931369866654425,12.56111111111111,30,
72451523064,USW00023064,diurnal,12,6.075316049222393,,,,,15.39406726863608,11.396057347670254,31,
72452003957,USW00003957,annual,0,12.415917145926857,13.444459478030906,190.8681807509651,199.12905920973563,-8.26087845877052,,,365,
72452003957,USW00003957,diurnal,1,4.829321326417173,,,,,11.079621944366886,10.35125448028674,31,
72452003957,USW00003957,diurnal,2,7.036225225176513,,,,,16.61745872403773,10.789682539682541,29,
72452003957,USW00003957,diurnal,3,6.637725846421613,,,,,15.912818597279163,11.392473118279568,31,
72452003957,USW00003957,diurnal,4,6.761063711656583,,,,,14.526621277545718,11.253703703703707,30,
72452003957,USW00003957,diurnal,5,5.810517246808664,,,,,13.636089846234121,11.044802867383511,31,
72452003957,USW00003957,diurnal,6,6.1555082827229874,,,,,13.444599639299746,11.64814814814815,30,
72452003957,USW00003957,diurnal,7,6.763631808881899,,,,,14.041477205109619,12.177419354838712,31,
72452003957,USW00003957,diurnal,8,6.453589643230314,,,,,14.484255517771889,11.960573476702507,31,
72452003957,USW00003957,diurnal,9,6.823944511177185,,,,,15.52763997610532,11.857407407407408,30,
72452003957,USW00003957,diurnal,10,7.04414103985475,,,,,15.458001981916432,12.08064516129032,31,
72452003957,USW00003957,diurnal,11,4.9364099472010174,,,,,11.65959767707718,11.037037037037038,30,
72452003957,USW00003957,diurnal,12,5.386816696422461,,,,,12.306554171262835,9.618279569892476,30,
72456013996,USW00013996,annual,0,12.186616124656023,13.49514965405281,190.12026602834655,197.80196444961467,-7.681698421268123,,,365,
72456013996,USW00013996,diurnal,1,3.3428867830156253,,,,,8.088912542762856,7.600358422939069,31,
72456013996,USW00013996,diurnal,2,6.845793533938647,,,,,16.0994797801601,8.666666666666666,29,
72456013996,USW00013996,diurnal,3,5.894130720959451,,,,,13.620797453344675,9.761648745519715,30,
72456013996,USW00013996,diurnal,4,5.75199982274111,,,,,13.233782043806189,9.703703703703702,28,
72456013996,USW00013996,diurnal,5,5.175452169966475,,,,,10.535384546214082,9.401433691756273,27,
72456013996,USW00013996,diurnal,6,5.168008324380066,,,,,11.123678170627446,9.527777777777775,30,
72456013996,USW00013996,diurnal,7,5.032718327049184,,,,,11.520247909407104,9.78136200716846,31,
72456013996,USW00013996,diurnal,8,5.475659880854314,,,,,12.38506209190473,10.383512544802871,30,
72456013996,USW00013996,diurnal,9,7.149826676848647,,,,,15.359241118320362,10.65925925925926,30,
72456013996,USW00013996,diurnal,10,6.753865554288395,,,,,17.63712239405639,10.494623655913982,31,
72456013996,USW00013996,diurnal,11,3.558709887298137,,,,,9.640288427006379,8.818518518518518,30,
72456013996,USW00013996,diurnal,12,4.806518132866885,,,,,10.033775508591447,7.453405017921146,31,
72456513920,USW00013920,annual,0,11.97310004816017,13.424115533796618,189.56164176531163,197.90212195048082,-8.340480185169184,,,365,
72456513920,USW00013920,diurnal,1,3.444421975661538,,,,,8.60868256702542,7.709677419354839,31,
72456513920,USW00013920,diurnal,2,6.858137282076348,,,,,16.025166918746883,8.948412698412698,29,
72456513920,USW00013920,diurnal,3,5.83633567224583,,,,,13.446320738327124,9.917562724014337,31,
72456513920,USW00013920,diurnal,4,5.851311242975714,,,,,13.501037087428621,9.78888888888889,30,
72456513920,USW00013920,diurnal,5,5.645995524511414,,,,,12.256334230122096,9.548387096774194,31,
72456513920,USW00013920,diurnal,6,4.9837538604173695,,,,,11.198688244593507,9.866666666666665,30,
72456513920,USW00013920,diurnal,7,5.26201151654603,,,,,11.616246870717713,10.320788530465952,31,
72456513920,USW00013920,diurnal,8,5.580161345650394,,,,,12.316779391827566,10.765232974910393,31,
72456513920,USW00013920,diurnal,9,7.597098758881344,,,,,15.584439100909927,10.712962962962962,30,
72456513920,USW00013920,diurnal,10,8.496778286590787,,,,,18.12649128332356,10.498207885304659,31,
72456513920,USW00013920,diurnal,11,3.4602718005840627,,,,,9.931066829163994,8.940740740740742,30,
72456513920,USW00013920,diurnal,12,4.63270558614249,,,,,11.315756103542743,7.569892473118279,31,
72458013984,USW00013984,annual,0,12.592565920367312,13.847174909170414,191.68845048612548,199.52060327786305,-7.83215279173757,,,365,
72458013984,USW00013984,diurnal,1,2.761488399781747,,,,,8.10936387234053,7.673835125448028,31,
72458013984,USW00013984,diurnal,2,5.849999132501717,,,,,14.348017385359569,8.674603174603174,29,
72458013984,USW00013984,diurnal,3,5.358169780276055,,,,,13.930141138200206,10.161290322580644,31,
72458013984,USW00013984,diurnal,4,6.35176443105529,,,,,13.907173825924062,10.133333333333333,30,
72458013984,USW00013984,diurnal,5,5.6324444859796134,,,,,13.238831944889853,9.96594982078853,31,
72458013984,USW00013984,diurnal,6,5.4458653771244805,,,,,12.944737276051734,10.76111111111111,30,
72458013984,USW00013984,diurnal,7,5.838471356763661,,,,,13.527402944809015,10.700716845878137,31,
72458013984,USW00013984,diurnal,8,5.543178399321853,,,,,12.610731076824376,10.727598566308247,30,
72458013984,USW00013984,diurnal,9,6.898583323155357,,,,,14.763536907093346,10.868518518518517,30,
72458013984,USW00013984,diurnal,10,7.131211269517506,,,,,15.944655488250723,10.591397849462364,31,
72458013984,USW00013984,diurnal,11,3.716059922399526,,,,,9.493171610179399,8.890740740740739,30,
72458013984,USW00013984,diurnal,12,4.592926253929762,,,,,10.61525799950633,7.562724014336918,31,
72458593997,USW00093997,annual,0,12.781083394447958,13.905299968964112,193.36792814855116,199.76134401057473,-6.3934158620235735,,,365,
72458593997,USW00093997,diurnal,1,2.907155430371603,,,,,7.424035360852788,9.673835125448027,31,
72458593997,USW00093997,diurnal,2,6.221078315910749,,,,,15.15431282143294,10.424603174603174,29,
72458593997,USW00093997,diurnal,3,6.910802453812924,,,,,15.687556501917303,11.465949820788529,31,
72458593997,USW00093997,diurnal,4,6.714665223464992,,,,,15.033090307670138,11.355555555555558,30,
72458593997,USW00093997,diurnal,5,5.955604272424746,,,,,12.674708158321716,11.043010752688172,31,
72458593997,USW00093997,diurnal,6,6.112111844480713,,,,,12.801016007061943,11.714814814814813,30,
72458593997,USW00093997,diurnal,7,7.013709734691561,,,,,14.952896737799662,12.168458781362007,31,
72458593997,USW00093997,diurnal,8,5.703221976531667,,,,,13.02963046388577,11.695340501792115,31,
72458593997,USW00093997,diurnal,9,6.937576186503101,,,,,14.420537607975396,11.633333333333336,30,
72458593997,USW00093997,diurnal,10,7.345274669819635,,,,,16.830541740469975,11.915770609318994,31,
72458593997,USW00093997,diurnal,11,4.250059664072927,,,,,10.720794386777921,10.84074074074074,30,
72458593997,USW00093997,diurnal,12,5.045667431130976,,,,,12.281654778615664,9.4247311827957,29,
72458603919,USW00003919,annual,0,12.81810242577235,13.954457738822065,191.7470940312882,199.11401515248338,-7.366921121195162,,,365,
72458603919,USW00003919,diurnal,1,2.748683196260572,,,,,7.269968853764425,8.634408602150538,31,
72458603919,USW00003919,diurnal,2,6.394857931821657,,,,,15.159491860390576,9.523809523809522,29,
72458603919,USW00003919,diurnal,3,6.744126827783267,,,,,14.43364335611019,10.492831541218637,31,
72458603919,USW00003919,diurnal,4,7.202150002592111,,,,,14.528727933381163,10.588888888888887,30,
72458603919,USW00003919,diurnal,5,5.520314508527755,,,,,12.514693255211078,10.356630824372761,31,
72458603919,USW00003919,diurnal,6,5.098102098326197,,,,,11.72602916363339,11.094444444444443,30,
72458603919,USW00003919,diurnal,7,6.745395292453959,,,,,14.389927647797393,11.277777777777777,31,
72458603919,USW00003919,diurnal,8,5.152473048149082,,,,,11.755247528607274,11.02688172043011,31,
72458603919,USW00003919,diurnal,9,7.606317003516765,,,,,15.281775989144515,10.842592592592592,30,
72458603919,USW00003919,diurnal,10,7.466108249356215,,,,,16.285016590945126,10.90322580645161,31,
72458603919,USW00003919,diurnal,11,3.5101399914884075,,,,,9.717386885346674,9.696296296296298,30,
72458603919,USW00003919,diurnal,12,5.324331285342985,,,,,13.103851444497003,8.308243727598565,29,
72462023061,USW00023061,annual,0,12.136059439108976,13.314307670805013,194.07026834177742,196.0307761425936,-1.960507800816174,,,365,
72462023061,USW00023061,diurnal,1,7.511232230128782,,,,,18.016764731476332,16.401433691756278,31,
72462023061,USW00023061,diurnal,2,7.850892710562333,,,,,18.21342746200563,15.621031746031747,29,
72462023061,USW00023061,diurnal,3,6.618759219878793,,,,,14.474815401757297,16.098566308243726,31,
72462023061,USW00023061,diurnal,4,9.421835317542987,,,,,21.634672115921063,16.238888888888887,30,
72462023061,USW00023061,diurnal,5,9.010525214345103,,,,,19.693754229935532,17.238351254480285,31,
72462023061,USW00023061,diurnal,6,8.160273534641497,,,,,18.658701477159923,18.99814814814815,30,
72462023061,USW00023061,diurnal,7,9.196031890178615,,,,,20.85635742697389,17.35663082437276,31,
72462023061,USW00023061,diurnal,8,6.9617133495111965,,,,,17.853281003747384,16.836917562724015,31,
72462023061,USW00023061,diurnal,9,10.151725943687701,,,,,21.95396385240837,17.87592592592593,30,
72462023061,USW00023061,diurnal,10,10.283110994829613,,,,,21.963267647031923,18.24014336917563,31,
72462023061,USW00023061,diurnal,11,6.646046625716739,,,,,15.77195204938651,16.844444444444445,30,
72462023061,USW00023061,diurnal,12,9.291898998214872,,,,,21.07194625360132,15.770609318996414,31,
72463523067,USW00023067,annual,0,13.206107847165388,13.375245683499024,189.8304541081515,198.7577173255438,-8.927263217392294,,,365,
72463523067,USW00023067,diurnal,1,5.607695690655176,,,,,13.968931310841517,12.345878136200716,31,
72463523067,USW00023067,diurnal,2,6.52214068906425,,,,,16.518156576453638,13.051587301587302,29,
72463523067,USW00023067,diurnal,3,7.642729880821489,,,,,17.519479285093496,14.634408602150536,31,
72463523067,USW00023067,diurnal,4,8.042362557236425,,,,,19.125528040352656,14.225925925925926,25,
72463523067,USW00023067,diurnal,5,7.871155914142825,,,,,18.570593641973495,14.564516129032254,31,
72463523067,USW00023067,diurnal,6,7.53163261059785,,,,,17.635101456288908,15.41111111111111,30,
72463523067,USW00023067,diurnal,7,7.8598037599374155,,,,,17.458096660551412,15.326164874551973,31,
72463523067,USW00023067,diurnal,8,6.95980553722635,,,,,16.7077803206707,14.78673835125448,31,
72463523067,USW00023067,diurnal,9,8.420039030956397,,,,,18.80691046373343,15.275925925925925,30,
72463523067,USW00023067,diurnal,10,8.027705253720757,,,,,18.07798349800015,15.09318996415771,31,
72463523067,USW00023067,diurnal,11,4.292676553002355,,,,,11.324979055289683,13.437037037037035,30,
72463523067,USW00023067,diurnal,12,7.0068145088470395,,,,,16.17216072669637,11.962365591397852,31,
72464093058,USW00093058,annual,0,12.914210622071275,12.93844205697268,192.1469673511532,199.0224056080719,-6.875438256918699,,,365,
72464093058,USW00093058,diurnal,1,6.745492933744994,,,,,16.667143169790428,14.132616487455195,31,
72464093058,USW00093058,diurnal,2,6.596206535908853,,,,,15.89638488588669,14.501984126984128,29,
72464093058,USW00093058,diurnal,3,7.568905548317524,,,,,17.942961907689828,15.686379928315413,31,
72464093058,USW00093058,diurnal,4,7.885939842522934,,,,,19.58667302203166,14.925925925925924,30,
72464093058,USW00093058,diurnal,5,8.012729840168731,,,,,19.074909780462665,15.2168458781362,26,
72464093058,USW00093058,diurnal,6,8.375023731328884,,,,,19.360129983438867,16.544444444444444,30,
72464093058,USW00093058,diurnal,7,7.601128889971931,,,,,17.314042825016998,16.245519713261647,31,
72464093058,USW00093058,diurnal,8,7.388117289020511,,,,,16.4939207082795,15.487455197132615,31,
72464093058,USW00093058,diurnal,9,8.292506133070418,,,,,19.16155701175648,16.42037037037037,30,
72464093058,USW00093058,diurnal,10,8.887390894767275,,,,,20.63795438309674,16.258064516129032,31,
72464093058,USW00093058,diurnal,11,6.991271130489403,,,,,15.712610884404222,14.609259259259261,30,
72464093058,USW00093058,diurnal,12,6.949141005341835,,,,,18.212693901947212,13.587813620071685,30,
72464523070,USW00023070,annual,0,12.09502715016201,11.852391234888968,190.75439079978165,201.16910387615297,-10.414713076371328,,,365,
72464523070,USW00023070,diurnal,1,4.877163390996167,,,,,11.574814059267167,11.715053763440858,31,
72464523070,USW00023070,diurnal,2,6.2160393003233505,,,,,15.129271218752475,12.319444444444446,29,
72464523070,USW00023070,diurnal,3,6.770207552322028,,,,,15.82058788423425,13.53225806451613,31,
72464523070,USW00023070,diurnal,4,7.188620792085169,,,,,17.095490085765547,13.348148148148146,30,
72464523070,USW00023070,diurnal,5,8.223656115764774,,,,,17.831914330839446,13.668458781362007,31,
72464523070,USW00023070,diurnal,6,7.047300789202636,,,,,16.570046479830282,14.201851851851849,30,
72464523070,USW00023070,diurnal,7,7.602092381893384,,,,,17.025347142156612,13.978494623655916,31,
72464523070,USW00023070,diurnal,8,7.5464674755436265,,,,,16.040866569126393,13.544802867383513,31,
72464523070,USW00023070,diurnal,9,8.45002500036646,,,,,17.871328734721814,13.862962962962964,30,
72464523070,USW00023070,diurnal,10,7.737556001609804,,,,,18.310871578413327,14.10931899641577,31,
72464523070,USW00023070,diurnal,11,5.025012698925704,,,,,13.072643946231636,12.496296296296297,30,
72464523070,USW00023070,diurnal,12,6.173382707727276,,,,,15.21317827352585,11.05017921146953,30,
72465023065,USW00023065,annual,0,12.427084081202542,13.059102387190471,192.27693289530094,200.27152628001102,-7.994593384710072,,,365,
72465023065,USW00023065,diurnal,1,3.346387795736037,,,,,10.241205583463035,10.478494623655916,31,
72465023065,USW00023065,diurnal,2,6.537085262644213,,,,,14.864470859946941,11.035714285714283,28,
72465023065,USW00023065,diurnal,3,7.485432454168777,,,,,17.150488878323912,12.969534050179211,31,
72465023065,USW00023065,diurnal,4,7.312096282282199,,,,,17.276660513999374,12.825925925925928,30,
72465023065,USW00023065,diurnal,5,7.446691971124373,,,,,16.459384247007353,12.652329749103947,31,
72465023065,USW00023065,diurnal,6,7.312590862612257,,,,,16.396812654603398,13.614814814814812,30,
72465023065,USW00023065,diurnal,7,7.313181301853827,,,,,16.465379832411674,13.854838709677418,31,
72465023065,USW00023065,diurnal,8,6.667575643981974,,,,,14.926186125016656,13.259856630824375,31,
72465023065,USW00023065,diurnal,9,8.700711492959577,,,,,18.390707299311018,13.55,30,
72465023065,USW00023065,diurnal,10,8.00259088270349,,,,,17.330229694260506,13.227598566308243,30,
72465023065,USW00023065,diurnal,11,6.206878160694584,,,,,15.19885811640965,11.651851851851852,30,
72465023065,USW00023065,diurnal,12,5.276633592751366,,,,,13.852335178916286,10.32616487455197,31,
72466093037,USW00093037,annual,0,11.22669338689358,11.519414089485007,193.7926058485005,202.26340760880396,-8.470801760303459,,,365,
72466093037,USW00093037,diurnal,1,5.442453035199017,,,,,13.364511553840646,9.207885304659497,31,
72466093037,USW00093037,diurnal,2,4.432461335465988,,,,,12.193930175421531,9.648809523809524,29,
72466093037,USW00093037,diurnal,3,6.117465502534463,,,,,14.484659414242639,11.048387096774192,31,
72466093037,USW00093037,diurnal,4,6.311980745924257,,,,,15.026417727750681,11.07037037037037,30,
72466093037,USW00093037,diurnal,5,5.928035390345477,,,,,13.74194989691268,11.465949820788527,31,
72466093037,USW00093037,diurnal,6,6.810948653742042,,,,,15.828944158402624,12.601851851851853,30,
72466093037,USW00093037,diurnal,7,6.443154332456189,,,,,15.14151705722173,12.453405017921147,31,
72466093037,USW00093037,diurnal,8,5.734168455883751,,,,,14.015044105294912,11.897849462365588,31,
72466093037,USW00093037,diurnal,9,6.851333377610141,,,,,15.846329654662973,12.274074074074074,30,
72466093037,USW00093037,diurnal,10,6.332152627200328,,,,,14.508825992510005,11.596774193548388,31,
72466093037,USW00093037,diurnal,11,5.004235763124957,,,,,12.420538279892842,9.992592592592592,30,
72466093037,USW00093037,diurnal,12,5.32289685935925,,,,,12.818904032253428,8.96594982078853,31,
72466593010,USW00093010,annual,0,12.728583693256056,12.815419722875625,190.48768403678307,200.20482858993748,-9.717144553154412,,,365,
72466593010,USW00093010,diurnal,1,6.625675931587651,,,,,15.714939625632882,12.706093189964161,31,
72466593010,USW00093010,diurnal,2,7.574524994494963,,,,,16.26290286949341,12.863095238095237,29,
72466593010,USW00093010,diurnal,3,9.488666831028619,,,,,19.50025817341671,14.507168458781367,31,
72466593010,USW00093010,diurnal,4,8.2071142557792,,,,,19.51810696378506,14.196296296296293,30,
72466593010,USW00093010,diurnal,5,7.7097143725445845,,,,,17.17342344670278,14.059139784946238,31,
72466593010,USW00093010,diurnal,6,7.559196488625664,,,,,18.032148852651172,15.42222222222222,30,
72466593010,USW00093010,diurnal,7,9.000374379072841,,,,,18.066590750775745,16.012544802867385,31,
72466593010,USW00093010,diurnal,8,7.639199291246158,,,,,16.568465639855965,15.189964157706093,31,
72466593010,USW00093010,diurnal,9,10.43424243546676,,,,,21.44047508529763,16.02777777777778,30,
72466593010,USW00093010,diurnal,10,9.11400662631083,,,,,21.10983415681534,15.220430107526882,31,
72466593010,USW00093010,diurnal,11,4.459571746509228,,,,,12.83053408664023,13.566666666666668,30,
72466593010,USW00093010,diurnal,12,5.831194373425034,,,,,14.122922480065215,12.265232974910395,31,
72466693067,USW00093067,annual,0,11.549214466677089,11.698265924378136,196.6631074268591,202.68453668803758,-6.0214292611784686,,,365,
72466693067,USW00093067,diurnal,1,5.2228086027984455,,,,,11.93081273417255,9.2168458781362,31,
72466693067,USW00093067,diurnal,2,5.548917262908373,,,,,11.928173293625132,9.644841269841269,29,
72466693067,USW00093067,diurnal,3,6.169953701661429,,,,,13.86682609760677,10.955197132616489,31,
72466693067,USW00093067,diurnal,4,5.816490260922631,,,,,13.991290190853913,10.820370370370368,30,
72466693067,USW00093067,diurnal,5,5.920478773366521,,,,,13.579155833671496,11.329749103942655,30,
72466693067,USW00093067,diurnal,6,7.019654150974579,,,,,15.405911581307672,12.722222222222221,30,
72466693067,USW00093067,diurnal,7,6.909913488499689,,,,,15.157603643264089,12.786738351254478,31,
72466693067,USW00093067,diurnal,8,6.03770202582669,,,,,14.31641640803371,12.39784946236559,31,
72466693067,USW00093067,diurnal,9,6.989716666509061,,,,,15.248123011355933,12.644444444444444,30,
72466693067,USW00093067,diurnal,10,6.930354693093246,,,,,15.152399999551927,11.646953405017921,31,
72466693067,USW00093067,diurnal,11,4.879439070472872,,,,,12.16979671629963,10.338888888888887,30,
72466693067,USW00093067,diurnal,12,5.54199160592535,,,,,12.97770431967406,9.225806451612904,31,
72469523036,USW00023036,annual,0,11.510730714620998,11.788291580554372,195.97844306961244,202.06389262468852,-6.085449555076082,,,365,
72469523036,USW00023036,diurnal,1,5.165566304152776,,,,,12.40537629780182,9.093189964157707,31,
72469523036,USW00023036,diurnal,2,4.992795423759612,,,,,12.073541124110909,9.678571428571429,29,
72469523036,USW00023036,diurnal,3,6.732970220512634,,,,,14.394932134160323,11.277777777777775,31,
72469523036,USW00023036,diurnal,4,6.467867558987616,,,,,14.420019182898201,11.375925925925925,30,
72469523036,USW00023036,diurnal,5,6.319809625711197,,,,,14.236644812094681,11.727598566308243,31,
72469523036,USW00023036,diurnal,6,7.791160566528627,,,,,16.445032994993277,13.168518518518518,30,
72469523036,USW00023036,diurnal,7,7.636599869555087,,,,,16.499836277880853,13.388888888888888,31,
72469523036,USW00023036,diurnal,8,6.597738797136995,,,,,15.135138022098094,13.071684587813623,31,
72469523036,USW00023036,diurnal,9,7.373670634134831,,,,,16.02866639698919,13.159259259259256,30,
72469523036,USW00023036,diurnal,10,7.679064606728408,,,,,15.986203892480894,11.95878136200717,31,
72469523036,USW00023036,diurnal,11,4.401309759931756,,,,,11.668889266919255,10.059259259259257,30,
72469523036,USW00023036,diurnal,12,5.494540565912116,,,,,12.623177883601276,8.82795698924731,31,
72469824015,USW00024015,annual,0,11.868335010123495,12.722922664605692,193.86974008525382,201.23926169196093,-7.36952160670711,,,365,
72469824015,USW00024015,diurnal,1,4.281274262172566,,,,,11.308167874202576,9.030465949820787,31,
72469824015,USW00024015,diurnal,2,5.882891601960768,,,,,13.788444465461014,9.890873015873016,29,
72469824015,USW00024015,diurnal,3,6.726535952307124,,,,,15.308010625292262,11.786738351254483,31,
72469824015,USW00024015,diurnal,4,6.564845747420114,,,,,16.28161785046204,11.775925925925927,30,
72469824015,USW00024015,diurnal,5,6.478973408077577,,,,,14.901041348965434,12.007168458781361,31,
72469824015,USW00024015,diurnal,6,6.933954272534208,,,,,15.738830068952703,13.20185185185185,30,
72469824015,USW00024015,diurnal,7,7.669231879168211,,,,,15.731748140982717,13.383512544802864,31,
72469824015,USW00024015,diurnal,8,6.373515001005409,,,,,13.904168649730304,13.279569892473116,31,
72469824015,USW00024015,diurnal,9,7.657016816606786,,,,,16.838738398094684,13.111111111111114,30,
72469824015,USW00024015,diurnal,10,7.463694749029611,,,,,15.714319683980502,12.103942652329748,31,
72469824015,USW00024015,diurnal,11,4.593857626307266,,,,,11.63549218721166,10.342592592592592,30,
72469824015,USW00024015,diurnal,12,4.781505137588221,,,,,13.645360292647554,8.96594982078853,30,
72470093141,USW00093141,annual,0,13.983600929852027,13.46930669677393,204.82562580729035,198.94500654052254,5.880619266767809,,,365,
72470093141,USW00093141,diurnal,1,3.2216595924018585,,,,,8.871526931612857,8.04121863799283,31,
72470093141,USW00093141,diurnal,2,3.8059168099253795,,,,,10.235666971258572,8.690476190476192,29,
72470093141,USW00093141,diurnal,3,4.546459680361131,,,,,11.15871435828615,10.68637992831541,31,
72470093141,USW00093141,diurnal,4,6.928028257693892,,,,,14.772515664230568,11.731481481481485,27,
72470093141,USW00093141,diurnal,5,5.970123200461881,,,,,13.973939613836729,12.338709677419354,31,
72470093141,USW00093141,diurnal,6,7.034113477052278,,,,,15.324306327256645,14.294444444444446,29,
72470093141,USW00093141,diurnal,7,7.219033556648363,,,,,15.902991858780865,13.618279569892472,31,
72470093141,USW00093141,diurnal,8,6.599636661279541,,,,,15.069313334158945,13.526881720430106,31,
72470093141,USW00093141,diurnal,9,7.312602413707549,,,,,15.27024506393157,13.507407407407408,29,
72470093141,USW00093141,diurnal,10,6.533098947399966,,,,,14.39931614931366,11.603942652329748,31,
72470093141,USW00093141,diurnal,11,4.361438627381203,,,,,10.656083375563307,10.04814814814815,18,
72475593129,USW00093129,annual,0,12.970935742170257,12.632777620139564,197.59815203784373,201.0168473613774,-3.4186953235336546,,,365,
72475593129,USW00093129,diurnal,1,3.9838652011259392,,,,,11.123282226080077,10.202508960573477,31,
72475593129,USW00093129,diurnal,2,4.074010001232119,,,,,10.108257620486285,10.61111111111111,29,
72475593129,USW00093129,diurnal,3,4.144951960390664,,,,,10.13018254315379,12.448028673835127,31,
72475593129,USW00093129,diurnal,4,6.754056528399378,,,,,15.123653828858766,13.283333333333333,30,
72475593129,USW00093129,diurnal,5,7.469085551030525,,,,,16.931303965957902,14.462365591397848,31,
72475593129,USW00093129,diurnal,6,7.416473562830872,,,,,17.142921007285842,16.05,30,
72475593129,USW00093129,diurnal,7,7.735969043593779,,,,,17.179309398792878,14.532258064516133,31,
72475593129,USW00093129,diurnal,8,5.911529866857815,,,,,14.079981580369967,14.681003584229389,31,
72475593129,USW00093129,diurnal,9,7.912267329162766,,,,,17.54788129294881,15.366666666666665,30,
72475593129,USW00093129,diurnal,10,7.657023786543167,,,,,17.662680202704227,14.82078853046595,31,
72475593129,USW00093129,diurnal,11,5.392402328166022,,,,,12.731096600374222,12.41111111111111,30,
72475593129,USW00093129,diurnal,12,5.758993387247144,,,,,13.935451688964772,9.96594982078853,31,
72476023066,USW00023066,annual,0,13.712947689791077,14.062041408936421,199.48071450512924,196.35496019377067,3.125754311358577,,,365,
72476023066,USW00023066,diurnal,1,3.646081814210812,,,,,9.405073097498653,8.148745519713263,31,
72476023066,USW00023066,diurnal,2,4.766361927435042,,,,,11.9392954759882,9.253968253968253,29,
72476023066,USW00023066,diurnal,3,4.289902992969979,,,,,12.19739929314811,11.347670250896055,31,
72476023066,USW00023066,diurnal,4,6.731227864165515,,,,,15.523124720134462,11.818518518518518,30,
72476023066,USW00023066,diurnal,5,6.904936948342316,,,,,15.820410041785975,12.96057347670251,31,
72476023066,USW00023066,diurnal,6,6.919976650133272,,,,,15.999250659621106,14.707407407407405,30,
72476023066,USW00023066,diurnal,7,6.989517482657044,,,,,15.838335735410052,14.00537634408602,31,
72476023066,USW00023066,diurnal,8,6.4253632291181235,,,,,14.965868009782831,13.514336917562725,31,
72476023066,USW00023066,diurnal,9,7.0720596332267345,,,,,15.220968067643248,13.274074074074074,30,
72476023066,USW00023066,diurnal,10,6.554472058177444,,,,,15.186387352274767,12.306451612903228,31,
72476023066,USW00023066,diurnal,11,4.415868073805434,,,,,11.605090496819209,10.424074074074076,30,
72476023066,USW00023066,diurnal,12,4.531826875260528,,,,,11.324802626083798,8.24731182795699,30,
72476593013,USW00093013,annual,0,12.515190082827681,13.045291562916933,197.19080319953704,197.01739413884988,0.17340906068716322,,,365,
72476593013,USW00093013,diurnal,1,4.608824147777766,,,,,11.443366749237104,9.53225806451613,31,
72476593013,USW00093013,diurnal,2,4.973799485582502,,,,,11.908041874907198,10.117063492063492,29,
72476593013,USW00093013,diurnal,3,4.542231777950755,,,,,11.17318343371641,12.10215053763441,31,
72476593013,USW00093013,diurnal,4,6.6404257967050615,,,,,15.441229565002772,12.525925925925927,30,
72476593013,USW00093013,diurnal,5,7.100076067114594,,,,,16.013630732045698,13.761648745519715,31,
72476593013,USW00093013,diurnal,6,7.99373340996582,,,,,16.62139252162061,15.922222222222224,30,
72476593013,USW00093013,diurnal,7,7.966689274866441,,,,,17.730188244141477,14.826164874551967,31,
72476593013,USW00093013,diurnal,8,6.395618847814446,,,,,16.16084715593731,14.401433691756274,31,
72476593013,USW00093013,diurnal,9,7.850827862116476,,,,,17.340709390080853,14.579629629629629,29,
72476593013,USW00093013,diurnal,10,7.991393021416645,,,,,17.15167760621162,13.689964157706092,31,
72476593013,USW00093013,diurnal,11,4.720914076922252,,,,,11.601958598326231,11.616666666666669,30,
72476593013,USW00093013,diurnal,12,6.04941355012605,,,,,14.084775265823119,9.345878136200717,31,
72480023157,USW00023157,annual,0,12.56534133268958,11.849415206686372,197.15047370310862,199.74492405972626,-2.5944503566176422,,,365,
72480023157,USW00023157,diurnal,1,7.188163992487139,,,,,16.23108485974437,14.78853046594982,31,
72480023157,USW00023157,diurnal,2,6.447137551294662,,,,,15.09708503630809,14.853174603174603,29,
72480023157,USW00023157,diurnal,3,7.333552024200075,,,,,16.743080209811076,16.5573476702509,31,
72480023157,USW00023157,diurnal,4,9.062817717534653,,,,,20.63342021316958,17.02592592592593,30,
72480023157,USW00023157,diurnal,5,9.149075465253668,,,,,20.73955525863064,18.08243727598566,30,
72480023157,USW00023157,diurnal,6,9.90757877380651,,,,,21.706945622833018,20.237037037037037,30,
72480023157,USW00023157,diurnal,7,9.659354435248202,,,,,21.95423292076945,20.842293906810042,31,
72480023157,USW00023157,diurnal,8,10.930797482619157,,,,,24.230943116470293,21.34587813620072,31,
72480023157,USW00023157,diurnal,9,10.960163602224856,,,,,23.271843165107484,20.851851851851848,30,
72480023157,USW00023157,diurnal,10,10.902860160852331,,,,,23.163556983667842,19.25089605734767,31,
72480023157,USW00023157,diurnal,11,8.448298756627297,,,,,18.98913008319985,17.087037037037035,30,
72480023157,USW00023157,diurnal,12,8.427801735946144,,,,,19.628523258126865,14.729390681003585,31,
72483023232,USW00023232,annual,0,8.632418097280866,7.780099367015243,205.19482001158957,205.53213430959462,-0.3373142980050545,,,365,
72483023232,USW00023232,diurnal,1,2.4119716612856315,,,,,7.041143817909194,7.362007168458781,31,
72483023232,USW00023232,diurnal,2,3.1459269338974485,,,,,8.362664766078522,8.88293650793651,29,
72483023232,USW00023232,diurnal,3,4.018641326954184,,,,,9.533571614857808,10.236559139784946,31,
72483023232,USW00023232,diurnal,4,6.7043509644137504,,,,,15.227397830044323,12.094444444444441,30,
72483023232,USW00023232,diurnal,5,7.983885335365088,,,,,16.673167399803614,14.094982078853047,31,
72483023232,USW00023232,diurnal,6,8.442584397057484,,,,,17.705253460197966,15.994444444444444,30,
72483023232,USW00023232,diurnal,7,8.680759340896978,,,,,19.45612596869948,17.261648745519718,31,
72483023232,USW00023232,diurnal,8,8.14868738833162,,,,,17.61838335606773,17.121863799283155,31,
72483023232,USW00023232,diurnal,9,8.535492109141726,,,,,18.633039715266012,16.346296296296295,30,
72483023232,USW00023232,diurnal,10,6.5718606799570205,,,,,14.734221614340164,14.164874551971328,31,
72483023232,USW00023232,diurnal,11,5.357868670694414,,,,,11.710611237821045,10.455555555555557,30,
72483023232,USW00023232,diurnal,12,2.765592661778994,,,,,8.0047154204706,7.568100358422938,31,
72483993225,USW00093225,annual,0,8.809619871873002,8.30698725451917,205.74878702612287,204.89466549236167,0.8541215337612016,,,365,
72483993225,USW00093225,diurnal,1,2.2180527784040476,,,,,6.2600824423519015,7.503584229390681,31,
72483993225,USW00093225,diurnal,2,2.7005434084239996,,,,,7.736412971219252,8.851190476190476,29,
72483993225,USW00093225,diurnal,3,3.998098581915989,,,,,9.664228772468178,10.335125448028675,31,
72483993225,USW00093225,diurnal,4,6.941839194540776,,,,,15.288390717441352,12.398148148148147,30,
72483993225,USW00093225,diurnal,5,8.183609884423346,,,,,17.64868493209769,14.379928315412185,31,
72483993225,USW00093225,diurnal,6,8.41958417120838,,,,,18.056172010389744,16.255555555555553,30,
72483993225,USW00093225,diurnal,7,9.029249768575346,,,,,20.3844886805856,17.630824372759864,31,
72483993225,USW00093225,diurnal,8,8.375357524805803,,,,,17.606394074289394,17.609318996415773,31,
72483993225,USW00093225,diurnal,9,8.565834865457932,,,,,19.01264332152398,16.833333333333332,30,
72483993225,USW00093225,diurnal,10,6.711066839906895,,,,,16.5474866634925,14.85483870967742,31,
72483993225,USW00093225,diurnal,11,4.877676373663336,,,,,11.103032727072375,10.622222222222224,30,
72483993225,USW00093225,diurnal,12,2.223249098513439,,,,,5.77276689570637,7.591397849462365,30,
72485523153,USW00023153,annual,0,13.037238888233494,12.38036684325094,198.96490869759538,201.68742906265865,-2.722520365063275,,,365,
72485523153,USW00023153,diurnal,1,4.9929918682581595,,,,,12.503415643243006,11.231182795698924,31,
72485523153,USW00023153,diurnal,2,4.65380409527632,,,,,10.66189005936828,11.613095238095237,29,
72485523153,USW00023153,diurnal,3,5.798514131169433,,,,,13.722857823216895,13.35663082437276,31,
72485523153,USW00023153,diurnal,4,6.834114906812023,,,,,16.39658955768054,14.035185185185185,30,
72485523153,USW00023153,diurnal,5,7.13078330157054,,,,,16.628377273002872,14.691756272401438,30,
72485523153,USW00023153,diurnal,6,8.245351948490066,,,,,17.93705046368423,16.235185185185184,30,
72485523153,USW00023153,diurnal,7,7.876372044688837,,,,,18.135930097728,16.82078853046595,31,
72485523153,USW00023153,diurnal,8,8.251402740919803,,,,,18.03763012877141,16.948028673835125,31,
72485523153,USW00023153,diurnal,9,8.244462121263151,,,,,18.58087236348129,16.17592592592592,30,
72485523153,USW00023153,diurnal,10,8.537172939011205,,,,,17.80447982733905,15.224014336917561,31,
72485523153,USW00023153,diurnal,11,7.302848905115686,,,,,16.385833715867655,13.294444444444444,29,
72485523153,USW00023153,diurnal,12,6.869268675515648,,,,,15.80980425369695,11.496415770609318,30,
72486023154,USW00023154,annual,0,12.238482924245172,12.229471600398945,199.88258400241702,200.52124536895926,-0.6386613665422374,,,365,
72486023154,USW00023154,diurnal,1,5.754988506549254,,,,,14.778440338619417,11.517921146953407,31,
72486023154,USW00023154,diurnal,2,4.647672312212884,,,,,10.653212432655721,11.34722222222222,29,
72486023154,USW00023154,diurnal,3,4.325800785422223,,,,,12.687660235248147,12.589605734767021,31,
72486023154,USW00023154,diurnal,4,8.466813232746219,,,,,19.672206910491017,13.638888888888891,30,
72486023154,USW00023154,diurnal,5,9.556656071613796,,,,,21.32560409986631,15.79749103942652,31,
72486023154,USW00023154,diurnal,6,10.233030467017022,,,,,23.500824780524397,18.50740740740741,30,
72486023154,USW00023154,diurnal,7,9.712718686625516,,,,,21.35593609109954,19.01792114695341,31,
72486023154,USW00023154,diurnal,8,9.594628343673746,,,,,20.286281550057787,18.684587813620073,31,
72486023154,USW00023154,diurnal,9,10.375239162640916,,,,,22.192491518772584,18.207407407407405,30,
72486023154,USW00023154,diurnal,10,10.334440428229884,,,,,21.812747014336974,17.00358422939068,31,
72486023154,USW00023154,diurnal,11,5.686533664823222,,,,,15.397226529730332,13.442592592592593,30,
72486023154,USW00023154,diurnal,12,5.444639746990333,,,,,14.556257503310718,11.63440860215054,30,
72488023185,USW00023185,annual,0,12.16169690010415,11.372677323701497,199.14014380998296,201.62862984049386,-2.4884860305108987,,,365,
72488023185,USW00023185,diurnal,1,4.187165837684044,,,,,10.3048906353306,9.67383512544803,31,
72488023185,USW00023185,diurnal,2,4.2114792663030425,,,,,10.760841788086859,10.531746031746033,29,
72488023185,USW00023185,diurnal,3,4.609533847442868,,,,,11.766260615630888,11.738351254480285,31,
72488023185,USW00023185,diurnal,4,6.144712034591394,,,,,15.20837593366388,12.187037037037037,30,
72488023185,USW00023185,diurnal,5,6.415727558746944,,,,,15.074603529552414,13.275985663082437,31,
72488023185,USW00023185,diurnal,6,7.500168677595022,,,,,16.910615099977143,15.266666666666667,30,
72488023185,USW00023185,diurnal,7,7.9346885061131545,,,,,17.26000701965998,16.686379928315414,31,
72488023185,USW00023185,diurnal,8,7.963207029251371,,,,,17.48556164509016,16.978494623655912,31,
72488023185,USW00023185,diurnal,9,8.516680132697424,,,,,18.933299661079058,16.72407407407407,30,
72488023185,USW00023185,diurnal,10,8.09093051749986,,,,,18.30160414438445,15.25627240143369,31,
72488023185,USW00023185,diurnal,11,4.645916755134492,,,,,12.633297224313043,11.779629629629628,30,
72488023185,USW00023185,diurnal,12,4.345746915042232,,,,,12.401753280177878,8.931899641577061,30,
72492023237,USW00023237,annual,0,9.297922397674288,8.507219499021305,206.6038579400291,204.98947357233294,1.6143843676961467,,,365,
72492023237,USW00023237,diurnal,1,3.1264208721987257,,,,,9.314648385305695,7.722222222222222,31,
72492023237,USW00023237,diurnal,2,3.85793597505794,,,,,10.161879118242533,9.623015873015873,29,
72492023237,USW00023237,diurnal,3,5.043999486464303,,,,,11.71776185753599,11.175627240143367,31,
72492023237,USW00023237,diurnal,4,7.044614501249849,,,,,15.606943547107834,12.85925925925926,30,
72492023237,USW00023237,diurnal,5,8.216944296300884,,,,,17.855118233936402,14.657706093189963,31,
72492023237,USW00023237,diurnal,6,8.530289924187404,,,,,19.59100727848675,16.45,30,
72492023237,USW00023237,diurnal,7,8.650481041257882,,,,,19.663150892711155,17.57347670250896,31,
72492023237,USW00023237,diurnal,8,8.107610998997837,,,,,17.712881570847404,17.247311827956988,31,
72492023237,USW00023237,diurnal,9,8.500033118190125,,,,,19.298777136132983,16.537037037037038,30,
72492023237,USW00023237,diurnal,10,7.938270130692426,,,,,18.38291297569708,14.704301075268816,31,
72492023237,USW00023237,diurnal,11,5.578860535241976,,,,,12.731040852547254,11.175925925925926,30,
72492023237,USW00023237,diurnal,12,2.8407538232150245,,,,,8.513036528276402,8.051971326164873,31,
72493023230,USW00023230,annual,0,3.7662225320311524,3.8349943770229897,224.6332021616756,215.697760057454,8.935442104221607,,,365,
72493023230,USW00023230,diurnal,1,2.2033140932941015,,,,,5.9532622578519785,5.672043010752689,31,
72493023230,USW00023230,diurnal,2,2.616025718354079,,,,,7.117325735571087,6.037698412698413,29,
72493023230,USW00023230,diurnal,3,2.4613706884296334,,,,,6.023808174585032,6.616487455197132,31,
72493023230,USW00023230,diurnal,4,3.863872956409747,,,,,9.256367095069573,7.033333333333334,30,
72493023230,USW00023230,diurnal,5,3.751691144039987,,,,,8.035461159588918,6.85304659498208,31,
72493023230,USW00023230,diurnal,6,3.6332824459893676,,,,,8.29119586758943,7.344444444444444,30,
72493023230,USW00023230,diurnal,7,3.4994834536796238,,,,,7.829623067994767,6.646953405017921,31,
72493023230,USW00023230,diurnal,8,3.229931019650594,,,,,7.290365427464087,6.806451612903227,31,
72493023230,USW00023230,diurnal,9,3.302154993468486,,,,,7.69153441332681,7.953703703703706,30,
72493023230,USW00023230,diurnal,10,3.534649081071096,,,,,9.14036115863095,8.238351254480289,31,
72493023230,USW00023230,diurnal,11,3.3681032854003936,,,,,8.95334041562167,6.885185185185187,30,
72493023230,USW00023230,diurnal,12,3.163590884934095,,,,,7.308051255348055,5.634408602150538,31,
72494023234,USW00023234,annual,0,2.555514585436466,3.4904217716116563,226.27911995878114,220.992962414787,5.286157543994136,,,365,
72494023234,USW00023234,diurnal,1,1.7612443539849247,,,,,5.046563574087283,4.449820788530467,31,
72494023234,USW00023234,diurnal,2,2.051854314716565,,,,,6.2656499258250165,5.212301587301588,29,
72494023234,USW00023234,diurnal,3,2.122513000712332,,,,,5.668048195396514,5.869175627240143,31,
72494023234,USW00023234,diurnal,4,3.1885197264110925,,,,,7.292111806971371,6.550000000000001,30,
72494023234,USW00023234,diurnal,5,3.508907643771208,,,,,8.163724388485054,6.799283154121865,31,
72494023234,USW00023234,diurnal,6,3.5718837277392597,,,,,8.780565102011547,7.487037037037036,30,
72494023234,USW00023234,diurnal,7,3.6097434014509115,,,,,8.507430470531578,7.32795698924731,31,
72494023234,USW00023234,diurnal,8,3.2862189827463437,,,,,7.542856847192613,7.308243727598568,31,
72494023234,USW00023234,diurnal,9,3.3101628876501925,,,,,7.800069816004503,7.777777777777777,30,
72494023234,USW00023234,diurnal,10,3.1886164794423664,,,,,9.788842394805553,7.406810035842293,31,
72494023234,USW00023234,diurnal,11,2.8428465714778772,,,,,7.187134088886823,5.6796296296296305,30,
72494023234,USW00023234,diurnal,12,1.9489517497407607,,,,,5.974158177298108,4.363799283154122,30,
72502014734,USW00014734,annual,0,11.954622319757897,12.287374070003176,205.88260156025385,203.73986927566853,2.142732284585321,,,365,
72502014734,USW00014734,diurnal,1,2.001170424289027,,,,,5.966615242555066,4.724014336917562,31,
72502014734,USW00014734,diurnal,2,3.168953574665554,,,,,7.559150233708927,5.728174603174604,29,
72502014734,USW00014734,diurnal,3,3.330405786567281,,,,,7.991229529720902,6.526881720430108,31,
72502014734,USW00014734,diurnal,4,3.293157081497993,,,,,9.467034142769784,7.318518518518518,30,
72502014734,USW00014734,diurnal,5,3.8452315915963355,,,,,9.357502635039008,7.734767025089606,31,
72502014734,USW00014734,diurnal,6,4.54956262078816,,,,,9.838516395426032,7.796296296296296,30,
72502014734,USW00014734,diurnal,7,3.732996706691337,,,,,8.035680492676434,7.632616487455198,31,
72502014734,USW00014734,diurnal,8,3.9005157269966078,,,,,9.49986607611882,7.2759856630824356,31,
72502014734,USW00014734,diurnal,9,3.743187106132093,,,,,8.146915786709144,7.35185185185185,30,
72502014734,USW00014734,diurnal,10,4.486789638813812,,,,,10.22942763697856,6.96057347670251,31,
72502014734,USW00014734,diurnal,11,3.578204401107338,,,,,8.580568112355955,5.862962962962964,30,
72502014734,USW00014734,diurnal,12,2.873773972923172,,,,,7.710921829278397,4.458781362007168,31,
72502594741,USW00094741,annual,0,11.824125734601747,12.221967728305858,205.73358018432455,203.74485784742143,1.9887223369031233,,,365,
72502594741,USW00094741,diurnal,1,1.766727575422869,,,,,5.275214778570001,4.847670250896055,31,
72502594741,USW00094741,diurnal,2,3.1605091675940065,,,,,7.504564567760837,5.930555555555553,29,
72502594741,USW00094741,diurnal,3,3.1893242221846414,,,,,7.76598112324304,6.8207885304659515,31,
72502594741,USW00094741,diurnal,4,3.3942386339957094,,,,,9.64626685834568,8.050000000000002,30,
72502594741,USW00094741,diurnal,5,4.1197613602771295,,,,,10.428286879154438,8.605734767025089,31,
72502594741,USW00094741,diurnal,6,4.360991908856764,,,,,9.609998511165559,8.481481481481483,30,
72502594741,USW00094741,diurnal,7,3.504810190624776,,,,,8.417647091068126,8.267025089605735,31,
72502594741,USW00094741,diurnal,8,3.773397886082513,,,,,9.561516098634236,8.019713261648745,31,
72502594741,USW00094741,diurnal,9,3.7650637642409652,,,,,8.634311420886986,8.144444444444446,30,
72502594741,USW00094741,diurnal,10,4.9290044045685155,,,,,10.928245743280177,7.614695340501791,31,
72502594741,USW00094741,diurnal,11,3.7117429772541755,,,,,8.491417181360685,6.305555555555556,30,
72502594741,USW00094741,diurnal,12,2.730414872983654,,,,,7.761936943579215,4.704301075268818,30,
72503014732,USW00014732,annual,0,11.532882376602236,12.0793830057157,208.92933268682276,206.37937270995576,2.549959976867001,,,365,
72503014732,USW00014732,diurnal,1,1.4115266405668438,,,,,4.616329149371088,3.301075268817203,31,
72503014732,USW00014732,diurnal,2,2.397641072171776,,,,,5.611067997731393,4.25,29,
72503014732,USW00014732,diurnal,3,2.872800931908948,,,,,6.713476190701522,5.048387096774193,31,
72503014732,USW00014732,diurnal,4,2.796266119480885,,,,,7.3592444220206366,5.935185185185186,30,
72503014732,USW00014732,diurnal,5,3.342037545561204,,,,,7.623027591121911,6.39426523297491,31,
72503014732,USW00014732,diurnal,6,3.4550711822817366,,,,,8.257358201977775,6.303703703703703,30,
72503014732,USW00014732,diurnal,7,3.2452619829722797,,,,,7.441593147096398,6.069892473118279,31,
72503014732,USW00014732,diurnal,8,2.775514980975886,,,,,7.744613639839407,5.60573476702509,31,
72503014732,USW00014732,diurnal,9,2.6970669441299817,,,,,6.703977358230743,5.39074074074074,30,
72503014732,USW00014732,diurnal,10,3.0274400104958223,,,,,7.446491475008836,4.8942652329749095,31,
72503014732,USW00014732,diurnal,11,2.6889228606025948,,,,,6.817367644504761,3.8333333333333335,30,
72503014732,USW00014732,diurnal,12,1.710989751774919,,,,,5.0011876638837265,2.913978494623655,31,
72503614757,USW00014757,annual,0,11.784210065448804,12.733217148858396,201.37513703997095,201.9111765057734,-0.5360394658024461,,,365,
72503614757,USW00014757,diurnal,1,2.0574092137633766,,,,,5.730203173900257,6.396057347670251,31,
72503614757,USW00014757,diurnal,2,4.1577399337275835,,,,,9.722531638605417,7.527777777777779,29,
72503614757,USW00014757,diurnal,3,3.183308540291355,,,,,9.006760047699624,8.566308243727597,31,
72503614757,USW00014757,diurnal,4,4.251440311722966,,,,,9.554374764379002,10.29074074074074,30,
72503614757,USW00014757,diurnal,5,5.331048336689175,,,,,11.788141854048128,10.958781362007171,31,
72503614757,USW00014757,diurnal,6,5.610948304056542,,,,,11.961895076953372,10.607407407407406,30,
72503614757,USW00014757,diurnal,7,4.7099558602550315,,,,,10.568893379562663,10.627240143369177,31,
72503614757,USW00014757,diurnal,8,5.050095338831524,,,,,11.82415095476493,10.324372759856628,31,
72503614757,USW00014757,diurnal,9,6.103842515026248,,,,,13.343484946882267,10.437037037037038,30,
72503614757,USW00014757,diurnal,10,6.273812191632769,,,,,14.419872157653725,9.317204301075266,31,
72503614757,USW00014757,diurnal,11,4.15513367412318,,,,,12.575784118415593,7.775925925925926,30,
72503614757,USW00014757,diurnal,12,3.1868843595684373,,,,,9.419745057540421,5.820788530465951,30,
72503794745,USW00094745,annual,0,11.383806133150438,11.962277357599811,205.9067895022529,204.3331814911581,1.5736080110948194,,,365,
72503794745,USW00094745,diurnal,1,1.5504677806288898,,,,,4.852534845686158,4.646953405017921,30,
72503794745,USW00094745,diurnal,2,3.0872487696225335,,,,,7.673023795578417,5.706349206349207,29,
72503794745,USW00094745,diurnal,3,3.3912094828589168,,,,,8.41723081358168,6.573476702508961,31,
72503794745,USW00094745,diurnal,4,3.7915626722276246,,,,,9.337768551632987,7.8240740740740735,30,
72503794745,USW00094745,diurnal,5,4.243397557045037,,,,,9.513101496701646,8.157706093189963,31,
72503794745,USW00094745,diurnal,6,4.547901314102683,,,,,10.02568658700474,8.035185185185187,30,
72503794745,USW00094745,diurnal,7,4.072379906361743,,,,,8.950426410071252,7.89247311827957,31,
72503794745,USW00094745,diurnal,8,3.7981912714596695,,,,,9.267898553897734,7.720430107526879,31,
72503794745,USW00094745,diurnal,9,3.87644721559056,,,,,9.260330892130584,7.453703703703704,30,
72503794745,USW00094745,diurnal,10,4.213117899524721,,,,,10.537176768450822,6.695340501792114,31,
72503794745,USW00094745,diurnal,11,2.7063424450401863,,,,,8.34848620874982,5.401851851851853,30,
72503794745,USW00094745,diurnal,12,2.5895657250860054,,,,,7.255240537357135,4.197132616487456,31,
72504094702,USW00094702,annual,0,11.231065390246991,11.882743538633274,207.53768844627007,207.03608481377827,0.5016036324917934,,,365,
72504094702,USW00094702,diurnal,1,1.7609475192231516,,,,,4.998740652443126,4.385304659498209,31,
72504094702,USW00094702,diurnal,2,2.819557601684367,,,,,6.985719785093373,5.083333333333333,29,
72504094702,USW00094702,diurnal,3,3.038882418433627,,,,,7.478376069507112,5.7329749103942635,31,
72504094702,USW00094702,diurnal,4,3.109054908578564,,,,,8.06422590857563,6.470370370370371,30,
72504094702,USW00094702,diurnal,5,2.8737600432272865,,,,,7.282579905949387,6.8261648745519725,31,
72504094702,USW00094702,diurnal,6,3.75441301610289,,,,,8.59888526082463,6.783333333333332,30,
72504094702,USW00094702,diurnal,7,2.765316236038008,,,,,6.401169530204843,6.697132616487456,31,
72504094702,USW00094702,diurnal,8,3.2067429360141686,,,,,8.570916492822775,6.516129032258063,31,
72504094702,USW00094702,diurnal,9,3.1418565786345733,,,,,6.975951138688372,6.542592592592593,30,
72504094702,USW00094702,diurnal,10,3.9634305173351403,,,,,9.444970721717223,6.304659498207885,31,
72504094702,USW00094702,diurnal,11,3.286972845042868,,,,,8.464100538735583,5.240740740740741,30,
72504094702,USW00094702,diurnal,12,2.5524393195272057,,,,,7.066174364667032,4.1917562724014354,31,
72506454769,USW00054769,annual,0,10.620110497480836,11.505855737160081,203.9777830039463,206.74151967419567,-2.763736670249358,,,365,
72506454769,USW00054769,diurnal,1,2.0673953957930276,,,,,6.429400685211105,5.132616487455197,31,
72506454769,USW00054769,diurnal,2,3.159328764460636,,,,,8.11948020695957,6.0059523809523805,29,
72506454769,USW00054769,diurnal,3,3.1060133669303296,,,,,8.075615131523463,6.4318996415770595,31,
72506454769,USW00054769,diurnal,4,3.7184207279683434,,,,,9.17340308824107,7.527777777777778,30,
72506454769,USW00054769,diurnal,5,3.1872196490647364,,,,,7.613911158950337,8.080645161290322,31,
72506454769,USW00054769,diurnal,6,4.444087242935341,,,,,9.846164906607807,8.412962962962963,30,
72506454769,USW00054769,diurnal,7,3.80960935666159,,,,,8.116733202748051,8.331541218637994,31,
72506454769,USW00054769,diurnal,8,5.218270521216455,,,,,11.301730506131847,8.24731182795699,31,
72506454769,USW00054769,diurnal,9,3.3570915430742776,,,,,7.874695812727048,7.640740740740742,30,
72506454769,USW00054769,diurnal,10,4.4244628980651255,,,,,10.109662268570073,7.1326164874551985,31,
72506454769,USW00054769,diurnal,11,3.153578213851257,,,,,9.449930294456731,6.046296296296295,30,
72506454769,USW00054769,diurnal,12,3.284077235830771,,,,,8.967483540301425,5.10573476702509,26,
72507014765,USW00014765,annual,0,11.045076327038101,11.841946345676636,205.12130247244457,205.37625957004516,-0.25495709760059526,,,365,
72507014765,USW00014765,diurnal,1,2.131377721412053,,,,,6.322126774246014,5.155913978494623,31,
72507014765,USW00014765,diurnal,2,3.6640256715264363,,,,,8.468265884159925,5.960317460317461,29,
72507014765,USW00014765,diurnal,3,3.2644498812428413,,,,,8.059747211572988,6.611111111111112,31,
72507014765,USW00014765,diurnal,4,3.537350146450432,,,,,8.314455633123579,7.561111111111111,30,
72507014765,USW00014765,diurnal,5,3.574116904098109,,,,,8.440852160242253,8.10394265232975,31,
72507014765,USW00014765,diurnal,6,4.318565077974406,,,,,9.975340279110421,8.025925925925927,30,
72507014765,USW00014765,diurnal,7,3.1518538925505037,,,,,7.690693816990251,8.03225806451613,31,
72507014765,USW00014765,diurnal,8,4.235005658970541,,,,,10.063181281296515,7.9820788530465965,31,
72507014765,USW00014765,diurnal,9,3.622667342777797,,,,,8.067934904613189,7.638888888888889,30,
72507014765,USW00014765,diurnal,10,4.650378710249051,,,,,10.325740484213204,7.236559139784947,31,
72507014765,USW00014765,diurnal,11,3.4055866487626987,,,,,9.017177994737299,6.0814814814814815,30,
72507014765,USW00014765,diurnal,12,2.850503361628835,,,,,7.908005948434431,4.991039426523297,30,
72508014740,USW00014740,annual,0,12.272961552099648,12.699818750774776,202.0645790730239,202.3504476681805,-0.285868595156586,,,365,
72508014740,USW00014740,diurnal,1,1.8234524710988578,,,,,6.6835902807290335,5.49641577060932,31,
72508014740,USW00014740,diurnal,2,4.118244071326002,,,,,9.645077657356476,6.682539682539683,29,
72508014740,USW00014740,diurnal,3,3.494117122234026,,,,,8.539155558504286,7.815412186379928,31,
72508014740,USW00014740,diurnal,4,4.233997716778111,,,,,9.696138382111464,9.601851851851851,30,
72508014740,USW00014740,diurnal,5,4.820562709767788,,,,,12.09097314427001,10.374551971326165,31,
72508014740,USW00014740,diurnal,6,5.556630570616839,,,,,11.823014470833536,9.975925925925926,30,
72508014740,USW00014740,diurnal,7,4.558699033814301,,,,,10.055172455156345,9.905017921146953,31,
72508014740,USW00014740,diurnal,8,4.429226807973318,,,,,11.07285312812218,9.946236559139784,31,
72508014740,USW00014740,diurnal,9,4.95903817443684,,,,,11.351942287689976,9.594444444444443,30,
72508014740,USW00014740,diurnal,10,5.44799234598848,,,,,11.825981921838315,8.734767025089605,31,
72508014740,USW00014740,diurnal,11,3.6573770173026308,,,,,10.353934956638339,6.868518518518518,30,
72508014740,USW00014740,diurnal,12,3.315705277205555,,,,,8.545294394492227,5.181003584229392,31,
72509014739,USW00014739,annual,0,11.32399389979107,11.809900086046326,208.59966077424022,206.60143514495877,1.9982256292814498,,,365,
72509014739,USW00014739,diurnal,1,1.865538700624163,,,,,5.221965936817758,4.041218637992831,31,
72509014739,USW00014739,diurnal,2,2.475452946395394,,,,,6.410309126678493,4.7559523809523805,29,
72509014739,USW00014739,diurnal,3,2.3106921447692734,,,,,6.258142691899566,5.084229390681003,31,
72509014739,USW00014739,diurnal,4,2.768853606954454,,,,,7.627771266130587,5.51111111111111,30,
72509014739,USW00014739,diurnal,5,2.0423248628084676,,,,,6.8901090027580985,5.5663082437275975,31,
72509014739,USW00014739,diurnal,6,3.1821231352899133,,,,,9.58952783595683,6.061111111111112,30,
72509014739,USW00014739,diurnal,7,2.805060334912942,,,,,7.4634098435544125,6.1487455197132626,31,
72509014739,USW00014739,diurnal,8,2.596385031593506,,,,,7.410491070668741,6.06989247311828,31,
72509014739,USW00014739,diurnal,9,2.7634378264549975,,,,,6.3546780194669,5.764814814814815,30,
72509014739,USW00014739,diurnal,10,3.3072233373064397,,,,,7.890966418947793,5.374551971326165,31,
72509014739,USW00014739,diurnal,11,2.7024290925054895,,,,,7.937000095463594,4.487037037037038,30,
72509014739,USW00014739,diurnal,12,2.0914800802802405,,,,,6.040864048811718,3.745519713261649,31,
72512504787,USW00004787,annual,0,11.171946015276742,12.356946517319013,201.233303722237,202.08955821434068,-0.8562544921036874,,,365,
72512504787,USW00004787,diurnal,1,1.8197896391650128,,,,,5.037414925543567,3.474910394265233,31,
72512504787,USW00004787,diurnal,2,3.612677481523666,,,,,9.108683967599948,4.593253968253968,29,
72512504787,USW00004787,diurnal,3,3.397457841875141,,,,,9.260053531491895,6.60931899641577,31,
72512504787,USW00004787,diurnal,4,3.9695216074585744,,,,,9.067030147758246,8.24074074074074,30,
72512504787,USW00004787,diurnal,5,3.5037982196869812,,,,,9.100674295346437,8.808243727598565,31,
72512504787,USW00004787,diurnal,6,4.263690092066333,,,,,9.995938534091977,8.868518518518519,30,
72512504787,USW00004787,diurnal,7,4.721125558859586,,,,,11.105765306614217,8.777777777777775,31,
72512504787,USW00004787,diurnal,8,4.072094712017313,,,,,9.622133153092587,8.933691756272403,31,
72512504787,USW00004787,diurnal,9,4.653547526044865,,,,,10.436339429129864,8.472222222222221,30,
72512504787,USW00004787,diurnal,10,4.780209190150642,,,,,11.346450241645949,7.100358422939068,31,
72512504787,USW00004787,diurnal,11,2.331748999825316,,,,,7.174065085081233,5.142592592592592,30,
72512504787,USW00004787,diurnal,12,2.7843598779935155,,,,,6.643996328010763,3.220430107526881,31,
72512614736,USW00014736,annual,0,11.06611934179398,12.112136868186536,198.13345740673142,201.727235790759,-3.593778384027587,,,365,
72512614736,USW00014736,diurnal,1,1.8304744638369344,,,,,5.459777105172542,3.664874551971326,31,
72512614736,USW00014736,diurnal,2,3.512290403370455,,,,,9.100656635487526,4.886904761904762,29,
72512614736,USW00014736,diurnal,3,3.626808324201482,,,,,8.976835925051207,6.688172043010755,30,
72512614736,USW00014736,diurnal,4,3.888392791913372,,,,,8.768830783093357,8.364814814814814,30,
72512614736,USW00014736,diurnal,5,3.2805437974565876,,,,,9.993251261710604,8.758064516129032,31,
72512614736,USW00014736,diurnal,6,4.538437926937486,,,,,10.918066863815728,8.96851851851852,30,
72512614736,USW00014736,diurnal,7,5.3157042522635605,,,,,11.29213392010727,9.32616487455197,31,
72512614736,USW00014736,diurnal,8,4.530880413501246,,,,,10.677395341386532,9.392473118279568,29,
72512614736,USW00014736,diurnal,9,4.404260565370099,,,,,12.03899313346887,9.09814814814815,29,
72512614736,USW00014736,diurnal,10,6.238823310264858,,,,,14.57431205562951,7.741935483870969,31,
72512614736,USW00014736,diurnal,11,2.2317690437739737,,,,,8.09931892990678,5.548148148148147,30,
72512614736,USW00014736,diurnal,12,2.2899310700742395,,,,,6.693790771035108,3.7383512544802877,31,
72512704726,USW00004726,annual,0,11.176753399392313,12.203249720700159,200.04758517114425,202.26365500368772,-2.216069832543468,,,365,
72512704726,USW00004726,diurnal,1,1.5652435395356006,,,,,5.1092437603517675,2.8942652329749103,31,
72512704726,USW00004726,diurnal,2,3.39250502854498,,,,,8.891347523868053,3.9841269841269846,29,
72512704726,USW00004726,diurnal,3,3.5638148991858403,,,,,9.024996479933407,5.507168458781362,31,
72512704726,USW00004726,diurnal,4,3.530849165514117,,,,,8.081038819100373,7.057407407407408,30,
72512704726,USW00004726,diurnal,5,2.891243905237779,,,,,8.302876320620221,7.304659498207886,31,
72512704726,USW00004726,diurnal,6,3.8474227021730694,,,,,8.604930060333515,7.451851851851852,30,
72512704726,USW00004726,diurnal,7,4.353463579492597,,,,,10.06290238905326,7.530465949820789,31,
72512704726,USW00004726,diurnal,8,3.491453842172706,,,,,8.195807932111835,7.345878136200717,31,
72512704726,USW00004726,diurnal,9,3.368482294355835,,,,,8.722326585829375,7.151851851851854,30,
72512704726,USW00004726,diurnal,10,4.185343230159729,,,,,10.10845570212413,5.930107526881721,31,
72512704726,USW00004726,diurnal,11,2.2517257411450817,,,,,6.2851363701001155,4.355555555555554,30,
72512704726,USW00004726,diurnal,12,2.030989214878835,,,,,4.830305997782764,2.752688172043011,31,
72513014777,USW00014777,annual,0,11.833377969475528,12.380473192170435,202.2964959208379,201.89633617306967,0.40015974776824237,,,365,
72513014777,USW00014777,diurnal,1,1.6858570191552873,,,,,5.866190292068693,4.148745519713262,31,
72513014777,USW00014777,diurnal,2,3.5666739623140016,,,,,8.660771064042166,5.468253968253968,29,
72513014777,USW00014777,diurnal,3,2.6187291646143214,,,,,7.424121205996632,6.903225806451611,31,
72513014777,USW00014777,diurnal,4,3.245252374928435,,,,,9.388115648768988,8.596296296296297,30,
72513014777,USW00014777,diurnal,5,4.422621298532963,,,,,11.24901227227949,9.442652329749103,31,
72513014777,USW00014777,diurnal,6,4.909448839671173,,,,,11.63106168050586,9.31666666666667,30,
72513014777,USW00014777,diurnal,7,4.631194861939185,,,,,10.906676506481698,9.492831541218639,31,
72513014777,USW00014777,diurnal,8,4.833371924302214,,,,,10.57019304683925,9.172043010752688,31,
72513014777,USW00014777,diurnal,9,5.053294669702195,,,,,10.924014079997356,8.837037037037037,30,
72513014777,USW00014777,diurnal,10,5.1081086864694605,,,,,11.409784123936621,7.594982078853046,31,
72513014777,USW00014777,diurnal,11,2.9674755604010983,,,,,8.516290229974807,5.574074074074074,28,
72513014777,USW00014777,diurnal,12,2.4161949636187963,,,,,6.3649176378688415,3.8512544802867383,31,
72514014778,USW00014778,annual,0,11.498827967973964,12.45925794347484,199.66733815079627,200.6300773793787,-0.9627392285824214,,,365,
72514014778,USW00014778,diurnal,1,1.9076253648790589,,,,,5.887255332778949,4.8028673835125435,31,
72514014778,USW00014778,diurnal,2,3.8549345391751153,,,,,9.729238157230647,6.420634920634922,29,
72514014778,USW00014778,diurnal,3,3.631671733689299,,,,,10.258247130948346,8.025089605734768,31,
72514014778,USW00014778,diurnal,4,4.169736502918864,,,,,10.876453049335812,9.922222222222222,30,
72514014778,USW00014778,diurnal,5,4.320170827548987,,,,,10.923680817091588,10.507168458781363,31,
72514014778,USW00014778,diurnal,6,5.205937466937414,,,,,12.346556417408559,10.316666666666666,30,
72514014778,USW00014778,diurnal,7,4.885250950179075,,,,,11.62922723981709,10.295698924731184,31,
72514014778,USW00014778,diurnal,8,4.982202935015632,,,,,10.873465323822291,9.878136200716844,31,
72514014778,USW00014778,diurnal,9,5.8738241104695845,,,,,12.309140852506319,9.448148148148148,30,
72514014778,USW00014778,diurnal,10,5.458985268326929,,,,,12.698022726508889,8.53225806451613,31,
72514014778,USW00014778,diurnal,11,3.1021306915374565,,,,,9.233068076861574,6.542592592592593,30,
72514014778,USW00014778,diurnal,12,1.9578897757211198,,,,,6.267205839500257,4.491039426523297,31,
72515004725,USW00004725,annual,0,11.96325156039993,12.751992826539347,203.5969567042822,203.43119295762037,0.16576374666183824,,,365,
72515004725,USW00004725,diurnal,1,1.7224243276009317,,,,,4.542810503596218,3.317204301075269,31,
72515004725,USW00004725,diurnal,2,3.0881011006862082,,,,,8.034787651440189,4.482142857142857,29,
72515004725,USW00004725,diurnal,3,2.7420980195511553,,,,,7.233824142035878,5.890681003584229,31,
72515004725,USW00004725,diurnal,4,2.9170935323991443,,,,,8.065305035377241,7.412962962962963,30,
72515004725,USW00004725,diurnal,5,3.7141395608749868,,,,,8.980292570641499,8.243727598566307,31,
72515004725,USW00004725,diurnal,6,3.5687933179745244,,,,,8.964317193775234,8.08148148148148,29,
72515004725,USW00004725,diurnal,7,4.318188219825671,,,,,9.877011054672863,8.035842293906812,31,
72515004725,USW00004725,diurnal,8,2.7134279835080157,,,,,7.316167281439608,7.96774193548387,31,
72515004725,USW00004725,diurnal,9,4.684227679150382,,,,,10.07968690516879,7.761111111111111,30,
72515004725,USW00004725,diurnal,10,3.64606953515825,,,,,9.116377312422497,6.22043010752688,31,
72515004725,USW00004725,diurnal,11,2.761125941109097,,,,,7.42337441834753,4.348148148148149,30,
72515004725,USW00004725,diurnal,12,1.8602025020636752,,,,,5.1335213257353525,3.032258064516128,31,
72515614748,USW00014748,annual,0,11.18187171354963,12.486224676974203,198.5389149986053,202.4998409983456,-3.9609259997403115,,,365,
72515614748,USW00014748,diurnal,1,1.896103830675787,,,,,5.426784247993553,5.172043010752687,31,
72515614748,USW00014748,diurnal,2,3.4860742773695392,,,,,10.965797619391015,6.660714285714286,29,
72515614748,USW00014748,diurnal,3,2.984188429315917,,,,,8.31901911660878,8.283154121863799,31,
72515614748,USW00014748,diurnal,4,3.8723835416180425,,,,,11.033595095087556,10.251851851851852,30,
72515614748,USW00014748,diurnal,5,5.405263046713122,,,,,10.591291219401628,11.372759856630823,31,
72515614748,USW00014748,diurnal,6,4.995493809769593,,,,,11.595535374360173,11.264814814814816,30,
72515614748,USW00014748,diurnal,7,5.910550638893858,,,,,13.052500080993546,11.14336917562724,31,
72515614748,USW00014748,diurnal,8,4.401098764799111,,,,,10.80750763599513,10.835125448028673,31,
72515614748,USW00014748,diurnal,9,5.649828797139266,,,,,13.839465000530225,10.305555555555554,30,
72515614748,USW00014748,diurnal,10,6.776896128535439,,,,,14.008250403326544,9.016129032258062,31,
72515614748,USW00014748,diurnal,11,3.243431487634036,,,,,10.136767541547687,6.9574074074074055,30,
72515614748,USW00014748,diurnal,12,2.6359430025883746,,,,,7.947458238035658,4.842293906810036,31,
72517014737,USW00014737,annual,0,11.825682298874762,12.392075258400785,202.7117762298744,201.41045789203034,1.3013183378440658,,,365,
72517014737,USW00014737,diurnal,1,2.3679921051027226,,,,,6.099935778583348,5.200716845878135,31,
72517014737,USW00014737,diurnal,2,4.759439371798303,,,,,10.266165277291211,6.674603174603173,29,
72517014737,USW00014737,diurnal,3,3.8115253939074605,,,,,10.118648913793685,8.00358422939068,31,
72517014737,USW00014737,diurnal,4,4.2133770608262875,,,,,10.34205815111251,9.60740740740741,30,
72517014737,USW00014737,diurnal,5,4.042699011148018,,,,,10.76192023801148,9.883512544802871,31,
72517014737,USW00014737,diurnal,6,5.5074111766125675,,,,,11.412791695951809,9.753703703703703,30,
72517014737,USW00014737,diurnal,7,4.460477831231062,,,,,10.574562496910165,9.781362007168461,31,
72517014737,USW00014737,diurnal,8,5.101707400046053,,,,,11.131106414453674,9.548387096774196,31,
72517014737,USW00014737,diurnal,9,5.146752878067906,,,,,10.88138261097604,9.701851851851853,30,
72517014737,USW00014737,diurnal,10,6.792915764165926,,,,,13.962918471124784,8.849462365591398,28,
72517014737,USW00014737,diurnal,11,3.404856607049776,,,,,8.973442746352509,7.262962962962962,30,
72517014737,USW00014737,diurnal,12,2.910430742847208,,,,,8.293875174922837,5.193548387096774,31,
72518014735,USW00014735,annual,0,13.0374757758442,13.194691640875952,205.00129487465142,201.787410415226,3.2138844594254294,,,365,
72518014735,USW00014735,diurnal,1,1.4759014058266207,,,,,4.946377333200437,4.471326164874552,31,
72518014735,USW00014735,diurnal,2,3.669931074893954,,,,,8.96456170124257,5.906746031746032,29,
72518014735,USW00014735,diurnal,3,2.5814137380020403,,,,,6.7741471909198685,7.019713261648745,31,
72518014735,USW00014735,diurnal,4,3.9619237341864184,,,,,9.235500064493735,8.866666666666667,30,
72518014735,USW00014735,diurnal,5,5.0279571988459315,,,,,11.74422954730396,9.663082437275985,31,
72518014735,USW00014735,diurnal,6,3.965353547007699,,,,,9.480362672235918,9.212962962962964,30,
72518014735,USW00014735,diurnal,7,4.428958209967707,,,,,10.226883047803213,9.057347670250897,31,
72518014735,USW00014735,diurnal,8,4.117331596972883,,,,,8.761741724200608,9.082437275985663,31,
72518014735,USW00014735,diurnal,9,5.250255257370725,,,,,12.488921157171562,8.857407407407408,30,
72518014735,USW00014735,diurnal,10,4.588153036859928,,,,,11.281623675369893,7.607526881720428,31,
72518014735,USW00014735,diurnal,11,3.2447988660841722,,,,,9.268227733074632,5.5277777777777795,30,
72518014735,USW00014735,diurnal,12,2.1854823890919834,,,,,6.772588006381704,4.03225806451613,31,
72519014771,USW00014771,annual,0,12.741966996377988,13.157920877003754,204.38468602299432,204.03970368877228,0.3449823342220384,,,365,
72519014771,USW00014771,diurnal,1,1.2976012696820243,,,,,4.379927554099991,3.4534050179211473,31,
72519014771,USW00014771,diurnal,2,3.359779556589764,,,,,9.163227533518905,4.571428571428571,29,
72519014771,USW00014771,diurnal,3,2.321559376504774,,,,,7.418850006343774,6.125448028673835,31,
72519014771,USW00014771,diurnal,4,3.49889990706117,,,,,8.725140815558502,8.040740740740741,30,
72519014771,USW00014771,diurnal,5,4.245324467648102,,,,,9.655658334585052,9.236559139784948,31,
72519014771,USW00014771,diurnal,6,3.8673748143900153,,,,,9.748656712454771,9.016666666666667,30,
72519014771,USW00014771,diurnal,7,4.373628194243655,,,,,10.74986159617966,8.786738351254481,31,
72519014771,USW00014771,diurnal,8,3.3792660258550584,,,,,8.264384342625362,8.878136200716845,31,
72519014771,USW00014771,diurnal,9,5.191831136655704,,,,,11.553689143917536,8.596296296296297,30,
72519014771,USW00014771,diurnal,10,4.5293654563652685,,,,,10.94685831171369,6.738351254480287,31,
72519014771,USW00014771,diurnal,11,2.7891225438974603,,,,,8.4201579286044,4.803703703703704,30,
72519014771,USW00014771,diurnal,12,2.6929047945396194,,,,,6.736149778799435,3.3028673835125444,30,
72520094823,USW00094823,annual,0,11.441775744429448,12.266658779703105,197.53263219390166,200.4862659343959,-2.95363374049424,,,365,
72520094823,USW00094823,diurnal,1,1.921906445488467,,,,,5.369593016360865,3.9390681003584236,31,
72520094823,USW00094823,diurnal,2,3.923103080892668,,,,,10.014450351726904,5.281746031746032,29,
72520094823,USW00094823,diurnal,3,4.342720036856966,,,,,9.966371926049824,7.130824372759856,31,
72520094823,USW00094823,diurnal,4,4.164322799457864,,,,,9.305180375235546,8.61851851851852,30,
72520094823,USW00094823,diurnal,5,4.056134302238005,,,,,9.67242304013605,9.046594982078853,31,
72520094823,USW00094823,diurnal,6,4.717053988035378,,,,,10.462157096796748,9.070370370370371,30,
72520094823,USW00094823,diurnal,7,5.566980193567956,,,,,11.402591201501117,8.704301075268818,31,
72520094823,USW00094823,diurnal,8,4.521623036824898,,,,,10.79384757371551,9.034050179211471,31,
72520094823,USW00094823,diurnal,9,5.243232289380106,,,,,12.32236129716621,9.027777777777777,30,
72520094823,USW00094823,diurnal,10,5.149665271053267,,,,,12.663348326041413,7.9695340501792105,31,
72520094823,USW00094823,diurnal,11,2.3079654051447607,,,,,7.053451633606412,5.953703703703705,30,
72520094823,USW00094823,diurnal,12,2.5000789845156546,,,,,7.306334695359491,3.9623655913978486,31,
72520514762,USW00014762,annual,0,11.40260559288506,12.172035385914901,200.1207677600327,200.91213778228408,-0.7913700222513853,,,365,
72520514762,USW00014762,diurnal,1,2.079760907125253,,,,,5.254330052445457,3.715053763440861,31,
72520514762,USW00014762,diurnal,2,3.6981734603409295,,,,,9.442470995375153,4.892857142857143,29,
72520514762,USW00014762,diurnal,3,3.9127125898769894,,,,,9.247832078012909,6.78494623655914,31,
72520514762,USW00014762,diurnal,4,4.090434108518072,,,,,9.014938324620907,8.111111111111112,29,
72520514762,USW00014762,diurnal,5,3.888089436313562,,,,,9.382224091533159,8.50358422939068,31,
72520514762,USW00014762,diurnal,6,4.012444173262156,,,,,9.383383485988741,8.511111111111113,29,
72520514762,USW00014762,diurnal,7,5.092928969323581,,,,,11.143128609582714,8.261648745519713,31,
72520514762,USW00014762,diurnal,8,4.05734800494858,,,,,10.00380637645263,8.437275985663081,31,
72520514762,USW00014762,diurnal,9,5.015956318571113,,,,,10.83942656306278,8.492592592592594,30,
72520514762,USW00014762,diurnal,10,4.654412483029514,,,,,12.458052895701876,7.489247311827958,30,
72520514762,USW00014762,diurnal,11,1.9383705816544956,,,,,6.726496813419505,5.501851851851851,30,
72520514762,USW00014762,diurnal,12,2.2956377770673555,,,,,5.917601058378467,3.763440860215055,31,
72521014895,USW00014895,annual,0,11.936489439154942,12.66731995371859,198.29154711098377,201.63586293369133,-3.344315822707557,,,365,
72521014895,USW00014895,diurnal,1,1.5113645842499346,,,,,4.49433058406993,3.3853046594982072,31,
72521014895,USW00014895,diurnal,2,3.7929462574663253,,,,,9.736758314617216,4.805555555555555,29,
72521014895,USW00014895,diurnal,3,3.583276797395613,,,,,10.286901906760406,6.53942652329749,31,
72521014895,USW00014895,diurnal,4,3.938578967704263,,,,,9.382733183960386,8.03888888888889,30,
72521014895,USW00014895,diurnal,5,4.253720848974378,,,,,9.936592752737457,8.657706093189965,31,
72521014895,USW00014895,diurnal,6,4.417699113856934,,,,,10.334100447656219,8.846296296296297,30,
72521014895,USW00014895,diurnal,7,4.748482061965898,,,,,10.366548164637376,8.795698924731184,31,
72521014895,USW00014895,diurnal,8,4.897307337476467,,,,,10.656240844104538,8.851254480286737,31,
72521014895,USW00014895,diurnal,9,5.494566995248319,,,,,11.478694872690152,8.68888888888889,30,
72521014895,USW00014895,diurnal,10,4.731185037995428,,,,,11.956759753339579,7.370967741935484,31,
72521014895,USW00014895,diurnal,11,2.448716083602697,,,,,7.1836124163640145,5.277777777777778,30,
72521014895,USW00014895,diurnal,12,2.4300228302615285,,,,,6.305420641456418,3.4426523297491047,31,
72524014820,USW00014820,annual,0,11.924951884283605,12.718217957652346,201.20668064843764,203.7218373018951,-2.515156653457467,,,365,
72524014820,USW00014820,diurnal,1,1.1606274283393985,,,,,3.722081767110373,2.940860215053764,31,
72524014820,USW00014820,diurnal,2,3.422342255840714,,,,,7.990451961177406,3.9722222222222223,29,
72524014820,USW00014820,diurnal,3,3.4318184025868987,,,,,8.89811005092357,5.127240143369176,31,
72524014820,USW00014820,diurnal,4,3.0764231338159336,,,,,8.87526645331464,6.405555555555555,30,
72524014820,USW00014820,diurnal,5,3.6591697746469363,,,,,9.170092952056095,7.435483870967741,31,
72524014820,USW00014820,diurnal,6,4.052734518026281,,,,,10.016576888909464,7.818518518518518,30,
72524014820,USW00014820,diurnal,7,3.630127570548285,,,,,9.041378059971613,7.847670250896056,31,
72524014820,USW00014820,diurnal,8,4.250805586472027,,,,,9.78981545961074,7.808243727598566,31,
72524014820,USW00014820,diurnal,9,3.837172727368742,,,,,10.13137204541644,7.683333333333334,30,
72524014820,USW00014820,diurnal,10,5.3782046863106086,,,,,11.771842611332616,6.317204301075269,31,
72524014820,USW00014820,diurnal,11,2.1694709377780352,,,,,7.201004334519048,4.416666666666667,30,
72524014820,USW00014820,diurnal,12,2.3897430773597397,,,,,6.127366355278149,2.8315412186379936,31,
72524504853,USW00004853,annual,0,11.729052409999419,12.798154585102546,203.27548181517952,207.3184994685641,-4.043017653384595,,,365,
72524504853,USW00004853,diurnal,1,1.1450530657139477,,,,,3.4660859869429235,2.252688172043011,31,
72524504853,USW00004853,diurnal,2,1.99049794161424,,,,,5.391591088507288,2.970238095238095,29,
72524504853,USW00004853,diurnal,3,2.4177644927404938,,,,,8.708548009598061,2.935483870967741,31,
72524504853,USW00004853,diurnal,4,2.5178020276438335,,,,,6.892361795690319,3.457407407407408,30,
72524504853,USW00004853,diurnal,5,2.015491967044328,,,,,5.709407071083943,4.18100358422939,31,
72524504853,USW00004853,diurnal,6,2.7275277038775254,,,,,8.070267057909241,4.646296296296296,30,
72524504853,USW00004853,diurnal,7,2.188376925920318,,,,,6.268043690454828,4.847670250896058,31,
72524504853,USW00004853,diurnal,8,2.2799557982656506,,,,,6.862511112380009,5.055555555555555,31,
72524504853,USW00004853,diurnal,9,2.0904648190293535,,,,,6.241336305457803,5.200000000000001,30,
72524504853,USW00004853,diurnal,10,2.623873581831952,,,,,7.194642831424064,4.435483870967741,31,
72524504853,USW00004853,diurnal,11,2.1531634944166003,,,,,5.693776228116656,3.2407407407407414,30,
72524504853,USW00004853,diurnal,12,1.9144657705946244,,,,,4.493536851198549,2.1397849462365586,31,
72525014852,USW00014852,annual,0,11.291282178206565,12.319167925293357,199.35196875675013,201.8768109077904,-2.524842151040275,,,365,
72525014852,USW00014852,diurnal,1,1.6169708722156375,,,,,4.4993943786327435,3.4103942652329753,31,
72525014852,USW00014852,diurnal,2,3.4451891874328493,,,,,8.527770905081006,4.738095238095239,29,
72525014852,USW00014852,diurnal,3,3.8786611142469907,,,,,10.051788608835519,6.448028673835126,31,
72525014852,USW00014852,diurnal,4,3.912957287687867,,,,,8.792652067054714,8.094444444444443,30,
72525014852,USW00014852,diurnal,5,3.9718065411078456,,,,,10.122753441761402,9.197132616487457,31,
72525014852,USW00014852,diurnal,6,4.432107720962884,,,,,11.572469037789194,9.542592592592591,30,
72525014852,USW00014852,diurnal,7,5.311730447827978,,,,,11.13801381341451,9.403225806451612,31,
72525014852,USW00014852,diurnal,8,4.928476666535253,,,,,10.571569584936949,9.492831541218639,31,
72525014852,USW00014852,diurnal,9,5.666723844464947,,,,,12.855939697300364,9.075925925925926,30,
72525014852,USW00014852,diurnal,10,5.5249950431608665,,,,,13.352445109200561,7.387096774193549,31,
72525014852,USW00014852,diurnal,11,2.3369154909103536,,,,,7.228201302976482,5.129629629629629,30,
72525014852,USW00014852,diurnal,12,2.6265086311913146,,,,,6.100774896557741,3.2939068100358413,30,
72526014860,USW00014860,annual,0,12.220006708330946,12.562887523975247,206.07185290090786,206.86555416188756,-0.7937012609797023,,,365,
72526014860,USW00014860,diurnal,1,1.1111773966523062,,,,,3.3016832229270605,2.098566308243728,30,
72526014860,USW00014860,diurnal,2,2.168320200187174,,,,,6.680948296266259,3.017857142857143,29,
72526014860,USW00014860,diurnal,3,2.5900076299127837,,,,,8.409731627524632,3.9569892473118284,31,
72526014860,USW00014860,diurnal,4,3.340117431323211,,,,,10.111235250157248,4.994444444444445,30,
72526014860,USW00014860,diurnal,5,2.4841804210609633,,,,,7.629893521707132,5.983870967741934,31,
72526014860,USW00014860,diurnal,6,2.93263387301172,,,,,8.417385901896392,6.41111111111111,30,
72526014860,USW00014860,diurnal,7,3.128223538132893,,,,,7.316628181605775,6.313620071684588,31,
72526014860,USW00014860,diurnal,8,3.334034317124309,,,,,7.916637359382893,6.408602150537632,31,
72526014860,USW00014860,diurnal,9,3.235995183273501,,,,,7.557337579076874,6.112962962962964,30,
72526014860,USW00014860,diurnal,10,2.992520452077939,,,,,8.88450905978645,4.827956989247313,31,
72526014860,USW00014860,diurnal,11,1.8283635646624758,,,,,7.205326522466462,3.1611111111111114,30,
72526014860,USW00014860,diurnal,12,1.6880692325321396,,,,,5.1231822785303915,2.093189964157706,31,
72526604751,USW00004751,annual,0,11.291109732289787,12.166803085908372,202.93616563979168,202.75426814565503,0.18189749413664913,,,365,
72526604751,USW00004751,diurnal,1,1.4467694027534406,,,,,5.085700543695349,3.4838709677419355,31,
72526604751,USW00004751,diurnal,2,3.2019720843521746,,,,,8.922344103511183,4.9107142857142865,29,
72526604751,USW00004751,diurnal,3,3.585387524739445,,,,,9.769371753883465,6.616487455197131,31,
72526604751,USW00004751,diurnal,4,4.003970223135989,,,,,10.295944754942592,8.551851851851852,30,
72526604751,USW00004751,diurnal,5,4.183366010355982,,,,,9.643897038342688,9.874551971326166,31,
72526604751,USW00004751,diurnal,6,4.356985685289347,,,,,10.42811299763455,9.985185185185184,30,
72526604751,USW00004751,diurnal,7,5.096666567665495,,,,,11.820177795967016,9.827956989247312,31,
72526604751,USW00004751,diurnal,8,4.016818231227264,,,,,9.361845049569043,9.664874551971323,31,
72526604751,USW00004751,diurnal,9,5.55259134067898,,,,,12.532182663765111,9.27962962962963,30,
72526604751,USW00004751,diurnal,10,4.8772098157910735,,,,,11.785491312702515,7.345878136200716,31,
72526604751,USW00004751,diurnal,11,2.21286342968103,,,,,7.6082051255153225,4.877777777777778,30,
72526604751,USW00004751,diurnal,12,2.2353284089315704,,,,,6.497563860865221,3.139784946236559,31,
72528014733,USW00014733,annual,0,12.280502592752798,12.944735733767015,204.34555393986943,205.90511408790195,-1.5595601480325172,,,365,
72528014733,USW00014733,diurnal,1,1.4028530579978016,,,,,4.092088198127147,2.437275985663082,31,
72528014733,USW00014733,diurnal,2,2.5006732307971036,,,,,7.290073383532745,3.5218253968253976,29,
72528014733,USW00014733,diurnal,3,2.1417987205486635,,,,,7.013944161869359,5.18100358422939,31,
72528014733,USW00014733,diurnal,4,3.221563984691537,,,,,8.530986825785119,6.562962962962964,30,
72528014733,USW00014733,diurnal,5,3.814495952065491,,,,,9.549142209663922,7.612903225806452,31,
72528014733,USW00014733,diurnal,6,3.59164523421548,,,,,8.445374878468577,7.614814814814816,30,
72528014733,USW00014733,diurnal,7,3.791315105359935,,,,,8.657946603519399,7.42293906810036,31,
72528014733,USW00014733,diurnal,8,3.9347860027253985,,,,,8.615839129457221,7.654121863799282,31,
72528014733,USW00014733,diurnal,9,4.652523603773259,,,,,9.70696187243857,7.301851851851851,30,
72528014733,USW00014733,diurnal,10,3.312181480880547,,,,,8.756254744629164,5.503584229390682,31,
72528014733,USW00014733,diurnal,11,1.8999024852970745,,,,,6.006223315700073,3.9333333333333327,30,
72528014733,USW00014733,diurnal,12,1.8758993568184668,,,,,5.553077237223947,2.675627240143369,31,
72528704724,USW00004724,annual,0,12.09991053619732,13.040480526887489,204.98769678358977,205.38810856319924,-0.4004117796094704,,,365,
72528704724,USW00004724,diurnal,1,1.4475468134266836,,,,,4.646101995461942,2.7186379928315416,31,
72528704724,USW00004724,diurnal,2,2.6894808577418527,,,,,7.501900194880089,3.8313492063492065,29,
72528704724,USW00004724,diurnal,3,2.850710173738016,,,,,7.331458513824885,5.698924731182795,31,
72528704724,USW00004724,diurnal,4,3.507063179763452,,,,,8.526094603974615,7.585185185185185,30,
72528704724,USW00004724,diurnal,5,4.198650189305482,,,,,9.49709927973746,9.089605734767025,31,
72528704724,USW00004724,diurnal,6,3.825411723068968,,,,,8.509389567178342,8.87962962962963,30,
72528704724,USW00004724,diurnal,7,3.9532677511800647,,,,,8.768639434482832,8.594982078853047,31,
72528704724,USW00004724,diurnal,8,4.080016580568298,,,,,9.639367679102492,8.489247311827958,31,
72528704724,USW00004724,diurnal,9,4.941157294341136,,,,,10.77176680460705,8.190740740740742,30,
72528704724,USW00004724,diurnal,10,3.530909483451928,,,,,9.855161579481031,6.150537634408602,31,
72528704724,USW00004724,diurnal,11,1.7249590729754893,,,,,6.543477260578917,4.32962962962963,30,
72528704724,USW00004724,diurnal,12,2.0958728690677426,,,,,6.220555043169949,2.722222222222223,31,
72529014768,USW00014768,annual,0,12.111074426283974,12.75940203652129,204.57713437320885,204.71637405400304,-0.1392396807941907,,,365,
72529014768,USW00014768,diurnal,1,1.6699051396762705,,,,,4.577513791328199,3.034050179211469,31,
72529014768,USW00014768,diurnal,2,2.9041779277949815,,,,,8.09688334408668,4.176587301587301,29,
72529014768,USW00014768,diurnal,3,2.627759297504679,,,,,8.75154265707068,5.818996415770609,31,
72529014768,USW00014768,diurnal,4,3.5902537617300823,,,,,7.851251908875553,7.392592592592592,30,
72529014768,USW00014768,diurnal,5,3.7444955482115985,,,,,9.986785371909233,8.605734767025089,31,
72529014768,USW00014768,diurnal,6,3.635637153238451,,,,,8.933793598978536,8.822222222222221,30,
72529014768,USW00014768,diurnal,7,4.658402390435294,,,,,9.381979363259113,8.802867383512545,31,
72529014768,USW00014768,diurnal,8,4.591747609282385,,,,,9.948246788776654,8.632616487455197,31,
72529014768,USW00014768,diurnal,9,5.102754701604724,,,,,10.71138576138966,8.229629629629631,30,
72529014768,USW00014768,diurnal,10,4.454468343310087,,,,,11.167228293692117,6.435483870967741,31,
72529014768,USW00014768,diurnal,11,2.1847486759505905,,,,,7.022253563827998,4.757407407407408,30,
72529014768,USW00014768,diurnal,12,1.8554214000614917,,,,,5.4282501225997715,3.2096774193548385,30,
72530094846,USW00094846,annual,0,12.346903747537329,13.663824464412833,200.52489002597818,201.88839274362462,-1.3635027176464405,,,365,
72530094846,USW00094846,diurnal,1,1.0872332110068268,,,,,3.225322800760842,3.810035842293907,31,
72530094846,USW00094846,diurnal,2,3.6716193070707326,,,,,9.52688803672808,4.847222222222222,29,
72530094846,USW00094846,diurnal,3,3.4198760467464,,,,,9.325740456200265,6.234767025089607,31,
72530094846,USW00094846,diurnal,4,3.127951766344459,,,,,9.377277746706081,7.416666666666666,30,
72530094846,USW00094846,diurnal,5,4.4338925894681545,,,,,10.51477056236308,8.059139784946234,31,
72530094846,USW00094846,diurnal,6,4.073583646182211,,,,,10.661544233786557,8.45925925925926,30,
72530094846,USW00094846,diurnal,7,4.15354422033691,,,,,9.125766106492847,8.155913978494624,31,
72530094846,USW00094846,diurnal,8,4.350620673304693,,,,,9.637714581131544,7.922939068100358,31,
72530094846,USW00094846,diurnal,9,4.921635093945205,,,,,10.75230960086403,8.007407407407408,30,
72530094846,USW00094846,diurnal,10,4.762886355079626,,,,,10.583895567875825,7.071684587813619,31,
72530094846,USW00094846,diurnal,11,2.0538399896587944,,,,,5.901491545306937,5.012962962962962,30,
72530094846,USW00094846,diurnal,12,1.9297865205230744,,,,,5.899098410096213,3.8118279569892466,31,
72530594892,USW00094892,annual,0,12.431257192924088,13.687882216686301,200.44845786409283,200.79875965259438,-0.3503017885015538,,,365,
72530594892,USW00094892,diurnal,1,1.2118147053749848,,,,,4.057585559738956,4.308243727598567,31,
72530594892,USW00094892,diurnal,2,4.475049729431453,,,,,10.694824691847195,5.549603174603173,29,
72530594892,USW00094892,diurnal,3,3.798086135356612,,,,,10.078912492610236,7.494623655913979,31,
72530594892,USW00094892,diurnal,4,3.5667560648629166,,,,,9.278696074798791,8.855555555555556,30,
72530594892,USW00094892,diurnal,5,5.285171042247197,,,,,11.522708645797552,9.396057347670252,31,
72530594892,USW00094892,diurnal,6,4.110025730811607,,,,,10.293453171126751,9.390740740740739,30,
72530594892,USW00094892,diurnal,7,4.56174500248516,,,,,10.39595507354532,9.290322580645162,31,
72530594892,USW00094892,diurnal,8,4.967532596466835,,,,,10.357859988358193,9.258064516129032,31,
72530594892,USW00094892,diurnal,9,6.868659712606858,,,,,14.055624254173335,9.557407407407405,30,
72530594892,USW00094892,diurnal,10,5.97247443930642,,,,,14.4543809761928,8.3494623655914,31,
72530594892,USW00094892,diurnal,11,2.5416703937846643,,,,,6.677128181261657,5.937037037037038,30,
72530594892,USW00094892,diurnal,12,3.108816545715459,,,,,7.208955631508326,4.263440860215053,25,
72531603887,USW00003887,annual,0,11.756461774498016,13.305982790209974,189.39405434745026,198.95571515926443,-9.561660811814164,,,365,
72531603887,USW00003887,diurnal,1,1.7616337977262027,,,,,4.500157805966953,4.376344086021505,31,
72531603887,USW00003887,diurnal,2,4.828997614401445,,,,,11.107452140921051,5.861111111111112,29,
72531603887,USW00003887,diurnal,3,4.547667065538837,,,,,10.0819073996941,7.944444444444445,31,
72531603887,USW00003887,diurnal,4,3.900571600663636,,,,,10.211119641496927,9.17037037037037,30,
72531603887,USW00003887,diurnal,5,4.574247560752619,,,,,10.046435646327273,9.374551971326166,31,
72531603887,USW00003887,diurnal,6,4.686581620694438,,,,,10.387242721617152,9.553703703703702,30,
72531603887,USW00003887,diurnal,7,4.390971682708234,,,,,10.133168101757263,9.530465949820789,31,
72531603887,USW00003887,diurnal,8,4.569930261010611,,,,,10.158470843837152,10.057347670250895,31,
72531603887,USW00003887,diurnal,9,6.438660153552627,,,,,13.230248535785648,11.027777777777779,30,
72531603887,USW00003887,diurnal,10,6.9937948210949274,,,,,16.260794431259004,9.496415770609321,31,
72531603887,USW00003887,diurnal,11,2.698106391075684,,,,,7.409005654858964,6.529629629629629,30,
72531603887,USW00003887,diurnal,12,2.34738104210344,,,,,6.471238322645609,4.752688172043011,31,
72532014842,USW00014842,annual,0,12.211915472580237,13.742020021322896,193.1344963373076,198.53512923125126,-5.400632893943651,,,365,
72532014842,USW00014842,diurnal,1,1.3365141666193654,,,,,4.403688283432264,4.711469534050178,31,
72532014842,USW00014842,diurnal,2,5.185915049001096,,,,,13.030773726560259,5.9682539682539675,29,
72532014842,USW00014842,diurnal,3,4.414533824416578,,,,,10.69256558765425,7.897849462365593,31,
72532014842,USW00014842,diurnal,4,4.001506870218014,,,,,9.754975050024864,8.814814814814815,30,
72532014842,USW00014842,diurnal,5,5.380808045436429,,,,,11.839430669542619,9.157706093189965,31,
72532014842,USW00014842,diurnal,6,4.7345876570898815,,,,,10.686612847633802,9.218518518518518,30,
72532014842,USW00014842,diurnal,7,4.404767805059468,,,,,9.682240279800013,9.043010752688172,31,
72532014842,USW00014842,diurnal,8,4.9681616244076094,,,,,10.69950100712569,9.130824372759855,31,
72532014842,USW00014842,diurnal,9,6.052920796197482,,,,,12.6480235724368,9.848148148148148,30,
72532014842,USW00014842,diurnal,10,6.676633991170734,,,,,14.845869963109804,8.810035842293907,30,
72532014842,USW00014842,diurnal,11,2.5280746366520566,,,,,7.090567009628649,6.383333333333334,30,
72532014842,USW00014842,diurnal,12,2.336183427957615,,,,,6.5387661224208085,4.770609318996415,30,
72533014827,USW00014827,annual,0,11.765132139401587,13.236576223473868,195.79519623574336,200.5034947498079,-4.708298514064552,,,365,
72533014827,USW00014827,diurnal,1,1.0085831718817986,,,,,3.4778581895070486,4.059139784946236,31,
72533014827,USW00014827,diurnal,2,4.11009493506347,,,,,10.021274497402782,5.394841269841271,29,
72533014827,USW00014827,diurnal,3,3.9473332250711395,,,,,10.160375530241891,7.220430107526881,31,
72533014827,USW00014827,diurnal,4,3.687838322341663,,,,,9.832746719862403,9.137037037037038,30,
72533014827,USW00014827,diurnal,5,4.867107502151854,,,,,11.626387962773471,9.444444444444445,31,
72533014827,USW00014827,diurnal,6,4.798334414631904,,,,,11.546067643579145,9.359259259259261,30,
72533014827,USW00014827,diurnal,7,4.605619349230313,,,,,10.342024356299547,9.455197132616489,31,
72533014827,USW00014827,diurnal,8,4.726505552750667,,,,,11.004890068261123,9.736559139784946,31,
72533014827,USW00014827,diurnal,9,7.390796229987381,,,,,15.799802912749568,10.21851851851852,30,
72533014827,USW00014827,diurnal,10,6.7671764411019675,,,,,15.436375054668503,8.786738351254481,31,
72533014827,USW00014827,diurnal,11,2.459440562248102,,,,,7.314162431652765,5.925925925925926,30,
72533014827,USW00014827,diurnal,12,2.09106564220962,,,,,6.597605058907744,4.016129032258065,31,
72534014819,USW00014819,annual,0,12.397888225000303,13.717313277599867,200.2460744861059,202.49312274543271,-2.2470482593268173,,,365,
72534014819,USW00014819,diurnal,1,1.3276688396488998,,,,,3.6748776413477633,3.629032258064516,31,
72534014819,USW00014819,diurnal,2,3.4821029626562865,,,,,8.695800407170944,4.658730158730158,29,
72534014819,USW00014819,diurnal,3,3.323941888692547,,,,,9.37354544627899,5.704301075268815,31,
72534014819,USW00014819,diurnal,4,3.20516627360137,,,,,9.046120017486604,6.735185185185185,30,
72534014819,USW00014819,diurnal,5,3.8498956413125263,,,,,10.692894442315785,7.188172043010752,31,
72534014819,USW00014819,diurnal,6,3.781407117439244,,,,,9.35476243238495,7.4444444444444455,30,
72534014819,USW00014819,diurnal,7,3.5949100014178685,,,,,8.544117942204728,7.243727598566307,31,
72534014819,USW00014819,diurnal,8,4.141367406243482,,,,,9.241196936956506,6.953405017921148,31,
72534014819,USW00014819,diurnal,9,4.348705639494321,,,,,10.309892533463705,7.26111111111111,30,
72534014819,USW00014819,diurnal,10,4.14221317460538,,,,,10.348342600995462,6.516129032258063,31,
72534014819,USW00014819,diurnal,11,2.0296628410154387,,,,,6.034053721240628,4.707407407407407,30,
72534014819,USW00014819,diurnal,12,2.004121360877412,,,,,6.021511026232818,3.573476702508961,31,
72535014848,USW00014848,annual,0,11.831525672090162,13.253687096145923,197.2644393136506,201.41923564564055,-4.154796331989957,,,365,
72535014848,USW00014848,diurnal,1,1.0644224632698627,,,,,3.1025769970002166,3.403225806451613,31,
72535014848,USW00014848,diurnal,2,4.160559236469808,,,,,10.76792741737179,4.579365079365078,29,
72535014848,USW00014848,diurnal,3,3.744524386260452,,,,,10.047943133861683,6.795698924731183,30,
72535014848,USW00014848,diurnal,4,3.934708500361432,,,,,9.506159200226499,8.220370370370372,30,
72535014848,USW00014848,diurnal,5,4.64100431864486,,,,,11.564698550386765,8.688172043010752,31,
72535014848,USW00014848,diurnal,6,4.155208584602288,,,,,10.225603001929333,8.87962962962963,30,
72535014848,USW00014848,diurnal,7,4.94565586519358,,,,,10.022878466128326,8.835125448028675,31,
72535014848,USW00014848,diurnal,8,5.01511810300759,,,,,10.997540826423567,8.81720430107527,31,
72535014848,USW00014848,diurnal,9,6.7188057213578425,,,,,13.886138282549663,9.016666666666667,30,
72535014848,USW00014848,diurnal,10,6.617773137489599,,,,,13.955026328728144,7.586021505376344,31,
72535014848,USW00014848,diurnal,11,1.772999297380748,,,,,6.548766855909324,4.990740740740741,30,
72535014848,USW00014848,diurnal,12,1.8146593830535096,,,,,5.88038656985009,3.442652329749105,30,
72536094830,USW00094830,annual,0,11.335501201988889,13.169955164079377,196.32011443777873,201.81437937978697,-5.494264942008243,,,365,
72536094830,USW00094830,diurnal,1,1.088316514057081,,,,,3.5111747516802487,3.702508960573477,31,
72536094830,USW00094830,diurnal,2,4.1602829747833034,,,,,9.398582900724653,5.011904761904761,29,
72536094830,USW00094830,diurnal,3,3.9027837047048775,,,,,9.953441011179956,6.883512544802868,31,
72536094830,USW00094830,diurnal,4,3.8192099116829303,,,,,9.9220796014485,8.305555555555557,30,
72536094830,USW00094830,diurnal,5,5.322493769567922,,,,,11.358408398714735,9.227598566308242,30,
72536094830,USW00094830,diurnal,6,4.848434795222726,,,,,11.566808542466255,9.607407407407408,30,
72536094830,USW00094830,diurnal,7,4.919841958037041,,,,,10.670056240214812,9.78136200716846,31,
72536094830,USW00094830,diurnal,8,5.211824853709621,,,,,10.097564614717584,9.724014336917563,27,
72536094830,USW00094830,diurnal,9,5.604539769277212,,,,,13.210828303409853,9.887037037037036,30,
72536094830,USW00094830,diurnal,10,5.996199164494676,,,,,13.412809682631584,8.3494623655914,31,
72536094830,USW00094830,diurnal,11,2.568185799671543,,,,,7.79370302828649,5.507407407407408,30,
72536094830,USW00094830,diurnal,12,2.3059937168793727,,,,,6.696089294570152,3.6810035842293902,30,
72536614825,USW00014825,annual,0,11.771479555649046,13.066948417334308,196.200801151545,201.7273760859761,-5.526574934431096,,,365,
72536614825,USW00014825,diurnal,1,1.428296676910668,,,,,4.468461694987802,3.381720430107526,31,
72536614825,USW00014825,diurnal,2,4.263820963385421,,,,,10.049981628679383,4.773809523809525,29,
72536614825,USW00014825,diurnal,3,4.249041050097018,,,,,9.769033979488068,6.6200716845878125,31,
72536614825,USW00014825,diurnal,4,3.481377070451087,,,,,9.249613564974874,8.383333333333335,30,
72536614825,USW00014825,diurnal,5,4.701517642206973,,,,,9.975848879888943,8.804659498207887,31,
72536614825,USW00014825,diurnal,6,5.54869322629021,,,,,11.42544581485651,9.027777777777777,30,
72536614825,USW00014825,diurnal,7,4.689019473022596,,,,,9.924496692070928,9.261648745519713,31,
72536614825,USW00014825,diurnal,8,5.1309648057862205,,,,,11.081153092732148,9.498207885304659,31,
72536614825,USW00014825,diurnal,9,6.818354831125745,,,,,14.75242636189458,9.753703703703703,30,
72536614825,USW00014825,diurnal,10,6.184305858235904,,,,,14.008619713412502,8.24731182795699,31,
72536614825,USW00014825,diurnal,11,2.678662210564278,,,,,7.59613419679571,5.627777777777779,30,
72536614825,USW00014825,diurnal,12,2.381375583113381,,,,,6.675065565176275,3.582437275985663,31,
72537094847,USW00094847,annual,0,12.052155202202007,13.342731371834107,199.7286806093357,202.51439918240834,-2.785718573072643,,,365,
72537094847,USW00094847,diurnal,1,1.400266245925019,,,,,3.9604809974013793,3.765232974910394,31,
72537094847,USW00094847,diurnal,2,3.2443975551798405,,,,,8.797764995286068,4.8809523809523805,29,
72537094847,USW00094847,diurnal,3,2.824958754808942,,,,,8.31255185054105,6.68100358422939,31,
72537094847,USW00094847,diurnal,4,3.880892243131685,,,,,9.905269622452776,8.024074074074074,30,
72537094847,USW00094847,diurnal,5,4.783719289691607,,,,,11.681622492378475,8.557347670250897,31,
72537094847,USW00094847,diurnal,6,4.45955152477277,,,,,9.777053211920895,8.83888888888889,30,
72537094847,USW00094847,diurnal,7,4.171526877992356,,,,,9.212830935425217,8.675627240143369,31,
72537094847,USW00094847,diurnal,8,4.314635235569225,,,,,10.35798068267896,8.525089605734767,31,
72537094847,USW00094847,diurnal,9,5.085525897419165,,,,,10.93605819611549,8.492592592592592,30,
72537094847,USW00094847,diurnal,10,4.941371432666571,,,,,11.112283048675115,7.238351254480287,31,
72537094847,USW00094847,diurnal,11,2.3409791443573544,,,,,6.429465297926312,5.077777777777778,30,
72537094847,USW00094847,diurnal,12,2.2708567160874185,,,,,6.17956461975075,3.5681003584229387,31,
72537514822,USW00014822,annual,0,11.897885095260163,13.208156272887068,200.43332369409816,203.71205785968314,-3.2787341655849787,,,365,
72537514822,USW00014822,diurnal,1,1.2710775047998637,,,,,3.559939607789249,3.2132616487455192,31,
72537514822,USW00014822,diurnal,2,3.1123669148973594,,,,,8.56756171144798,4.488095238095238,29,
72537514822,USW00014822,diurnal,3,2.8641859083180092,,,,,8.356222979211868,6.111111111111112,31,
72537514822,USW00014822,diurnal,4,3.8425880005836106,,,,,8.562832455181233,7.496296296296297,30,
72537514822,USW00014822,diurnal,5,4.635834046492762,,,,,10.565661210694264,8.10752688172043,31,
72537514822,USW00014822,diurnal,6,4.208570843999099,,,,,9.440702075958075,8.414814814814815,30,
72537514822,USW00014822,diurnal,7,3.966672411559661,,,,,8.769843296177221,8.017921146953405,31,
72537514822,USW00014822,diurnal,8,3.8075581902953766,,,,,9.499584260593757,7.854838709677419,31,
72537514822,USW00014822,diurnal,9,4.535190439457322,,,,,10.370226197156786,7.707407407407407,30,
72537514822,USW00014822,diurnal,10,4.6481338755727535,,,,,10.928284955326435,6.340501792114696,31,
72537514822,USW00014822,diurnal,11,2.1036707717917547,,,,,5.9004693479930275,4.201851851851852,30,
72537514822,USW00014822,diurnal,12,2.018748055679955,,,,,5.630097305461088,2.9390681003584227,31,
72537614853,USW00014853,annual,0,11.747479846622012,13.325934852799799,197.8789693277958,201.92183765347758,-4.042868325681781,,,365,
72537614853,USW00014853,diurnal,1,1.2809883396682815,,,,,3.553218504623887,4.010752688172042,31,
72537614853,USW00014853,diurnal,2,3.3594231717595293,,,,,9.559532504365649,5.480158730158729,29,
72537614853,USW00014853,diurnal,3,2.806543946860387,,,,,8.253201332398731,7.637992831541218,31,
72537614853,USW00014853,diurnal,4,3.8865467488925045,,,,,9.047564305889114,9.27222222222222,30,
72537614853,USW00014853,diurnal,5,5.576920326703871,,,,,11.70397520582576,9.951612903225806,31,
72537614853,USW00014853,diurnal,6,4.7569164101708665,,,,,10.946006682214517,10.355555555555554,30,
72537614853,USW00014853,diurnal,7,4.825665939360942,,,,,9.901649610368136,10.10394265232975,31,
72537614853,USW00014853,diurnal,8,4.762305348897382,,,,,10.3042524329411,10.034050179211468,31,
72537614853,USW00014853,diurnal,9,6.3340829953726345,,,,,13.655661781939699,10.057407407407409,27,
72537614853,USW00014853,diurnal,10,6.108382683801652,,,,,13.164342132913433,8.35125448028674,31,
72537614853,USW00014853,diurnal,11,2.1973132517572296,,,,,7.027642679581037,5.711111111111111,29,
72537614853,USW00014853,diurnal,12,2.5097696143114483,,,,,6.860856652429214,3.8028673835125457,30,
72537714804,USW00014804,annual,0,11.599216783791944,13.162737585618153,203.12538976048924,204.31093116749668,-1.1855414070074346,,,365,
72537714804,USW00014804,diurnal,1,1.2808222352888718,,,,,3.920416868372764,3.7508960573476697,31,
72537714804,USW00014804,diurnal,2,3.2884810488681753,,,,,8.366781518177682,5.049603174603176,29,
72537714804,USW00014804,diurnal,3,2.7304333355621906,,,,,7.4987564059439435,6.702508960573477,31,
72537714804,USW00014804,diurnal,4,3.777587824067207,,,,,8.447766618776576,8.231481481481481,30,
72537714804,USW00014804,diurnal,5,4.838135412644298,,,,,10.38004499001428,8.867383512544803,31,
72537714804,USW00014804,diurnal,6,4.278509880197461,,,,,9.965837866075304,9.38703703703704,30,
72537714804,USW00014804,diurnal,7,4.018975509886895,,,,,8.89554258405171,9.021505376344086,31,
72537714804,USW00014804,diurnal,8,3.479907245852831,,,,,8.409594816305649,8.720430107526884,31,
72537714804,USW00014804,diurnal,9,4.3724265895990575,,,,,10.709476523295018,8.575925925925928,30,
72537714804,USW00014804,diurnal,10,4.992719244907239,,,,,11.468077049840645,6.987455197132616,29,
72537714804,USW00014804,diurnal,11,1.9627342573608808,,,,,6.088417298788043,4.894444444444447,30,
72537714804,USW00014804,diurnal,12,1.972505676245111,,,,,6.1360746944099045,3.451612903225806,30,
72539014836,USW00014836,annual,0,12.011984596881083,13.223395616686389,200.86810300413106,202.0584420492087,-1.1903390450776499,,,365,
72539014836,USW00014836,diurnal,1,1.1498441510967157,,,,,3.3543778905385864,3.5609318996415773,31,
72539014836,USW00014836,diurnal,2,3.746605389778744,,,,,9.68229659184201,4.873015873015872,29,
72539014836,USW00014836,diurnal,3,3.6998812857741927,,,,,9.573953506654416,7.134408602150538,31,
72539014836,USW00014836,diurnal,4,4.43217769939414,,,,,9.759944355731855,8.633333333333333,30,
72539014836,USW00014836,diurnal,5,5.588499240397237,,,,,11.954064304769814,9.363799283154119,31,
72539014836,USW00014836,diurnal,6,4.532705066407713,,,,,11.044146089466771,9.816666666666666,30,
72539014836,USW00014836,diurnal,7,4.862377962359769,,,,,10.838068314365671,9.931899641577061,31,
72539014836,USW00014836,diurnal,8,4.190428468031307,,,,,9.514836711780987,9.670250896057347,31,
72539014836,USW00014836,diurnal,9,6.235619778339308,,,,,12.268205781912243,9.451851851851849,30,
72539014836,USW00014836,diurnal,10,5.9918912109399525,,,,,13.093024554661062,7.491039426523297,31,
72539014836,USW00014836,diurnal,11,2.106270478703326,,,,,7.210067149920976,4.979629629629629,30,
72539014836,USW00014836,diurnal,12,1.8794141496101227,,,,,5.187614573909705,3.2759856630824387,31,
72539514833,USW00014833,annual,0,11.365453808937408,13.127561615892567,198.79347877387124,201.9776506824428,-3.1841719085715567,,,365,
72539514833,USW00014833,diurnal,1,1.2215621870571751,,,,,3.339179026080953,3.6899641577060938,31,
72539514833,USW00014833,diurnal,2,4.07371695614756,,,,,10.028842691760929,5.186507936507937,29,
72539514833,USW00014833,diurnal,3,3.9847249166036938,,,,,9.069320744732522,7.129032258064517,31,
72539514833,USW00014833,diurnal,4,4.083036033981583,,,,,10.43032335281758,8.651851851851852,30,
72539514833,USW00014833,diurnal,5,4.991551140336322,,,,,11.160985988400824,9.290322580645162,31,
72539514833,USW00014833,diurnal,6,4.510644400004871,,,,,10.266621500257653,9.716666666666667,30,
72539514833,USW00014833,diurnal,7,5.001119683848983,,,,,10.021317049480828,9.627240143369177,31,
72539514833,USW00014833,diurnal,8,4.679045796227857,,,,,10.318551880539003,9.396057347670249,31,
72539514833,USW00014833,diurnal,9,6.919481255901625,,,,,14.45084946944903,9.307407407407403,30,
72539514833,USW00014833,diurnal,10,6.715704718088816,,,,,14.0121329317901,7.64336917562724,31,
72539514833,USW00014833,diurnal,11,2.127331190638747,,,,,7.408395663202235,5.2370370370370365,30,
72539514833,USW00014833,diurnal,12,1.8972056765464302,,,,,6.035852880782448,3.505376344086021,31,
72543094822,USW00094822,annual,0,12.48170916653579,14.135636615177969,196.25729186265744,199.75477205974076,-3.49748019708332,,,365,
72543094822,USW00094822,diurnal,1,1.3940425003699102,,,,,4.020884055373741,4.387096774193548,31,
72543094822,USW00094822,diurnal,2,4.611479128208774,,,,,11.466531785935004,5.630952380952381,29,
72543094822,USW00094822,diurnal,3,3.9039175069878476,,,,,10.013472913028025,7.716845878136201,31,
72543094822,USW00094822,diurnal,4,4.411491672603205,,,,,10.237536303117423,9.1,30,
72543094822,USW00094822,diurnal,5,5.865603307013844,,,,,13.162469701590176,9.594982078853047,31,
72543094822,USW00094822,diurnal,6,4.326308728123486,,,,,10.09746947878735,9.624074074074072,30,
72543094822,USW00094822,diurnal,7,4.627975044086942,,,,,10.283172299067399,9.543010752688176,31,
72543094822,USW00094822,diurnal,8,4.845102353023567,,,,,10.764503781033802,9.535842293906812,31,
72543094822,USW00094822,diurnal,9,6.7204946047332506,,,,,14.445698547853029,9.851851851851851,30,
72543094822,USW00094822,diurnal,10,6.667088453025067,,,,,15.189841783920649,8.74731182795699,31,
72543094822,USW00094822,diurnal,11,2.1560875746154524,,,,,6.934545533926087,6.042592592592594,30,
72543094822,USW00094822,diurnal,12,1.8073775782663695,,,,,6.322294913746328,4.306451612903227,31,
72544014923,USW00014923,annual,0,12.24289247407463,14.107887997859002,192.8923770590395,198.72508153008496,-5.832704471045474,,,365,
72544014923,USW00014923,diurnal,1,2.0337306230734367,,,,,6.385681404764303,4.853046594982079,31,
72544014923,USW00014923,diurnal,2,5.515430362699498,,,,,12.746046926845928,5.9682539682539675,29,
72544014923,USW00014923,diurnal,3,4.268371520156093,,,,,11.02340117285581,8.114695340501793,31,
72544014923,USW00014923,diurnal,4,4.158176386970824,,,,,10.732624101673728,9.414814814814815,30,
72544014923,USW00014923,diurnal,5,5.7213991464222484,,,,,12.240373714298405,9.684587813620068,31,
72544014923,USW00014923,diurnal,6,4.540667908521719,,,,,10.109644179500691,9.683333333333334,30,
72544014923,USW00014923,diurnal,7,4.7568404292171005,,,,,11.0935177957152,9.379928315412188,31,
72544014923,USW00014923,diurnal,8,4.724163416094788,,,,,11.411946364721926,9.478494623655914,31,
72544014923,USW00014923,diurnal,9,7.0191911060462875,,,,,14.696673770265932,10.287037037037038,30,
72544014923,USW00014923,diurnal,10,6.638423053583176,,,,,16.697117404328772,8.88888888888889,31,
72544014923,USW00014923,diurnal,11,2.4178103262351476,,,,,7.67310485200567,6.45,30,
72544014923,USW00014923,diurnal,12,2.2359509236700355,,,,,6.3129944313057536,4.698924731182795,30,
72545014990,USW00014990,annual,0,12.494840633040072,14.528507231603696,195.3286669701371,198.65499555892944,-3.326328588792336,,,365,
72545014990,USW00014990,diurnal,1,2.3755281652392317,,,,,5.543643936034664,4.835125448028673,31,
72545014990,USW00014990,diurnal,2,5.342592194421705,,,,,13.3033266234066,5.878968253968253,29,
72545014990,USW00014990,diurnal,3,4.974476494964471,,,,,11.802040216666771,8.116487455197134,31,
72545014990,USW00014990,diurnal,4,4.822207397013405,,,,,11.803846429701528,9.553703703703702,30,
72545014990,USW00014990,diurnal,5,5.474973175956698,,,,,12.557260149290265,9.335125448028673,31,
72545014990,USW00014990,diurnal,6,4.9747062766945795,,,,,10.33831130436182,9.212962962962964,30,
72545014990,USW00014990,diurnal,7,4.280553809379403,,,,,9.307095797996343,9.21146953405018,31,
72545014990,USW00014990,diurnal,8,4.921704662737351,,,,,10.298799333379883,9.53405017921147,31,
72545014990,USW00014990,diurnal,9,6.557369741258124,,,,,14.28479528637809,10.296296296296298,30,
72545014990,USW00014990,diurnal,10,6.652705467757775,,,,,15.493557265628747,9.10215053763441,31,
72545014990,USW00014990,diurnal,11,2.647956939049597,,,,,7.306941733540958,6.7777777777777795,30,
72545014990,USW00014990,diurnal,12,2.0440173876129784,,,,,6.6028364311906405,4.991039426523298,31,
72546014933,USW00014933,annual,0,13.40179690233478,14.620528281149298,193.56579214656918,198.49124464803552,-4.925452501466339,,,365,
72546014933,USW00014933,diurnal,1,2.241864730099191,,,,,5.790880000045778,5.240143369175626,31,
72546014933,USW00014933,diurnal,2,5.116921807799487,,,,,12.420795740758713,6.261904761904762,29,
72546014933,USW00014933,diurnal,3,4.590432101527327,,,,,11.734869021591361,8.098566308243727,31,
72546014933,USW00014933,diurnal,4,5.615391557960704,,,,,12.132967958260599,8.918518518518518,30,
72546014933,USW00014933,diurnal,5,4.999133317424591,,,,,11.340255485458512,8.711469534050181,31,
72546014933,USW00014933,diurnal,6,4.521047247638183,,,,,10.6358017962378,8.664814814814815,30,
72546014933,USW00014933,diurnal,7,4.171379230292848,,,,,9.760878076031855,8.720430107526882,31,
72546014933,USW00014933,diurnal,8,4.719106179735755,,,,,10.280303232485284,8.878136200716845,31,
72546014933,USW00014933,diurnal,9,5.488703447912023,,,,,12.663298224839489,9.512962962962963,30,
72546014933,USW00014933,diurnal,10,6.713723417934784,,,,,15.192931762184568,8.71505376344086,31,
72546014933,USW00014933,diurnal,11,2.7595968744407227,,,,,7.734323939205202,6.799999999999999,30,
72546014933,USW00014933,diurnal,12,2.54221741548636,,,,,5.978974159160218,5.308243727598566,31,
72546514950,USW00014950,annual,0,12.149987743877341,14.148878553321403,192.32953816091626,198.2437413675652,-5.914203206648949,,,365,
72546514950,USW00014950,diurnal,1,2.1015984301153092,,,,,5.97644240917646,5.2168458781362,31,
72546514950,USW00014950,diurnal,2,4.985826822943476,,,,,11.69860503830646,6.349206349206348,29,
72546514950,USW00014950,diurnal,3,4.653539434087612,,,,,10.931749745127407,8.401433691756273,31,
72546514950,USW00014950,diurnal,4,4.434055721747949,,,,,11.072555789952219,9.353703703703705,30,
72546514950,USW00014950,diurnal,5,5.301464172182648,,,,,12.133943778468073,9.00537634408602,31,
72546514950,USW00014950,diurnal,6,5.215665331764667,,,,,10.988956118396601,8.994444444444445,30,
72546514950,USW00014950,diurnal,7,4.391370577959964,,,,,9.469842553516354,9.261648745519716,31,
72546514950,USW00014950,diurnal,8,4.9053835853312275,,,,,10.481889173313562,9.609318996415768,31,
72546514950,USW00014950,diurnal,9,6.58572202043293,,,,,13.6244818057184,10.19074074074074,30,
72546514950,USW00014950,diurnal,10,6.721132959199529,,,,,14.992721814772636,9.057347670250898,31,
72546514950,USW00014950,diurnal,11,2.8861360938992178,,,,,7.506600050111918,7.0018518518518515,30,
72546514950,USW00014950,diurnal,12,2.5040881892669504,,,,,7.703697950476265,5.229390681003585,30,
72547094908,USW00094908,annual,0,12.642604377085512,14.41373981203187,198.09390473870397,199.32384784642727,-1.229943107723301,,,365,
72547094908,USW00094908,diurnal,1,1.7715449857166365,,,,,4.520505607989022,4.310035842293907,31,
72547094908,USW00094908,diurnal,2,4.863403147116667,,,,,12.139296560270981,5.2936507936507935,29,
72547094908,USW00094908,diurnal,3,3.3991775060830074,,,,,10.02993275447693,7.14336917562724,31,
72547094908,USW00094908,diurnal,4,3.8893025143806605,,,,,9.960768358764659,8.514814814814814,30,
72547094908,USW00094908,diurnal,5,4.644773125665189,,,,,11.261975815733607,8.811827956989246,30,
72547094908,USW00094908,diurnal,6,4.154243826904196,,,,,9.866760006410438,8.764814814814816,30,
72547094908,USW00094908,diurnal,7,4.132670799152563,,,,,9.442560597657778,8.792114695340501,30,
72547094908,USW00094908,diurnal,8,4.610181563790862,,,,,10.1079281302097,8.74910394265233,31,
72547094908,USW00094908,diurnal,9,5.860122267751642,,,,,12.462107409230882,9.146296296296295,30,
72547094908,USW00094908,diurnal,10,6.132239078355284,,,,,14.134414965585755,8.032258064516128,31,
72547094908,USW00094908,diurnal,11,2.2039548363506505,,,,,6.263444487067854,5.753703703703704,30,
72547094908,USW00094908,diurnal,12,1.9665271204383714,,,,,5.941457158969355,4.166666666666666,31,
72548094910,USW00094910,annual,0,13.067706478884215,14.992184483338672,196.18081575664172,198.75306537705853,-2.5722496204168124,,,365,
72548094910,USW00094910,diurnal,1,2.222812455451423,,,,,5.802384906631627,4.89068100358423,31,
72548094910,USW00094910,diurnal,2,6.412914216335198,,,,,14.426215271321162,5.835317460317461,29,
72548094910,USW00094910,diurnal,3,5.172188525869282,,,,,12.58069041672231,7.899641577060932,31,
72548094910,USW00094910,diurnal,4,3.852300407328357,,,,,11.704390533992319,9.72037037037037,30,
72548094910,USW00094910,diurnal,5,5.908312232759215,,,,,12.276135324841272,9.847670250896055,31,
72548094910,USW00094910,diurnal,6,4.861632734389806,,,,,10.415132665961385,9.596296296296295,30,
72548094910,USW00094910,diurnal,7,4.454094446592985,,,,,9.635902005899162,9.63799283154122,31,
72548094910,USW00094910,diurnal,8,5.213737034374566,,,,,10.98336260979493,9.845878136200719,31,
72548094910,USW00094910,diurnal,9,6.99685477709108,,,,,15.232335164167514,10.714814814814815,30,
72548094910,USW00094910,diurnal,10,7.446651054319298,,,,,16.83968646262923,9.413978494623654,31,
72548094910,USW00094910,diurnal,11,2.58868699150898,,,,,7.778270545057465,6.877777777777778,30,
72548094910,USW00094910,diurnal,12,2.2635514928042784,,,,,7.357230354073187,4.867383512544802,31,
72548514940,USW00014940,annual,0,12.971472044069813,15.254864051413035,196.8747232041277,198.98720913623654,-2.1124859321088536,,,365,
72548514940,USW00014940,diurnal,1,1.9764687616164183,,,,,6.085458729487991,4.602150537634408,31,
72548514940,USW00014940,diurnal,2,5.009206305874263,,,,,12.618235749293849,5.5694444444444455,29,
72548514940,USW00014940,diurnal,3,5.141525926357979,,,,,13.092492139381374,7.2992831541218655,31,
72548514940,USW00014940,diurnal,4,4.575180652817188,,,,,10.637795058621013,9.627777777777776,30,
72548514940,USW00014940,diurnal,5,5.9070108637098615,,,,,12.679525927614025,9.761648745519715,31,
72548514940,USW00014940,diurnal,6,4.68576581197571,,,,,10.654874302214399,9.711111111111109,30,
72548514940,USW00014940,diurnal,7,4.581848644804507,,,,,10.627997744027162,9.853046594982079,31,
72548514940,USW00014940,diurnal,8,5.397885652764552,,,,,11.764992570221226,10.068100358422942,30,
72548514940,USW00014940,diurnal,9,7.675963798007924,,,,,15.610007064113399,10.740740740740739,25,
72548514940,USW00014940,diurnal,10,7.560452068548555,,,,,15.964113654437552,9.455197132616487,29,
72548514940,USW00014940,diurnal,11,2.6845490793533284,,,,,7.585925409386937,6.6759259259259265,29,
72548514940,USW00014940,diurnal,12,2.437922590947687,,,,,7.731702755277359,4.525089605734767,29,
72550014942,USW00014942,annual,0,13.469140182463196,14.72763742952959,194.31340849805676,198.38058482897372,-4.067176330916965,,,365,
72550014942,USW00014942,diurnal,1,2.403423303560798,,,,,6.804329594304437,6.272401433691755,31,
72550014942,USW00014942,diurnal,2,5.733402048684726,,,,,13.954949620085577,7.283730158730159,29,
72550014942,USW00014942,diurnal,3,5.410992140193514,,,,,13.513285528299155,9.168458781362009,31,
72550014942,USW00014942,diurnal,4,5.398411356407361,,,,,14.008909360282695,9.781481481481482,30,
72550014942,USW00014942,diurnal,5,5.749268738888097,,,,,12.929037808763017,9.616487455197134,31,
72550014942,USW00014942,diurnal,6,4.753656990891116,,,,,11.188379196817438,9.468518518518518,30,
72550014942,USW00014942,diurnal,7,4.888442103900211,,,,,10.716090318391814,9.261648745519715,31,
72550014942,USW00014942,diurnal,8,4.625822217740785,,,,,11.313709473470023,9.453405017921147,31,
72550014942,USW00014942,diurnal,9,6.280061481151284,,,,,14.058335439694735,10.17962962962963,30,
72550014942,USW00014942,diurnal,10,6.796839881830815,,,,,15.965447747072348,9.913978494623658,31,
72550014942,USW00014942,diurnal,11,3.3987071241302216,,,,,8.973195675344325,8.018518518518517,30,
72550014942,USW00014942,diurnal,12,4.09296001084804,,,,,9.581284432449088,6.220430107526882,30,
72551014939,USW00014939,annual,0,13.293582222960843,14.5686115687387,193.3821104249187,198.3436375982942,-4.961527173375515,,,365,
72551014939,USW00014939,diurnal,1,2.6333876218362122,,,,,8.571882793530213,7.462365591397852,31,
72551014939,USW00014939,diurnal,2,6.430232335500657,,,,,16.18923902252501,8.480158730158731,29,
72551014939,USW00014939,diurnal,3,5.401115342622627,,,,,12.722462407135058,10.170250896057347,31,
72551014939,USW00014939,diurnal,4,6.301904976577173,,,,,14.757667789881086,10.61851851851852,30,
72551014939,USW00014939,diurnal,5,6.015075297438367,,,,,13.112770738719872,10.195340501792115,31,
72551014939,USW00014939,diurnal,6,5.2523282787370045,,,,,12.978099311457106,10.394444444444446,30,
72551014939,USW00014939,diurnal,7,5.336022547480622,,,,,12.374912428733117,10.419354838709676,31,
72551014939,USW00014939,diurnal,8,5.27077096273737,,,,,12.987040695542692,10.657706093189965,30,
72551014939,USW00014939,diurnal,9,7.667766106978896,,,,,16.741562867307064,11.392592592592592,30,
72551014939,USW00014939,diurnal,10,7.405355159618631,,,,,16.33787073984938,11.010752688172042,31,
72551014939,USW00014939,diurnal,11,3.801129084934713,,,,,9.101631701986722,9.244444444444445,30,
72551014939,USW00014939,diurnal,12,4.745649537994823,,,,,10.355158567503196,7.573476702508961,31,
72552014935,USW00014935,annual,0,13.052184683786265,14.211991539038506,193.39407627942782,199.21580704069524,-5.821730761267418,,,365,
72552014935,USW00014935,diurnal,1,2.835073004696402,,,,,8.354251215536255,7.75806451612903,31,
72552014935,USW00014935,diurnal,2,6.700848347255946,,,,,15.934059109750274,8.492063492063492,29,
72552014935,USW00014935,diurnal,3,5.530650895593465,,,,,14.347525653091065,10.379928315412187,31,
72552014935,USW00014935,diurnal,4,6.211971363515454,,,,,15.491493549385957,10.716666666666667,30,
72552014935,USW00014935,diurnal,5,5.925221475021237,,,,,12.20855399708015,10.2258064516129,31,
72552014935,USW00014935,diurnal,6,6.005512115073633,,,,,12.57862237195566,10.807407407407409,30,
72552014935,USW00014935,diurnal,7,5.618398827625812,,,,,12.929454082200927,10.61111111111111,31,
72552014935,USW00014935,diurnal,8,5.148224179241254,,,,,12.318614878038607,10.623655913978492,30,
72552014935,USW00014935,diurnal,9,6.481335880699664,,,,,13.755348739054647,11.45,30,
72552014935,USW00014935,diurnal,10,7.589456013942217,,,,,16.655248595319524,11.277777777777777,30,
72552014935,USW00014935,diurnal,11,3.7277653297119477,,,,,9.700719712456245,9.618518518518522,29,
72552014935,USW00014935,diurnal,12,4.51959415288818,,,,,11.889654198184282,7.8351254480286725,31,
72552594949,USW00094949,annual,0,12.931135036593707,14.138655894228526,193.73555846576656,199.73604562241255,-6.000487156645988,,,365,
72552594949,USW00094949,diurnal,1,2.914275594103707,,,,,8.240968095308322,7.657706093189965,31,
72552594949,USW00094949,diurnal,2,5.500218382448179,,,,,13.887716523123816,8.484126984126984,29,
72552594949,USW00094949,diurnal,3,5.3780568925184005,,,,,12.65277805026285,10.24910394265233,31,
72552594949,USW00094949,diurnal,4,6.356948639825186,,,,,14.155901257191195,10.446296296296298,30,
72552594949,USW00094949,diurnal,5,5.827502810480383,,,,,12.419110663652729,9.811827956989246,31,
72552594949,USW00094949,diurnal,6,5.476139311522969,,,,,12.139418910112475,10.222222222222223,30,
72552594949,USW00094949,diurnal,7,5.466549584789869,,,,,12.0751254361382,10.392473118279572,31,
72552594949,USW00094949,diurnal,8,5.192460213475034,,,,,11.166986924340925,10.324372759856628,31,
72552594949,USW00094949,diurnal,9,6.308895694000949,,,,,14.09693432900914,10.914814814814816,30,
72552594949,USW00094949,diurnal,10,7.090428375501533,,,,,15.612324237382305,10.8584229390681,31,
72552594949,USW00094949,diurnal,11,3.7289819166581464,,,,,9.362989637072403,9.455555555555556,30,
72552594949,USW00094949,diurnal,12,3.8402879654653725,,,,,11.07602114463608,7.77956989247312,31,
72554014949,USW00014949,annual,0,13.011533767850374,14.558789899469076,193.2039152840657,198.0372221315586,-4.833306847492906,,,365,
72554014949,USW00014949,diurnal,1,2.678030355421668,,,,,7.792589501606052,6.68100358422939,31,
72554014949,USW00014949,diurnal,2,5.991016607778443,,,,,14.60484004014576,7.710317460317461,29,
72554014949,USW00014949,diurnal,3,5.179974660232911,,,,,12.078751484210489,9.35663082437276,31,
72554014949,USW00014949,diurnal,4,6.390915671900753,,,,,13.774895635514817,9.857407407407408,30,
72554014949,USW00014949,diurnal,5,5.874867434417366,,,,,12.70945375480571,9.620071684587813,31,
72554014949,USW00014949,diurnal,6,4.941514716325302,,,,,10.70777098143543,9.631481481481481,30,
72554014949,USW00014949,diurnal,7,5.39666584084126,,,,,11.232244816181396,9.360215053763442,31,
72554014949,USW00014949,diurnal,8,4.823119296208778,,,,,11.72237369027981,9.702508960573477,31,
72554014949,USW00014949,diurnal,9,7.280901399703234,,,,,15.302069373925132,10.448148148148148,30,
72554014949,USW00014949,diurnal,10,6.970574470094256,,,,,15.577498354070686,10.09856630824373,31,
72554014949,USW00014949,diurnal,11,3.868853404642925,,,,,9.384821621472446,8.346296296296297,30,
72554014949,USW00014949,diurnal,12,4.23830496397755,,,,,9.81608301535142,6.6702508960573486,30,
72556014941,USW00014941,annual,0,13.120076417908246,14.576846979468822,194.7892378388471,199.19364688906666,-4.404409050219556,,,365,
72556014941,USW00014941,diurnal,1,2.07213888218072,,,,,7.181872883957895,6.7706093189964145,31,
72556014941,USW00014941,diurnal,2,5.082633958404856,,,,,12.332296608295804,7.67857142857143,29,
72556014941,USW00014941,diurnal,3,5.5160662025837075,,,,,13.245179768145388,9.596774193548388,31,
72556014941,USW00014941,diurnal,4,5.333253435861193,,,,,13.489823090387922,10.25925925925926,30,
72556014941,USW00014941,diurnal,5,5.291464804827066,,,,,12.917407796538939,10.202508960573478,31,
72556014941,USW00014941,diurnal,6,4.3847679595539,,,,,12.41540595288982,10.296296296296298,30,
72556014941,USW00014941,diurnal,7,5.767844981275412,,,,,11.993068480820117,10.462365591397848,31,
72556014941,USW00014941,diurnal,8,5.106318649352329,,,,,12.043656038347331,10.412186379928315,31,
72556014941,USW00014941,diurnal,9,6.713525382898988,,,,,14.552394098709012,11.22037037037037,30,
72556014941,USW00014941,diurnal,10,7.039873618835482,,,,,16.540929466417005,10.695340501792113,31,
72556014941,USW00014941,diurnal,11,3.8041560919812225,,,,,9.339047323970473,8.775925925925925,30,
72556014941,USW00014941,diurnal,12,3.302207758834353,,,,,8.855849728504023,6.732974910394264,30,
72557014943,USW00014943,annual,0,13.278634905478942,15.043000390850198,194.10696071504634,198.358760937996,-4.251800222949669,,,365,
72557014943,USW00014943,diurnal,1,2.326566200810698,,,,,6.274614177788045,6.159498207885305,31,
72557014943,USW00014943,diurnal,2,5.119199601425266,,,,,13.011139877887368,7.0853174603174605,29,
72557014943,USW00014943,diurnal,3,5.545044669217041,,,,,13.248038695618627,9.1505376344086,31,
72557014943,USW00014943,diurnal,4,5.386564541970122,,,,,12.991899894989952,10.525925925925925,30,
72557014943,USW00014943,diurnal,5,5.817696433170485,,,,,13.188580967354184,10.347670250896055,31,
72557014943,USW00014943,diurnal,6,5.225439363962128,,,,,12.143241412574024,10.262962962962964,30,
72557014943,USW00014943,diurnal,7,5.347081770553171,,,,,11.549124947758187,10.139784946236556,31,
72557014943,USW00014943,diurnal,8,5.055758477103525,,,,,11.676464338636244,10.21146953405018,31,
72557014943,USW00014943,diurnal,9,8.26570037558865,,,,,17.04387503779041,11.405555555555559,30,
72557014943,USW00014943,diurnal,10,7.143801811992927,,,,,16.199005509640116,10.831541218637994,31,
72557014943,USW00014943,diurnal,11,3.7406141598622247,,,,,10.311997089970742,8.50925925925926,30,
72557014943,USW00014943,diurnal,12,3.1909255242097014,,,,,9.008093659207862,6.344086021505377,30,
72561024030,USW00024030,annual,0,12.546413642372315,12.913603380694006,194.9963288776333,200.62583216450102,-5.629503286867731,,,365,
72561024030,USW00024030,diurnal,1,5.7341151355411055,,,,,13.85642200201898,9.68817204301075,31,
72561024030,USW00024030,diurnal,2,5.782322321874324,,,,,15.966639727621553,10.53373015873016,29,
72561024030,USW00024030,diurnal,3,7.777965238340432,,,,,16.889865678631423,12.629032258064514,31,
72561024030,USW00024030,diurnal,4,6.70925400257846,,,,,16.23082966653334,12.879629629629628,28,
72561024030,USW00024030,diurnal,5,6.580132596304125,,,,,15.63255449372211,12.589605734767025,31,
72561024030,USW00024030,diurnal,6,6.903206067613928,,,,,16.822869965178686,13.870370370370374,30,
72561024030,USW00024030,diurnal,7,8.748521327772803,,,,,18.305311860700304,14.863799283154124,31,
72561024030,USW00024030,diurnal,8,6.610867722380207,,,,,14.733399861677256,14.795698924731184,31,
72561024030,USW00024030,diurnal,9,9.575856890466394,,,,,20.426056877039315,14.707407407407407,30,
72561024030,USW00024030,diurnal,10,7.693628253032023,,,,,18.16146725387788,13.326164874551969,31,
72561024030,USW00024030,diurnal,11,6.067085009788503,,,,,15.13868475975789,11.30925925925926,30,
72561024030,USW00024030,diurnal,12,6.560592897172381,,,,,15.890451688487577,9.775985663082439,14,
72562024023,USW00024023,annual,0,12.831617840344999,13.907670546439618,196.1163886526256,199.04645794482735,-2.9300692922017504,,,365,
72562024023,USW00024023,diurnal,1,4.90104796359687,,,,,13.080863592936709,11.051971326164873,31,
72562024023,USW00024023,diurnal,2,7.510342416940029,,,,,17.6838385128249,11.670634920634923,29,
72562024023,USW00024023,diurnal,3,6.653832278568917,,,,,16.298497431643515,13.224014336917563,31,
72562024023,USW00024023,diurnal,4,7.627684631258703,,,,,16.700951086643713,12.555555555555555,30,
72562024023,USW00024023,diurnal,5,6.174512199098338,,,,,14.942071249471654,12.060931899641576,31,
72562024023,USW00024023,diurnal,6,6.099958840555145,,,,,13.943614749895694,12.496296296296297,30,
72562024023,USW00024023,diurnal,7,7.136031500084839,,,,,15.204807989972032,12.912186379928315,31,
72562024023,USW00024023,diurnal,8,6.021968140426919,,,,,13.565499732349725,12.939068100358424,31,
72562024023,USW00024023,diurnal,9,7.831414875920367,,,,,17.997294469903476,13.855555555555556,30,
72562024023,USW00024023,diurnal,10,8.023830640699464,,,,,18.417738750707226,13.745519713261652,31,
72562024023,USW00024023,diurnal,11,5.868270802820229,,,,,14.548616149102513,12.588888888888887,30,
72562024023,USW00024023,diurnal,12,6.039599833564731,,,,,14.53111879355081,11.195340501792115,31,
72564024018,USW00024018,annual,0,11.134339173226122,11.477221214574996,194.2803451475299,203.48174793721932,-9.20140278968941,,,365,
72564024018,USW00024018,diurnal,1,4.368178646221869,,,,,10.62545444605133,6.688172043010751,31,
72564024018,USW00024018,diurnal,2,4.736665408771659,,,,,10.696594140654092,7.666666666666666,29,
72564024018,USW00024018,diurnal,3,4.595438554992061,,,,,13.402280653954204,9.435483870967744,31,
72564024018,USW00024018,diurnal,4,5.857117176523936,,,,,14.208947086994264,9.912962962962963,29,
72564024018,USW00024018,diurnal,5,5.754066705697401,,,,,14.181619864527471,10.406810035842293,31,
72564024018,USW00024018,diurnal,6,7.000725418591381,,,,,16.905666984336438,12.02222222222222,30,
72564024018,USW00024018,diurnal,7,7.127278501855133,,,,,16.570438101390838,12.697132616487457,31,
72564024018,USW00024018,diurnal,8,6.409823521205063,,,,,14.402886659914996,12.448028673835124,31,
72564024018,USW00024018,diurnal,9,7.956118556162786,,,,,16.761298618784046,11.975925925925928,30,
72564024018,USW00024018,diurnal,10,6.332984565734039,,,,,15.034115315136706,10.111111111111112,31,
72564024018,USW00024018,diurnal,11,4.7446966540144215,,,,,12.14707318123164,7.80925925925926,30,
72564024018,USW00024018,diurnal,12,3.9694054363934383,,,,,10.175279888265184,6.456989247311829,31,
72564524022,USW00024022,annual,0,11.462490416407404,11.954063724529703,195.33891379661,203.00729151430363,-7.66837771769363,,,365,
72564524022,USW00024022,diurnal,1,4.400599728516752,,,,,12.251432223515609,6.919354838709677,31,
72564524022,USW00024022,diurnal,2,3.863355209699531,,,,,9.902464985456337,7.8313492063492065,29,
72564524022,USW00024022,diurnal,3,3.9092409621885085,,,,,10.32836546989712,9.618279569892474,31,
72564524022,USW00024022,diurnal,4,6.002608120040042,,,,,14.83546326925648,10.577777777777776,30,
72564524022,USW00024022,diurnal,5,5.937690041748463,,,,,14.138251650122262,11.883512544802871,31,
72564524022,USW00024022,diurnal,6,7.793836080520976,,,,,17.894980226664785,14.17962962962963,30,
72564524022,USW00024022,diurnal,7,7.769556695714857,,,,,18.043909866750028,14.862007168458781,30,
72564524022,USW00024022,diurnal,8,7.6679407879421495,,,,,16.39950398134487,14.602150537634412,31,
72564524022,USW00024022,diurnal,9,8.761444589487999,,,,,18.758939842355048,13.814814814814815,30,
72564524022,USW00024022,diurnal,10,8.929769988325916,,,,,18.798028080512857,11.324372759856631,31,
72564524022,USW00024022,diurnal,11,4.344174190092369,,,,,11.61885376049198,8.22962962962963,30,
72564524022,USW00024022,diurnal,12,4.01227928473842,,,,,10.468973291502643,6.779569892473119,30,
72565003017,USW00003017,annual,0,11.971179647634543,12.17483591907536,194.7641862418835,202.84683896603488,-8.082652724151387,,,365,
72565003017,USW00003017,diurnal,1,5.386435985019536,,,,,13.07252988043051,8.95698924731183,31,
72565003017,USW00003017,diurnal,2,5.075472916918684,,,,,12.888475723259763,9.821428571428573,29,
72565003017,USW00003017,diurnal,3,6.930577825740859,,,,,15.824882826599328,11.702508960573477,31,
72565003017,USW00003017,diurnal,4,6.279734959562253,,,,,15.465709116021715,11.616666666666667,30,
72565003017,USW00003017,diurnal,5,6.277582713691595,,,,,14.149448274203579,11.862007168458781,31,
72565003017,USW00003017,diurnal,6,7.810941376920308,,,,,17.318837443293923,13.425925925925924,30,
72565003017,USW00003017,diurnal,7,7.419041255977642,,,,,16.259594194213214,13.648745519713259,31,
72565003017,USW00003017,diurnal,8,6.82781391066658,,,,,15.64929006253612,13.342293906810033,31,
72565003017,USW00003017,diurnal,9,7.46142151885012,,,,,16.031965001298587,13.320370370370371,30,
72565003017,USW00003017,diurnal,10,7.161014294774963,,,,,15.31651739079708,11.910394265232972,31,
72565003017,USW00003017,diurnal,11,4.217116477071935,,,,,12.477835664709184,10.248148148148148,30,
72565003017,USW00003017,diurnal,12,5.560764769819969,,,,,14.320252471728367,8.949820788530467,31,
72566024028,USW00024028,annual,0,12.818057152770338,13.133820949295243,189.55972269398362,199.28861109860287,-9.728888404619255,,,365,
72566024028,USW00024028,diurnal,1,5.4426655292122055,,,,,13.998277585862622,10.254480286738348,31,
72566024028,USW00024028,diurnal,2,6.281288774423926,,,,,13.677262315566482,11.359126984126982,29,
72566024028,USW00024028,diurnal,3,6.35287414963417,,,,,16.422190849704915,13.222222222222221,31,
72566024028,USW00024028,diurnal,4,5.925875061290094,,,,,16.687287600245455,13.144444444444442,30,
72566024028,USW00024028,diurnal,5,6.301979182114471,,,,,14.811241765686452,12.928315412186377,31,
72566024028,USW00024028,diurnal,6,7.577743622665159,,,,,18.622056114065828,14.022222222222222,30,
72566024028,USW00024028,diurnal,7,8.523930187782288,,,,,18.21403399252532,15.012544802867383,31,
72566024028,USW00024028,diurnal,8,7.397338210510493,,,,,17.160188763932283,15.394265232974913,31,
72566024028,USW00024028,diurnal,9,8.85605634983009,,,,,19.74508848860883,15.47592592592593,30,
72566024028,USW00024028,diurnal,10,8.768154980987763,,,,,19.757181445647326,14.130824372759855,31,
72566024028,USW00024028,diurnal,11,7.359014810574374,,,,,16.355643683098663,12.162962962962963,29,
72566024028,USW00024028,diurnal,12,6.876414155584489,,,,,15.989349483791198,10.335125448028672,31,
72567024032,USW00024032,annual,0,13.7662163377272,14.343831995385115,197.50925204294467,199.7618699480783,-2.252617905133633,,,365,
72567024032,USW00024032,diurnal,1,4.563329543658785,,,,,12.343098516158427,9.010752688172044,31,
72567024032,USW00024032,diurnal,2,6.083890945759959,,,,,15.04938339073637,9.801587301587302,29,
72567024032,USW00024032,diurnal,3,5.12429812037295,,,,,15.91281441338308,11.304659498207887,31,
72567024032,USW00024032,diurnal,4,6.036174506839512,,,,,13.298199598054214,11.38888888888889,30,
72567024032,USW00024032,diurnal,5,6.173208910962439,,,,,14.627882062682623,11.548387096774194,31,
72567024032,USW00024032,diurnal,6,5.610740817578693,,,,,15.027728620916928,12.122222222222222,30,
72567024032,USW00024032,diurnal,7,7.685669934998152,,,,,16.12162684609844,13.177419354838708,31,
72567024032,USW00024032,diurnal,8,5.960703750049654,,,,,13.662714538366275,13.453405017921144,31,
72567024032,USW00024032,diurnal,9,8.02786783413483,,,,,17.59719930554929,13.627777777777778,30,
72567024032,USW00024032,diurnal,10,7.211798420279979,,,,,17.74640036085297,12.50358422939068,31,
72567024032,USW00024032,diurnal,11,4.501901530683977,,,,,12.502659440159473,10.96111111111111,30,
72567024032,USW00024032,diurnal,12,5.890446061873012,,,,,15.646683090302997,9.168458781362007,30,
72569024089,USW00024089,annual,0,11.934008790210298,12.611929595316258,193.3777173916648,201.78841019168112,-8.410692800016335,,,365,
72569024089,USW00024089,diurnal,1,4.423004933047992,,,,,10.940707069734554,5.978494623655914,31,
72569024089,USW00024089,diurnal,2,4.185586980341885,,,,,10.156684958649317,7.527777777777778,29,
72569024089,USW00024089,diurnal,3,5.117644163526635,,,,,13.66987166359946,10.164874551971327,31,
72569024089,USW00024089,diurnal,4,6.916030154862376,,,,,16.253628716087,11.488888888888887,30,
72569024089,USW00024089,diurnal,5,7.452767377109184,,,,,17.093540139869308,12.657706093189965,31,
72569024089,USW00024089,diurnal,6,9.340534040147691,,,,,20.620320808571858,15.281481481481482,30,
72569024089,USW00024089,diurnal,7,9.047657099998618,,,,,20.82751735313532,16.869175627240143,31,
72569024089,USW00024089,diurnal,8,8.376664336573807,,,,,20.053607223151715,16.164874551971327,31,
72569024089,USW00024089,diurnal,9,8.547814812185763,,,,,19.441883659790335,14.483333333333336,30,
72569024089,USW00024089,diurnal,10,8.88096020967058,,,,,19.942596662466954,11.218637992831539,31,
72569024089,USW00024089,diurnal,11,3.632288054140054,,,,,10.462487893232115,7.838888888888889,30,
72569024089,USW00024089,diurnal,12,3.429642420524107,,,,,11.099021101422148,5.870967741935484,31,
72570024046,USW00024046,annual,0,14.677806535198773,13.919144386316681,201.64480580108767,197.72724147365193,3.9175643274357412,,,365,
72570024046,USW00024046,diurnal,1,5.200999081445952,,,,,12.546238032153195,9.439068100358424,31,
72570024046,USW00024046,diurnal,2,5.071296052466576,,,,,11.302047551735967,10.186507936507937,29,
72570024046,USW00024046,diurnal,3,4.548894229550092,,,,,12.784236385230015,11.847670250896057,31,
72570024046,USW00024046,diurnal,4,6.986759743274641,,,,,17.017556855305358,13.111111111111112,30,
72570024046,USW00024046,diurnal,5,8.315559048078573,,,,,17.880802563716532,15.28136200716846,31,
72570024046,USW00024046,diurnal,6,9.4881457787571,,,,,23.08208420325824,19.01481481481482,30,
72570024046,USW00024046,diurnal,7,10.9557392939642,,,,,23.647927810523882,19.54301075268817,23,
72570024046,USW00024046,diurnal,10,7.327502547660528,,,,,17.840572316562945,16.050179211469533,20,
72570024046,USW00024046,diurnal,11,5.546387678205805,,,,,13.468727291496087,11.9537037037037,30,
72570024046,USW00024046,diurnal,12,5.813924689385173,,,,,14.631981228278047,9.525089605734767,31,
72572024127,USW00024127,annual,0,13.457671674373834,13.388272273119153,201.7337873952678,198.77416018996695,2.9596272053008477,,,365,
72572024127,USW00024127,diurnal,1,2.740048221862,,,,,7.893979824869831,5.215053763440859,27,
72572024127,USW00024127,diurnal,2,2.992941142266375,,,,,7.923816334955054,6.442460317460317,29,
72572024127,USW00024127,diurnal,3,3.697457603549851,,,,,8.891662023738554,8.046594982078853,31,
72572024127,USW00024127,diurnal,4,4.892974450435881,,,,,11.409256842731413,8.624074074074075,30,
72572024127,USW00024127,diurnal,5,5.8723816509318,,,,,13.790925189382332,10.13978494623656,31,
72572024127,USW00024127,diurnal,6,5.814371569827445,,,,,13.280334904019135,11.864814814814812,30,
72572024127,USW00024127,diurnal,7,6.550533960202936,,,,,14.157449473400998,12.383512544802867,31,
72572024127,USW00024127,diurnal,8,5.864668846903549,,,,,13.240268043470856,12.050179211469535,31,
72572024127,USW00024127,diurnal,9,5.986965354513686,,,,,13.328409922674673,11.45,30,
72572024127,USW00024127,diurnal,10,5.40599858793689,,,,,12.614949350311878,10.048387096774194,31,
72572024127,USW00024127,diurnal,11,3.9576079960321264,,,,,10.105834611880994,7.370370370370371,30,
72572024127,USW00024127,diurnal,12,3.022182672249296,,,,,8.306959856493318,5.102150537634409,30,
72574424027,USW00024027,annual,0,12.925626673484388,13.061727632405326,200.2917812329226,201.5209426452013,-1.2291614122786996,,,365,
72574424027,USW00024027,diurnal,1,3.119540245719346,,,,,7.56150368321448,6.272401433691757,31,
72574424027,USW00024027,diurnal,2,2.995170901728718,,,,,7.734089859456674,7.174603174603173,29,
72574424027,USW00024027,diurnal,3,3.2052435282546914,,,,,8.157592885857547,8.732974910394265,31,
72574424027,USW00024027,diurnal,4,5.80423853987827,,,,,12.638671107281805,10.116666666666669,30,
72574424027,USW00024027,diurnal,5,6.056421242707497,,,,,13.692287174977942,11.292114695340503,31,
72574424027,USW00024027,diurnal,6,6.811646733256565,,,,,15.245966195860586,12.959259259259257,30,
72574424027,USW00024027,diurnal,7,7.785262631148539,,,,,16.467146842783954,13.774193548387094,31,
72574424027,USW00024027,diurnal,8,7.448566591236635,,,,,15.61417873409642,13.437275985663081,31,
72574424027,USW00024027,diurnal,9,6.719896300700659,,,,,15.62637805889857,12.483333333333336,30,
72574424027,USW00024027,diurnal,10,6.42840022549848,,,,,15.377872524600708,10.345878136200717,31,
72574424027,USW00024027,diurnal,11,3.7600050164545813,,,,,9.502922480286152,7.824074074074075,30,
72574424027,USW00024027,diurnal,12,3.2730991078159555,,,,,8.217569739428034,6.413978494623656,30,
72575524101,USW00024101,annual,0,12.879493401029029,13.05947711126957,202.03698640236857,200.0740368618878,1.9629495404807642,,,365,
72575524101,USW00024101,diurnal,1,1.618679296910842,,,,,5.692823053147295,4.379928315412186,30,
72575524101,USW00024101,diurnal,2,2.6971936502211946,,,,,7.05824435080333,5.551587301587302,29,
72575524101,USW00024101,diurnal,3,2.8329399063194955,,,,,7.971379035692666,7.299283154121864,30,
72575524101,USW00024101,diurnal,4,4.269572489893714,,,,,10.756703289092108,8.079629629629629,30,
72575524101,USW00024101,diurnal,5,5.312825641898881,,,,,12.534476842875444,9.406810035842295,31,
72575524101,USW00024101,diurnal,6,5.796667915660814,,,,,13.806290657567947,11.175925925925926,30,
72575524101,USW00024101,diurnal,7,6.694936319685972,,,,,14.102300065298419,12.243727598566307,30,
72575524101,USW00024101,diurnal,8,5.9384215484030705,,,,,13.416579346462704,11.799283154121865,31,
72575524101,USW00024101,diurnal,9,5.932763608838174,,,,,13.27504756424183,10.674074074074074,30,
72575524101,USW00024101,diurnal,10,5.1642812120330435,,,,,11.602031674349046,8.890681003584229,31,
72575524101,USW00024101,diurnal,11,3.345274544534149,,,,,8.061235790862867,6.272222222222224,30,
72575524101,USW00024101,diurnal,12,2.460307245553974,,,,,6.980563235590853,4.410394265232975,30,
72576024021,USW00024021,annual,0,13.256362293123658,13.80331066220941,191.7238561033531,199.62607116834837,-7.902215064995261,,,365,
72576024021,USW00024021,diurnal,1,2.924704409174898,,,,,8.759197495528205,7.297491039426521,31,
72576024021,USW00024021,diurnal,2,3.733646422377717,,,,,8.876555882986045,8.23015873015873,29,
72576024021,USW00024021,diurnal,3,4.351924059478432,,,,,11.109423675531284,9.872759856630823,31,
72576024021,USW00024021,diurnal,4,5.468883858604295,,,,,12.983036319144158,10.325925925925926,30,
72576024021,USW00024021,diurnal,5,6.024412694875635,,,,,13.76148907499391,10.960573476702507,31,
72576024021,USW00024021,diurnal,6,7.442675403441402,,,,,16.299937329876904,12.901851851851852,30,
72576024021,USW00024021,diurnal,7,7.336259637503299,,,,,16.102095158173633,14.145161290322582,31,
72576024021,USW00024021,diurnal,8,6.674787553392967,,,,,16.002823182466813,13.867383512544803,31,
72576024021,USW00024021,diurnal,9,7.64428932357042,,,,,16.42491746275954,12.55,30,
72576024021,USW00024021,diurnal,10,6.254133477090314,,,,,14.961816082755043,10.79032258064516,31,
72576024021,USW00024021,diurnal,11,4.492077536289894,,,,,11.470260982263014,8.672222222222222,30,
72576024021,USW00024021,diurnal,12,4.564487322172335,,,,,11.751042734192517,7.032258064516129,30,
72578024156,USW00024156,annual,0,12.09485114294843,12.539292102185794,197.51693367077345,199.06884130391572,-1.5519076331422639,,,365,
72578024156,USW00024156,diurnal,1,1.9568555685896813,,,,,6.026490957687768,5.64336917562724,31,
72578024156,USW00024156,diurnal,2,2.5788852747563404,,,,,7.990500341232492,7.007936507936508,29,
72578024156,USW00024156,diurnal,3,3.8471911462767645,,,,,9.595118606702444,9.455197132616487,31,
72578024156,USW00024156,diurnal,4,5.994769308685141,,,,,13.059792840960887,11.159259259259262,30,
72578024156,USW00024156,diurnal,5,5.583125391438934,,,,,15.112976439385253,12.867383512544802,31,
72578024156,USW00024156,diurnal,6,7.413626331791075,,,,,17.629368840791994,14.844444444444441,30,
72578024156,USW00024156,diurnal,7,10.012835786689,,,,,22.022423223231492,17.3584229390681,31,
72578024156,USW00024156,diurnal,8,8.866843726499749,,,,,19.82989219676633,17.74193548387097,31,
72578024156,USW00024156,diurnal,9,8.393052212599402,,,,,19.137397421969006,16.211111111111112,30,
72578024156,USW00024156,diurnal,10,8.425919272391058,,,,,18.613981616891195,13.100358422939067,31,
72578024156,USW00024156,diurnal,11,3.95291945012784,,,,,10.510146049907334,8.694444444444446,30,
72578024156,USW00024156,diurnal,12,2.2301024893969874,,,,,8.366763748394199,5.4767025089605745,30,
72580524172,USW00024172,annual,0,13.026937592000944,12.931911562335015,195.036029613042,197.62556284372025,-2.5895332306782564,,,365,
72580524172,USW00024172,diurnal,1,4.9737654720359625,,,,,11.763332479545584,11.363799283154126,31,
72580524172,USW00024172,diurnal,2,4.779120572141535,,,,,11.880325381541091,12.680555555555555,29,
72580524172,USW00024172,diurnal,3,5.395975959156224,,,,,13.249428221020734,14.67921146953405,31,
72580524172,USW00024172,diurnal,4,7.3925009159052895,,,,,17.661053130425305,14.896296296296297,30,
72580524172,USW00024172,diurnal,5,7.619807546445872,,,,,18.266348395115976,15.433691756272403,31,
72580524172,USW00024172,diurnal,6,9.073412938291584,,,,,20.648383815481147,17.437037037037037,30,
72580524172,USW00024172,diurnal,7,9.568301584182876,,,,,20.98456676676493,19.52867383512545,30,
72580524172,USW00024172,diurnal,8,10.28382061822651,,,,,22.678274728212443,20.010752688172044,30,
72580524172,USW00024172,diurnal,9,10.971605966580974,,,,,22.80336225787363,19.73148148148148,30,
72580524172,USW00024172,diurnal,10,10.22275365805531,,,,,23.183504309969834,17.910394265232974,28,
72580524172,USW00024172,diurnal,11,8.047430974768229,,,,,17.8463802174777,14.416666666666664,30,
72580524172,USW00024172,diurnal,12,6.450793458409942,,,,,17.39617725144152,11.252688172043008,31,
72582524121,USW00024121,annual,0,12.360595075714224,12.654460180988778,198.57275522201738,198.39671284733816,0.1760423746792128,,,365,
72582524121,USW00024121,diurnal,1,3.3115706754242775,,,,,7.842797118374321,9.241935483870968,31,
72582524121,USW00024121,diurnal,2,3.637453254876981,,,,,9.651559981705097,10.11309523809524,29,
72582524121,USW00024121,diurnal,3,4.6924236525101275,,,,,10.66341471950437,12.064516129032256,31,
72582524121,USW00024121,diurnal,4,6.994021519959036,,,,,16.38455792796271,13.107407407407406,30,
72582524121,USW00024121,diurnal,5,8.929710047123091,,,,,19.422138925824996,14.664874551971327,31,
72582524121,USW00024121,diurnal,6,9.1890259397121,,,,,19.820925994666396,17.716666666666665,30,
72582524121,USW00024121,diurnal,7,9.982488976142218,,,,,20.931410939023788,19.501792114695345,31,
72582524121,USW00024121,diurnal,8,10.657336416822023,,,,,21.751913782615986,19.874551971326166,31,
72582524121,USW00024121,diurnal,9,10.391175430040345,,,,,21.723216253729678,19.424074074074078,30,
72582524121,USW00024121,diurnal,10,10.377587318545386,,,,,21.86153366394787,17.517921146953405,31,
72582524121,USW00024121,diurnal,11,5.696381437686247,,,,,13.290361020798493,12.525925925925923,30,
72582524121,USW00024121,diurnal,12,4.620377431006229,,,,,10.684985725124049,9.254480286738351,31,
72583024128,USW00024128,annual,0,12.129649315358327,12.115006211096164,195.3435151111341,199.1163566899478,-3.772841578813683,,,365,
72583024128,USW00024128,diurnal,1,3.6710820949382343,,,,,9.996013302230045,9.435483870967742,31,
72583024128,USW00024128,diurnal,2,3.8146032482070438,,,,,10.58389640188231,10.59920634920635,29,
72583024128,USW00024128,diurnal,3,4.957912859890907,,,,,13.064070385283397,13.066308243727597,31,
72583024128,USW00024128,diurnal,4,6.934153766537008,,,,,16.378325498477444,14.16111111111111,30,
72583024128,USW00024128,diurnal,5,9.5677028775462,,,,,23.16786497088816,15.795698924731182,28,
72583024128,USW00024128,diurnal,6,8.816642784195274,,,,,21.039427728644903,18.140740740740743,30,
72583024128,USW00024128,diurnal,7,10.51348615591318,,,,,23.379568992976658,20.494623655913973,31,
72583024128,USW00024128,diurnal,8,10.597754232974163,,,,,23.587312573187905,21.290322580645164,31,
72583024128,USW00024128,diurnal,9,10.521990160223112,,,,,23.96357438279722,20.39444444444445,30,
72583024128,USW00024128,diurnal,10,11.165467568932595,,,,,23.950441159384177,18.26523297491039,31,
72583024128,USW00024128,diurnal,11,5.433015475527704,,,,,13.351216613998687,12.868518518518519,30,
72583024128,USW00024128,diurnal,12,4.313424375564743,,,,,11.866601972058172,9.311827956989248,30,
72584523225,USW00023225,annual,0,11.072211317936254,9.29331042862497,210.01242092721427,218.54991632173227,-8.537495394518004,,,365,
72584523225,USW00023225,diurnal,1,1.7027070254172723,,,,,5.130060891582924,3.064516129032257,31,
72584523225,USW00023225,diurnal,2,1.6527409906048096,,,,,4.851211442637722,3.4920634920634925,27,
72584523225,USW00023225,diurnal,3,1.6123185259118007,,,,,5.077981254906636,4.193548387096774,31,
72584523225,USW00023225,diurnal,4,3.4186592945072616,,,,,7.868236557968192,5.112962962962962,30,
72584523225,USW00023225,diurnal,5,3.9615730454064066,,,,,8.311716711896054,5.5501792114695325,31,
72584523225,USW00023225,diurnal,6,3.628572869491035,,,,,7.853787210988072,6.1148148148148165,30,
72584523225,USW00023225,diurnal,7,3.8280280393632906,,,,,7.893799821786327,6.1971326164874565,31,
72584523225,USW00023225,diurnal,8,3.9293787705888503,,,,,8.278231922635616,6.424731182795698,31,
72584523225,USW00023225,diurnal,9,3.74208864572961,,,,,8.214052980803283,6.246296296296296,30,
72584523225,USW00023225,diurnal,10,2.983565794501805,,,,,7.025225168131856,5.308243727598566,30,
72584523225,USW00023225,diurnal,11,2.3956681973148415,,,,,6.245113534730288,3.5870370370370375,30,
72584523225,USW00023225,diurnal,12,1.8189978725460128,,,,,5.439071887569291,2.804659498207884,30,
72589594236,USW00094236,annual,0,10.27569389052831,10.183047919190903,199.70907187937803,202.62529039502132,-2.916218515643294,,,365,
72589594236,USW00094236,diurnal,1,2.242834919967355,,,,,6.116202869315793,7.094982078853047,31,
72589594236,USW00094236,diurnal,2,2.7241825586521298,,,,,8.529731600820893,8.91468253968254,29,
72589594236,USW00094236,diurnal,3,3.7500762594655166,,,,,10.059824825884881,10.725806451612904,31,
72589594236,USW00094236,diurnal,4,6.719532142251974,,,,,15.815344656026038,12.038888888888888,30,
72589594236,USW00094236,diurnal,5,8.296488722796939,,,,,18.944649253218035,13.849462365591402,31,
72589594236,USW00094236,diurnal,6,8.759126393460592,,,,,20.907296065337228,16.014814814814816,30,
72589594236,USW00094236,diurnal,7,10.42583174696441,,,,,22.82286037575964,18.159498207885303,31,
72589594236,USW00094236,diurnal,8,9.525636259563427,,,,,20.820777334397032,18.449820788530463,31,
72589594236,USW00094236,diurnal,9,9.748511505272386,,,,,21.155091074651494,18.00185185185185,29,
72589594236,USW00094236,diurnal,10,8.783619680904454,,,,,20.748641918881518,15.137992831541217,31,
72589594236,USW00094236,diurnal,11,2.3347805457592985,,,,,6.704208944524721,9.311111111111112,30,
72589594236,USW00094236,diurnal,12,3.2255345087163994,,,,,8.61265418286478,6.6111111111111125,31,
72590523275,USW00023275,annual,0,8.58154345959816,7.93488975641542,205.33637260528604,207.65685004403252,-2.3204774387464795,,,365,
72590523275,USW00023275,diurnal,1,3.14025550316512,,,,,6.932800402024965,9.537634408602152,30,
72590523275,USW00023275,diurnal,2,2.6865626803550677,,,,,7.843486157838138,10.595238095238098,29,
72590523275,USW00023275,diurnal,3,3.4409779155819833,,,,,9.614471072039784,11.43548387096774,31,
72590523275,USW00023275,diurnal,4,6.947984706654154,,,,,16.55642551426091,12.78148148148148,30,
72590523275,USW00023275,diurnal,5,9.005031483917321,,,,,18.74191857341884,14.885304659498209,30,
72590523275,USW00023275,diurnal,6,9.642890318434983,,,,,20.69652060734859,16.89814814814815,30,
72590523275,USW00023275,diurnal,7,10.725488543817155,,,,,22.42203301617368,19.34229390681004,31,
72590523275,USW00023275,diurnal,8,9.860434577100493,,,,,21.14903504244504,19.811827956989244,31,
72590523275,USW00023275,diurnal,9,10.292492633775595,,,,,22.334763231203908,19.298148148148147,29,
72590523275,USW00023275,diurnal,10,9.501026630447095,,,,,20.38998956092331,16.566308243727597,31,
72590523275,USW00023275,diurnal,11,4.048036790170298,,,,,10.311771529052765,11.67037037037037,30,
72590523275,USW00023275,diurnal,12,2.778841245369259,,,,,7.073555312200853,8.985663082437275,30,
72591024216,USW00024216,annual,0,11.010949863474382,10.124606358939896,203.9315005765851,204.51359074324876,-0.5820901666636473,,,365,
72591024216,USW00024216,diurnal,1,3.0047563751262683,,,,,8.465061922394563,8.043010752688172,31,
72591024216,USW00024216,diurnal,2,3.7030064880030054,,,,,8.896902143450223,9.180555555555557,29,
72591024216,USW00024216,diurnal,3,4.51452269039545,,,,,11.084739716107794,10.231182795698926,31,
72591024216,USW00024216,diurnal,4,6.680538136950367,,,,,14.824780533745432,11.83703703703704,30,
72591024216,USW00024216,diurnal,5,6.992457393629751,,,,,16.187719605683807,13.347670250896055,30,
72591024216,USW00024216,diurnal,6,7.8701374144162415,,,,,17.914117406367033,14.703703703703702,30,
72591024216,USW00024216,diurnal,7,8.080359453139275,,,,,19.285172651544414,16.428315412186382,31,
72591024216,USW00024216,diurnal,8,8.305365861995302,,,,,17.58944397299732,16.74910394265233,31,
72591024216,USW00024216,diurnal,9,9.029883655013748,,,,,20.195141576819978,16.120370370370367,30,
72591024216,USW00024216,diurnal,10,8.017731101708492,,,,,16.94110409924794,13.759856630824371,20,
72591024216,USW00024216,diurnal,11,3.8865147033403944,,,,,9.920483423103267,10.038888888888891,30,
72591024216,USW00024216,diurnal,12,2.6853017339228273,,,,,8.32903700648616,7.720430107526882,30,
72592024257,USW00024257,annual,0,11.26754448236452,10.357518903645264,201.46814203346398,204.06775438637,-2.5996123529060355,,,365,
72592024257,USW00024257,diurnal,1,2.498866577950537,,,,,7.8726298743827385,8.232974910394267,31,
72592024257,USW00024257,diurnal,2,3.117831401843197,,,,,7.705789628185802,9.017857142857144,29,
72592024257,USW00024257,diurnal,3,4.400255886770985,,,,,10.079660258110406,10.11111111111111,31,
72592024257,USW00024257,diurnal,4,5.439212764390215,,,,,14.111557825143237,11.392592592592592,28,
72592024257,USW00024257,diurnal,5,7.135924330804764,,,,,15.824017513918692,13.012544802867387,30,
72592024257,USW00024257,diurnal,6,7.564438012146617,,,,,17.276185826805403,14.507407407407412,30,
72592024257,USW00024257,diurnal,7,8.176550762881337,,,,,18.80641988508837,16.603942652329753,31,
72592024257,USW00024257,diurnal,8,7.648191314994361,,,,,17.28856883266879,17.315412186379927,31,
72592024257,USW00024257,diurnal,9,8.774934099755306,,,,,19.969858754420205,16.446296296296296,30,
72592024257,USW00024257,diurnal,10,7.664994480005155,,,,,17.825555299148,13.917562724014337,31,
72592024257,USW00024257,diurnal,11,3.549448869052163,,,,,10.072407794048978,10.283333333333333,30,
72592024257,USW00024257,diurnal,12,2.819441335821942,,,,,9.058724037530048,7.772401433691756,30,
72594524283,USW00024283,annual,0,2.181668636658559,2.9659921652193675,218.35370714293015,219.47949168120454,-1.125784538274388,,,365,
72594524283,USW00024283,diurnal,1,1.997857510647999,,,,,5.563275962257745,5.304659498207885,31,
72594524283,USW00024283,diurnal,2,2.132260133398148,,,,,5.050948266233068,5.5019841269841265,29,
72594524283,USW00024283,diurnal,3,1.8602363259518186,,,,,5.581863751690368,5.643369175627241,31,
72594524283,USW00024283,diurnal,4,2.8829359971969364,,,,,7.143192509688072,5.7740740740740755,30,
72594524283,USW00024283,diurnal,5,3.549468887260102,,,,,8.302059888860072,5.353046594982079,31,
72594524283,USW00024283,diurnal,6,2.015544591522189,,,,,6.252876314842858,5.592592592592594,30,
72594524283,USW00024283,diurnal,7,2.0162891192717893,,,,,5.53957295109945,4.643369175627241,31,
72594524283,USW00024283,diurnal,8,1.8619935722679095,,,,,6.3086988567433195,4.9265232974910385,31,
72594524283,USW00024283,diurnal,9,2.389257735682163,,,,,7.074524660442589,6.3,30,
72594524283,USW00024283,diurnal,10,3.6483590340943737,,,,,9.135777176408403,6.78136200716846,31,
72594524283,USW00024283,diurnal,11,2.708383942668755,,,,,6.964015420481256,5.801851851851851,30,
72594524283,USW00024283,diurnal,12,2.484249846471819,,,,,7.9235389027781835,5.378136200716846,31,
72595724215,USW00024215,annual,0,10.479854321068112,9.575084757716043,201.29932739607685,204.90127967775683,-3.601952281679985,,,365,
72595724215,USW00024215,diurnal,1,2.140513551711081,,,,,5.605187133846752,6.625448028673834,31,
72595724215,USW00024215,diurnal,2,2.1356075974695012,,,,,7.085298681961867,8.117063492063492,29,
72595724215,USW00024215,diurnal,3,3.197821078313326,,,,,8.469759495657474,9.431899641577061,31,
72595724215,USW00024215,diurnal,4,6.6082496199572525,,,,,15.229476773632033,11.000000000000002,30,
72595724215,USW00024215,diurnal,5,7.575190587719481,,,,,17.107921035827452,12.956989247311828,30,
72595724215,USW00024215,diurnal,6,8.297344217230977,,,,,18.652629620484333,14.731481481481483,30,
72595724215,USW00024215,diurnal,7,9.99579094549104,,,,,21.79492537934081,17.401433691756278,31,
72595724215,USW00024215,diurnal,8,9.571101773886467,,,,,19.82381841218381,18.080645161290327,31,
72595724215,USW00024215,diurnal,9,8.696701711522081,,,,,19.04006085006898,16.853703703703705,30,
72595724215,USW00024215,diurnal,10,7.615077813323835,,,,,16.899497152389188,13.129032258064518,31,
72595724215,USW00024215,diurnal,11,2.369262753832234,,,,,6.042260978101941,8.377777777777778,30,
72595724215,USW00024215,diurnal,12,2.8613354200774057,,,,,6.638328239489185,6.1415770609318985,29,
72597024225,USW00024225,annual,0,10.180901585627682,9.71098115648495,202.4144829931938,202.40583195387202,0.008651039321762255,,,365,
72597024225,USW00024225,diurnal,1,1.9439752501879535,,,,,6.006917382916904,6.510752688172043,31,
72597024225,USW00024225,diurnal,2,3.274609692267241,,,,,8.716136973857264,9.22420634920635,29,
72597024225,USW00024225,diurnal,3,3.8726890865683274,,,,,10.035351837545594,10.426523297491036,31,
72597024225,USW00024225,diurnal,4,5.794437469168052,,,,,14.930672450675708,11.366666666666667,30,
72597024225,USW00024225,diurnal,5,7.653275399570198,,,,,17.974409191305043,13.026881720430104,30,
72597024225,USW00024225,diurnal,6,8.265740534469373,,,,,18.83732284063289,14.68148148148148,30,
72597024225,USW00024225,diurnal,7,8.501363730065833,,,,,20.14831607032105,16.939068100358423,31,
72597024225,USW00024225,diurnal,8,7.785718112216266,,,,,18.08461479942975,17.245519713261647,31,
72597024225,USW00024225,diurnal,9,8.508265790360664,,,,,19.90313813466299,16.883333333333333,30,
72597024225,USW00024225,diurnal,10,7.158794485924566,,,,,17.594016112739162,13.734767025089607,31,
72597024225,USW00024225,diurnal,11,2.3246407467781047,,,,,7.069424672356874,7.625925925925925,30,
72597024225,USW00024225,diurnal,12,2.1835968666396415,,,,,8.010242415288317,5.442652329749103,31,
72597524235,USW00024235,annual,0,9.09985964253404,7.963633155551035,207.67171394198363,217.15802294575212,-9.486309003768497,,,365,
72597524235,USW00024235,diurnal,1,0.9698477444536505,,,,,3.362268335190774,2.5878136200716852,25,
72597524235,USW00024235,diurnal,2,1.3611539118507605,,,,,4.112063672031352,3.6091269841269837,24,
72597524235,USW00024235,diurnal,3,1.9486901140887631,,,,,5.464658141036125,4.731182795698924,13,
72597524235,USW00024235,diurnal,4,2.6784208959671054,,,,,7.9233844446024655,6.470370370370372,21,
72597524235,USW00024235,diurnal,5,5.024857317557229,,,,,10.050508700402734,8.18279569892473,15,
72597524235,USW00024235,diurnal,6,6.1129762492739665,,,,,12.962295531694952,9.435185185185185,19,
72597524235,USW00024235,diurnal,9,3.8248761350948293,,,,,9.566967683155774,7.696296296296297,18,
72597524235,USW00024235,diurnal,10,2.849276183638708,,,,,7.800022149180645,5.3028673835125435,31,
72597524235,USW00024235,diurnal,11,1.1339125620016346,,,,,3.0938409379863514,2.9851851851851854,30,
72597524235,USW00024235,diurnal,12,1.3609612478377344,,,,,4.323718982844319,2.111111111111111,30,
72605014745,USW00014745,annual,0,12.251290817632487,13.159045178051024,201.75357568640067,202.10359590040673,-0.3500202140060651,,,365,
72605014745,USW00014745,diurnal,1,2.0247627260127783,,,,,6.104368579980635,6.517921146953404,31,
72605014745,USW00014745,diurnal,2,4.7223702766975775,,,,,11.672432593238442,7.99404761904762,29,
72605014745,USW00014745,diurnal,3,4.060546515192416,,,,,9.441377049170935,8.52867383512545,31,
72605014745,USW00014745,diurnal,4,4.718721535230878,,,,,10.703739401200506,10.783333333333333,30,
72605014745,USW00014745,diurnal,5,5.11138255488297,,,,,11.469082066227255,11.394265232974911,31,
72605014745,USW00014745,diurnal,6,4.858789347023901,,,,,11.473906798792866,11.0,30,
72605014745,USW00014745,diurnal,7,5.363438921865213,,,,,12.024558102303292,11.017921146953405,31,
72605014745,USW00014745,diurnal,8,4.751887617337734,,,,,11.71255803874443,11.494623655913978,31,
72605014745,USW00014745,diurnal,9,5.72928305771584,,,,,12.82947242232579,10.914814814814813,30,
72605014745,USW00014745,diurnal,10,5.437222196515367,,,,,13.177704791706082,9.808243727598565,31,
72605014745,USW00014745,diurnal,11,3.8269467057091293,,,,,10.600469852259042,7.622222222222223,30,
72605014745,USW00014745,diurnal,12,2.9201169185467846,,,,,8.391685776538285,6.118279569892474,31,
72605504743,USW00004743,annual,0,11.853523441936032,12.3249244037957,205.5622698058468,204.61143641583726,0.9508333900095352,,,365,
72605504743,USW00004743,diurnal,1,2.153762262038177,,,,,6.3875214795686395,5.326164874551972,31,
72605504743,USW00004743,diurnal,2,3.4508814317984275,,,,,9.913810429688457,6.378968253968254,29,
72605504743,USW00004743,diurnal,3,3.1087192023658634,,,,,7.793706377668534,6.698924731182794,31,
72605504743,USW00004743,diurnal,4,3.306012667679908,,,,,8.654165555529115,7.877777777777777,30,
72605504743,USW00004743,diurnal,5,3.393113507031936,,,,,8.457820573991881,8.026881720430108,31,
72605504743,USW00004743,diurnal,6,4.127594927734207,,,,,9.020749212101371,8.401851851851852,30,
72605504743,USW00004743,diurnal,7,4.711280028871414,,,,,10.445556915997884,8.478494623655916,31,
72605504743,USW00004743,diurnal,8,3.924424632313957,,,,,8.968061965527584,8.754480286738348,31,
72605504743,USW00004743,diurnal,9,4.312860300773355,,,,,10.14364344847917,8.185185185185185,30,
72605504743,USW00004743,diurnal,10,3.9410431497250684,,,,,9.782442763590515,7.469534050179212,31,
72605504743,USW00004743,diurnal,11,3.5858942928311865,,,,,9.270586562575168,5.955555555555555,30,
72605504743,USW00004743,diurnal,12,2.6849169494782394,,,,,7.672909848170898,5.017921146953404,30,
72606014764,USW00014764,annual,0,11.703540921667,12.306706436898711,206.18909213493419,204.84334489560766,1.3457472393265277,,,365,
72606014764,USW00014764,diurnal,1,2.397521386128479,,,,,7.227863100201013,5.582437275985663,31,
72606014764,USW00014764,diurnal,2,3.7426796775374487,,,,,8.402524419082813,6.472222222222221,29,
72606014764,USW00014764,diurnal,3,2.8567521458277274,,,,,7.3196851266449325,6.351254480286738,31,
72606014764,USW00014764,diurnal,4,3.135017976066219,,,,,7.288017090344061,7.366666666666668,29,
72606014764,USW00014764,diurnal,5,3.658620462093953,,,,,8.32052788733987,7.4802867383512535,31,
72606014764,USW00014764,diurnal,6,3.720426460394421,,,,,9.0715570442832,7.768518518518518,30,
72606014764,USW00014764,diurnal,7,4.009821263941565,,,,,9.09226116509726,7.867383512544803,31,
72606014764,USW00014764,diurnal,8,3.8025093056748345,,,,,8.673573096895728,8.265232974910393,31,
72606014764,USW00014764,diurnal,9,3.8932215555896583,,,,,9.577138230291034,7.879629629629631,30,
72606014764,USW00014764,diurnal,10,3.6920948393639397,,,,,9.018714365986822,7.139784946236559,31,
72606014764,USW00014764,diurnal,11,3.1588560856758527,,,,,9.167425196418094,5.920370370370372,30,
72606014764,USW00014764,diurnal,12,2.8603276030905977,,,,,7.745446699319658,5.1738351254480275,30,
72614594705,USW00094705,annual,0,12.558551041740758,13.604800348042703,203.05156882935268,202.98730103176376,0.06426779758891144,,,365,
72614594705,USW00094705,diurnal,1,1.1443441747032261,,,,,4.324993377707981,4.779569892473118,31,
72614594705,USW00094705,diurnal,2,4.062347094577642,,,,,9.624621785556453,6.42857142857143,29,
72614594705,USW00094705,diurnal,3,2.6362914721918527,,,,,6.809212420528574,7.051971326164874,31,
72614594705,USW00094705,diurnal,4,3.8649965591803914,,,,,9.389970508848958,8.396296296296297,30,
72614594705,USW00094705,diurnal,5,5.2231956740481875,,,,,11.30178016756533,9.541218637992833,31,
72614594705,USW00094705,diurnal,6,3.943600468982795,,,,,9.47639285133368,9.418518518518518,30,
72614594705,USW00094705,diurnal,7,4.824731319566394,,,,,9.988637951862476,9.308243727598567,31,
72614594705,USW00094705,diurnal,8,3.7909331649451627,,,,,10.218117162937517,9.489247311827958,31,
72614594705,USW00094705,diurnal,9,5.249811421697799,,,,,12.02246512121895,8.925925925925926,30,
72614594705,USW00094705,diurnal,10,3.4658004793659427,,,,,10.209550673303058,7.170250896057348,31,
72614594705,USW00094705,diurnal,11,3.1511313070438485,,,,,7.6743350043956795,4.905555555555555,30,
72614594705,USW00094705,diurnal,12,2.0209610815725654,,,,,7.097363123468467,3.7508960573476706,30,
72617014742,USW00014742,annual,0,13.47555252219371,13.953754976118834,205.38022426146142,203.22538420318844,2.154840058272981,,,365,
72617014742,USW00014742,diurnal,1,1.481068318188779,,,,,4.550561254064734,3.724014336917563,31,
72617014742,USW00014742,diurnal,2,2.9030272946840814,,,,,6.717610621961249,5.17063492063492,29,
72617014742,USW00014742,diurnal,3,2.8611519449502976,,,,,7.188937430291739,6.3046594982078865,31,
72617014742,USW00014742,diurnal,4,4.22990620414581,,,,,9.172016808572153,7.829629629629632,30,
72617014742,USW00014742,diurnal,5,3.7572891812519513,,,,,9.926477262356252,9.008960573476703,31,
72617014742,USW00014742,diurnal,6,3.6198788478688906,,,,,9.578000022906071,8.870370370370372,30,
72617014742,USW00014742,diurnal,7,4.565478411246577,,,,,9.493435018369748,8.75448028673835,31,
72617014742,USW00014742,diurnal,8,4.107592563350976,,,,,9.096439137670846,8.994623655913978,31,
72617014742,USW00014742,diurnal,9,4.836656877007599,,,,,10.788255130439907,8.275925925925925,30,
72617014742,USW00014742,diurnal,10,3.424917214576929,,,,,8.938088122324375,6.243727598566307,31,
72617014742,USW00014742,diurnal,11,2.86569402571536,,,,,7.763471420873312,4.15,30,
72617014742,USW00014742,diurnal,12,1.4715366526215412,,,,,5.223147062720502,3.096774193548387,31,
72618514605,USW00014605,annual,0,12.114656277478916,13.229362563879041,204.2685737896206,203.95755156640777,0.3110222232128308,,,365,
72618514605,USW00014605,diurnal,1,1.7484830536410114,,,,,5.757713045903698,5.1756272401433705,31,
72618514605,USW00014605,diurnal,2,3.3602594743993306,,,,,7.2705589651651366,6.470238095238096,29,
72618514605,USW00014605,diurnal,3,3.034562289490723,,,,,7.6727826492889095,6.842293906810036,31,
72618514605,USW00014605,diurnal,4,3.6264998212949493,,,,,9.604696994521806,7.9981481481481485,30,
72618514605,USW00014605,diurnal,5,4.38341929267852,,,,,10.978834093955669,8.951612903225806,31,
72618514605,USW00014605,diurnal,6,4.702556080542555,,,,,10.01162449653812,8.692592592592593,30,
72618514605,USW00014605,diurnal,7,4.442695867799064,,,,,9.563154423623377,8.616487455197134,31,
72618514605,USW00014605,diurnal,8,3.6667542981768024,,,,,8.412526797340664,8.948028673835127,31,
72618514605,USW00014605,diurnal,9,4.875569237653917,,,,,10.696325369003553,8.311111111111112,30,
72618514605,USW00014605,diurnal,10,3.7851043789763863,,,,,8.817869709321407,6.847670250896058,28,
72618514605,USW00014605,diurnal,11,2.6285551756201455,,,,,7.415631412009775,5.0851851851851855,30,
72618514605,USW00014605,diurnal,12,2.7942196584213628,,,,,6.976218105564534,4.344086021505376,31,
72622394725,USW00094725,annual,0,12.873619546372339,14.53719453496585,203.78704262967793,202.71363340723835,1.0734092224395795,,,365,
72622394725,USW00094725,diurnal,1,1.8491602358038604,,,,,5.395355256087351,4.35304659498208,31,
72622394725,USW00094725,diurnal,2,4.287011690841679,,,,,11.059842727436084,5.946428571428571,29,
72622394725,USW00094725,diurnal,3,3.0268950470567155,,,,,8.674244949672318,6.971326164874551,31,
72622394725,USW00094725,diurnal,4,3.9398959075670863,,,,,10.800989155026967,8.479629629629631,30,
72622394725,USW00094725,diurnal,5,4.589113869123304,,,,,10.463214950833988,9.844086021505378,31,
72622394725,USW00094725,diurnal,6,4.089492154182637,,,,,8.753677344266,9.679629629629629,30,
72622394725,USW00094725,diurnal,7,4.420048937863809,,,,,10.321141571625056,9.535842293906809,31,
72622394725,USW00094725,diurnal,8,4.092641504680503,,,,,9.722756082296671,9.784946236559142,31,
72622394725,USW00094725,diurnal,9,5.98121658101204,,,,,13.30514826392023,9.459259259259257,30,
72622394725,USW00094725,diurnal,10,4.505269192751972,,,,,13.011018225119685,7.227598566308244,31,
72622394725,USW00094725,diurnal,11,2.5985596687202626,,,,,8.244827159759723,5.112962962962963,30,
72622394725,USW00094725,diurnal,12,1.9081973782177855,,,,,6.390802503431221,3.605734767025089,30,
72622794790,USW00094790,annual,0,12.316027060348503,13.360533540520182,203.28805936950545,204.73133362078778,-1.4432742512823324,,,365,
72622794790,USW00094790,diurnal,1,1.4015427414239527,,,,,4.488613037656684,4.059139784946237,31,
72622794790,USW00094790,diurnal,2,2.7032278233272846,,,,,9.71586794594059,5.6349206349206336,29,
72622794790,USW00094790,diurnal,3,2.070399975637944,,,,,7.54836380635401,6.4014336917562735,31,
72622794790,USW00094790,diurnal,4,4.032806278876517,,,,,9.588082892203364,7.694444444444445,30,
72622794790,USW00094790,diurnal,5,4.081749881479372,,,,,10.192553383234621,8.976702508960571,31,
72622794790,USW00094790,diurnal,6,3.341770671746464,,,,,8.541460345337242,8.814814814814815,30,
72622794790,USW00094790,diurnal,7,4.441383241710326,,,,,9.142991402292502,8.528673835125447,31,
72622794790,USW00094790,diurnal,8,3.7403538484295646,,,,,8.531981228316443,9.094982078853047,31,
72622794790,USW00094790,diurnal,9,6.648677831848507,,,,,13.866121186950021,8.885185185185184,30,
72622794790,USW00094790,diurnal,10,4.290403095318746,,,,,11.674998845937502,6.577060931899641,31,
72622794790,USW00094790,diurnal,11,2.7161148778604276,,,,,8.082916556940106,4.592592592592594,30,
72622794790,USW00094790,diurnal,12,2.6216179259345123,,,,,7.031640760121864,3.4498207885304657,31,
72635094860,USW00094860,annual,0,12.13486938229223,13.286938430703787,201.24320574539075,202.23254943215107,-0.9893436867603214,,,365,
72635094860,USW00094860,diurnal,1,0.9624341122381126,,,,,2.9245262143478916,3.0215053763440856,31,
72635094860,USW00094860,diurnal,2,3.9520138862819203,,,,,9.6514770709176,4.2936507936507935,29,
72635094860,USW00094860,diurnal,3,3.054114784589196,,,,,8.870876988960436,6.663082437275986,31,
72635094860,USW00094860,diurnal,4,3.987024468811319,,,,,8.924606602486861,8.35740740740741,30,
72635094860,USW00094860,diurnal,5,5.51143705697324,,,,,11.446373330585818,9.112903225806452,31,
72635094860,USW00094860,diurnal,6,4.498358105706582,,,,,10.559231776463168,9.459259259259257,30,
72635094860,USW00094860,diurnal,7,4.8441528046032225,,,,,10.262216501146314,9.268817204301076,31,
72635094860,USW00094860,diurnal,8,4.274027253266519,,,,,9.86754765216438,9.094982078853047,31,
72635094860,USW00094860,diurnal,9,6.688024717822774,,,,,14.212894050330299,8.90925925925926,30,
72635094860,USW00094860,diurnal,10,6.036734598789473,,,,,13.746706089725375,7.055555555555555,31,
72635094860,USW00094860,diurnal,11,1.8733726425175772,,,,,7.195235760973127,4.555555555555555,30,
72635094860,USW00094860,diurnal,12,1.4988610576252845,,,,,4.64678436990533,2.8566308243727607,31,
72636014840,USW00014840,annual,0,11.563445882759742,12.729118951915874,203.13000655697832,204.6042505894648,-1.4742440324864958,,,365,
72636014840,USW00014840,diurnal,1,0.8407236600755217,,,,,2.7029882987208063,2.2956989247311834,31,
72636014840,USW00014840,diurnal,2,2.576058236055607,,,,,8.8331067577375,3.3670634920634925,29,
72636014840,USW00014840,diurnal,3,2.8042553071872747,,,,,7.945826719655914,5.623655913978497,31,
72636014840,USW00014840,diurnal,4,3.2395865716688688,,,,,8.871328417697141,7.027777777777778,30,
72636014840,USW00014840,diurnal,5,4.121301087942176,,,,,9.94406554163201,7.896057347670251,31,
72636014840,USW00014840,diurnal,6,3.628938407438818,,,,,9.053500990043865,8.205555555555554,30,
72636014840,USW00014840,diurnal,7,4.010019605685356,,,,,7.992192018521671,7.835125448028674,31,
72636014840,USW00014840,diurnal,8,3.764524195304199,,,,,9.524509645441613,7.862007168458781,31,
72636014840,USW00014840,diurnal,9,6.478057331611609,,,,,13.33089084221961,7.694444444444442,30,
72636014840,USW00014840,diurnal,10,3.480466438445694,,,,,10.621853930330145,5.655913978494624,31,
72636014840,USW00014840,diurnal,11,1.7977552798797904,,,,,5.874831877637555,3.4722222222222228,30,
72636014840,USW00014840,diurnal,12,1.334848198936605,,,,,4.491816039562452,2.098566308243728,30,
72637014826,USW00014826,annual,0,11.731786191199253,13.293018214650468,201.2843697918801,202.32199794522614,-1.0376281533460485,,,365,
72637014826,USW00014826,diurnal,1,1.0602554204344639,,,,,3.1033010076626795,3.7974910394265233,31,
72637014826,USW00014826,diurnal,2,3.1793542722763823,,,,,9.213786774134853,5.039682539682539,29,
72637014826,USW00014826,diurnal,3,3.0546958834651696,,,,,9.180703954745928,6.978494623655916,31,
72637014826,USW00014826,diurnal,4,4.223597397404443,,,,,10.038089953266049,8.535185185185185,30,
72637014826,USW00014826,diurnal,5,5.48171339014821,,,,,12.269843785513913,9.49641577060932,31,
72637014826,USW00014826,diurnal,6,4.701859770992021,,,,,11.011600756076003,9.944444444444445,30,
72637014826,USW00014826,diurnal,7,5.008230626677195,,,,,10.614629448997189,10.0,31,
72637014826,USW00014826,diurnal,8,4.662175411323326,,,,,10.988829330469855,9.74731182795699,31,
72637014826,USW00014826,diurnal,9,6.454831056296111,,,,,13.738530106492544,9.535185185185187,30,
72637014826,USW00014826,diurnal,10,5.937490160137349,,,,,13.474142567253216,7.5017921146953395,31,
72637014826,USW00014826,diurnal,11,1.9496476340797044,,,,,6.886476792363007,5.0277777777777795,30,
72637014826,USW00014826,diurnal,12,1.9502396335248302,,,,,5.70621145888043,3.4874551971326166,31,
72637914845,USW00014845,annual,0,12.16282600226812,13.49377773292414,203.70664421572835,203.32901356396562,0.37763065176272903,,,365,
72637914845,USW00014845,diurnal,1,1.0885019127817686,,,,,2.8532670678363177,3.5394265232974917,31,
72637914845,USW00014845,diurnal,2,2.9373092911301573,,,,,8.300980758308768,4.783730158730159,29,
72637914845,USW00014845,diurnal,3,3.0343660251469857,,,,,8.25391467604572,6.476702508960574,31,
72637914845,USW00014845,diurnal,4,5.01542102650127,,,,,11.303065957712679,7.999999999999999,30,
72637914845,USW00014845,diurnal,5,4.293111523951792,,,,,10.493154760302293,9.00358422939068,31,
72637914845,USW00014845,diurnal,6,4.003245679704272,,,,,9.981949854818513,9.385185185185184,30,
72637914845,USW00014845,diurnal,7,4.430944391060102,,,,,9.890262472505041,9.50537634408602,31,
72637914845,USW00014845,diurnal,8,5.1415789782208305,,,,,10.92408161348325,9.530465949820785,31,
72637914845,USW00014845,diurnal,9,6.8200803705097925,,,,,14.465595498930666,9.511111111111113,30,
72637914845,USW00014845,diurnal,10,5.4264287337823776,,,,,12.302722941288668,7.5842293906810045,31,
72637914845,USW00014845,diurnal,11,2.206869791410967,,,,,6.182408350006503,4.912962962962964,30,
72637914845,USW00014845,diurnal,12,1.913739353661823,,,,,6.153937946710306,3.1379928315412178,30,
72638094814,USW00094814,annual,0,11.766175821789126,13.5400276284576,205.0632032555401,203.10602764472662,1.957175610813465,,,365,
72638094814,USW00094814,diurnal,1,1.0822874849156425,,,,,3.103884961776889,3.9265232974910402,31,
72638094814,USW00094814,diurnal,2,3.7441241256423687,,,,,8.808439609491227,5.755952380952382,29,
72638094814,USW00094814,diurnal,3,3.3319192209562853,,,,,9.606571761981982,7.854838709677419,31,
72638094814,USW00094814,diurnal,4,4.687677251117584,,,,,11.010177138862531,8.905555555555555,30,
72638094814,USW00094814,diurnal,5,6.820749251557554,,,,,12.196800759770959,10.191756272401435,31,
72638094814,USW00094814,diurnal,6,4.12018556321004,,,,,10.365805554510372,10.714814814814813,30,
72638094814,USW00094814,diurnal,7,4.12578680390004,,,,,11.064242536096376,10.56451612903226,31,
72638094814,USW00094814,diurnal,8,6.402616787836202,,,,,13.230271444044018,10.354838709677418,29,
72638094814,USW00094814,diurnal,9,7.434409119876963,,,,,16.69787661510555,9.58148148148148,30,
72638094814,USW00094814,diurnal,10,5.451164103607728,,,,,13.299465152297763,6.926523297491039,31,
72638094814,USW00094814,diurnal,11,1.9230273691862472,,,,,6.095130958686814,4.28888888888889,30,
72638094814,USW00094814,diurnal,12,1.5118315616736222,,,,,4.996693894089809,3.1021505376344085,31,
72638714850,USW00014850,annual,0,12.388254973706433,13.126406303729036,208.7872985913634,205.63736147483803,3.149937116525365,,,365,
72638714850,USW00014850,diurnal,1,1.126158448699046,,,,,2.965254609019068,2.840501792114695,31,
72638714850,USW00014850,diurnal,2,3.016599263719501,,,,,7.494520250942162,4.190476190476191,29,
72638714850,USW00014850,diurnal,3,2.457213039608119,,,,,7.8846417852758055,6.17562724014337,31,
72638714850,USW00014850,diurnal,4,3.6967331050873353,,,,,10.110538420073471,7.637037037037037,30,
72638714850,USW00014850,diurnal,5,4.755836494554528,,,,,11.36110781830476,9.051971326164876,31,
72638714850,USW00014850,diurnal,6,3.5960749433729386,,,,,8.82841614498092,9.403703703703707,30,
72638714850,USW00014850,diurnal,7,4.210567193055864,,,,,9.460996690911234,9.369175627240143,31,
72638714850,USW00014850,diurnal,8,5.071734547784957,,,,,11.126373858459417,9.062724014336919,31,
72638714850,USW00014850,diurnal,9,7.323863019871839,,,,,15.120636127951997,8.02962962962963,30,
72638714850,USW00014850,diurnal,10,3.5444720524962094,,,,,11.25932311080653,5.910394265232975,31,
72638714850,USW00014850,diurnal,11,1.7994439531398871,,,,,5.790868100750684,3.7074074074074073,30,
72638714850,USW00014850,diurnal,12,1.1603334267047103,,,,,4.029315190384136,2.473118279569893,30,
72639094849,USW00094849,annual,0,11.954385149997591,13.210464004542798,208.378870864574,205.36633157968856,3.0125392848854347,,,365,
72639094849,USW00094849,diurnal,1,1.340043759993183,,,,,3.624946185726209,3.8225806451612905,31,
72639094849,USW00094849,diurnal,2,3.3104428936632133,,,,,8.466246272849753,5.686507936507937,29,
72639094849,USW00094849,diurnal,3,3.7094760053872733,,,,,8.396400037446123,7.168458781362006,31,
72639094849,USW00094849,diurnal,4,4.388497843730729,,,,,10.300828351194951,8.05185185185185,30,
72639094849,USW00094849,diurnal,5,5.476933368596644,,,,,12.8094435177262,9.657706093189965,31,
72639094849,USW00094849,diurnal,6,4.507601126818704,,,,,11.198281385008944,10.27962962962963,30,
72639094849,USW00094849,diurnal,7,4.93398552540418,,,,,11.101785156398407,10.062724014336919,31,
72639094849,USW00094849,diurnal,8,5.914171228711482,,,,,13.117666966532374,9.942652329749105,31,
72639094849,USW00094849,diurnal,9,7.086012763338534,,,,,14.998940165403038,9.196296296296294,30,
72639094849,USW00094849,diurnal,10,4.774128009057083,,,,,12.240951472981052,6.722222222222222,31,
72639094849,USW00094849,diurnal,11,1.701847573463346,,,,,6.692547765269677,4.485185185185185,30,
72639094849,USW00094849,diurnal,12,1.4510429463405388,,,,,4.856256704232898,3.21326164874552,31,
72640014839,USW00014839,annual,0,11.733299085495489,13.350505632834686,205.3063917099766,204.73296007137128,0.5734316386053138,,,365,
72640014839,USW00014839,diurnal,1,0.9725709594539491,,,,,2.865497717896706,3.6827956989247306,31,
72640014839,USW00014839,diurnal,2,3.4314712989989014,,,,,9.083391537477388,4.273809523809523,29,
72640014839,USW00014839,diurnal,3,2.497898330634067,,,,,7.209147507159337,5.005376344086022,31,
72640014839,USW00014839,diurnal,4,3.1209888484954913,,,,,9.264167526090368,5.5462962962962985,30,
72640014839,USW00014839,diurnal,5,2.931607396739829,,,,,9.081925330433746,6.157706093189963,31,
72640014839,USW00014839,diurnal,6,3.588211637924336,,,,,9.111373410288687,6.49074074074074,30,
72640014839,USW00014839,diurnal,7,3.3708514158696925,,,,,7.621356209332589,6.482078853046594,31,
72640014839,USW00014839,diurnal,8,3.0261999216925517,,,,,7.523447677405663,6.320788530465952,31,
72640014839,USW00014839,diurnal,9,4.072481233477125,,,,,10.034380340271621,6.4,30,
72640014839,USW00014839,diurnal,10,4.061544194019817,,,,,9.980799951320996,5.736559139784948,31,
72640014839,USW00014839,diurnal,11,1.8530216590371795,,,,,5.438904865180463,4.342592592592593,30,
72640014839,USW00014839,diurnal,12,1.5183873514171897,,,,,5.0083346961791575,3.397849462365591,31,
72641014837,USW00014837,annual,0,12.98336903483732,14.291734244235185,203.18671085070054,200.33233304462968,2.8543778060708576,,,365,
72641014837,USW00014837,diurnal,1,1.3317304437236377,,,,,3.430423978572941,4.480286738351254,31,
72641014837,USW00014837,diurnal,2,4.33810988298836,,,,,10.85165424562393,5.700396825396825,29,
72641014837,USW00014837,diurnal,3,3.652994814490139,,,,,9.998688664800694,7.551971326164875,31,
72641014837,USW00014837,diurnal,4,4.258176074300266,,,,,10.45705465478484,8.894444444444444,30,
72641014837,USW00014837,diurnal,5,5.427202226917069,,,,,12.934105899214458,9.421146953405017,31,
72641014837,USW00014837,diurnal,6,4.2899174744321895,,,,,9.743591987608,9.309259259259258,30,
72641014837,USW00014837,diurnal,7,4.4631296804521865,,,,,10.812513777875921,9.213261648745519,31,
72641014837,USW00014837,diurnal,8,4.630368883504462,,,,,10.17159858116737,9.17921146953405,31,
72641014837,USW00014837,diurnal,9,6.9471840970751115,,,,,14.312735602192383,9.25,30,
72641014837,USW00014837,diurnal,10,5.584107768975833,,,,,12.98602084581735,7.792114695340502,31,
72641014837,USW00014837,diurnal,11,2.2165549942205716,,,,,6.444928458792802,5.425925925925924,30,
72641014837,USW00014837,diurnal,12,1.9184737612007186,,,,,6.77447068956377,4.025089605734767,31,
72643014920,USW00014920,annual,0,13.129683857642,15.078578665105004,203.87922994728106,199.542450236083,4.336779711198062,,,365,
72643014920,USW00014920,diurnal,1,1.57527118293625,,,,,3.6310859530394324,4.759856630824372,31,
72643014920,USW00014920,diurnal,2,4.921992533606001,,,,,13.091574598804046,6.3353174603174605,29,
72643014920,USW00014920,diurnal,3,4.164738928959275,,,,,10.634006836264513,7.681003584229391,31,
72643014920,USW00014920,diurnal,4,3.08072155728031,,,,,9.304977917164624,8.698148148148146,30,
72643014920,USW00014920,diurnal,5,4.969469503874957,,,,,12.76612502542834,9.32795698924731,31,
72643014920,USW00014920,diurnal,6,4.184643955451815,,,,,9.632218451097337,9.194444444444446,30,
72643014920,USW00014920,diurnal,7,4.5912455814604405,,,,,10.468918200524314,9.270609318996417,31,
72643014920,USW00014920,diurnal,8,4.941527668698118,,,,,10.62960632488019,9.272401433691758,31,
72643014920,USW00014920,diurnal,9,6.178012579466129,,,,,12.972910579136618,8.998148148148148,30,
72643014920,USW00014920,diurnal,10,5.6846006390889325,,,,,13.085101110823725,7.698924731182796,31,
72643014920,USW00014920,diurnal,11,2.1880623090328086,,,,,6.300482724401843,5.383333333333334,30,
72643014920,USW00014920,diurnal,12,1.8892281175876124,,,,,6.48162744475875,4.204301075268818,31,
72643514991,USW00014991,annual,0,12.928642115153211,15.377961081750323,204.5000345260522,199.53669872170934,4.963335804342847,,,365,
72643514991,USW00014991,diurnal,1,1.926077258692232,,,,,5.188640102776141,5.075268817204301,31,
72643514991,USW00014991,diurnal,2,4.735271662992292,,,,,10.729786928323207,6.712301587301587,29,
72643514991,USW00014991,diurnal,3,4.417712166146411,,,,,10.930338289858728,8.123655913978494,31,
72643514991,USW00014991,diurnal,4,3.261086704673701,,,,,8.613292820711598,9.537037037037036,30,
72643514991,USW00014991,diurnal,5,5.420147798075411,,,,,14.373331549188654,10.195340501792115,31,
72643514991,USW00014991,diurnal,6,4.722606461280781,,,,,11.093693094885321,9.851851851851851,30,
72643514991,USW00014991,diurnal,7,4.763462305618359,,,,,10.478910370648395,9.946236559139786,31,
72643514991,USW00014991,diurnal,8,5.194065978730625,,,,,10.948315938547307,9.928315412186377,31,
72643514991,USW00014991,diurnal,9,6.661021157287613,,,,,14.005359670244326,9.524074074074072,30,
72643514991,USW00014991,diurnal,10,5.626060250223292,,,,,13.866676716780665,8.077060931899641,31,
72643514991,USW00014991,diurnal,11,2.292469363936375,,,,,6.009337864266767,5.731481481481482,30,
72643514991,USW00014991,diurnal,12,1.9067483172865782,,,,,5.106825675471397,4.521505376344086,31,
72644014925,USW00014925,annual,0,13.130762123877943,15.255496710816473,200.36956776077338,199.66292290973976,0.7066448510336159,,,365,
72644014925,USW00014925,diurnal,1,2.0098567241766725,,,,,5.2316045427288635,3.944444444444445,31,
72644014925,USW00014925,diurnal,2,4.103217538257936,,,,,10.725950478659133,5.037698412698413,29,
72644014925,USW00014925,diurnal,3,4.609998077194245,,,,,11.968911758695775,6.440860215053764,31,
72644014925,USW00014925,diurnal,4,3.4628987916943568,,,,,10.343449195139566,8.357407407407406,30,
72644014925,USW00014925,diurnal,5,5.355286943720751,,,,,13.619696673546905,8.887096774193548,31,
72644014925,USW00014925,diurnal,6,4.0947368313404855,,,,,10.482306070779948,8.822222222222221,30,
72644014925,USW00014925,diurnal,7,4.6184399201422535,,,,,10.57917516465968,8.734767025089605,31,
72644014925,USW00014925,diurnal,8,4.776535986307587,,,,,10.30843314205779,8.772401433691755,31,
72644014925,USW00014925,diurnal,9,6.072675736837686,,,,,12.920347620846478,9.08703703703704,30,
72644014925,USW00014925,diurnal,10,5.877611331968604,,,,,13.440192243533264,7.93010752688172,31,
72644014925,USW00014925,diurnal,11,2.532324762701881,,,,,7.3155698136392715,5.4981481481481485,30,
72644014925,USW00014925,diurnal,12,2.0801480038968,,,,,5.859638034222926,3.6792114695340494,30,
72645014898,USW00014898,annual,0,12.777032241581825,14.196557266417162,207.20121582855708,202.01337379305627,5.1878420355008075,,,365,
72645014898,USW00014898,diurnal,1,1.219595960742895,,,,,4.010690078613049,4.222222222222222,31,
72645014898,USW00014898,diurnal,2,3.6561090651503365,,,,,8.791967085360302,5.541666666666665,29,
72645014898,USW00014898,diurnal,3,3.3746471865909773,,,,,9.982377083421838,6.679211469534049,31,
72645014898,USW00014898,diurnal,4,4.518173407087911,,,,,10.703841594328345,8.072222222222221,30,
72645014898,USW00014898,diurnal,5,4.599820063798317,,,,,11.299944115112046,9.24372759856631,31,
72645014898,USW00014898,diurnal,6,4.104495199652941,,,,,9.986347700193573,9.188888888888892,30,
72645014898,USW00014898,diurnal,7,5.072373921034091,,,,,11.040839196398812,9.473118279569892,31,
72645014898,USW00014898,diurnal,8,4.773361760792798,,,,,10.059554611167865,9.49283154121864,31,
72645014898,USW00014898,diurnal,9,6.354977870567252,,,,,13.726054119390927,9.174074074074074,30,
72645014898,USW00014898,diurnal,10,6.44564052745983,,,,,13.904774990091163,7.399641577060932,31,
72645014898,USW00014898,diurnal,11,2.1583922429120843,,,,,6.014541653800742,5.144444444444445,30,
72645014898,USW00014898,diurnal,12,2.0509415997860216,,,,,6.6457800815178185,3.793906810035842,31,
72646314897,USW00014897,annual,0,12.82667917208518,14.904239011156369,206.94147061970523,200.34011643282298,6.601354186882247,,,365,
72646314897,USW00014897,diurnal,1,1.1199469554885688,,,,,3.326035192692402,4.944444444444445,31,
72646314897,USW00014897,diurnal,2,4.926874056539701,,,,,11.742328923930533,6.579365079365082,29,
72646314897,USW00014897,diurnal,3,4.311057178372998,,,,,10.200289723028899,7.86200716845878,31,
72646314897,USW00014897,diurnal,4,3.8241353072095703,,,,,9.803625241060866,8.875925925925925,30,
72646314897,USW00014897,diurnal,5,5.607835400462407,,,,,13.254980694326317,9.740143369175625,31,
72646314897,USW00014897,diurnal,6,3.6879926433008814,,,,,9.912427926531484,9.51296296296296,30,
72646314897,USW00014897,diurnal,7,5.215372108666166,,,,,11.71818354026901,9.557347670250895,31,
72646314897,USW00014897,diurnal,8,4.910102215052434,,,,,10.498204411874774,9.401433691756269,31,
72646314897,USW00014897,diurnal,9,6.7957357930309925,,,,,13.881499001798215,8.944444444444445,30,
72646314897,USW00014897,diurnal,10,5.974057296939786,,,,,13.108091867486142,7.310035842293908,31,
72646314897,USW00014897,diurnal,11,2.4302167280994222,,,,,6.114282164246829,5.112962962962964,30,
72646314897,USW00014897,diurnal,12,1.7905057261698187,,,,,5.08247977898399,4.170250896057348,31,
72651014944,USW00014944,annual,0,13.795413641974822,15.538123546516424,198.32413810105933,199.32010001056423,-0.9959619095048993,,,365,
72651014944,USW00014944,diurnal,1,2.609362679099248,,,,,7.5056913847727245,5.243727598566307,31,
72651014944,USW00014944,diurnal,2,4.083359365128253,,,,,10.693795726811608,6.567460317460317,29,
72651014944,USW00014944,diurnal,3,4.994971931140208,,,,,11.894994098732216,8.225806451612904,31,
72651014944,USW00014944,diurnal,4,4.821239360432367,,,,,12.58682722653582,9.770370370370369,30,
72651014944,USW00014944,diurnal,5,5.345753325124377,,,,,12.43205666201506,9.684587813620071,31,
72651014944,USW00014944,diurnal,6,4.248127140862746,,,,,11.343870985341951,9.62962962962963,30,
72651014944,USW00014944,diurnal,7,5.1217569418102515,,,,,10.965398835290102,9.738351254480287,31,
72651014944,USW00014944,diurnal,8,4.354631997399848,,,,,10.850280539805752,9.720430107526884,31,
72651014944,USW00014944,diurnal,9,5.868769221978395,,,,,13.349287864302834,10.166666666666668,30,
72651014944,USW00014944,diurnal,10,5.522171637357602,,,,,13.600719843616549,9.557347670250898,31,
72651014944,USW00014944,diurnal,11,3.390641329726567,,,,,8.633174324035974,7.485185185185186,30,
72651014944,USW00014944,diurnal,12,2.6054128464153985,,,,,7.509550395810017,5.505376344086023,31,
72651494032,USW00094032,annual,0,11.220689931946488,11.615217887462329,200.28181056687652,203.585462613642,-3.303652046765478,,,365,
72651494032,USW00094032,diurnal,1,4.535051535585789,,,,,11.518941518215474,6.378136200716847,31,
72651494032,USW00094032,diurnal,2,3.719542472722344,,,,,9.179180001997008,7.27579365079365,29,
72651494032,USW00094032,diurnal,3,4.231272653743107,,,,,9.71848935393373,8.295698924731184,31,
72651494032,USW00094032,diurnal,4,3.4781332218079895,,,,,10.279373681838937,8.738888888888889,30,
72651494032,USW00094032,diurnal,5,3.9591733363557626,,,,,11.55582595751752,9.021505376344086,31,
72651494032,USW00094032,diurnal,6,6.0858531288187026,,,,,13.974819712046788,10.307407407407405,30,
72651494032,USW00094032,diurnal,7,6.334068850784234,,,,,13.674977770307766,11.127240143369173,31,
72651494032,USW00094032,diurnal,8,6.537340060504974,,,,,14.253444056554615,11.548387096774196,31,
72651494032,USW00094032,diurnal,9,6.934816972644121,,,,,15.912712211376162,10.935185185185187,30,
72651494032,USW00094032,diurnal,10,6.4827235161057475,,,,,14.409810379900337,8.49641577060932,31,
72651494032,USW00094032,diurnal,11,3.5320136086102565,,,,,9.456234232616737,7.157407407407408,30,
72651494032,USW00094032,diurnal,12,2.647449494187929,,,,,8.494037462168581,6.451612903225809,31,
72654014936,USW00014936,annual,0,14.200751406444923,15.828900666006252,199.12573399397124,199.02483615771794,0.10089783625329574,,,365,
72654014936,USW00014936,diurnal,1,2.1587646179377065,,,,,7.8000930367039745,5.6630824372759845,31,
72654014936,USW00014936,diurnal,2,3.4351122552042903,,,,,10.336142854640073,7.158730158730158,29,
72654014936,USW00014936,diurnal,3,5.296382340136534,,,,,13.782967915484713,8.774193548387096,31,
72654014936,USW00014936,diurnal,4,5.774087162923817,,,,,13.418877280788903,10.574074074074074,30,
72654014936,USW00014936,diurnal,5,6.248071846920644,,,,,13.264588531973324,10.428315412186382,31,
72654014936,USW00014936,diurnal,6,5.298649578059614,,,,,12.219837882867157,10.416666666666664,30,
72654014936,USW00014936,diurnal,7,5.380839380796713,,,,,11.528904418576182,10.9910394265233,31,
72654014936,USW00014936,diurnal,8,4.736569426000048,,,,,11.088500193111265,11.172043010752688,31,
72654014936,USW00014936,diurnal,9,7.41735980448775,,,,,16.01858819858733,11.438888888888892,30,
72654014936,USW00014936,diurnal,10,6.752201728191057,,,,,16.307430846937987,10.5752688172043,31,
72654014936,USW00014936,diurnal,11,3.7820892275717064,,,,,9.24562269821882,8.348148148148148,30,
72654014936,USW00014936,diurnal,12,2.929710590431669,,,,,7.774572261267579,6.0788530465949835,31,
72654594950,USW00094950,annual,0,14.03907556827097,15.524046234027054,199.78533042382554,200.1249667530413,-0.33963632921575027,,,365,
72654594950,USW00094950,diurnal,1,2.814130854798494,,,,,7.438757327399209,5.439068100358422,31,
72654594950,USW00094950,diurnal,2,3.5558516065936714,,,,,9.754194351292082,7.107142857142856,29,
72654594950,USW00094950,diurnal,3,5.8168574757286455,,,,,13.379578740551493,8.620071684587813,31,
72654594950,USW00094950,diurnal,4,5.026922386792452,,,,,12.819632808509386,10.146296296296299,30,
72654594950,USW00094950,diurnal,5,5.852905907616478,,,,,13.187178785922402,9.878136200716845,30,
72654594950,USW00094950,diurnal,6,4.836797680095991,,,,,11.15483668448587,9.994444444444444,30,
72654594950,USW00094950,diurnal,7,5.365731337283616,,,,,11.448472952236411,10.765232974910395,31,
72654594950,USW00094950,diurnal,8,4.865098500778657,,,,,10.54157028426702,10.668458781362007,31,
72654594950,USW00094950,diurnal,9,7.612018030945865,,,,,16.002700306898554,11.17037037037037,30,
72654594950,USW00094950,diurnal,10,6.580693933073214,,,,,14.501389554078497,10.09677419354839,31,
72654594950,USW00094950,diurnal,11,3.299365324655997,,,,,8.74971931532273,8.235185185185186,30,
72654594950,USW00094950,diurnal,12,2.912663117179392,,,,,7.58129843207081,5.826164874551971,30,
72654614946,USW00014946,annual,0,14.26326569032122,16.110431473715888,200.5769103056487,199.90723690533966,0.6696734003090512,,,365,
72654614946,USW00014946,diurnal,1,2.7522520904172647,,,,,7.278705772883955,4.636200716845878,31,
72654614946,USW00014946,diurnal,2,3.4476848301066068,,,,,8.503440158975675,6.148809523809524,29,
72654614946,USW00014946,diurnal,3,4.304993452255751,,,,,11.338692042930665,7.403225806451613,31,
72654614946,USW00014946,diurnal,4,5.348362493440549,,,,,11.889127128168218,9.71851851851852,30,
72654614946,USW00014946,diurnal,5,5.060107565494644,,,,,12.71350964839003,9.487455197132615,31,
72654614946,USW00014946,diurnal,6,4.422917619452832,,,,,10.81041045430609,9.301851851851852,30,
72654614946,USW00014946,diurnal,7,4.9899912391672885,,,,,10.900449688281576,9.802867383512542,31,
72654614946,USW00014946,diurnal,8,4.057283356621551,,,,,8.771519509202793,9.965949820788529,31,
72654614946,USW00014946,diurnal,9,6.645576105984568,,,,,13.939235851704538,9.875925925925928,30,
72654614946,USW00014946,diurnal,10,4.941595369757343,,,,,11.336208182411182,8.7921146953405,31,
72654614946,USW00014946,diurnal,11,2.581450066063749,,,,,6.854215198954547,6.742592592592592,30,
72654614946,USW00014946,diurnal,12,2.745950034297852,,,,,6.897308370883373,4.792114695340501,31,
72655014926,USW00014926,annual,0,14.028830877890378,15.898903898196679,203.55107613798992,199.11123415122586,4.4398419867640655,,,365,
72655014926,USW00014926,diurnal,1,1.5854377990672832,,,,,4.995423972801817,5.274193548387096,31,
72655014926,USW00014926,diurnal,2,3.7045598236786703,,,,,10.417333916561763,6.908730158730159,29,
72655014926,USW00014926,diurnal,3,4.493483146477227,,,,,10.574896663051865,7.790322580645161,31,
72655014926,USW00014926,diurnal,4,4.704166566505867,,,,,10.673639620510288,9.58148148148148,30,
72655014926,USW00014926,diurnal,5,5.973489137598756,,,,,12.515485866777087,10.105734767025085,31,
72655014926,USW00014926,diurnal,6,5.087132711695716,,,,,12.086491281558523,10.087037037037033,30,
72655014926,USW00014926,diurnal,7,5.502599854937149,,,,,11.581373257565584,10.446236559139786,31,
72655014926,USW00014926,diurnal,8,4.617885403027768,,,,,9.737797678915019,10.526881720430108,31,
72655014926,USW00014926,diurnal,9,6.35999433996836,,,,,13.684530924389763,10.020370370370369,30,
72655014926,USW00014926,diurnal,10,4.903251760599474,,,,,13.067199664241446,8.451612903225806,30,
72655014926,USW00014926,diurnal,11,2.130065907148784,,,,,6.704506565658913,5.922222222222222,30,
72655014926,USW00014926,diurnal,12,1.4855566790938666,,,,,6.091478796337911,4.659498207885305,29,
72655594938,USW00094938,annual,0,13.524030680103069,16.043343393968197,205.24841218565334,199.38706162724483,5.861350558408503,,,365,
72655594938,USW00094938,diurnal,1,2.042358251027703,,,,,5.461140200314858,5.942652329749105,31,
72655594938,USW00094938,diurnal,2,3.6446555919115573,,,,,10.486649386243982,7.871031746031747,29,
72655594938,USW00094938,diurnal,3,4.132743174546641,,,,,10.408496777585547,8.577060931899641,31,
72655594938,USW00094938,diurnal,4,4.35179688608412,,,,,10.058818471782166,9.57037037037037,30,
72655594938,USW00094938,diurnal,5,4.739882979332443,,,,,11.118218027786172,10.048387096774196,31,
72655594938,USW00094938,diurnal,6,4.641745934702246,,,,,12.51583019807499,9.696296296296293,30,
72655594938,USW00094938,diurnal,7,4.926497066938581,,,,,10.83818692037603,9.786738351254481,31,
72655594938,USW00094938,diurnal,8,3.509183708042786,,,,,9.384285696569918,9.899641577060933,31,
72655594938,USW00094938,diurnal,9,5.551508750954702,,,,,12.103233414320384,9.070370370370371,30,
72655594938,USW00094938,diurnal,10,4.059943142453488,,,,,10.599527547780546,7.4982078853046605,31,
72655594938,USW00094938,diurnal,11,2.2239054229188753,,,,,5.859374636984176,5.355555555555553,30,
72655594938,USW00094938,diurnal,12,1.74900838182082,,,,,6.563500887128605,4.632616487455198,31,
72655614992,USW00014992,annual,0,13.914586712405722,16.13614813639955,199.3350553350459,199.85159801387462,-0.5165426788287277,,,365,
72655614992,USW00014992,diurnal,1,2.697226712555124,,,,,6.77843014396076,4.582437275985663,31,
72655614992,USW00014992,diurnal,2,3.737346883134587,,,,,9.80602937419592,6.0396825396825395,29,
72655614992,USW00014992,diurnal,3,4.894884462137636,,,,,11.568132168718254,6.978494623655914,31,
72655614992,USW00014992,diurnal,4,4.623873964890468,,,,,11.244823131526463,9.209259259259259,30,
72655614992,USW00014992,diurnal,5,5.469209530908511,,,,,11.83272029214614,9.67921146953405,31,
72655614992,USW00014992,diurnal,6,4.439115245757661,,,,,11.452654261077562,9.577777777777778,30,
72655614992,USW00014992,diurnal,7,4.76541860170478,,,,,10.64102653690254,10.026881720430108,31,
72655614992,USW00014992,diurnal,8,3.88391862987751,,,,,9.585240245056909,10.197132616487455,31,
72655614992,USW00014992,diurnal,9,7.082331598291274,,,,,15.132680260476864,10.374074074074077,30,
72655614992,USW00014992,diurnal,10,5.879835747007149,,,,,13.331983211199528,8.955197132616489,29,
72655614992,USW00014992,diurnal,11,2.881058996639783,,,,,7.064628180445606,6.392592592592594,30,
72655614992,USW00014992,diurnal,12,1.8278509273460841,,,,,6.037162110506953,4.519713261648746,30,
72655714910,USW00014910,annual,0,14.344545484011157,16.406473863728845,203.22022718968617,199.777609078797,3.442618110889157,,,365,
72655714910,USW00014910,diurnal,1,1.838780322236163,,,,,6.019239520678411,4.096774193548387,31,
72655714910,USW00014910,diurnal,2,3.167430297021483,,,,,8.198563299305665,5.740079365079365,29,
72655714910,USW00014910,diurnal,3,4.221691082499948,,,,,10.580553282348449,6.713261648745519,31,
72655714910,USW00014910,diurnal,4,4.404093250814713,,,,,10.66527512763897,8.54814814814815,30,
72655714910,USW00014910,diurnal,5,4.847967238912536,,,,,11.050344901176569,8.912186379928315,31,
72655714910,USW00014910,diurnal,6,4.127673541206195,,,,,10.800788005393958,8.537037037037038,28,
72655714910,USW00014910,diurnal,7,4.7186991241013185,,,,,10.852097308075813,8.736559139784948,31,
72655714910,USW00014910,diurnal,8,3.638295488226804,,,,,10.267126715196,8.874551971326166,31,
72655714910,USW00014910,diurnal,9,5.636237839316965,,,,,12.284329941953573,8.56111111111111,30,
72655714910,USW00014910,diurnal,10,4.128212188542015,,,,,10.534983036634266,7.173835125448029,31,
72655714910,USW00014910,diurnal,11,2.383717245510765,,,,,6.141252930303327,4.988888888888889,30,
72655714910,USW00014910,diurnal,12,1.6092025437689765,,,,,5.593711495977819,3.777777777777779,31,
72657494985,USW00094985,annual,0,12.555355833423652,14.931833927609892,206.56480441344826,199.85941833557771,6.705386077870543,,,365,
72657494985,USW00094985,diurnal,1,1.5684444079009323,,,,,4.2112322795797485,4.854838709677419,31,
72657494985,USW00094985,diurnal,2,5.022547795128009,,,,,11.00823988745998,6.271825396825396,29,
72657494985,USW00094985,diurnal,3,4.479195676947355,,,,,11.28233568850022,7.548387096774193,31,
72657494985,USW00094985,diurnal,4,3.7116899758845183,,,,,9.662589888410936,9.087037037037039,30,
72657494985,USW00094985,diurnal,5,5.452928465279217,,,,,12.502494692675285,9.664874551971325,31,
72657494985,USW00094985,diurnal,6,3.100144996326807,,,,,8.775158700539446,9.248148148148148,22,
72657494985,USW00094985,diurnal,7,4.9735427716454454,,,,,11.409708616250803,9.637992831541219,31,
72657494985,USW00094985,diurnal,8,5.181816174922673,,,,,10.75977674911223,9.589605734767026,31,
72657494985,USW00094985,diurnal,9,6.205672260075353,,,,,12.826321375664715,9.346296296296297,30,
72657494985,USW00094985,diurnal,10,5.743979470642919,,,,,13.86966805537126,7.788530465949822,31,
72657494985,USW00094985,diurnal,11,2.328681377883581,,,,,6.091487226240059,5.594444444444446,30,
72657494985,USW00094985,diurnal,12,2.080463597101878,,,,,6.1932319542247765,4.193548387096774,30,
72658014922,USW00014922,annual,0,14.030286207447418,15.827109982776886,204.822154812081,199.39037923940364,5.431775572677367,,,365,
72658014922,USW00014922,diurnal,1,1.8424555175409558,,,,,4.469041627623383,4.338709677419355,31,
72658014922,USW00014922,diurnal,2,3.2198585797415715,,,,,8.373658635387923,5.716269841269841,29,
72658014922,USW00014922,diurnal,3,3.6476504491607797,,,,,8.988776035220877,6.93010752688172,31,
72658014922,USW00014922,diurnal,4,3.969783877913895,,,,,9.80019435362324,8.203703703703702,30,
72658014922,USW00014922,diurnal,5,4.794242837371438,,,,,11.790828640776583,8.284946236559142,31,
72658014922,USW00014922,diurnal,6,4.115279343412528,,,,,10.212331242517267,8.222222222222221,30,
72658014922,USW00014922,diurnal,7,3.900103569061705,,,,,9.28314095644896,8.222222222222221,31,
72658014922,USW00014922,diurnal,8,3.7606615778907813,,,,,8.923496077596866,8.240143369175629,31,
72658014922,USW00014922,diurnal,9,4.916094083405001,,,,,10.991660248522553,8.166666666666668,30,
72658014922,USW00014922,diurnal,10,4.778138356187875,,,,,12.655507992381475,7.053763440860214,31,
72658014922,USW00014922,diurnal,11,2.3945160735674875,,,,,6.320035311736654,4.970370370370371,30,
72658014922,USW00014922,diurnal,12,1.7777638560418438,,,,,6.206807023604587,3.836917562724014,30,
72658414927,USW00014927,annual,0,13.636965687260526,15.604642158392803,204.01560551312377,199.3057123334166,4.709893179707166,,,365,
72658414927,USW00014927,diurnal,1,1.7053922358787106,,,,,4.563836184930816,4.503584229390682,31,
72658414927,USW00014927,diurnal,2,3.2125469331008745,,,,,8.270142792704773,6.000000000000001,29,
72658414927,USW00014927,diurnal,3,3.9352622450872454,,,,,9.435093400686585,7.2329749103942635,31,
72658414927,USW00014927,diurnal,4,3.7164623601762163,,,,,9.516718980136659,8.557407407407407,30,
72658414927,USW00014927,diurnal,5,4.616911862844873,,,,,11.955188828416652,8.758064516129032,31,
72658414927,USW00014927,diurnal,6,4.304573464074547,,,,,10.641854650010142,8.574074074074074,30,
72658414927,USW00014927,diurnal,7,3.939464418635037,,,,,9.35368648368432,8.512544802867385,31,
72658414927,USW00014927,diurnal,8,4.242073969590704,,,,,9.552674717383045,8.577060931899641,31,
72658414927,USW00014927,diurnal,9,5.3056588501513025,,,,,11.619931474810134,8.459259259259259,30,
72658414927,USW00014927,diurnal,10,5.793786020539243,,,,,13.061088667000604,7.340501792114696,31,
72658414927,USW00014927,diurnal,11,2.138721067076641,,,,,5.846256377086728,5.303703703703703,30,
72658414927,USW00014927,diurnal,12,1.5030485950925958,,,,,5.157295050339001,4.034050179211469,29,
72659014929,USW00014929,annual,0,14.48796310499938,16.273292688017676,199.8638489713669,198.60291539945328,1.2609335719136254,,,365,
72659014929,USW00014929,diurnal,1,2.456596067309947,,,,,8.402220763092973,5.405017921146953,31,
72659014929,USW00014929,diurnal,2,4.79892955659015,,,,,11.223893880418672,6.892857142857144,29,
72659014929,USW00014929,diurnal,3,5.240593383741388,,,,,12.860499169482006,8.227598566308243,31,
72659014929,USW00014929,diurnal,4,5.594779399274937,,,,,13.974668973839893,10.903703703703707,30,
72659014929,USW00014929,diurnal,5,7.110870531711959,,,,,15.776896732724293,10.887096774193548,31,
72659014929,USW00014929,diurnal,6,6.141928812152132,,,,,13.565577312527632,10.662962962962963,30,
72659014929,USW00014929,diurnal,7,5.672132461110546,,,,,12.18126902081255,10.991039426523296,31,
72659014929,USW00014929,diurnal,8,4.56256110970417,,,,,11.455699873562729,11.439068100358424,31,
72659014929,USW00014929,diurnal,9,6.6864296594266595,,,,,15.25275310575125,11.638888888888888,30,
72659014929,USW00014929,diurnal,10,6.371271811772559,,,,,14.657651205337107,10.444444444444445,31,
72659014929,USW00014929,diurnal,11,3.281070514100456,,,,,9.286320610631712,7.951851851851852,30,
72659014929,USW00014929,diurnal,12,2.411157010716756,,,,,7.314054666093682,5.847670250896058,31,
72662024090,USW00024090,annual,0,13.202960133639825,13.429000427704867,199.49881020570797,201.46156444918944,-1.96275424348147,,,365,
72662024090,USW00024090,diurnal,1,4.909173246620812,,,,,12.0200552973964,7.38530465949821,31,
72662024090,USW00024090,diurnal,2,5.582715888881921,,,,,12.037472884558108,8.319444444444445,29,
72662024090,USW00024090,diurnal,3,5.343737686351095,,,,,13.481757782455642,10.191756272401433,31,
72662024090,USW00024090,diurnal,4,5.347031655449555,,,,,14.864566726462947,10.705555555555557,30,
72662024090,USW00024090,diurnal,5,5.4349347570854665,,,,,13.621709771715398,10.453405017921149,31,
72662024090,USW00024090,diurnal,6,6.852239064023184,,,,,16.324434877846798,11.361111111111112,30,
72662024090,USW00024090,diurnal,7,7.7325060792173455,,,,,16.729136825303826,12.68458781362007,31,
72662024090,USW00024090,diurnal,8,7.048755370630864,,,,,16.229212119538925,13.362007168458781,31,
72662024090,USW00024090,diurnal,9,8.608511885561358,,,,,19.431585447556074,12.942592592592595,30,
72662024090,USW00024090,diurnal,10,7.6999005704198185,,,,,18.343240956611847,10.930107526881722,31,
72662024090,USW00024090,diurnal,11,4.093394438951222,,,,,11.582521284471696,9.192592592592591,30,
72662024090,USW00024090,diurnal,12,4.666935970914364,,,,,13.267873363724974,7.7222222222222205,30,
72662524006,USW00024006,annual,0,13.644409140142336,13.403832167507488,202.46947261838665,201.88121560014517,0.5882570182414781,,,365,
72662524006,USW00024006,diurnal,1,4.561596351985985,,,,,9.840595333544695,6.78494623655914,31,
72662524006,USW00024006,diurnal,2,5.03239078456977,,,,,10.820868169648422,7.642857142857143,29,
72662524006,USW00024006,diurnal,3,4.749606733845089,,,,,11.637138991894318,9.38888888888889,31,
72662524006,USW00024006,diurnal,4,4.454731469454225,,,,,12.86180450690918,9.864814814814816,29,
72662524006,USW00024006,diurnal,5,5.772009700983029,,,,,12.959319402944416,9.71326164874552,29,
72662524006,USW00024006,diurnal,6,5.3879933767822035,,,,,15.099500693662815,10.674074074074076,30,
72662524006,USW00024006,diurnal,7,6.50430133005913,,,,,15.33789516290567,11.899641577060931,29,
72662524006,USW00024006,diurnal,8,5.803077543074731,,,,,13.355396920320619,12.399641577060931,31,
72662524006,USW00024006,diurnal,9,7.756043616074818,,,,,16.85107364804318,11.996296296296297,30,
72662524006,USW00024006,diurnal,10,7.235764081934745,,,,,16.266565738489508,9.906810035842293,31,
72662524006,USW00024006,diurnal,11,3.4060760530052354,,,,,10.486655912847928,8.292592592592595,30,
72662524006,USW00024006,diurnal,12,4.202224946885373,,,,,11.042817790099585,6.999999999999999,30,
72665094023,USW00094023,annual,0,12.518598978099007,12.699109291697948,195.22003365248042,201.76100538270654,-6.5409717302261186,,,365,
72665094023,USW00094023,diurnal,1,5.0928638934531225,,,,,13.042655665639547,6.274193548387096,31,
72665094023,USW00094023,diurnal,2,4.778713486072903,,,,,12.137681196632649,7.355158730158729,29,
72665094023,USW00094023,diurnal,3,4.926296710692046,,,,,14.379927305841365,9.32616487455197,31,
72665094023,USW00094023,diurnal,4,5.238972746329016,,,,,13.754259120166992,9.933333333333335,30,
72665094023,USW00094023,diurnal,5,5.946026050387299,,,,,13.825166693283034,10.394265232974911,31,
72665094023,USW00094023,diurnal,6,7.879259821803888,,,,,17.07930198338201,12.325925925925926,30,
72665094023,USW00094023,diurnal,7,8.145505306007976,,,,,17.72971825803785,14.163082437275987,30,
72665094023,USW00094023,diurnal,8,6.832462913051432,,,,,16.766501548809888,14.041218637992833,31,
72665094023,USW00094023,diurnal,9,8.848758974406302,,,,,19.886864292264214,12.675925925925926,30,
72665094023,USW00094023,diurnal,10,7.405053474375999,,,,,16.652335760272443,10.134408602150538,31,
72665094023,USW00094023,diurnal,11,4.029138580339091,,,,,10.713035198534635,7.983333333333333,30,
72665094023,USW00094023,diurnal,12,3.580563478348717,,,,,10.248205625979539,6.3620071684587804,31,
72666024029,USW00024029,annual,0,12.42129666878446,13.033488273156077,191.98205487028002,199.67620615518848,-7.6941512849084575,,,365,
72666024029,USW00024029,diurnal,1,4.866768041150961,,,,,13.899106222331461,6.860215053763442,31,
72666024029,USW00024029,diurnal,2,5.383755071343711,,,,,13.376437496230128,7.992063492063492,29,
72666024029,USW00024029,diurnal,3,4.440117897191608,,,,,13.481111759713274,10.310035842293908,31,
72666024029,USW00024029,diurnal,4,6.2246279076921205,,,,,15.656639355900257,10.824074074074074,30,
72666024029,USW00024029,diurnal,5,5.909794585381251,,,,,15.569793885230823,11.48924731182796,31,
72666024029,USW00024029,diurnal,6,7.791885453657478,,,,,18.385023286248106,12.914814814814816,30,
72666024029,USW00024029,diurnal,7,9.085225979003242,,,,,19.576961607082218,15.725806451612904,31,
72666024029,USW00024029,diurnal,8,8.87669646919987,,,,,20.095978960492953,15.962365591397846,31,
72666024029,USW00024029,diurnal,9,9.478108772154055,,,,,21.50516661593298,14.305555555555555,30,
72666024029,USW00024029,diurnal,10,8.42447890264894,,,,,20.196440413743236,11.586021505376344,31,
72666024029,USW00024029,diurnal,11,4.718845343491284,,,,,12.086086347333074,9.388888888888888,29,
72666024029,USW00024029,diurnal,12,4.4538101250535425,,,,,12.09581406916638,7.292114695340502,30,
72671024164,USW00024164,annual,0,12.94424716145071,14.092811246653298,196.96921628650824,199.48716126138928,-2.5179449748810327,,,365,
72671024164,USW00024164,diurnal,1,5.575730880132455,,,,,13.434281633900794,10.767025089605735,31,
72671024164,USW00024164,diurnal,2,5.290938573828662,,,,,13.139740722357676,11.186507936507937,29,
72671024164,USW00024164,diurnal,3,5.589848773481276,,,,,13.001080504718693,11.71146953405018,31,
72671024164,USW00024164,diurnal,4,7.188620304257524,,,,,16.130547083097547,12.98888888888889,30,
72671024164,USW00024164,diurnal,5,8.298065366882005,,,,,17.471061292955795,14.016129032258062,31,
72671024164,USW00024164,diurnal,6,8.951837084428558,,,,,19.161162452696367,16.551851851851854,30,
72671024164,USW00024164,diurnal,7,9.637123823825409,,,,,20.696334082476213,18.469534050179206,31,
72671024164,USW00024164,diurnal,8,8.816739181603335,,,,,20.830474496743463,18.61111111111111,31,
72671024164,USW00024164,diurnal,9,10.222312476768115,,,,,21.978917662746113,17.30740740740741,30,
72671024164,USW00024164,diurnal,10,10.154170294485215,,,,,22.222512115923855,14.790322580645162,31,
72671024164,USW00024164,diurnal,11,5.671262714377115,,,,,13.072876424165393,12.246296296296295,30,
72671024164,USW00024164,diurnal,12,5.7112630078080535,,,,,13.010763579310114,11.008960573476706,31,
72677024033,USW00024033,annual,0,12.276545977313768,12.71448506012437,195.6645072790448,200.5172295111193,-4.852722232074484,,,365,
72677024033,USW00024033,diurnal,1,3.8612697344017004,,,,,10.402912167419808,5.331541218637994,31,
72677024033,USW00024033,diurnal,2,3.4697525381656336,,,,,9.612288786492748,7.0357142857142865,29,
72677024033,USW00024033,diurnal,3,4.035315029651395,,,,,9.974574993311672,8.88709677419355,31,
72677024033,USW00024033,diurnal,4,5.156405559196045,,,,,14.024666313164847,9.501851851851853,30,
72677024033,USW00024033,diurnal,5,4.7083915965370355,,,,,12.335913714738206,10.209677419354836,31,
72677024033,USW00024033,diurnal,6,6.822891725888834,,,,,14.91714164828216,11.15925925925926,30,
72677024033,USW00024033,diurnal,7,6.953740648165859,,,,,15.606000146997726,13.224014336917563,31,
72677024033,USW00024033,diurnal,8,6.689144360674378,,,,,15.616778053128115,13.161290322580646,31,
72677024033,USW00024033,diurnal,9,6.551066161146652,,,,,15.819890138237753,11.527777777777779,30,
72677024033,USW00024033,diurnal,10,5.996142565952162,,,,,13.87203160337792,8.917562724014335,31,
72677024033,USW00024033,diurnal,11,3.5886834127419878,,,,,9.643645629137332,6.7296296296296285,30,
72677024033,USW00024033,diurnal,12,2.500912668902092,,,,,8.830079957589373,5.071684587813621,31,
72677624036,USW00024036,annual,0,11.689802680898254,11.834028817909786,195.07382171284593,202.3931472332087,-7.319325520362781,,,365,
72677624036,USW00024036,diurnal,1,4.604646372771189,,,,,11.464087266180579,5.259856630824372,31,
72677624036,USW00024036,diurnal,2,3.2102459799790917,,,,,7.979006485009456,6.6071428571428585,29,
72677624036,USW00024036,diurnal,3,4.343843575284701,,,,,10.555335503586518,8.347670250896057,31,
72677624036,USW00024036,diurnal,4,4.583218341658741,,,,,10.999789312590686,10.012962962962964,30,
72677624036,USW00024036,diurnal,5,5.214791113322497,,,,,12.705878152819722,10.340501792114695,31,
72677624036,USW00024036,diurnal,6,6.2891161196113075,,,,,15.093910919146936,11.188888888888888,30,
72677624036,USW00024036,diurnal,7,8.086265221424492,,,,,17.537206614761388,14.168458781362006,31,
72677624036,USW00024036,diurnal,8,7.285532677899238,,,,,17.10416237512607,14.281362007168461,31,
72677624036,USW00024036,diurnal,9,6.5873663765513735,,,,,16.552151382593806,12.312962962962963,30,
72677624036,USW00024036,diurnal,10,6.658587151102875,,,,,15.92973344527785,9.482078853046595,31,
72677624036,USW00024036,diurnal,11,3.816105355098152,,,,,9.969076861682893,6.790740740740743,30,
72677624036,USW00024036,diurnal,12,3.435967316891659,,,,,10.234103236033835,5.623655913978494,31,
72679724132,USW00024132,annual,0,12.081522289853817,12.741013551004814,186.62077423108212,199.46620564894056,-12.845431417858435,,,365,
72679724132,USW00024132,diurnal,1,4.588028671975609,,,,,11.673326007042874,6.562724014336918,31,
72679724132,USW00024132,diurnal,2,3.424524692923745,,,,,9.395904541394502,8.142857142857142,29,
72679724132,USW00024132,diurnal,3,4.897254971720332,,,,,11.680872248553673,10.218637992831543,31,
72679724132,USW00024132,diurnal,4,5.755269322386155,,,,,14.461748440846504,11.411111111111113,30,
72679724132,USW00024132,diurnal,5,5.04986336812785,,,,,13.079341329427438,12.134408602150538,31,
72679724132,USW00024132,diurnal,6,8.00135140874278,,,,,17.026870146632092,13.51296296296296,30,
72679724132,USW00024132,diurnal,7,9.007538738401477,,,,,19.849694346148375,17.105734767025083,31,
72679724132,USW00024132,diurnal,8,8.01807366626737,,,,,18.85237876844807,17.630824372759854,31,
72679724132,USW00024132,diurnal,9,8.525590638943743,,,,,19.021140503075642,15.438888888888886,30,
72679724132,USW00024132,diurnal,10,7.577486649927513,,,,,18.088635438645934,12.197132616487453,31,
72679724132,USW00024132,diurnal,11,3.448509169829567,,,,,10.257583705029667,8.507407407407408,30,
72679724132,USW00024132,diurnal,12,3.4996348066418874,,,,,9.24256137108511,6.482078853046596,31,
72681024131,USW00024131,annual,0,12.806544340410925,12.270271690182591,194.68424993223059,198.90206681676312,-4.217816884532539,,,365,
72681024131,USW00024131,diurnal,1,2.4037281876126886,,,,,6.799597072608104,4.999999999999999,31,
72681024131,USW00024131,diurnal,2,3.2045523631727755,,,,,8.513649008552967,7.194444444444445,29,
72681024131,USW00024131,diurnal,3,4.449826728318915,,,,,10.715463182351726,9.331541218637994,31,
72681024131,USW00024131,diurnal,4,5.7899265043389985,,,,,13.109213481305666,10.512962962962964,30,
72681024131,USW00024131,diurnal,5,6.11457914911176,,,,,14.254939714658734,11.729390681003585,31,
72681024131,USW00024131,diurnal,6,7.018473066583004,,,,,16.48926469286203,13.159259259259262,30,
72681024131,USW00024131,diurnal,7,7.512468561248473,,,,,17.146946895947266,15.344086021505374,31,
72681024131,USW00024131,diurnal,8,7.105729707994406,,,,,15.764775977273228,14.951612903225806,31,
72681024131,USW00024131,diurnal,9,6.853506124734823,,,,,16.267457117078067,13.37037037037037,30,
72681024131,USW00024131,diurnal,10,6.071463657909446,,,,,14.445512505897042,11.048387096774194,31,
72681024131,USW00024131,diurnal,11,3.270138818881376,,,,,8.644984287892374,6.996296296296295,30,
72681024131,USW00024131,diurnal,12,2.210643676697263,,,,,6.654724070527131,4.817204301075268,31,
72681524106,USW00024106,annual,0,12.701981929963102,12.887109410979871,194.65141487728894,198.2562901549384,-3.6048752776494553,,,365,
72681524106,USW00024106,diurnal,1,2.5687004573650576,,,,,6.8785874610648765,5.978494623655914,30,
72681524106,USW00024106,diurnal,2,3.392641272884692,,,,,8.781407030187534,8.63888888888889,29,
72681524106,USW00024106,diurnal,3,4.915590912826539,,,,,11.681822363468395,11.250896057347669,30,
72681524106,USW00024106,diurnal,4,6.98845121859609,,,,,15.316348985407977,12.468518518518517,30,
72681524106,USW00024106,diurnal,5,7.105662259141686,,,,,16.88594351337006,13.510752688172042,31,
72681524106,USW00024106,diurnal,6,8.4487185874065,,,,,18.647982736365904,15.253703703703703,30,
72681524106,USW00024106,diurnal,7,9.061420467665696,,,,,19.143790681465635,17.195340501792113,27,
72681524106,USW00024106,diurnal,8,8.709127575287857,,,,,18.874087214903994,17.302867383512545,31,
72681524106,USW00024106,diurnal,9,8.471509855002271,,,,,18.3344979013427,16.155555555555555,30,
72681524106,USW00024106,diurnal,10,7.743760456713439,,,,,17.966480371286025,13.521505376344084,28,
72681524106,USW00024106,diurnal,11,4.601851875958602,,,,,11.79951036725667,8.874074074074075,28,
72681524106,USW00024106,diurnal,12,2.952710982139812,,,,,8.188177233389403,6.125448028673834,31,
72683094185,USW00094185,annual,0,11.396301360716995,11.656345987922121,197.5527008581064,198.84291981964898,-1.2902189615425925,,,365,
72683094185,USW00094185,diurnal,1,2.811610914850272,,,,,9.423548324952232,7.397849462365592,29,
72683094185,USW00094185,diurnal,2,3.188590788524781,,,,,9.715921849461738,8.624999999999998,29,
72683094185,USW00094185,diurnal,3,4.456582018659356,,,,,11.138258485505347,11.039426523297491,31,
72683094185,USW00094185,diurnal,4,7.445573014553886,,,,,18.01724074159278,12.88888888888889,30,
72683094185,USW00094185,diurnal,5,8.635870414189082,,,,,19.47952589354461,14.116487455197134,31,
72683094185,USW00094185,diurnal,6,9.934785626020304,,,,,21.581256547292117,16.099999999999998,30,
72683094185,USW00094185,diurnal,7,10.489621756947315,,,,,23.45449128991533,19.736559139784948,31,
72683094185,USW00094185,diurnal,8,10.24306454652124,,,,,22.377613726144673,20.50358422939068,31,
72683094185,USW00094185,diurnal,9,9.821289996871926,,,,,23.465570146885188,19.766666666666666,30,
72683094185,USW00094185,diurnal,10,9.478700422012226,,,,,19.961636176385014,16.56272401433692,31,
72683094185,USW00094185,diurnal,11,3.1339914480589215,,,,,9.032237544237553,10.477777777777778,30,
72683094185,USW00094185,diurnal,12,4.231147504057457,,,,,10.458101276531947,7.279569892473117,31,
72688024155,USW00024155,annual,0,11.141096352985572,10.702832388221486,192.62523697126048,199.4168018718016,-6.791564900541118,,,365,
72688024155,USW00024155,diurnal,1,1.4225573816545225,,,,,5.806647612633361,3.790322580645161,31,
72688024155,USW00024155,diurnal,2,2.947936548736598,,,,,8.569175279397147,6.015873015873015,29,
72688024155,USW00024155,diurnal,3,4.28016975272796,,,,,10.943775198428952,8.406810035842293,31,
72688024155,USW00024155,diurnal,4,5.438794945546072,,,,,13.202456876985377,10.238888888888889,30,
72688024155,USW00024155,diurnal,5,6.051092131946324,,,,,13.709057094565107,11.555555555555552,31,
72688024155,USW00024155,diurnal,6,6.492849445065682,,,,,15.56094097296079,12.764814814814816,30,
72688024155,USW00024155,diurnal,7,8.47165225055959,,,,,19.251307495054334,15.550179211469532,31,
72688024155,USW00024155,diurnal,8,7.150382415634837,,,,,16.596870720483963,15.207885304659499,31,
72688024155,USW00024155,diurnal,9,7.042395018685811,,,,,15.788421324859872,13.509259259259261,30,
72688024155,USW00024155,diurnal,10,5.969179633061934,,,,,13.719969875377787,10.120071684587812,31,
72688024155,USW00024155,diurnal,11,1.9674488648053101,,,,,5.844616649309269,5.529629629629629,30,
72688024155,USW00024155,diurnal,12,1.8965855259074202,,,,,5.909225394077168,3.4569892473118284,30,
72688524152,USW00024152,annual,0,8.648523977411218,9.142977642608262,198.00501688733672,202.9357495462134,-4.930732658876678,,,365,
72688524152,USW00024152,diurnal,1,1.4970518589193345,,,,,4.382012146918076,5.181003584229391,31,
72688524152,USW00024152,diurnal,2,2.199007592038952,,,,,6.096259579197276,7.001984126984127,29,
72688524152,USW00024152,diurnal,3,3.9225555487609185,,,,,9.759201207068358,8.673835125448027,31,
72688524152,USW00024152,diurnal,4,4.960670028689339,,,,,14.272385988480373,9.998148148148147,30,
72688524152,USW00024152,diurnal,5,5.334281698991876,,,,,14.821610609014876,11.939068100358423,31,
72688524152,USW00024152,diurnal,6,7.878674512427834,,,,,17.171840503305148,13.862962962962962,29,
72688524152,USW00024152,diurnal,7,10.92369795412829,,,,,23.37089780132058,18.887096774193548,30,
72688524152,USW00024152,diurnal,8,9.553820741493443,,,,,19.987215713513088,19.93010752688172,27,
72688524152,USW00024152,diurnal,9,9.378697977010994,,,,,19.741332032099518,17.735185185185188,29,
72688524152,USW00024152,diurnal,10,5.534982496733881,,,,,16.781037974114376,11.878136200716847,31,
72688524152,USW00024152,diurnal,11,1.8460850478821897,,,,,5.285533135037612,6.066666666666666,30,
72688524152,USW00024152,diurnal,12,1.6558635154357848,,,,,4.992796742678381,4.564516129032258,30,
72688624130,USW00024130,annual,0,10.589547607515586,10.844875631081324,192.22758025529708,197.81138813388074,-5.583807878583656,,,365,
72688624130,USW00024130,diurnal,1,2.1085571469722493,,,,,6.179737271537904,5.519713261648746,31,
72688624130,USW00024130,diurnal,2,3.32187003301927,,,,,9.009577429457373,7.674603174603175,29,
72688624130,USW00024130,diurnal,3,4.899407052980606,,,,,10.989744792558401,10.663082437275985,31,
72688624130,USW00024130,diurnal,4,6.001726510147789,,,,,16.385709803052507,12.637037037037034,30,
72688624130,USW00024130,diurnal,5,6.8006342091538885,,,,,17.2258914667586,13.57885304659498,31,
72688624130,USW00024130,diurnal,6,8.955229247156208,,,,,20.110250484959426,14.694444444444445,28,
72688624130,USW00024130,diurnal,7,10.972816245822285,,,,,23.98893636821322,18.70071684587814,30,
72688624130,USW00024130,diurnal,8,9.906579251278336,,,,,21.54747412392462,19.761648745519715,31,
72688624130,USW00024130,diurnal,9,9.64748400193353,,,,,21.332177704925144,18.47222222222222,30,
72688624130,USW00024130,diurnal,10,7.580248252670735,,,,,17.60704746873447,14.593189964157707,31,
72688624130,USW00024130,diurnal,11,2.80870096208637,,,,,7.908147827283198,8.488888888888887,30,
72688624130,USW00024130,diurnal,12,2.6292822807694396,,,,,7.625756887792524,5.50179211469534,30,
72691724284,USW00024284,annual,0,3.7649451543556607,4.157651582801351,217.75620754816939,216.42057561186954,1.3356319362998477,,,365,
72691724284,USW00024284,diurnal,1,1.9766643819938823,,,,,5.172997165070111,4.589605734767025,30,
72691724284,USW00024284,diurnal,2,1.631657140153958,,,,,5.072433968614491,5.089285714285714,29,
72691724284,USW00024284,diurnal,3,1.9539011964887942,,,,,5.543940946214425,5.292114695340502,31,
72691724284,USW00024284,diurnal,4,2.738620308228012,,,,,6.082996811557761,5.361111111111111,30,
72691724284,USW00024284,diurnal,5,2.9856369880195595,,,,,6.58785433882168,5.306451612903225,31,
72691724284,USW00024284,diurnal,6,2.8020957785164393,,,,,6.244159925187515,5.407407407407408,30,
72691724284,USW00024284,diurnal,7,3.1381741512541335,,,,,6.672687285599106,5.661290322580646,30,
72691724284,USW00024284,diurnal,8,2.388501005271009,,,,,5.728667241447551,6.094982078853046,28,
72691724284,USW00024284,diurnal,9,2.3933325229720426,,,,,6.249778269466155,6.622222222222224,27,
72691724284,USW00024284,diurnal,10,3.0073640878081243,,,,,7.1231045336369725,6.306451612903225,31,
72691724284,USW00024284,diurnal,11,2.0791191695279734,,,,,5.600710833249806,5.0777777777777775,30,
72691724284,USW00024284,diurnal,12,1.6197415149006407,,,,,5.552984439486131,4.5412186379928325,30,
72693024221,USW00024221,annual,0,7.568464367053815,7.400983552879215,199.2852069862006,205.21814093268705,-5.932933946486457,,,365,
72693024221,USW00024221,diurnal,1,1.7488503130509239,,,,,4.747222274609814,4.435483870967742,31,
72693024221,USW00024221,diurnal,2,2.332149721859182,,,,,6.906477728761045,6.301587301587301,29,
72693024221,USW00024221,diurnal,3,3.1085964257401586,,,,,8.367553207020618,7.919354838709676,31,
72693024221,USW00024221,diurnal,4,4.146342284768905,,,,,10.159941614434079,9.000000000000002,30,
72693024221,USW00024221,diurnal,5,6.398080375122139,,,,,15.105876986967681,10.736559139784948,31,
72693024221,USW00024221,diurnal,6,7.566845234404845,,,,,17.38975311989726,12.140740740740739,30,
72693024221,USW00024221,diurnal,7,9.360744014626764,,,,,20.47196301431861,15.623655913978494,31,
72693024221,USW00024221,diurnal,8,7.966913547195346,,,,,18.70253189383427,15.702508960573475,31,
72693024221,USW00024221,diurnal,9,7.16641085840943,,,,,16.97684641929464,13.927777777777777,30,
72693024221,USW00024221,diurnal,10,4.913403180082976,,,,,13.93840105631255,9.756272401433689,31,
72693024221,USW00024221,diurnal,11,1.9125486195877313,,,,,5.473004242372058,5.322222222222222,30,
72693024221,USW00024221,diurnal,12,1.349818202231937,,,,,4.8471950530149,3.862007168458781,31,
72694024232,USW00024232,annual,0,8.336480921732818,7.590950679286216,200.3379841527318,204.94297291587372,-4.604988763141932,,,365,
72694024232,USW00024232,diurnal,1,1.7576552253547193,,,,,4.842968349352153,4.286738351254481,31,
72694024232,USW00024232,diurnal,2,2.172971127825537,,,,,5.8294315283442595,6.416666666666667,29,
72694024232,USW00024232,diurnal,3,2.8955771082172173,,,,,8.195333913828492,7.670250896057347,31,
72694024232,USW00024232,diurnal,4,3.9538767901184437,,,,,9.848856603369898,8.790740740740741,30,
72694024232,USW00024232,diurnal,5,3.9848300857764194,,,,,10.091763255973458,10.299283154121863,13,
72694024232,USW00024232,diurnal,6,6.058086756419654,,,,,15.02060155900159,11.120370370370368,30,
72694024232,USW00024232,diurnal,7,7.9784893607160585,,,,,18.205509361693434,14.023297491039425,31,
72694024232,USW00024232,diurnal,8,7.181352771477569,,,,,16.36021373469373,14.241935483870968,27,
72694024232,USW00024232,diurnal,9,6.235230891167962,,,,,15.17925089673635,12.711111111111109,30,
72694024232,USW00024232,diurnal,10,4.550322915421237,,,,,12.89548127555996,8.99820788530466,31,
72694024232,USW00024232,diurnal,11,1.7507683454411542,,,,,4.750079563285489,5.053703703703705,30,
72694024232,USW00024232,diurnal,12,1.5406239270225677,,,,,4.280434799446493,3.8243727598566317,30,
72698024229,USW00024229,annual,0,7.8611172675001795,7.841584853990061,196.6149485356017,204.69267213198364,-8.07772359638193,,,365,
72698024229,USW00024229,diurnal,1,1.2542228608235908,,,,,4.0912761507809305,3.378136200716845,31,
72698024229,USW00024229,diurnal,2,2.1991380494569714,,,,,6.224775328651998,5.490079365079365,29,
72698024229,USW00024229,diurnal,3,2.67240350878216,,,,,6.896009408420166,6.758064516129033,31,
72698024229,USW00024229,diurnal,4,4.334422026930961,,,,,10.148970862514723,7.803703703703704,30,
72698024229,USW00024229,diurnal,5,4.252110367552119,,,,,11.279068818776889,8.922939068100357,31,
72698024229,USW00024229,diurnal,6,5.423309047643848,,,,,12.663274609059279,9.275925925925925,30,
72698024229,USW00024229,diurnal,7,7.102542122008265,,,,,15.784074807638032,11.498207885304659,31,
72698024229,USW00024229,diurnal,8,5.622223365688633,,,,,13.47828008775619,11.530465949820787,31,
72698024229,USW00024229,diurnal,9,4.755423955290638,,,,,12.515887318770154,10.40925925925926,30,
72698024229,USW00024229,diurnal,10,3.72756501558371,,,,,10.54052839680846,7.21505376344086,31,
72698024229,USW00024229,diurnal,11,1.3638676492517237,,,,,4.66463630243807,4.124074074074074,30,
72698024229,USW00024229,diurnal,12,1.4796852996889047,,,,,4.708794164104197,2.9749103942652324,30,
72698694261,USW00094261,annual,0,7.62967215251702,7.656005753580105,195.66471814582113,203.2799595697562,-7.6152414239350605,,,365,
72698694261,USW00094261,diurnal,1,1.8464228355851422,,,,,5.495346221798634,4.508960573476703,31,
72698694261,USW00094261,diurnal,2,1.8542488406218856,,,,,6.110990710146552,6.640873015873018,29,
72698694261,USW00094261,diurnal,3,3.3052748509054966,,,,,7.345167720285119,7.965949820788529,31,
72698694261,USW00094261,diurnal,4,4.645406267594067,,,,,10.482284517070411,9.196296296296294,30,
72698694261,USW00094261,diurnal,5,5.368896222651132,,,,,12.60754687020118,10.697132616487457,31,
72698694261,USW00094261,diurnal,6,6.516980461821423,,,,,15.859209111133763,11.307407407407405,30,
72698694261,USW00094261,diurnal,7,7.9023814208505545,,,,,18.101956768473514,14.24910394265233,31,
72698694261,USW00094261,diurnal,8,6.9051706399437975,,,,,16.606833051353544,14.679211469534053,31,
72698694261,USW00094261,diurnal,9,6.208860251668325,,,,,15.316447357233233,13.23148148148148,30,
72698694261,USW00094261,diurnal,10,5.9370521432643635,,,,,12.719079683751824,9.584229390681003,31,
72698694261,USW00094261,diurnal,11,1.7915136845903494,,,,,5.3356819714891905,5.5388888888888905,30,
72698694261,USW00094261,diurnal,12,2.1208108558411745,,,,,5.808676846673344,4.017921146953406,31,
72703314609,USW00014609,annual,0,12.276509768524154,14.202485495660506,202.36443672911795,203.49178293132894,-1.1273462022109868,,,365,
72703314609,USW00014609,diurnal,1,2.3743133513232184,,,,,7.554455742612117,5.874551971326166,31,
72703314609,USW00014609,diurnal,2,4.36317455675505,,,,,10.241095585030433,7.932539682539684,29,
72703314609,USW00014609,diurnal,3,3.242334794567918,,,,,7.317888504800848,8.311827956989248,31,
72703314609,USW00014609,diurnal,4,4.4681846958240365,,,,,10.23231508578494,9.075925925925926,30,
72703314609,USW00014609,diurnal,5,5.82582583991002,,,,,11.967275686481418,10.491039426523297,31,
72703314609,USW00014609,diurnal,6,5.531745759786542,,,,,12.582528979480731,10.583333333333336,30,
72703314609,USW00014609,diurnal,7,4.296220746558724,,,,,10.66875186077477,10.292114695340501,31,
72703314609,USW00014609,diurnal,8,4.704522136245688,,,,,10.93687081511215,10.594982078853045,31,
72703314609,USW00014609,diurnal,9,5.7742243733170415,,,,,12.349175957803968,9.93888888888889,30,
72703314609,USW00014609,diurnal,10,4.021511441503949,,,,,11.6903309860278,7.4856630824372745,31,
72703314609,USW00014609,diurnal,11,1.9435150685250981,,,,,5.765309164807295,5.022222222222222,30,
72703314609,USW00014609,diurnal,12,3.2086536522900397,,,,,9.175940154165835,4.532258064516129,31,
72712014607,USW00014607,annual,0,13.385035279602535,14.722195759073918,203.46065140304376,203.03476986898207,0.4258815340616877,,,365,
72712014607,USW00014607,diurnal,1,2.7440356179515586,,,,,7.215333823334218,5.0788530465949835,31,
72712014607,USW00014607,diurnal,2,4.197907106951471,,,,,9.537666566896185,7.055555555555555,29,
72712014607,USW00014607,diurnal,3,2.476179018580781,,,,,7.057228047216144,7.456989247311829,31,
72712014607,USW00014607,diurnal,4,4.092793244885015,,,,,10.125492607660952,7.955555555555557,30,
72712014607,USW00014607,diurnal,5,5.45100234216786,,,,,11.292453696490323,9.516129032258064,31,
72712014607,USW00014607,diurnal,6,5.219427209439033,,,,,11.38080313459118,9.659259259259262,30,
72712014607,USW00014607,diurnal,7,4.734757280146436,,,,,10.877379385399285,9.224014336917563,31,
72712014607,USW00014607,diurnal,8,4.773302060512061,,,,,10.909588898428177,9.618279569892474,31,
72712014607,USW00014607,diurnal,9,5.284784238092598,,,,,11.193958983626931,9.005555555555556,30,
72712014607,USW00014607,diurnal,10,3.780828225243164,,,,,9.740538977900005,6.691756272401432,31,
72712014607,USW00014607,diurnal,11,1.6597733470846343,,,,,5.001079478937257,4.364814814814815,30,
72712014607,USW00014607,diurnal,12,2.6218362969847075,,,,,7.666482262811403,3.9032258064516125,31,
72734014847,USW00014847,annual,0,12.533663554903098,13.61711164599998,210.132321039459,205.30619707923498,4.82612396022401,,,365,
72734014847,USW00014847,diurnal,1,1.1484206498860503,,,,,3.2894579039342164,3.89426523297491,31,
72734014847,USW00014847,diurnal,2,2.760239218861902,,,,,7.097988493994054,5.345238095238096,29,
72734014847,USW00014847,diurnal,3,3.0265416888114434,,,,,6.99490595946021,6.476702508960573,31,
72734014847,USW00014847,diurnal,4,3.977025933020754,,,,,9.492762078279487,7.048148148148148,30,
72734014847,USW00014847,diurnal,5,4.7622573593520885,,,,,10.52594627779907,8.824372759856631,31,
72734014847,USW00014847,diurnal,6,3.582023595161932,,,,,10.422945063982814,9.322222222222221,30,
72734014847,USW00014847,diurnal,7,4.54573310767755,,,,,9.475469914325867,8.85125448028674,30,
72734014847,USW00014847,diurnal,8,4.474266263741387,,,,,9.599590818488608,8.329749103942653,31,
72734014847,USW00014847,diurnal,9,5.417464770580194,,,,,11.088776940649737,7.281481481481481,30,
72734014847,USW00014847,diurnal,10,3.5906964292962895,,,,,9.177078780428069,5.129032258064515,31,
72734014847,USW00014847,diurnal,11,1.8902747821785286,,,,,5.580593220832036,3.3648148148148147,30,
72734014847,USW00014847,diurnal,12,1.491653468331572,,,,,4.876848947326737,3.025089605734767,31,
72734714841,USW00014841,annual,0,12.056110821374606,13.387371359001875,206.589796687763,205.217891936627,1.371904751135986,,,365,
72734714841,USW00014841,diurnal,1,1.2340063108132322,,,,,3.0274864516455726,3.89426523297491,31,
72734714841,USW00014841,diurnal,2,3.0736453270399213,,,,,9.449413629074764,6.15079365079365,29,
72734714841,USW00014841,diurnal,3,4.035705739855378,,,,,11.263269705449032,8.026881720430108,31,
72734714841,USW00014841,diurnal,4,3.9730686549438583,,,,,10.888454707592057,9.15,30,
72734714841,USW00014841,diurnal,5,5.9294384205322315,,,,,13.281417953524178,11.057347670250897,31,
72734714841,USW00014841,diurnal,6,4.619827531553808,,,,,10.861942179027682,11.566666666666668,30,
72734714841,USW00014841,diurnal,7,5.6434980962777885,,,,,12.347380569320308,10.967741935483868,31,
72734714841,USW00014841,diurnal,8,6.235260530375274,,,,,13.91312298773319,10.7831541218638,31,
72734714841,USW00014841,diurnal,9,8.740460572036968,,,,,17.669974054947524,9.753703703703707,30,
72734714841,USW00014841,diurnal,10,5.271740810512455,,,,,13.385066276777337,6.792114695340501,31,
72734714841,USW00014841,diurnal,11,2.582066576104184,,,,,7.295504093137909,4.211111111111111,30,
72734714841,USW00014841,diurnal,12,1.6155375411717765,,,,,5.44925772689488,2.9713261648745517,31,
72744014858,USW00014858,annual,0,12.91979269968766,13.690917618541654,212.4450140136136,205.70584481660254,6.739169197011051,,,365,
72744014858,USW00014858,diurnal,1,1.1661430547414773,,,,,3.593416431080582,2.0017921146953404,31,
72744014858,USW00014858,diurnal,2,2.0771280711259212,,,,,6.902470982204012,3.402777777777778,29,
72744014858,USW00014858,diurnal,3,2.1406643535032712,,,,,6.6227839909984025,4.758064516129034,31,
72744014858,USW00014858,diurnal,4,3.25772019532903,,,,,7.794878194599222,5.768518518518519,29,
72744014858,USW00014858,diurnal,5,3.259875342085672,,,,,8.763961651725069,7.4551971326164885,31,
72744014858,USW00014858,diurnal,6,3.815529285963283,,,,,10.593064875167727,8.238888888888887,30,
72744014858,USW00014858,diurnal,7,4.723729654831297,,,,,11.348697791653144,7.93189964157706,31,
72744014858,USW00014858,diurnal,8,4.64243178504905,,,,,10.272433815605321,7.64695340501792,31,
72744014858,USW00014858,diurnal,9,4.9048099336484405,,,,,11.083033896878248,6.39074074074074,30,
72744014858,USW00014858,diurnal,10,3.9222113555826437,,,,,11.287308366350723,4.433691756272401,31,
72744014858,USW00014858,diurnal,11,1.2654563856348315,,,,,4.6581529674224855,2.672222222222222,30,
72744014858,USW00014858,diurnal,12,1.4250729973422898,,,,,4.499758349111283,1.913978494623656,31,
72745014913,USW00014913,annual,0,13.366910215045968,14.976639365347774,207.93802614693686,201.48189431568125,6.456131831255618,,,365,
72745014913,USW00014913,diurnal,1,2.1195750271432403,,,,,6.234913495352329,4.9265232974910385,31,
72745014913,USW00014913,diurnal,2,3.254112152269003,,,,,9.274576935212247,6.529761904761904,29,
72745014913,USW00014913,diurnal,3,3.772595698924053,,,,,9.871011944440765,6.849462365591398,31,
72745014913,USW00014913,diurnal,4,3.5830712299731835,,,,,9.176548833569397,7.344444444444445,29,
72745014913,USW00014913,diurnal,5,4.63776380356693,,,,,11.22026477945478,8.546594982078853,31,
72745014913,USW00014913,diurnal,6,4.474129562342188,,,,,10.886746282227683,8.464814814814815,30,
72745014913,USW00014913,diurnal,7,4.507119103548089,,,,,10.566524373298444,8.691756272401435,31,
72745014913,USW00014913,diurnal,8,3.719497745588953,,,,,9.083345391495719,8.335125448028673,31,
72745014913,USW00014913,diurnal,9,5.105231245821072,,,,,11.53707624574858,7.511111111111112,30,
72745014913,USW00014913,diurnal,10,3.850949326812135,,,,,9.787138346387653,5.933691756272402,31,
72745014913,USW00014913,diurnal,11,2.1318254561391297,,,,,6.245191358513031,4.190740740740741,30,
72745014913,USW00014913,diurnal,12,2.3369718513615645,,,,,6.1988447306086645,3.8548387096774195,31,
72745394967,USW00094967,annual,0,14.265109662772076,16.564756743368612,204.01118321243214,199.20916984258588,4.802013369846264,,,365,
72745394967,USW00094967,diurnal,1,2.2398484625414588,,,,,6.604955916104679,6.163082437275986,31,
72745394967,USW00094967,diurnal,2,3.383737385790457,,,,,8.744177192120658,8.170634920634921,29,
72745394967,USW00094967,diurnal,3,4.225924693159696,,,,,10.519271425103598,8.335125448028675,31,
72745394967,USW00094967,diurnal,4,4.525464546702601,,,,,11.09664170759157,9.735185185185184,30,
72745394967,USW00094967,diurnal,5,4.665846578397973,,,,,11.279216647270975,10.089605734767025,31,
72745394967,USW00094967,diurnal,6,5.084396936309289,,,,,12.126986194666372,9.600000000000001,30,
72745394967,USW00094967,diurnal,7,5.447077537274389,,,,,11.289927146702151,9.731182795698926,31,
72745394967,USW00094967,diurnal,8,4.034482859279284,,,,,9.607505580405688,10.136200716845876,29,
72745394967,USW00094967,diurnal,9,6.149707560911475,,,,,13.530977377818246,9.43888888888889,30,
72745394967,USW00094967,diurnal,10,4.932262790883566,,,,,11.923008454835566,7.840501792114696,31,
72745394967,USW00094967,diurnal,11,2.050223395866953,,,,,6.055694634276165,5.627777777777778,30,
72745394967,USW00094967,diurnal,12,1.8672778120271267,,,,,5.5445429880404,4.856630824372759,30,
72745594931,USW00094931,annual,0,12.89466544777657,15.60687460628659,205.6697755263218,199.3487257906803,6.321049735641509,,,365,
72745594931,USW00094931,diurnal,1,2.4230563384394466,,,,,5.947353888877539,6.562724014336918,31,
72745594931,USW00094931,diurnal,2,3.121990262761745,,,,,8.305906928623623,9.061507936507937,29,
72745594931,USW00094931,diurnal,3,4.534443579304367,,,,,10.401667081202266,9.568100358422939,31,
72745594931,USW00094931,diurnal,4,4.763883291122086,,,,,10.676048323690555,10.64259259259259,29,
72745594931,USW00094931,diurnal,5,6.517548216252548,,,,,13.964555440965562,11.912186379928317,31,
72745594931,USW00094931,diurnal,6,5.711669433297638,,,,,13.52988914828224,11.525925925925925,30,
72745594931,USW00094931,diurnal,7,6.536711131885771,,,,,14.840593745939216,11.539426523297493,31,
72745594931,USW00094931,diurnal,8,5.448561678894714,,,,,12.473554291552873,11.663082437275982,31,
72745594931,USW00094931,diurnal,9,7.6458056901369975,,,,,16.521581464323727,10.416666666666664,30,
72745594931,USW00094931,diurnal,10,4.690751607990798,,,,,11.527513256164964,8.050179211469533,31,
72745594931,USW00094931,diurnal,11,1.5805395228359074,,,,,5.490855819784927,5.518518518518519,30,
72745594931,USW00094931,diurnal,12,2.1033261271751416,,,,,6.508955637579476,5.188172043010754,30,
72747014918,USW00014918,annual,0,14.179186274407428,16.283172102650802,206.0495130946635,199.21780415393843,6.831708940725065,,,365,
72747014918,USW00014918,diurnal,1,2.1553902889138423,,,,,6.657593743237584,6.071684587813619,31,
72747014918,USW00014918,diurnal,2,2.803437407832067,,,,,9.070833110591597,8.515873015873016,28,
72747014918,USW00014918,diurnal,3,4.0743601950328845,,,,,11.245955783191036,9.256272401433693,31,
72747014918,USW00014918,diurnal,4,4.083560810940246,,,,,11.33012185564078,9.996296296296295,29,
72747014918,USW00014918,diurnal,5,5.000196634462654,,,,,11.366825439357992,10.797491039426523,31,
72747014918,USW00014918,diurnal,6,4.661262886138594,,,,,12.40012514253073,10.412962962962963,30,
72747014918,USW00014918,diurnal,7,5.375033443785253,,,,,12.353272453097517,10.637992831541217,31,
72747014918,USW00014918,diurnal,8,5.351975914157084,,,,,11.446777204196977,10.915770609318997,30,
72747014918,USW00014918,diurnal,9,6.058953997689418,,,,,13.260365536931928,9.466666666666665,30,
72747014918,USW00014918,diurnal,10,4.004415115008195,,,,,11.38453034397483,7.102150537634408,31,
72747014918,USW00014918,diurnal,11,1.9876603893946796,,,,,6.4745839964935925,4.696296296296295,30,
72747014918,USW00014918,diurnal,12,1.6800069313924963,,,,,6.10628368528884,4.589605734767025,31,
72747694961,USW00094961,annual,0,14.239894651652689,16.7886470297784,205.82182206115908,200.52263469631018,5.299187364848905,,,365,
72747694961,USW00094961,diurnal,1,2.6971528630364556,,,,,7.4117393600828265,5.322580645161288,31,
72747694961,USW00094961,diurnal,2,3.4113921520658845,,,,,8.267824986282994,7.7936507936507935,29,
72747694961,USW00094961,diurnal,3,3.81158611639956,,,,,9.976528281109395,8.544802867383513,31,
72747694961,USW00094961,diurnal,4,4.2203150111634855,,,,,10.183988251955402,9.511111111111111,30,
72747694961,USW00094961,diurnal,5,4.3320864196642255,,,,,10.6982439974176,9.81720430107527,31,
72747694961,USW00094961,diurnal,6,4.338917749309356,,,,,9.920360385669667,9.485185185185186,28,
72747694961,USW00094961,diurnal,7,5.022298369124224,,,,,11.714755998351055,10.093189964157707,31,
72747694961,USW00094961,diurnal,8,4.912442251274355,,,,,10.228222944016986,10.139784946236556,31,
72747694961,USW00094961,diurnal,9,4.79062451066049,,,,,11.109971008575474,9.08703703703704,30,
72747694961,USW00094961,diurnal,10,4.2075118428731635,,,,,10.889359223209922,6.915770609318996,31,
72747694961,USW00094961,diurnal,11,2.223584070782285,,,,,5.452211930553387,4.688888888888889,30,
72747694961,USW00094961,diurnal,12,2.1014580107290106,,,,,5.759637655648379,4.28136200716846,31,
72753014914,USW00014914,annual,0,15.33885654044149,17.00784814589793,201.68282802607803,199.3751679040228,2.307660122055239,,,365,
72753014914,USW00014914,diurnal,1,2.058312623419988,,,,,5.939183014400583,3.906810035842294,31,
72753014914,USW00014914,diurnal,2,3.2694812722461233,,,,,8.62323174195848,5.583333333333335,29,
72753014914,USW00014914,diurnal,3,3.725426486618943,,,,,10.241014075639972,6.621863799283154,31,
72753014914,USW00014914,diurnal,4,4.94849614054022,,,,,13.021355233359461,9.435185185185185,29,
72753014914,USW00014914,diurnal,5,4.824766687170772,,,,,11.442257036803777,10.36379928315412,31,
72753014914,USW00014914,diurnal,6,5.093321434378167,,,,,11.37303405730012,9.837037037037037,30,
72753014914,USW00014914,diurnal,7,5.237237094024663,,,,,11.393973018531218,10.102150537634408,31,
72753014914,USW00014914,diurnal,8,5.129528071280587,,,,,11.543296154116396,10.61827956989247,30,
72753014914,USW00014914,diurnal,9,6.063701918899273,,,,,13.003116767728962,10.2,30,
72753014914,USW00014914,diurnal,10,4.703220398334225,,,,,12.26713642727464,8.232974910394265,31,
72753014914,USW00014914,diurnal,11,2.2667993746252684,,,,,6.272501281215368,5.635185185185185,30,
72753014914,USW00014914,diurnal,12,1.9673322788515484,,,,,5.5157922822164185,3.779569892473118,31,
72753514919,USW00014919,annual,0,14.770044403472557,16.470097714285895,202.90853662614873,199.90881010567506,2.999726520473672,,,365,
72753514919,USW00014919,diurnal,1,2.5066523226343786,,,,,6.849512958893632,4.369175627240143,31,
72753514919,USW00014919,diurnal,2,4.181373303038237,,,,,10.216828110307846,5.793650793650795,28,
72753514919,USW00014919,diurnal,3,3.3762515380700338,,,,,8.795407860989846,7.344086021505376,31,
72753514919,USW00014919,diurnal,4,5.299154725569621,,,,,11.963943553470818,10.070370370370371,28,
72753514919,USW00014919,diurnal,5,5.299056329563993,,,,,11.800431394544459,10.46774193548387,31,
72753514919,USW00014919,diurnal,6,5.2941937896564895,,,,,11.438627433637409,9.942592592592593,30,
72753514919,USW00014919,diurnal,7,5.751137601321967,,,,,11.72625380660509,10.505376344086024,31,
72753514919,USW00014919,diurnal,8,4.566670852545411,,,,,10.121796685491034,11.055555555555555,31,
72753514919,USW00014919,diurnal,9,5.964933363509654,,,,,13.283943644063863,10.711111111111112,30,
72753514919,USW00014919,diurnal,10,5.605333199536081,,,,,13.404375917492231,8.858422939068099,31,
72753514919,USW00014919,diurnal,11,2.5137883665970637,,,,,7.207146329906001,6.374074074074074,30,
72753514919,USW00014919,diurnal,12,2.354199330957477,,,,,7.148183937892579,4.279569892473118,31,
72757594925,USW00094925,annual,0,14.96913913869968,17.10146109496026,200.58381991535745,199.3564962477584,1.2273236675990518,,,365,
72757594925,USW00094925,diurnal,1,2.3500298027235003,,,,,6.957412734193545,4.059139784946236,31,
72757594925,USW00094925,diurnal,2,3.0673616419883247,,,,,8.354705494492439,5.736111111111112,28,
72757594925,USW00094925,diurnal,3,3.5596702133633573,,,,,10.262351780448103,6.813620071684588,31,
72757594925,USW00094925,diurnal,4,5.678328515683505,,,,,14.043690102183568,10.085185185185185,29,
72757594925,USW00094925,diurnal,5,4.855274993513886,,,,,11.443292646412015,10.919354838709676,30,
72757594925,USW00094925,diurnal,6,5.270860790781974,,,,,11.481003753369059,10.34259259259259,30,
72757594925,USW00094925,diurnal,7,5.508734426351957,,,,,11.728165279831856,10.562724014336919,30,
72757594925,USW00094925,diurnal,8,5.376870036751706,,,,,11.656281032446511,11.523297491039425,31,
72757594925,USW00094925,diurnal,9,5.957466305662216,,,,,13.311113501239547,10.703703703703702,30,
72757594925,USW00094925,diurnal,10,5.600554415642235,,,,,13.492957314856534,8.489247311827958,31,
72757594925,USW00094925,diurnal,11,2.86077460355133,,,,,7.848729715408888,5.818518518518518,30,
72757594925,USW00094925,diurnal,12,2.2510771722262968,,,,,6.59194928802809,3.903225806451613,30,
72764024011,USW00024011,annual,0,14.839837637120478,15.965357528772055,200.87528693584935,198.54502423174785,2.3302627041015,,,365,
72764024011,USW00024011,diurnal,1,2.539374946389967,,,,,6.982583115417942,5.632616487455197,31,
72764024011,USW00024011,diurnal,2,4.604514514152575,,,,,11.934216502767061,7.049603174603175,29,
72764024011,USW00024011,diurnal,3,3.563545196568299,,,,,11.34278707708174,8.99641577060932,31,
72764024011,USW00024011,diurnal,4,5.071070792508996,,,,,12.337810788342562,11.325925925925924,29,
72764024011,USW00024011,diurnal,5,5.79978430896416,,,,,13.239799386896278,11.390681003584227,31,
72764024011,USW00024011,diurnal,6,6.1976256008257185,,,,,14.490897238633057,11.222222222222221,30,
72764024011,USW00024011,diurnal,7,6.550657962544078,,,,,13.846362374605445,12.28136200716846,31,
72764024011,USW00024011,diurnal,8,4.849105056942287,,,,,11.917027525857318,12.948028673835127,31,
72764024011,USW00024011,diurnal,9,7.609211251945846,,,,,17.596743534819893,12.094444444444445,30,
72764024011,USW00024011,diurnal,10,7.900606818125493,,,,,17.098944023301343,10.353046594982079,31,
72764024011,USW00024011,diurnal,11,3.585789821070229,,,,,9.544764990919653,7.7814814814814826,30,
72764024011,USW00024011,diurnal,12,3.6430454038206994,,,,,9.69893793669687,5.842293906810036,31,
72767594011,USW00094011,annual,0,15.411025350164419,16.38607640983526,201.68516666592706,199.01283180709473,2.672334858832329,,,365,
72767594011,USW00094011,diurnal,1,2.266640695165363,,,,,7.02066282690226,4.448028673835126,31,
72767594011,USW00094011,diurnal,2,3.4801243136148794,,,,,10.084456470188059,5.952380952380951,29,
72767594011,USW00094011,diurnal,3,3.808182141112991,,,,,8.885158603346058,7.758064516129033,30,
72767594011,USW00094011,diurnal,4,5.677642075781023,,,,,13.43294772540849,10.750000000000002,30,
72767594011,USW00094011,diurnal,5,5.478425338423643,,,,,12.81965025075304,11.25268817204301,31,
72767594011,USW00094011,diurnal,6,4.919899897139187,,,,,12.571385080758217,10.52037037037037,30,
72767594011,USW00094011,diurnal,7,6.4557061104885465,,,,,12.958191379875155,11.469534050179213,30,
72767594011,USW00094011,diurnal,8,5.318820843910652,,,,,13.578206584942397,12.926523297491036,31,
72767594011,USW00094011,diurnal,9,7.904995943302744,,,,,16.938218123733463,11.844444444444441,30,
72767594011,USW00094011,diurnal,10,6.856688402512959,,,,,16.152417507516105,9.482078853046595,31,
72767594011,USW00094011,diurnal,11,2.9913372449199036,,,,,8.73444924058371,6.127777777777777,30,
72767594011,USW00094011,diurnal,12,2.856406151929449,,,,,9.552826519157481,4.397849462365592,30,
72767624013,USW00024013,annual,0,15.316058175273982,15.84315491901822,202.5751192006849,199.5360975764377,3.039021624247198,,,365,
72767624013,USW00024013,diurnal,1,2.322321295048691,,,,,6.269062229011289,4.1487455197132626,27,
72767624013,USW00024013,diurnal,2,3.3714646973935083,,,,,9.681238853500794,5.648809523809525,29,
72767624013,USW00024013,diurnal,3,4.166894622154238,,,,,10.038357960994347,7.25268817204301,31,
72767624013,USW00024013,diurnal,4,5.32091060872905,,,,,13.827239887698784,9.805555555555555,27,
72767624013,USW00024013,diurnal,5,5.75921513543295,,,,,13.104203945177442,10.446236559139782,31,
72767624013,USW00024013,diurnal,6,5.434130106234728,,,,,12.411982936280259,9.822222222222223,30,
72767624013,USW00024013,diurnal,7,6.195720821693597,,,,,12.824769192189095,10.759856630824375,31,
72767624013,USW00024013,diurnal,8,5.29457713227285,,,,,11.71717936849683,11.829749103942655,31,
72767624013,USW00024013,diurnal,9,7.5194395410947,,,,,15.843363548761282,10.70185185185185,30,
72767624013,USW00024013,diurnal,10,6.117515421328579,,,,,14.254233273221036,8.516129032258066,31,
72767624013,USW00024013,diurnal,11,2.570782469359843,,,,,6.890981571159125,5.766666666666667,30,
72767624013,USW00024013,diurnal,12,2.792380122627951,,,,,8.21767114000709,4.277777777777778,30,
72768094008,USW00094008,annual,0,15.33829341157758,15.675167961362574,199.85098078715077,197.93126984917123,1.919710937979545,,,365,
72768094008,USW00094008,diurnal,1,3.8324946823247354,,,,,10.115291531849293,5.25268817204301,31,
72768094008,USW00094008,diurnal,2,3.135409935861996,,,,,9.312395397815745,7.1150793650793664,29,
72768094008,USW00094008,diurnal,3,3.8381521272770125,,,,,11.668161563281966,9.247311827956988,31,
72768094008,USW00094008,diurnal,4,6.864574863803335,,,,,16.110104647821633,11.596296296296298,29,
72768094008,USW00094008,diurnal,5,5.460503697868683,,,,,12.673579327650486,11.541218637992833,31,
72768094008,USW00094008,diurnal,6,6.2959299249062015,,,,,15.499006303763398,11.342592592592597,30,
72768094008,USW00094008,diurnal,7,7.5024121133051835,,,,,16.963775688249477,13.430107526881718,31,
72768094008,USW00094008,diurnal,8,7.215542305497611,,,,,16.076243318548684,13.919354838709678,31,
72768094008,USW00094008,diurnal,9,7.2060305013585815,,,,,17.489481373916803,12.638888888888888,30,
72768094008,USW00094008,diurnal,10,6.305549909939013,,,,,15.411248964402114,10.607526881720428,31,
72768094008,USW00094008,diurnal,11,3.9936024963939714,,,,,10.181279060821247,7.670370370370369,30,
72768094008,USW00094008,diurnal,12,2.5627314536975936,,,,,7.918688920677486,5.632616487455197,31,
72772024144,USW00024144,annual,0,12.701201285431944,12.884421242212289,186.21767184101444,198.59988244347645,-12.38221060246201,,,365,
72772024144,USW00024144,diurnal,1,3.253564150413846,,,,,9.580130871791763,5.71505376344086,31,
72772024144,USW00024144,diurnal,2,2.4280056315786664,,,,,7.6690369222487895,7.492063492063492,29,
72772024144,USW00024144,diurnal,3,4.170848360658431,,,,,10.817692677511717,9.668458781362009,31,
72772024144,USW00024144,diurnal,4,4.127312955722917,,,,,10.88859161835047,10.687037037037038,28,
72772024144,USW00024144,diurnal,5,4.663523961482496,,,,,13.471643177543573,11.0663082437276,31,
72772024144,USW00024144,diurnal,6,6.83082273552859,,,,,16.43035548274389,11.777777777777777,30,
72772024144,USW00024144,diurnal,7,7.983576932082685,,,,,17.382524889379813,14.620071684587812,28,
72772024144,USW00024144,diurnal,8,6.751345136363364,,,,,16.772361230185915,15.17204301075269,31,
72772024144,USW00024144,diurnal,9,6.438514503242692,,,,,15.722970773373032,13.275925925925925,30,
72772024144,USW00024144,diurnal,10,6.5285117893351,,,,,16.108268797497487,10.338709677419352,31,
72772024144,USW00024144,diurnal,11,3.4939840542203244,,,,,9.285305965323467,7.109259259259259,30,
72772024144,USW00024144,diurnal,12,2.6588447086639904,,,,,8.501033117260102,5.507168458781361,30,
72773024153,USW00024153,annual,0,11.305738088307967,11.966222157622422,189.0279749388438,197.32811896125364,-8.300144022409825,,,365,
72773024153,USW00024153,diurnal,1,1.7008979026656037,,,,,5.105598762675601,4.295698924731182,31,
72773024153,USW00024153,diurnal,2,2.1499183859118403,,,,,6.590447861438716,6.3690476190476195,29,
72773024153,USW00024153,diurnal,3,4.4328125383243,,,,,12.154136113603517,9.372759856630825,31,
72773024153,USW00024153,diurnal,4,4.318433859136759,,,,,11.404793581438762,10.883333333333335,29,
72773024153,USW00024153,diurnal,5,5.456521917230083,,,,,12.972180638081571,12.032258064516132,31,
72773024153,USW00024153,diurnal,6,7.486920172272153,,,,,17.384846895589796,12.574074074074078,30,
72773024153,USW00024153,diurnal,7,9.703797484330188,,,,,20.722409944580484,16.51254480286738,31,
72773024153,USW00024153,diurnal,8,7.907634838937916,,,,,19.12182569721015,16.913978494623652,31,
72773024153,USW00024153,diurnal,9,6.868052375800728,,,,,18.046762023947743,14.49814814814815,30,
72773024153,USW00024153,diurnal,10,6.721082376714428,,,,,16.926335768990487,10.61469534050179,31,
72773024153,USW00024153,diurnal,11,2.4329905841874613,,,,,6.857128432706718,6.011111111111111,30,
72773024153,USW00024153,diurnal,12,2.1819596656044578,,,,,6.56305462531503,3.9838709677419364,31,
72775024143,USW00024143,annual,0,12.026592852332941,11.89714184958986,196.89265132483234,201.83933115116886,-4.946679826336521,,,365,
72775024143,USW00024143,diurnal,1,4.109909002846046,,,,,10.651185234441542,5.148745519713262,25,
72775024143,USW00024143,diurnal,2,2.4294848479709548,,,,,6.869421048563341,6.678571428571428,29,
72775024143,USW00024143,diurnal,3,4.6028359732187525,,,,,11.462379569461296,8.679211469534051,31,
72775024143,USW00024143,diurnal,4,5.500624184209231,,,,,12.883199952332143,10.02037037037037,29,
72775024143,USW00024143,diurnal,5,5.628594284914381,,,,,13.246502561204899,10.960573476702509,31,
72775024143,USW00024143,diurnal,6,7.105824492645802,,,,,16.858508202031715,11.588888888888887,30,
72775024143,USW00024143,diurnal,7,9.162374576404458,,,,,18.992499066936603,14.971326164874553,31,
72775024143,USW00024143,diurnal,8,7.9089335737580715,,,,,17.768630830138747,14.89068100358423,31,
72775024143,USW00024143,diurnal,9,6.582715952447016,,,,,14.257261884385478,12.335185185185185,30,
72775024143,USW00024143,diurnal,10,6.08751650757025,,,,,14.156947936771976,8.808243727598567,31,
72775024143,USW00024143,diurnal,11,3.766937512202669,,,,,9.643580756398784,5.642592592592593,30,
72775024143,USW00024143,diurnal,12,2.9507569603549983,,,,,9.810813180268697,4.64336917562724,30,
72777094012,USW00094012,annual,0,14.461134755032273,14.206351283889314,194.3972600764618,197.32002401096952,-2.9227639345077137,,,365,
72777094012,USW00094012,diurnal,1,4.049536672073345,,,,,10.760035024525965,5.783154121863799,31,
72777094012,USW00094012,diurnal,2,3.806339711010881,,,,,9.385750406263119,7.742063492063492,29,
72777094012,USW00094012,diurnal,3,4.153846814723735,,,,,10.465543663771378,10.053763440860216,31,
72777094012,USW00094012,diurnal,4,6.180309995529946,,,,,14.671072757809299,12.085185185185185,29,
72777094012,USW00094012,diurnal,5,4.953110368296005,,,,,12.761545365316312,12.405017921146955,31,
72777094012,USW00094012,diurnal,6,6.340924830338592,,,,,16.249707351544938,12.307407407407405,30,
72777094012,USW00094012,diurnal,7,8.61954341689267,,,,,18.143121924089,15.41397849462366,31,
72777094012,USW00094012,diurnal,8,7.498425684306572,,,,,16.74701208019558,15.75268817204301,31,
72777094012,USW00094012,diurnal,9,7.274703988183212,,,,,17.284110613876024,14.116666666666667,30,
72777094012,USW00094012,diurnal,10,7.710466338653018,,,,,17.360464953909712,11.410394265232974,31,
72777094012,USW00094012,diurnal,11,3.546571126782416,,,,,9.872363858881876,7.4981481481481485,30,
72777094012,USW00094012,diurnal,12,2.9329125358885006,,,,,9.377472685753101,6.043010752688171,31,
72781024243,USW00024243,annual,0,11.591967463699442,11.723645050299691,190.55176308474,195.59982756247823,-5.048064477738222,,,365,
72781024243,USW00024243,diurnal,1,1.443134097882087,,,,,4.806319959697154,5.716845878136201,31,
72781024243,USW00024243,diurnal,2,3.766781831630189,,,,,9.632959569276517,9.097222222222223,29,
72781024243,USW00024243,diurnal,3,6.1641571438823615,,,,,14.830120441535044,11.727598566308245,31,
72781024243,USW00024243,diurnal,4,6.60529500885347,,,,,16.266225093101472,13.266666666666667,29,
72781024243,USW00024243,diurnal,5,7.121150092721764,,,,,16.450756588952657,14.010752688172044,31,
72781024243,USW00024243,diurnal,6,7.696428923652908,,,,,17.346439466001176,14.368518518518519,30,
72781024243,USW00024243,diurnal,7,8.260924729745707,,,,,19.639001570422792,16.810035842293907,31,
72781024243,USW00024243,diurnal,8,7.632993910287228,,,,,18.10910124093131,17.234767025089607,31,
72781024243,USW00024243,diurnal,9,7.600716151961372,,,,,17.76910939209825,16.596296296296295,30,
72781024243,USW00024243,diurnal,10,7.798616398088297,,,,,17.763228607399657,13.383512544802867,31,
72781024243,USW00024243,diurnal,11,2.8739689513838798,,,,,8.286396732866889,8.842592592592592,30,
72781024243,USW00024243,diurnal,12,1.9045363323639237,,,,,5.636521757594307,5.555555555555555,30,
72782594239,USW00094239,annual,0,12.412319017716463,12.545298520370913,194.55325487830328,197.11040587300081,-2.557150994697537,,,365,
72782594239,USW00094239,diurnal,1,1.0620977457165108,,,,,3.0929813500841736,3.012544802867383,31,
72782594239,USW00094239,diurnal,2,2.6166043148412856,,,,,6.9890612597263555,5.988095238095236,29,
72782594239,USW00094239,diurnal,3,4.43470328802896,,,,,10.395716357139609,8.620071684587813,31,
72782594239,USW00094239,diurnal,4,4.69800670805029,,,,,10.781314707745981,9.953703703703704,29,
72782594239,USW00094239,diurnal,5,4.981584527957881,,,,,12.119891769063877,10.926523297491038,30,
72782594239,USW00094239,diurnal,6,5.560257506158617,,,,,12.465227110975901,11.057407407407407,30,
72782594239,USW00094239,diurnal,7,6.3765067038567995,,,,,14.560102588628464,12.704301075268816,31,
72782594239,USW00094239,diurnal,8,5.834345458372517,,,,,12.786051633777166,12.32795698924731,31,
72782594239,USW00094239,diurnal,9,5.261846821472739,,,,,12.791492985495431,11.614814814814816,28,
72782594239,USW00094239,diurnal,10,4.022624127497452,,,,,9.264572012111486,9.037634408602152,23,
72782594239,USW00094239,diurnal,11,2.2401756792949765,,,,,5.872239866683108,5.157407407407407,24,
72782594239,USW00094239,diurnal,12,0.6532791881624944,,,,,2.311579781503418,2.7347670250896057,29,
72783024149,USW00024149,annual,0,11.283646435666729,11.035600108967214,194.3388315021855,199.3042153447775,-4.96538384259199,,,365,
72783024149,USW00024149,diurnal,1,1.7232333984646104,,,,,5.574234688039507,3.9175627240143367,31,
72783024149,USW00024149,diurnal,2,2.295012953217602,,,,,6.087825795514128,6.265873015873017,29,
72783024149,USW00024149,diurnal,3,4.287221477997375,,,,,10.812134580615961,8.302867383512543,31,
72783024149,USW00024149,diurnal,4,4.645278188636816,,,,,11.788016639487333,9.681481481481482,29,
72783024149,USW00024149,diurnal,5,5.752506569970735,,,,,13.468784123982694,10.890681003584227,31,
72783024149,USW00024149,diurnal,6,6.273778512169367,,,,,14.262672784039626,11.583333333333334,30,
72783024149,USW00024149,diurnal,7,8.024139084970766,,,,,17.838998304023118,14.440860215053764,31,
72783024149,USW00024149,diurnal,8,6.676595900687429,,,,,15.8729031738505,14.5089605734767,31,
72783024149,USW00024149,diurnal,9,6.600741901154472,,,,,15.286839841629101,12.946296296296294,30,
72783024149,USW00024149,diurnal,10,4.9445136232966975,,,,,12.501133401715252,9.489247311827956,31,
72783024149,USW00024149,diurnal,11,2.1847154055663927,,,,,5.994539660032444,5.144444444444446,30,
72783024149,USW00024149,diurnal,12,1.8872826583030804,,,,,5.6153041608080025,3.3315412186379936,31,
72784624160,USW00024160,annual,0,11.278435252048899,10.980653259431053,192.24608098315719,199.1303308332119,-6.884249850054715,,,365,
72784624160,USW00024160,diurnal,1,1.4730050475278065,,,,,4.823552555036009,2.9426523297491034,31,
72784624160,USW00024160,diurnal,2,2.429061605941519,,,,,7.412493440373593,5.031746031746031,29,
72784624160,USW00024160,diurnal,3,3.6965689474457726,,,,,9.117165137887547,7.415770609318996,31,
72784624160,USW00024160,diurnal,4,4.746290238553293,,,,,11.323330374863694,9.140740740740743,30,
72784624160,USW00024160,diurnal,5,5.272408522045305,,,,,11.816242723726083,10.439068100358424,31,
72784624160,USW00024160,diurnal,6,5.5559970150576845,,,,,13.206967971104577,11.566666666666666,30,
72784624160,USW00024160,diurnal,7,6.997650993059928,,,,,15.755462287757325,13.727598566308242,31,
72784624160,USW00024160,diurnal,8,5.715787381185982,,,,,13.182435740557803,13.320788530465952,31,
72784624160,USW00024160,diurnal,9,5.30431895321259,,,,,13.564423099321878,11.816666666666668,26,
72784624160,USW00024160,diurnal,10,4.413067071076614,,,,,11.466344223112948,8.508960573476703,31,
72784624160,USW00024160,diurnal,11,2.069403627313762,,,,,5.66790325652684,4.259259259259259,30,
72784624160,USW00024160,diurnal,12,1.2094042147913668,,,,,4.0524479174809755,2.5286738351254487,31,
72785024157,USW00024157,annual,0,11.755214751729897,11.569544115660417,193.16939195517162,199.35781318153425,-6.188421226362635,,,365,
72785024157,USW00024157,diurnal,1,1.713901035570418,,,,,4.468508889496275,3.3781362007168467,31,
72785024157,USW00024157,diurnal,2,1.958310841192631,,,,,5.528602322990622,5.70436507936508,29,
72785024157,USW00024157,diurnal,3,4.005532455078236,,,,,10.056015471422151,7.89247311827957,31,
72785024157,USW00024157,diurnal,4,4.861418756971927,,,,,12.705541209823156,9.40925925925926,30,
72785024157,USW00024157,diurnal,5,5.44790624457574,,,,,12.426622812237294,10.551971326164876,31,
72785024157,USW00024157,diurnal,6,5.88531359207975,,,,,13.30033253938161,11.092592592592592,30,
72785024157,USW00024157,diurnal,7,7.326675070273013,,,,,15.948971764987906,13.345878136200717,31,
72785024157,USW00024157,diurnal,8,6.081877370580436,,,,,14.683215988341818,13.543010752688174,31,
72785024157,USW00024157,diurnal,9,6.001359454041669,,,,,14.817698924883315,12.238888888888889,30,
72785024157,USW00024157,diurnal,10,4.499778601484543,,,,,12.019008252644579,9.186379928315414,31,
72785024157,USW00024157,diurnal,11,1.5561708241608798,,,,,5.040678740469746,4.825925925925926,30,
72785024157,USW00024157,diurnal,12,1.212346943127798,,,,,3.544866368945949,3.078853046594982,31,
72785524114,USW00024114,annual,0,10.78441981975228,11.466819178564121,195.39444950300793,199.4600422784983,-4.065592775490359,,,365,
72785524114,USW00024114,diurnal,1,1.4213213039400496,,,,,4.225884049789499,3.2634408602150535,31,
72785524114,USW00024114,diurnal,2,1.8810296577848675,,,,,4.8664883605339275,5.60515873015873,29,
72785524114,USW00024114,diurnal,3,3.782802408104352,,,,,9.987454019629114,7.969534050179212,29,
72785524114,USW00024114,diurnal,4,4.404623949386281,,,,,12.123892131525356,9.653703703703705,30,
72785524114,USW00024114,diurnal,5,5.859722216089745,,,,,13.037715118049064,10.652329749103941,31,
72785524114,USW00024114,diurnal,6,6.299431442587791,,,,,14.395440276591874,11.483333333333333,30,
72785524114,USW00024114,diurnal,7,7.748307304258243,,,,,16.36315511418929,13.896057347670249,30,
72785524114,USW00024114,diurnal,8,6.142398226093973,,,,,15.304246260713912,13.976702508960571,31,
72785524114,USW00024114,diurnal,9,6.093200080619379,,,,,14.578588777499366,12.774074074074072,30,
72785524114,USW00024114,diurnal,10,5.422549434126117,,,,,12.736574993448636,9.516129032258066,31,
72785524114,USW00024114,diurnal,11,1.7677486028471936,,,,,4.854284870616722,4.996296296296297,30,
72785524114,USW00024114,diurnal,12,1.026457493559846,,,,,3.6449224576671817,3.0017921146953395,30,
72785694176,USW00094176,annual,0,10.959448402372551,11.04191226493549,198.01244073828812,199.10908492687824,-1.096644188590119,,,365,
72785694176,USW00094176,diurnal,1,1.6754858371096826,,,,,4.055414204560193,3.6738351254480284,31,
72785694176,USW00094176,diurnal,2,2.184197335394433,,,,,6.05621480842944,6.077380952380952,29,
72785694176,USW00094176,diurnal,3,4.182891968236231,,,,,10.498926343688783,8.516129032258066,31,
72785694176,USW00094176,diurnal,4,4.488462656245959,,,,,11.771260427297122,10.12962962962963,30,
72785694176,USW00094176,diurnal,5,5.195707067106561,,,,,12.10441049614072,11.46236559139785,31,
72785694176,USW00094176,diurnal,6,6.698446512710518,,,,,14.390521299896163,11.70185185185185,30,
72785694176,USW00094176,diurnal,7,8.549927791007072,,,,,18.662414157880562,14.589605734767025,31,
72785694176,USW00094176,diurnal,8,7.058484823968922,,,,,16.499154401058075,15.21863799283154,31,
72785694176,USW00094176,diurnal,9,6.309978804263576,,,,,15.507361656675185,13.650000000000002,30,
72785694176,USW00094176,diurnal,10,4.957943489882316,,,,,13.779164986318818,9.969534050179213,31,
72785694176,USW00094176,diurnal,11,1.715428199456945,,,,,5.002728405838436,5.046296296296297,30,
72785694176,USW00094176,diurnal,12,1.2655918416398246,,,,,3.630166874429124,3.2598566308243724,30,
72791094224,USW00094224,annual,0,4.508740949010016,5.166475604760164,210.26156465772667,213.65585841111897,-3.3942937533923043,,,365,
72791094224,USW00094224,diurnal,1,1.3044234846459664,,,,,4.518606610701613,3.4336917562724016,31,
72791094224,USW00094224,diurnal,2,2.0357836549458392,,,,,5.80739786706409,4.853174603174602,29,
72791094224,USW00094224,diurnal,3,2.0510839903314535,,,,,6.161911001023877,5.258064516129032,31,
72791094224,USW00094224,diurnal,4,2.4398156803903195,,,,,7.559622140074153,5.748148148148147,29,
72791094224,USW00094224,diurnal,5,2.306110758685678,,,,,6.468185285088322,5.885304659498208,31,
72791094224,USW00094224,diurnal,6,2.784756905894386,,,,,7.26895335662078,5.700000000000001,30,
72791094224,USW00094224,diurnal,7,2.8870484253450255,,,,,7.750024691613138,5.96594982078853,31,
72791094224,USW00094224,diurnal,8,2.4300813465852427,,,,,6.212578966295556,6.503584229390681,31,
72791094224,USW00094224,diurnal,9,2.2057086964546047,,,,,6.124199279139825,7.005555555555556,27,
72791094224,USW00094224,diurnal,10,2.2605164690109243,,,,,5.995818444802879,5.85304659498208,24,
72791094224,USW00094224,diurnal,11,1.8017334650078625,,,,,4.655644703166205,4.249999999999999,30,
72791094224,USW00094224,diurnal,12,1.4501356050747871,,,,,5.620541666243788,3.204301075268819,31,
72792024227,USW00024227,annual,0,6.445858750584002,7.099241910916059,203.02023345930274,204.28895223113597,-1.2687187718332211,,,365,
72792024227,USW00024227,diurnal,1,1.6949446788065254,,,,,5.465334397185787,4.204301075268817,31,
72792024227,USW00024227,diurnal,2,2.503107595282198,,,,,7.322569998054608,6.307539682539684,29,
72792024227,USW00024227,diurnal,3,2.6731824669265936,,,,,8.167800760249477,7.6953405017921135,31,
72792024227,USW00024227,diurnal,4,4.069023287521112,,,,,10.141701471081094,9.08888888888889,29,
72792024227,USW00024227,diurnal,5,5.276016847634029,,,,,12.02402671076596,10.396057347670252,31,
72792024227,USW00024227,diurnal,6,5.972644176482969,,,,,14.317298369588245,10.61111111111111,30,
72792024227,USW00024227,diurnal,7,8.082223420290104,,,,,17.885153029897392,12.879928315412187,30,
72792024227,USW00024227,diurnal,8,6.422595650819701,,,,,14.401804733779093,13.189964157706093,31,
72792024227,USW00024227,diurnal,9,4.7478544319020815,,,,,12.520138888365555,11.687037037037037,30,
72792024227,USW00024227,diurnal,10,3.991896915522431,,,,,11.11187953379585,7.92831541218638,31,
72792024227,USW00024227,diurnal,11,1.3459365237852814,,,,,4.568254325869307,5.0,30,
72792024227,USW00024227,diurnal,12,1.4993751171136844,,,,,4.576469386268987,3.7025089605734767,31,
72793024233,USW00024233,annual,0,6.5269802277407125,6.949377316544853,199.17608433540224,206.2548269057746,-7.078742570372356,,,365,
72793024233,USW00024233,diurnal,1,1.317035909877158,,,,,4.230960896280982,3.0752688172043015,31,
72793024233,USW00024233,diurnal,2,1.9887138508807807,,,,,5.092235444705437,4.549603174603175,29,
72793024233,USW00024233,diurnal,3,2.298527326279474,,,,,6.179105809337921,5.499999999999999,31,
72793024233,USW00024233,diurnal,4,3.047323637815215,,,,,7.8253429187229475,6.646296296296295,29,
72793024233,USW00024233,diurnal,5,3.5179578759941355,,,,,9.466624111152964,7.704301075268818,31,
72793024233,USW00024233,diurnal,6,4.035758476922028,,,,,9.5968594739666,8.014814814814816,30,
72793024233,USW00024233,diurnal,7,5.661031261221597,,,,,13.714916581073824,9.758064516129034,31,
72793024233,USW00024233,diurnal,8,4.1969692755059995,,,,,10.369508089637288,9.59677419354839,31,
72793024233,USW00024233,diurnal,9,3.253184312367267,,,,,8.396322603222268,8.007407407407408,30,
72793024233,USW00024233,diurnal,10,2.144636232325232,,,,,6.390637212631807,5.234767025089606,31,
72793024233,USW00024233,diurnal,11,1.3432932647525249,,,,,4.256762072770101,3.5296296296296292,30,
72793024233,USW00024233,diurnal,12,1.3098200707089727,,,,,4.574889408730886,2.7293906810035833,31,
72793524234,USW00024234,annual,0,6.863322019459741,7.116201184155433,198.62018031884,205.5135857220596,-6.893405403219589,,,365,
72793524234,USW00024234,diurnal,1,1.6371056562261734,,,,,4.606887195058613,3.727598566308244,31,
72793524234,USW00024234,diurnal,2,1.8666536640127387,,,,,5.4423542032770795,5.113095238095236,29,
72793524234,USW00024234,diurnal,3,2.331408521577886,,,,,6.197911481863963,5.8584229390681015,31,
72793524234,USW00024234,diurnal,4,3.105932014409264,,,,,7.53958968627531,6.677777777777778,30,
72793524234,USW00024234,diurnal,5,3.402726871969289,,,,,8.63594679046971,7.612903225806451,31,
72793524234,USW00024234,diurnal,6,3.610740978075426,,,,,9.749146677310117,7.78888888888889,30,
72793524234,USW00024234,diurnal,7,5.325143980383564,,,,,11.47750971211751,9.182795698924732,31,
72793524234,USW00024234,diurnal,8,4.386879936349153,,,,,10.070983714754075,9.062724014336919,31,
72793524234,USW00024234,diurnal,9,3.278845375476863,,,,,8.140146522654314,7.916666666666668,30,
72793524234,USW00024234,diurnal,10,2.5118445079595406,,,,,6.700181506514326,5.5949820788530475,31,
72793524234,USW00024234,diurnal,11,1.5644152442754797,,,,,4.720732838946454,4.111111111111112,30,
72793524234,USW00024234,diurnal,12,1.6670958247636531,,,,,5.0485097569026145,3.372759856630824,31,
72797094240,USW00094240,annual,0,4.2966066454802405,5.363700067306588,202.37287620594822,212.03213743466284,-9.659261228714627,,,365,
72797094240,USW00094240,diurnal,1,1.4268797306739551,,,,,4.380347518453144,3.7813620071684566,30,
72797094240,USW00094240,diurnal,2,2.1306140039551797,,,,,5.552514215514878,5.178571428571429,29,
72797094240,USW00094240,diurnal,3,2.7680500043985075,,,,,7.221523563150228,5.666666666666667,31,
72797094240,USW00094240,diurnal,4,3.5754677103414094,,,,,8.270241376900522,6.427777777777778,30,
72797094240,USW00094240,diurnal,5,3.076385488214801,,,,,7.478162623529862,6.840501792114696,31,
72797094240,USW00094240,diurnal,6,2.8723226198724414,,,,,7.247501669491439,6.4740740740740765,30,
72797094240,USW00094240,diurnal,7,3.2982363730219766,,,,,8.519139265836035,6.996415770609321,31,
72797094240,USW00094240,diurnal,8,2.473203291041623,,,,,6.471313153191803,7.629032258064514,31,
72797094240,USW00094240,diurnal,9,2.7565442501413493,,,,,7.341483534834346,7.9981481481481485,30,
72797094240,USW00094240,diurnal,10,2.890812490296874,,,,,7.66721146259699,6.259856630824372,31,
72797094240,USW00094240,diurnal,11,1.4399135757617698,,,,,4.536838606142376,4.396296296296297,30,
72797094240,USW00094240,diurnal,12,1.4968780917324438,,,,,4.385282989632088,3.480286738351253,31,
72797624217,USW00024217,annual,0,6.251959035131344,6.793203964639999,194.74845311867958,203.23596953185938,-8.487516413179804,,,365,
72797624217,USW00024217,diurnal,1,1.628349156701908,,,,,5.485339095624954,3.4408602150537644,31,
72797624217,USW00024217,diurnal,2,1.8418395025462562,,,,,6.0641788606807365,4.9682539682539675,29,
72797624217,USW00024217,diurnal,3,2.352010018467804,,,,,6.218920305500346,5.734767025089605,31,
72797624217,USW00024217,diurnal,4,2.522628194105879,,,,,6.690893455749327,6.649999999999998,30,
72797624217,USW00024217,diurnal,5,2.8119647512054438,,,,,7.243081608101667,7.225806451612903,31,
72797624217,USW00024217,diurnal,6,3.0014905439005855,,,,,7.928777862587043,6.82962962962963,30,
72797624217,USW00024217,diurnal,7,4.2825779158682336,,,,,9.899191704349066,8.007168458781363,31,
72797624217,USW00024217,diurnal,8,3.392061825630208,,,,,9.147180553624812,8.25268817204301,31,
72797624217,USW00024217,diurnal,9,2.911658728529083,,,,,8.333379111565755,7.727777777777777,30,
72797624217,USW00024217,diurnal,10,2.225917656560823,,,,,5.903403461369724,5.688172043010754,31,
72797624217,USW00024217,diurnal,11,1.5226547839526101,,,,,4.372878745941719,3.7944444444444443,30,
72797624217,USW00024217,diurnal,12,1.6368753627632557,,,,,5.340176235980903,2.9086021505376345,31,
74206024207,USW00024207,annual,0,6.501100035397074,7.333205567920936,200.43824389295636,203.80912735402057,-3.37088346106421,,,365,
74206024207,USW00024207,diurnal,1,1.9676898875131719,,,,,5.553489535747591,4.754480286738351,31,
74206024207,USW00024207,diurnal,2,2.554777369787122,,,,,7.210510484789413,6.702380952380953,29,
74206024207,USW00024207,diurnal,3,2.528922110567339,,,,,7.821145978529489,7.70967741935484,31,
74206024207,USW00024207,diurnal,4,3.9162873673922487,,,,,9.89538125046824,8.92222222222222,30,
74206024207,USW00024207,diurnal,5,4.60321679464513,,,,,11.142289918986094,9.774193548387098,31,
74206024207,USW00024207,diurnal,6,5.165877271282172,,,,,13.30565610764048,9.822222222222225,30,
74206024207,USW00024207,diurnal,7,7.181637554905036,,,,,15.387691651244317,11.7831541218638,28,
74206024207,USW00024207,diurnal,8,6.121513598458965,,,,,13.47439963096002,12.173835125448031,31,
74206024207,USW00024207,diurnal,9,4.947055621594153,,,,,12.058279329478395,11.168518518518518,30,
74206024207,USW00024207,diurnal,10,3.5915212725532717,,,,,9.663077840805341,7.958781362007167,31,
74206024207,USW00024207,diurnal,11,1.7570137971587108,,,,,5.847100432455461,5.601851851851852,30,
74206024207,USW00024207,diurnal,12,2.1100452058895693,,,,,5.974175724982565,4.327956989247311,30,
74230024037,USW00024037,annual,0,14.261357288836255,14.87356788890886,199.51919683447935,198.18340104012034,1.3357957943590009,,,365,
74230024037,USW00024037,diurnal,1,4.314176235008503,,,,,10.869602313053608,6.496415770609319,27,
74230024037,USW00024037,diurnal,2,3.461776556870921,,,,,9.62807455369854,8.115079365079366,29,
74230024037,USW00024037,diurnal,3,5.2629129159014365,,,,,11.922934011438425,10.333333333333332,31,
74230024037,USW00024037,diurnal,4,6.672581684894582,,,,,15.425338344460064,10.955555555555556,29,
74230024037,USW00024037,diurnal,5,6.057944652839672,,,,,13.544965877148936,11.186379928315413,31,
74230024037,USW00024037,diurnal,6,6.365766453795605,,,,,13.76874173342648,11.661111111111113,28,
74230024037,USW00024037,diurnal,7,7.213340222882591,,,,,15.890090344672355,13.879928315412187,30,
74230024037,USW00024037,diurnal,8,6.922924854964881,,,,,15.521196141686827,14.14874551971326,29,
74230024037,USW00024037,diurnal,9,7.835070436211701,,,,,17.86885306352695,13.253703703703703,30,
74230024037,USW00024037,diurnal,10,7.13113133675669,,,,,16.006763284453932,10.948028673835124,31,
74230024037,USW00024037,diurnal,11,4.447567881058659,,,,,10.703023520962164,8.90925925925926,30,
74230024037,USW00024037,diurnal,12,3.4596998848237104,,,,,8.22130480499181,7.315412186379928,31,
74370014715,USW00014715,annual,0,12.711759189096455,13.855703189957973,204.57461044500306,203.50001881710944,1.074591627893625,,,365,
74370014715,USW00014715,diurnal,1,1.719882918043471,,,,,4.130038671803413,3.7867383512544808,31,
74370014715,USW00014715,diurnal,2,3.0437883416487304,,,,,7.145127331727863,4.982142857142857,29,
74370014715,USW00014715,diurnal,3,2.533677092777578,,,,,7.380264284142349,6.197132616487455,27,
74370014715,USW00014715,diurnal,4,3.437927284518623,,,,,8.825516960582652,7.683333333333334,28,
74370014715,USW00014715,diurnal,5,3.3098552989384977,,,,,8.524125491581412,8.851254480286737,29,
74370014715,USW00014715,diurnal,6,2.9541601741823347,,,,,8.074239584978752,8.594444444444445,30,
74370014715,USW00014715,diurnal,7,4.301694488199055,,,,,9.686885433609003,8.600358422939067,29,
74370014715,USW00014715,diurnal,8,3.4280380988719066,,,,,7.8865382937492825,8.883512544802866,31,
74370014715,USW00014715,diurnal,9,5.179293691314365,,,,,11.924569579521126,8.618518518518519,30,
74370014715,USW00014715,diurnal,10,3.928413098186699,,,,,10.27807582145889,6.523297491039426,31,
74370014715,USW00014715,diurnal,11,2.7863420827473036,,,,,8.125282078006997,4.537037037037037,30,
74370014715,USW00014715,diurnal,12,1.8577060748104528,,,,,6.658826235647727,3.259856630824373,31,
74394514710,USW00014710,annual,0,12.463564945976385,13.067694615991758,203.6012289068754,203.09532947437623,0.5058994324991772,,,365,
74394514710,USW00014710,diurnal,1,1.887057951766605,,,,,7.05701632349518,5.697132616487456,31,
74394514710,USW00014710,diurnal,2,3.9682273416975447,,,,,9.02321966056669,6.98015873015873,29,
74394514710,USW00014710,diurnal,3,3.6438527514957175,,,,,8.576000666158661,7.586021505376343,31,
74394514710,USW00014710,diurnal,4,4.124662025758472,,,,,9.903791206149343,9.011111111111113,30,
74394514710,USW00014710,diurnal,5,4.3703850782302665,,,,,9.991414343233348,9.637992831541219,31,
74394514710,USW00014710,diurnal,6,4.9939665304338146,,,,,11.144253609233198,9.324074074074073,30,
74394514710,USW00014710,diurnal,7,5.371005411438301,,,,,11.402134365982931,9.225806451612904,31,
74394514710,USW00014710,diurnal,8,4.597938562754799,,,,,11.035934070551162,9.42114695340502,31,
74394514710,USW00014710,diurnal,9,4.920391966224234,,,,,11.566143589662936,9.029629629629628,30,
74394514710,USW00014710,diurnal,10,4.749938825445835,,,,,11.59464254703394,8.134408602150538,31,
74394514710,USW00014710,diurnal,11,3.524451036686517,,,,,9.395528452021033,6.331481481481481,30,
74394514710,USW00014710,diurnal,12,2.742866667169398,,,,,8.286015859720939,5.277777777777778,30,
74486094789,USW00094789,annual,0,11.097034625158953,11.663583858002026,208.5840584143089,207.22402551240157,1.3600329019073456,,,365,
74486094789,USW00094789,diurnal,1,1.7083198603062504,,,,,5.097294773955257,3.854838709677419,31,
74486094789,USW00094789,diurnal,2,2.310810610448863,,,,,5.608347767775228,4.688492063492063,29,
74486094789,USW00094789,diurnal,3,2.9862938968979935,,,,,7.066157302474888,5.318996415770609,31,
74486094789,USW00094789,diurnal,4,3.154896755833095,,,,,7.453821666469875,5.872222222222223,29,
74486094789,USW00094789,diurnal,5,3.1928481597229155,,,,,7.747608311073769,6.028673835125447,31,
74486094789,USW00094789,diurnal,6,3.2225883913129367,,,,,7.766757501424786,6.1796296296296305,30,
74486094789,USW00094789,diurnal,7,2.859092082441922,,,,,6.460871511358572,6.1164874551971335,31,
74486094789,USW00094789,diurnal,8,2.7135004183707463,,,,,7.903811763321411,5.905017921146953,31,
74486094789,USW00094789,diurnal,9,3.372794511521226,,,,,7.910206743102812,5.914814814814815,30,
74486094789,USW00094789,diurnal,10,3.4241291049092504,,,,,8.23886594398883,5.528673835125447,31,
74486094789,USW00094789,diurnal,11,2.8379454667488,,,,,7.718048667156504,4.662962962962964,30,
74486094789,USW00094789,diurnal,12,2.40978535861549,,,,,5.817642193303082,3.5967741935483875,31,
74516023202,USW00023202,annual,0,7.576755047675247,7.0472877082699075,209.63432532042805,209.39797950820991,0.23634581221813278,,,365,
74516023202,USW00023202,diurnal,1,2.7515572097102554,,,,,8.705461938336352,7.935483870967741,31,
74516023202,USW00023202,diurnal,2,3.471240417344348,,,,,8.621119780223541,9.136904761904761,29,
74516023202,USW00023202,diurnal,3,4.072576592442732,,,,,9.451175203498618,10.130824372759855,30,
74516023202,USW00023202,diurnal,4,6.972131079140578,,,,,14.884353538257411,11.516666666666667,30,
74516023202,USW00023202,diurnal,5,7.742178350206914,,,,,16.30001325334666,13.17921146953405,29,
74516023202,USW00023202,diurnal,6,8.43883476373535,,,,,18.352391260093732,15.022222222222219,30,
74516023202,USW00023202,diurnal,7,9.196638013425707,,,,,19.378202259867933,16.24372759856631,31,
74516023202,USW00023202,diurnal,8,8.291296902570409,,,,,18.05605129811422,16.14336917562724,30,
74516023202,USW00023202,diurnal,9,8.428727826605247,,,,,18.416284441733094,15.566666666666668,30,
74516023202,USW00023202,diurnal,10,6.502274869392562,,,,,15.333996484359657,13.58064516129032,31,
74516023202,USW00023202,diurnal,11,4.480818634187955,,,,,12.063488999658677,10.772222222222222,30,
74516023202,USW00023202,diurnal,12,3.3585350936534715,,,,,7.614145001922863,8.114695340501791,30,
74570013840,USW00013840,annual,0,11.199955190423582,12.57220855558003,191.68734392714416,199.72552039707412,-8.038176469929965,,,365,
74570013840,USW00013840,diurnal,1,2.172033311591775,,,,,5.545775408978022,4.489247311827957,31,
74570013840,USW00013840,diurnal,2,4.619235162773101,,,,,11.19047500266703,5.918650793650793,29,
74570013840,USW00013840,diurnal,3,4.200089098709679,,,,,10.362788974577384,7.750896057347668,31,
74570013840,USW00013840,diurnal,4,4.238228851112943,,,,,9.398436496250177,9.183333333333335,30,
74570013840,USW00013840,diurnal,5,3.9336763230384664,,,,,9.847208300648504,9.43727598566308,30,
74570013840,USW00013840,diurnal,6,4.7285711357623565,,,,,10.905202182832477,9.357407407407404,30,
74570013840,USW00013840,diurnal,7,4.330963765907812,,,,,10.330633098065121,9.283154121863797,31,
74570013840,USW00013840,diurnal,8,5.259427662771475,,,,,10.883118869577096,9.836917562724015,31,
74570013840,USW00013840,diurnal,9,6.291872084143298,,,,,13.893743584644497,10.303703703703706,30,
74570013840,USW00013840,diurnal,10,6.518130241379292,,,,,14.16275853595426,9.286738351254478,31,
74570013840,USW00013840,diurnal,11,2.8787032351942,,,,,7.487937964376666,6.827777777777778,30,
74570013840,USW00013840,diurnal,12,2.211701898807472,,,,,6.645579220714576,4.621863799283155,31,
74594013705,USW00013705,annual,0,10.75130963382777,11.613009556046334,199.12029611912308,200.85463428315643,-1.7343381640333462,,,365,
74594013705,USW00013705,diurnal,1,2.7574716482391564,,,,,7.854865915379084,5.775985663082436,31,
74594013705,USW00013705,diurnal,2,4.231411441819906,,,,,10.214159774528316,6.894841269841268,29,
74594013705,USW00013705,diurnal,3,4.097217084571126,,,,,9.274529464545413,8.127240143369175,30,
74594013705,USW00013705,diurnal,4,4.0705991895683535,,,,,9.77021407983139,9.088888888888887,30,
74594013705,USW00013705,diurnal,5,3.8040085291589714,,,,,9.623357976025485,9.10752688172043,30,
74594013705,USW00013705,diurnal,6,5.463594587493452,,,,,11.421370813607746,9.185185185185185,30,
74594013705,USW00013705,diurnal,7,4.3255208113203025,,,,,10.242987477725803,8.919354838709678,30,
74594013705,USW00013705,diurnal,8,4.419497418674728,,,,,9.834569928968559,8.68100358422939,31,
74594013705,USW00013705,diurnal,9,3.881803912594475,,,,,8.759389080875744,8.587037037037039,30,
74594013705,USW00013705,diurnal,10,5.7466287923526265,,,,,12.12794715946987,8.487455197132617,31,
74594013705,USW00013705,diurnal,11,3.338178472126251,,,,,10.26664809373565,7.527777777777777,30,
74594013705,USW00013705,diurnal,12,3.131599698422846,,,,,8.439589082266126,5.869175627240144,31,
74598013702,USW00013702,annual,0,9.615229586211676,10.767277782897409,202.3750171257723,203.11595786741597,-0.7409407416436693,,,365,
74598013702,USW00013702,diurnal,1,3.4085458303918883,,,,,8.209197193934916,5.539426523297493,31,
74598013702,USW00013702,diurnal,2,2.957245776453857,,,,,8.216244458097801,6.152777777777778,29,
74598013702,USW00013702,diurnal,3,2.690445248446213,,,,,9.294014325923506,6.639784946236557,31,
74598013702,USW00013702,diurnal,4,3.605521926033018,,,,,8.833966633153059,7.277777777777777,30,
74598013702,USW00013702,diurnal,5,2.8119270660850266,,,,,7.554608408563155,7.114695340501792,29,
74598013702,USW00013702,diurnal,6,4.024548867225119,,,,,8.598831195627966,7.025925925925926,30,
74598013702,USW00013702,diurnal,7,2.89748562896956,,,,,7.230620715699443,6.983870967741933,28,
74598013702,USW00013702,diurnal,8,3.3860666280024265,,,,,8.175801027185006,6.491039426523297,31,
74598013702,USW00013702,diurnal,9,2.1464928631791054,,,,,4.954279568642789,6.214814814814814,30,
74598013702,USW00013702,diurnal,10,4.048984072094747,,,,,8.66408675507478,6.829749103942652,31,
74598013702,USW00013702,diurnal,11,3.2273757275706076,,,,,8.950932424742284,6.6870370370370384,30,
74598013702,USW00013702,diurnal,12,2.802006146453344,,,,,7.942274880836244,5.759856630824373,31,
74671013806,USW00013806,annual,0,9.526391894420474,11.510294023829013,185.41506795745101,197.80346884251028,-12.38840088505927,,,365,
74671013806,USW00013806,diurnal,1,2.293358346689842,,,,,5.960351295352217,6.051971326164875,31,
74671013806,USW00013806,diurnal,2,4.745218568284429,,,,,11.60787182287994,7.099206349206348,29,
74671013806,USW00013806,diurnal,3,4.597497535910023,,,,,10.92067224708807,8.670250896057347,31,
74671013806,USW00013806,diurnal,4,3.9432600741210058,,,,,9.648622738686274,9.420370370370367,30,
74671013806,USW00013806,diurnal,5,3.7599544815008215,,,,,9.139640901679968,9.084229390681003,30,
74671013806,USW00013806,diurnal,6,5.049329268811581,,,,,10.62516556505276,9.025925925925923,30,
74671013806,USW00013806,diurnal,7,3.862180675092031,,,,,9.321803948580463,9.096774193548388,29,
74671013806,USW00013806,diurnal,8,5.0743287621973865,,,,,10.701677193420672,9.729390681003586,31,
74671013806,USW00013806,diurnal,9,4.755418882707215,,,,,10.755527976799831,10.377777777777778,30,
74671013806,USW00013806,diurnal,10,7.279700175210077,,,,,14.565529159080207,10.284946236559142,31,
74671013806,USW00013806,diurnal,11,2.9838681623144896,,,,,7.630010388875694,8.203703703703704,30,
74671013806,USW00013806,diurnal,12,2.4640363752055645,,,,,6.6968851031715175,5.992831541218639,31,
74671693808,USW00093808,annual,0,10.058700600128773,11.545856372414478,185.26587647954406,197.94708615581814,-12.68120967627408,,,365,
74671693808,USW00093808,diurnal,1,2.4226873446420085,,,,,6.998220652076197,5.933691756272402,31,
74671693808,USW00093808,diurnal,2,5.000462639694007,,,,,11.921289150982766,7.089285714285714,29,
74671693808,USW00093808,diurnal,3,5.4335580505691095,,,,,12.384170530886374,8.795698924731184,31,
74671693808,USW00093808,diurnal,4,3.8023280648813227,,,,,9.062356952892355,9.692592592592595,30,
74671693808,USW00093808,diurnal,5,4.633549385950712,,,,,9.840228099718065,9.462365591397848,31,
74671693808,USW00093808,diurnal,6,5.386165689086509,,,,,10.877102125155666,9.283333333333333,30,
74671693808,USW00093808,diurnal,7,3.9586583813112624,,,,,8.718097213233854,9.04659498207885,31,
74671693808,USW00093808,diurnal,8,4.997339771446509,,,,,11.144928300629385,9.818996415770606,31,
74671693808,USW00093808,diurnal,9,5.166115289180084,,,,,10.979361073233646,10.431481481481482,30,
74671693808,USW00093808,diurnal,10,7.443794156600424,,,,,15.286527692732598,10.456989247311826,31,
74671693808,USW00093808,diurnal,11,2.6792443641940036,,,,,7.373876410326275,8.468518518518518,30,
74671693808,USW00093808,diurnal,12,2.9395406353760816,,,,,7.891995137978832,5.940860215053763,31,
74693093737,USW00093737,annual,0,8.69170939270236,10.352833853349232,196.79690304547182,197.96135884905812,-1.1644558035862929,,,365,
74693093737,USW00093737,diurnal,1,4.644665518796917,,,,,10.799545913337374,8.406810035842295,31,
74693093737,USW00093737,diurnal,2,5.197161574012209,,,,,11.492916042483984,9.357142857142858,29,
74693093737,USW00093737,diurnal,3,5.404249189991829,,,,,11.735183355115268,10.344086021505374,30,
74693093737,USW00093737,diurnal,4,5.188457936833975,,,,,12.082447170695001,10.662962962962963,30,
74693093737,USW00093737,diurnal,5,4.609131332285077,,,,,10.054017158883163,10.04301075268817,31,
74693093737,USW00093737,diurnal,6,5.428543949089757,,,,,11.090432623932147,9.14074074074074,30,
74693093737,USW00093737,diurnal,7,3.811402372982666,,,,,9.12194743229617,8.609318996415771,31,
74693093737,USW00093737,diurnal,8,3.9099286694147564,,,,,10.358253115692122,8.464157706093191,31,
74693093737,USW00093737,diurnal,9,3.520684769638324,,,,,7.791523781642336,8.831481481481482,30,
74693093737,USW00093737,diurnal,10,5.733146778972369,,,,,11.811944559837045,9.82258064516129,31,
74693093737,USW00093737,diurnal,11,4.639658954992932,,,,,10.58158979419155,9.949999999999998,30,
74693093737,USW00093737,diurnal,12,3.7545627327335787,,,,,10.485274216731995,8.370967741935484,31,
74718503144,USW00003144,annual,0,11.811389855380042,10.871531531252527,201.4095991644476,204.51206202916316,-3.1024628647155623,,,365,
74718503144,USW00003144,diurnal,1,6.823926003542978,,,,,14.709522895935331,13.89426523297491,31,
74718503144,USW00003144,diurnal,2,5.162373109745831,,,,,12.806569154644109,13.60515873015873,29,
74718503144,USW00003144,diurnal,3,5.512657430649757,,,,,12.54563164048281,14.449820788530467,31,
74718503144,USW00003144,diurnal,4,7.700722206290829,,,,,16.52507279355512,14.972222222222221,30,
74718503144,USW00003144,diurnal,5,7.401266551375574,,,,,16.156662704503827,15.761648745519718,31,
74718503144,USW00003144,diurnal,6,7.640777182166664,,,,,16.312432114855838,16.642592592592592,30,
74718503144,USW00003144,diurnal,7,6.786166693073526,,,,,14.968983090002993,14.587813620071683,29,
74718503144,USW00003144,diurnal,8,6.28245469764685,,,,,14.23101921577737,13.716845878136201,6,
74718503144,USW00003144,diurnal,10,7.641038469122881,,,,,17.02158537986161,15.238351254480285,21,
74718503144,USW00003144,diurnal,11,6.555350924615714,,,,,14.78841807464962,14.340740740740737,30,
74718503144,USW00003144,diurnal,12,7.835978438682946,,,,,17.110749221596294,13.10035842293907,31,
74718703104,USW00003104,annual,0,11.801926739869929,11.113490762308174,197.5113152059095,200.7398472645722,-3.2285320586626938,,,365,
74718703104,USW00003104,diurnal,1,6.561970362176951,,,,,16.05403850345472,15.200716845878135,25,
74718703104,USW00003104,diurnal,2,6.318901412413084,,,,,14.293472790716756,15.093253968253965,27,
74718703104,USW00003104,diurnal,3,5.014306163351485,,,,,11.921812455746437,15.543010752688172,29,
74718703104,USW00003104,diurnal,4,7.105427030301485,,,,,18.005748093882815,15.551851851851852,24,
74718703104,USW00003104,diurnal,5,7.2833628922308025,,,,,15.66879661868947,15.77060931899642,31,
74718703104,USW00003104,diurnal,6,7.773413858155626,,,,,18.062905135702795,17.325925925925922,30,
74718703104,USW00003104,diurnal,7,7.15480841942295,,,,,16.842486686438768,15.5573476702509,31,
74718703104,USW00003104,diurnal,8,6.949059226079556,,,,,16.615465240977887,15.182795698924732,31,
74718703104,USW00003104,diurnal,9,6.671859919274371,,,,,17.04800194881138,16.54444444444444,25,
74718703104,USW00003104,diurnal,10,9.15174439486616,,,,,20.453005224252564,17.148745519713263,30,
74718703104,USW00003104,diurnal,11,8.669246041751085,,,,,18.880627232672396,16.575925925925926,30,
74718703104,USW00003104,diurnal,12,9.255801240955808,,,,,20.38919545504287,15.127240143369175,28,
74718823158,USW00023158,annual,0,13.061132294011708,11.853061098844345,200.52197334670237,202.37343308710717,-1.851459740404806,,,365,
74718823158,USW00023158,diurnal,1,5.584436939264374,,,,,12.659279408441774,12.353046594982075,31,
74718823158,USW00023158,diurnal,2,5.435684496334736,,,,,12.181581506032117,12.71825396825397,29,
74718823158,USW00023158,diurnal,3,5.948961916007227,,,,,13.792675233117448,13.888888888888888,31,
74718823158,USW00023158,diurnal,4,7.749830750444358,,,,,16.976610628307526,14.788888888888888,26,
74718823158,USW00023158,diurnal,5,7.499169681465743,,,,,16.575311426551124,15.36559139784946,31,
74718823158,USW00023158,diurnal,6,7.321847448240138,,,,,15.800198964906787,16.053703703703704,30,
74718823158,USW00023158,diurnal,7,6.395631733019912,,,,,14.196303798132433,13.584229390681003,31,
74718823158,USW00023158,diurnal,8,6.156084472659992,,,,,13.767882343194163,12.883512544802871,31,
74718823158,USW00023158,diurnal,9,7.571055430233082,,,,,16.351666696868392,13.82222222222222,30,
74718823158,USW00023158,diurnal,10,8.656443950802359,,,,,18.73784771164642,14.519713261648745,31,
74718823158,USW00023158,diurnal,11,6.450865082531694,,,,,14.984791464158794,13.431481481481484,30,
74718823158,USW00023158,diurnal,12,7.011937381003448,,,,,16.483775584520263,11.740143369175625,31,
74740013973,USW00013973,annual,0,9.27543082640094,10.172886545685685,178.28999213763947,196.3055422462035,-18.015550108564014,,,365,
74740013973,USW00013973,diurnal,1,4.886186771877611,,,,,15.771708160083298,12.301075268817204,31,
74740013973,USW00013973,diurnal,2,6.328867958308542,,,,,15.30641201230915,12.474206349206346,28,
74740013973,USW00013973,diurnal,3,5.374644841501911,,,,,12.902109888269392,12.241935483870968,31,
74740013973,USW00013973,diurnal,4,6.416718608220055,,,,,14.947136517857562,12.449999999999998,30,
74740013973,USW00013973,diurnal,5,5.144884292995034,,,,,12.47165380531729,11.4247311827957,30,
74740013973,USW00013973,diurnal,6,4.994693542249474,,,,,11.463470717430083,11.355555555555558,30,
74740013973,USW00013973,diurnal,7,5.497274398533728,,,,,12.157401158425447,11.621863799283156,31,
74740013973,USW00013973,diurnal,8,5.740095502733992,,,,,12.986161516688128,12.014336917562726,31,
74740013973,USW00013973,diurnal,9,5.764057387559205,,,,,13.059461659071134,11.774074074074074,30,
74740013973,USW00013973,diurnal,10,8.84628517395825,,,,,18.613531364642334,12.53763440860215,31,
74740013973,USW00013973,diurnal,11,7.3097408302000115,,,,,17.02104438445505,12.075925925925926,30,
74740013973,USW00013973,diurnal,12,5.420174359570755,,,,,13.343033776889536,12.10931899641577,31,
74775013846,USW00013846,annual,0,7.678506235398236,8.094148197883024,199.89273508444026,202.1003380714927,-2.2076029870524394,,,365,
74775013846,USW00013846,diurnal,1,3.3481152896827027,,,,,8.551577721867847,7.292114695340501,31,
74775013846,USW00013846,diurnal,2,3.991006913354431,,,,,9.064150525371833,7.142857142857144,29,
74775013846,USW00013846,diurnal,3,3.7066493205720974,,,,,8.82450237997984,7.471326164874553,31,
74775013846,USW00013846,diurnal,4,3.553221070823633,,,,,8.202105574126161,7.342592592592593,30,
74775013846,USW00013846,diurnal,5,2.7755391299257215,,,,,7.468586271901145,7.263440860215053,31,
74775013846,USW00013846,diurnal,6,2.575852417390278,,,,,6.177205811226127,5.896296296296297,30,
74775013846,USW00013846,diurnal,7,2.324474269566104,,,,,5.955881994455741,5.460573476702509,31,
74775013846,USW00013846,diurnal,8,3.002727672771843,,,,,7.683641605500972,5.666666666666667,30,
74775013846,USW00013846,diurnal,9,2.3479765749690085,,,,,5.688047440248978,6.977777777777779,30,
74775013846,USW00013846,diurnal,10,4.605748577784351,,,,,10.466205826858697,8.29032258064516,31,
74775013846,USW00013846,diurnal,11,3.3291771665247323,,,,,7.928564152195188,8.514814814814816,28,
74775013846,USW00013846,diurnal,12,4.655171459461748,,,,,11.123496062141594,7.116487455197133,30,
74777003852,USW00003852,annual,0,7.653797971031342,8.337123451659572,196.11882634739518,200.03699592503582,-3.91816957764064,,,365,
74777003852,USW00003852,diurnal,1,4.102079194205921,,,,,10.963778790646426,7.277777777777778,31,
74777003852,USW00003852,diurnal,2,4.449076134755793,,,,,9.827977191249111,7.313492063492062,29,
74777003852,USW00003852,diurnal,3,3.26115526562566,,,,,8.879815647548726,7.648745519713259,31,
74777003852,USW00003852,diurnal,4,2.449045465957314,,,,,7.240502002663156,7.550000000000001,30,
74777003852,USW00003852,diurnal,5,3.0924315821770043,,,,,7.051194510819418,7.939068100358423,31,
74777003852,USW00003852,diurnal,6,2.59948145828824,,,,,7.1311708322961955,6.668518518518519,30,
74777003852,USW00003852,diurnal,7,2.815766403048814,,,,,6.586808899739619,6.370967741935483,30,
74777003852,USW00003852,diurnal,8,3.807338462455153,,,,,8.789095308355666,6.596774193548387,31,
74777003852,USW00003852,diurnal,9,2.7255240389164745,,,,,6.348593277555986,7.633333333333334,30,
74777003852,USW00003852,diurnal,10,5.576254084501602,,,,,12.051969198662064,8.962365591397848,31,
74777003852,USW00003852,diurnal,11,2.6113690088646053,,,,,7.954109209899528,8.91851851851852,24,
74777003852,USW00003852,diurnal,12,4.963604509323771,,,,,11.787166384239217,7.116487455197133,30,
74780413824,USW00013824,annual,0,7.661181119396724,8.667615857777726,198.86281220835357,199.5884275402442,-0.7256153318906229,,,365,
74780413824,USW00013824,diurnal,1,3.8151535247899506,,,,,10.04674103731025,8.815412186379929,31,
74780413824,USW00013824,diurnal,2,5.707538345688768,,,,,12.07213767125917,9.21230158730159,26,
74780413824,USW00013824,diurnal,3,4.047853581708537,,,,,9.063307731863365,9.594982078853045,29,
74780413824,USW00013824,diurnal,4,5.309903040411172,,,,,11.52890624049408,9.88888888888889,30,
74780413824,USW00013824,diurnal,5,4.039195532238358,,,,,9.385412696379149,9.304659498207888,31,
74780413824,USW00013824,diurnal,6,3.5005072466013116,,,,,8.50468406951856,8.277777777777777,29,
74780413824,USW00013824,diurnal,7,3.052084855943423,,,,,8.702359345010155,8.311827956989246,31,
74780413824,USW00013824,diurnal,8,3.4798422731086656,,,,,8.036593532046425,7.657706093189966,31,
74780413824,USW00013824,diurnal,9,2.5711963942526364,,,,,6.243107352990153,7.5240740740740755,30,
74780413824,USW00013824,diurnal,10,4.53941568841517,,,,,11.21723296366041,8.799283154121861,31,
74780413824,USW00013824,diurnal,11,3.612687385482041,,,,,9.270080630839729,9.462962962962962,30,
74780413824,USW00013824,diurnal,12,4.341181514930271,,,,,10.75347719245391,8.627240143369177,30,
74781013857,USW00013857,annual,0,7.408007656000313,8.075133022865986,188.08900287969462,197.6781429105622,-9.589140030867583,,,365,
74781013857,USW00013857,diurnal,1,4.51608164261979,,,,,10.300467989979794,9.191756272401435,31,
74781013857,USW00013857,diurnal,2,6.271353218502046,,,,,14.510499520945178,9.783730158730162,29,
74781013857,USW00013857,diurnal,3,4.61214853336764,,,,,10.892892170825888,10.881720430107526,30,
74781013857,USW00013857,diurnal,4,5.744169649355781,,,,,11.948173046927996,11.062962962962963,30,
74781013857,USW00013857,diurnal,5,5.142813270735042,,,,,11.163523050933097,10.939068100358424,30,
74781013857,USW00013857,diurnal,6,5.124007496893853,,,,,11.020011876475323,9.348148148148148,30,
74781013857,USW00013857,diurnal,7,4.111427442122698,,,,,9.365476460978375,8.75089605734767,30,
74781013857,USW00013857,diurnal,8,4.222332327547846,,,,,9.84779389675935,8.559139784946236,30,
74781013857,USW00013857,diurnal,9,2.682613531603973,,,,,6.469857716308958,9.064814814814815,27,
74781013857,USW00013857,diurnal,11,3.556935685575572,,,,,6.38937054035247,10.435185185185183,1,
74781013857,USW00013857,diurnal,12,4.953128602247303,,,,,11.070048761705994,8.973118279569892,15,
74790013849,USW00013849,annual,0,8.438304151990724,9.790445915174628,196.2457048070433,198.26679065818885,-2.021085851145557,,,365,
74790013849,USW00013849,diurnal,1,4.796314086796031,,,,,11.555755928894367,8.96236559139785,31,
74790013849,USW00013849,diurnal,2,5.526715730797121,,,,,12.423544957628224,9.732142857142856,29,
74790013849,USW00013849,diurnal,3,5.369861095088019,,,,,12.123963787616383,10.836917562724015,29,
74790013849,USW00013849,diurnal,4,5.19660499254254,,,,,11.988200697514248,11.124074074074075,30,
74790013849,USW00013849,diurnal,5,4.755211435135418,,,,,10.811121935914171,10.59856630824373,29,
74790013849,USW00013849,diurnal,6,5.55460510481916,,,,,12.273159443263918,9.47962962962963,30,
74790013849,USW00013849,diurnal,7,4.477048577599806,,,,,10.051363154880725,9.209677419354838,31,
74790013849,USW00013849,diurnal,8,4.775445607288409,,,,,10.50777975285952,8.982078853046595,31,
74790013849,USW00013849,diurnal,9,4.0132868476201145,,,,,8.809881243037557,9.466666666666667,30,
74790013849,USW00013849,diurnal,10,5.910115385367051,,,,,12.877393183142186,10.082437275985662,31,
74790013849,USW00013849,diurnal,11,4.067050564270575,,,,,10.184741833585065,10.424074074074072,30,
74790013849,USW00013849,diurnal,12,4.271837936717834,,,,,10.520123024803297,9.02867383512545,30,
91165022536,USW00022536,annual,0,2.433851119490958,2.2624708800401816,242.6974899759673,227.73889430389298,14.958595672074324,,,365,
91165022536,USW00022536,diurnal,1,2.390610564240689,,,,,6.599278468430082,4.836917562724014,31,
91165022536,USW00022536,diurnal,2,1.5859319779239063,,,,,4.832470011059694,4.559523809523808,29,
91165022536,USW00022536,diurnal,3,1.5644704098550408,,,,,4.455666925290739,4.326164874551972,31,
91165022536,USW00022536,diurnal,4,1.6272631628136032,,,,,4.575910801201088,3.9814814814814836,30,
91165022536,USW00022536,diurnal,5,1.4167660749482882,,,,,4.173942188513912,4.381720430107528,31,
91165022536,USW00022536,diurnal,6,1.830243328779247,,,,,4.273980639184243,3.9611111111111112,30,
91165022536,USW00022536,diurnal,7,1.7596967516655873,,,,,5.112492744043944,3.921146953405017,31,
91165022536,USW00022536,diurnal,8,1.9506933003365354,,,,,4.8661855584463005,3.9731182795698925,31,
91165022536,USW00022536,diurnal,9,2.015602349882241,,,,,5.251940057798629,4.292592592592592,30,
91165022536,USW00022536,diurnal,10,1.824027989618311,,,,,4.834204322762567,4.03942652329749,31,
91165022536,USW00022536,diurnal,11,1.565642325196651,,,,,4.491054866597864,3.6981481481481477,30,
91165022536,USW00022536,diurnal,12,1.9132230917288626,,,,,6.265687603073584,3.960573476702509,30,
91176022519,USW00022519,annual,0,2.1913402929481576,1.8850710704371123,241.09661349912864,232.7164687675335,8.380144731595124,,,365,
91176022519,USW00022519,diurnal,1,2.0637613966746624,,,,,6.130368928694477,3.5752688172042997,31,
91176022519,USW00022519,diurnal,2,1.4890838977993912,,,,,4.372185947602507,3.4365079365079363,29,
91176022519,USW00022519,diurnal,3,1.592336030157003,,,,,4.201781408863326,3.4014336917562726,31,
91176022519,USW00022519,diurnal,4,1.6828328363379017,,,,,4.512177183672447,3.2962962962962967,30,
91176022519,USW00022519,diurnal,5,1.555023714962606,,,,,3.918056099098603,3.476702508960573,31,
91176022519,USW00022519,diurnal,6,1.8409711459334026,,,,,4.5520784412554285,3.3111111111111113,30,
91176022519,USW00022519,diurnal,7,1.7947085878078721,,,,,4.575203786539994,3.295698924731184,31,
91176022519,USW00022519,diurnal,8,1.7900428681531186,,,,,4.552204228576112,3.3028673835125444,31,
91176022519,USW00022519,diurnal,9,1.7279224417878347,,,,,4.213293823547758,3.344444444444446,29,
91176022519,USW00022519,diurnal,10,1.608384576366334,,,,,4.217034392237462,3.163082437275986,31,
91176022519,USW00022519,diurnal,11,1.5594175121394358,,,,,4.547489972539978,2.912962962962963,21,
91176022519,USW00022519,diurnal,12,2.4037405579334106,,,,,5.517879110025216,3.093189964157706,9,
91182022521,USW00022521,annual,0,1.8204898032869212,2.203553256987161,225.67848063316154,224.56798199345565,1.1104986397058951,,,365,
91182022521,USW00022521,diurnal,1,2.9141393349306743,,,,,7.282380326738323,5.6487455197132626,31,
91182022521,USW00022521,diurnal,2,2.3366036282976634,,,,,5.947232647465508,5.607142857142857,29,
91182022521,USW00022521,diurnal,3,2.45181595566121,,,,,5.967601195945722,5.526881720430108,31,
91182022521,USW00022521,diurnal,4,2.5830807040769055,,,,,6.1912832816870775,5.701851851851854,30,
91182022521,USW00022521,diurnal,5,2.465345827849659,,,,,5.979519705161277,5.93010752688172,31,
91182022521,USW00022521,diurnal,6,2.6314455560061623,,,,,6.176788103142334,5.901851851851853,30,
91182022521,USW00022521,diurnal,7,2.671021088081797,,,,,6.371315371699822,5.777777777777777,31,
91182022521,USW00022521,diurnal,8,2.7884413960416525,,,,,6.511657666572017,5.8960573476702525,31,
91182022521,USW00022521,diurnal,9,2.825985758439318,,,,,6.67868910472216,5.962962962962964,30,
91182022521,USW00022521,diurnal,10,2.733780528912478,,,,,6.842054983097732,5.557347670250895,31,
91182022521,USW00022521,diurnal,11,2.3534382486494922,,,,,6.002671038664268,5.17962962962963,30,
91182022521,USW00022521,diurnal,12,2.67336947781363,,,,,6.33584194840433,5.1379928315412196,31,
91186022534,USW00022534,annual,0,1.5533077609930932,2.088211979755495,229.91236158482113,232.24783930979424,-2.335477724973117,,,365,
91186022534,USW00022534,diurnal,1,2.4322855838735253,,,,,6.728883988236948,5.580645161290323,31,
91186022534,USW00022534,diurnal,2,2.636883571032575,,,,,6.917514848971944,5.430555555555553,29,
91186022534,USW00022534,diurnal,3,2.27055739958174,,,,,5.637642320167629,5.370967741935485,31,
91186022534,USW00022534,diurnal,4,2.59156349137605,,,,,6.461371041439186,5.611111111111112,29,
91186022534,USW00022534,diurnal,5,2.7533636179999093,,,,,6.665325894611037,5.944444444444446,31,
91186022534,USW00022534,diurnal,6,2.6196115411893865,,,,,5.862274174488174,5.761111111111112,27,
91186022534,USW00022534,diurnal,7,2.7129645063998793,,,,,6.297193927495773,5.566308243727598,31,
91186022534,USW00022534,diurnal,8,2.515519481777991,,,,,5.878566556512302,5.593189964157707,30,
91186022534,USW00022534,diurnal,9,2.91051344431785,,,,,6.584141339557894,5.811111111111111,30,
91186022534,USW00022534,diurnal,10,2.6929520578265183,,,,,6.223317269054849,5.603942652329749,31,
91186022534,USW00022534,diurnal,11,2.24108882052269,,,,,5.473733498731342,4.9833333333333325,30,
91190022516,USW00022516,annual,0,1.9936718740560422,2.1733460203079877,245.29746267534819,225.2775811573736,20.019881517974596,,,365,
91190022516,USW00022516,diurnal,1,2.67331807349824,,,,,7.322846959362423,7.507168458781362,31,
91190022516,USW00022516,diurnal,2,3.3596015286926626,,,,,9.57007216433674,7.3353174603174605,29,
91190022516,USW00022516,diurnal,3,2.7708080308433387,,,,,6.893749837847608,7.224014336917562,31,
91190022516,USW00022516,diurnal,4,3.1907264453560016,,,,,7.415917379299575,7.4370370370370384,30,
91190022516,USW00022516,diurnal,5,3.5370778359250874,,,,,8.359077901540395,7.9336917562724,31,
91190022516,USW00022516,diurnal,6,3.296415479193029,,,,,7.480756195789448,7.620370370370371,30,
91190022516,USW00022516,diurnal,7,3.4348641908621986,,,,,7.776384881216082,7.241935483870967,31,
91190022516,USW00022516,diurnal,8,3.235329265778589,,,,,7.250823726447987,7.243727598566311,31,
91190022516,USW00022516,diurnal,9,3.8421427734499263,,,,,8.898012656178102,7.888888888888889,30,
91190022516,USW00022516,diurnal,10,3.574333113784891,,,,,9.285525091147672,7.779569892473117,31,
91190022516,USW00022516,diurnal,11,3.062775224755791,,,,,7.205347155972689,6.996296296296295,30,
91190022516,USW00022516,diurnal,12,5.003463150053751,,,,,11.114866813278576,7.0448028673835115,30,
91212041415,GQW00041415,annual,0,0.7538349186342826,0.5446341575262283,158.36203715517163,183.482756692257,-25.120719537085364,,,365,
91212041415,GQW00041415,diurnal,1,1.9589279926557213,,,,,4.905615258143957,3.9731182795698934,31,
91212041415,GQW00041415,diurnal,2,2.146152317319707,,,,,4.998663836555362,4.257936507936508,29,
91212041415,GQW00041415,diurnal,3,2.5731337674211265,,,,,6.364994479665032,4.526881720430107,31,
91212041415,GQW00041415,diurnal,4,2.2263095054296853,,,,,5.330916897539311,4.54074074074074,29,
91212041415,GQW00041415,diurnal,5,2.184541529656435,,,,,4.641778963061654,4.290322580645161,31,
91212041415,GQW00041415,diurnal,6,1.9624248898737677,,,,,4.918558746999883,3.9425925925925913,30,
91212041415,GQW00041415,diurnal,7,1.9416678383279644,,,,,4.8884270971924195,3.716845878136201,31,
91212041415,GQW00041415,diurnal,8,1.893059931405937,,,,,5.1857065502979225,3.492831541218636,31,
91212041415,GQW00041415,diurnal,9,1.7584829425365347,,,,,4.750465033659221,3.5962962962962943,29,
91212041415,GQW00041415,diurnal,10,1.5726261226798388,,,,,4.978819747227732,3.650537634408603,31,
91212041415,GQW00041415,diurnal,11,1.7922856138367618,,,,,4.750553909750078,3.768518518518521,30,
91212041415,GQW00041415,diurnal,12,1.7405297656861762,,,,,4.7642065603129495,3.747311827956989,31,
91218041414,GQW00041414,annual,0,0.7306539350355533,0.587923680129648,201.35013755451058,198.24590127584747,3.104236278663109,,,365,
91218041414,GQW00041414,diurnal,1,1.2447200964215355,,,,,3.2548937635687594,2.8691756272401427,31,
91218041414,GQW00041414,diurnal,2,1.4125616251070368,,,,,3.6246095938714014,3.1884920634920655,29,
91218041414,GQW00041414,diurnal,3,1.4917261687863923,,,,,3.9831909299961907,3.3870967741935485,27,
91218041414,GQW00041414,diurnal,4,1.6206274891256611,,,,,3.866688344717403,3.627777777777778,30,
91218041414,GQW00041414,diurnal,5,1.5428344017652635,,,,,3.9910046434855424,3.5734767025089607,31,
91218041414,GQW00041414,diurnal,6,1.5823511740487057,,,,,3.903942898729607,3.4277777777777776,30,
91218041414,GQW00041414,diurnal,7,1.4431446813251343,,,,,3.858101546200672,3.2311827956989254,29,
91218041414,GQW00041414,diurnal,8,1.6409794745595174,,,,,4.670560596275596,3.299283154121863,30,
91218041414,GQW00041414,diurnal,9,1.7656197365717339,,,,,4.970441435826757,3.3351851851851873,27,
91218041414,GQW00041414,diurnal,10,1.5578740475103776,,,,,4.680501190869336,3.0896057347670247,31,
91218041414,GQW00041414,diurnal,11,1.1794548395012396,,,,,3.554482910393933,2.825925925925927,27,
91218041414,GQW00041414,diurnal,12,1.1310662499188924,,,,,3.218433348323071,2.8118279569892466,31,
91285021504,USW00021504,annual,0,1.8012134392228027,1.630498904827102,236.16922809201907,228.3490993197509,7.820128772268163,,,365,
91285021504,USW00021504,diurnal,1,3.902812089179035,,,,,9.475500703570422,6.840501792114697,31,
91285021504,USW00021504,diurnal,2,3.057052893203211,,,,,7.832307199730668,6.680555555555558,29,
91285021504,USW00021504,diurnal,3,2.630515735035055,,,,,6.729757939945074,6.172043010752689,31,
91285021504,USW00021504,diurnal,4,2.6237150210853195,,,,,6.501854104396479,6.19814814814815,29,
91285021504,USW00021504,diurnal,5,2.553256498896499,,,,,6.505151891314103,6.566308243727599,31,
91285021504,USW00021504,diurnal,6,3.0212742166950317,,,,,7.070536288695948,6.4518518518518535,30,
91285021504,USW00021504,diurnal,7,3.0905280412818636,,,,,7.30037645892283,6.213261648745521,31,
91285021504,USW00021504,diurnal,8,3.231818317837475,,,,,7.291521824361983,6.188172043010755,31,
91285021504,USW00021504,diurnal,9,3.056660851808239,,,,,7.412716655787698,6.646296296296296,29,
91285021504,USW00021504,diurnal,10,3.1277089837448058,,,,,7.689296035184697,6.485663082437275,31,
91285021504,USW00021504,diurnal,11,2.604672357701851,,,,,7.515638095264746,5.894444444444445,30,
91285021504,USW00021504,diurnal,12,3.7130496045959474,,,,,8.492389942077052,6.050179211469533,30,
91334040505,FMW00040505,annual,0,0.0751420773530395,0.07224573358802033,301.31369967400036,112.37330406163439,-176.309604387634,,,365,
91334040505,FMW00040505,diurnal,1,1.3521325622344873,,,,,3.38459605239607,2.288530465949819,31,
91334040505,FMW00040505,diurnal,2,1.2360220859958606,,,,,3.3290056852724703,2.4484126984126973,29,
91334040505,FMW00040505,diurnal,3,1.4389313610400505,,,,,4.015269842160297,2.5949820788530467,31,
91334040505,FMW00040505,diurnal,4,1.35390948453406,,,,,4.280367240701633,2.5833333333333335,29,
91334040505,FMW00040505,diurnal,5,1.6354003905573862,,,,,4.406312942707892,2.7329749103942653,31,
91334040505,FMW00040505,diurnal,6,1.7118332434680554,,,,,4.90004943504934,2.8185185185185193,30,
91334040505,FMW00040505,diurnal,7,2.306862160933452,,,,,6.23794806538762,3.181003584229392,31,
91334040505,FMW00040505,diurnal,8,2.3456868583352515,,,,,5.525117358683136,3.120071684587813,31,
91334040505,FMW00040505,diurnal,9,1.939926426356029,,,,,5.373436993137226,3.15,29,
91334040505,FMW00040505,diurnal,10,1.9886566213507169,,,,,5.4356966429279865,3.31362007168459,31,
91334040505,FMW00040505,diurnal,11,1.4713184091190086,,,,,4.9605441173186495,2.9407407407407407,26,
91334040505,FMW00040505,diurnal,12,1.3699419478099002,,,,,4.202035224545062,2.43189964157706,30,
91366040604,RMW00040604,annual,0,0.3101731128861703,0.2358900762370583,190.9534481107512,217.24027468534126,-26.286826574590066,,,365,
91366040604,RMW00040604,diurnal,1,1.1864427540979894,,,,,3.1538451482261785,2.474910394265234,31,
91366040604,RMW00040604,diurnal,2,1.3596657772146687,,,,,3.2337110957087063,2.7063492063492043,29,
91366040604,RMW00040604,diurnal,3,1.50292556223816,,,,,3.8038410469327673,2.8315412186379927,27,
91366040604,RMW00040604,diurnal,4,1.1694764306619527,,,,,3.114136938582849,2.701851851851854,29,
91366040604,RMW00040604,diurnal,5,1.2136830066951658,,,,,3.9341951116652645,2.543010752688172,30,
91366040604,RMW00040604,diurnal,6,1.218094526720097,,,,,3.985492966086012,2.3907407407407413,30,
91366040604,RMW00040604,diurnal,7,1.1532386005279696,,,,,3.503576980421343,2.4569892473118258,31,
91366040604,RMW00040604,diurnal,8,1.2357605464737786,,,,,3.4012691302926843,2.5430107526881707,30,
91366040604,RMW00040604,diurnal,9,1.4496912759025284,,,,,3.722648727496786,2.5796296296296304,30,
91366040604,RMW00040604,diurnal,10,1.182107876938684,,,,,3.4561394020560883,2.38888888888889,31,
91366040604,RMW00040604,diurnal,11,1.1830960543253153,,,,,3.4930719403148913,2.255555555555556,26,
91366040604,RMW00040604,diurnal,12,1.0452410048296135,,,,,2.89762743918188,2.229390681003584,30,
91413040308,FMW00040308,annual,0,0.41038306254177,0.18199433672259452,108.99029971830295,177.59854188827364,-68.6082421699707,,,365,
91413040308,FMW00040308,diurnal,1,1.6854665701078693,,,,,4.520184947854105,3.7508960573476693,31,
91413040308,FMW00040308,diurnal,2,1.934650820354197,,,,,4.5941083318000935,3.976190476190476,29,
91413040308,FMW00040308,diurnal,3,2.240884343494291,,,,,5.206599609409221,4.387096774193548,31,
91413040308,FMW00040308,diurnal,4,2.4029243234622806,,,,,5.475863317049814,4.450000000000001,29,
91413040308,FMW00040308,diurnal,5,2.2540735193819312,,,,,4.9205395890191035,4.378136200716847,31,
91413040308,FMW00040308,diurnal,6,1.815542389394091,,,,,5.004613235454391,4.12962962962963,30,
91413040308,FMW00040308,diurnal,7,1.7367676245910004,,,,,4.951972459988379,3.9050179211469542,31,
91413040308,FMW00040308,diurnal,8,2.0770354143127117,,,,,5.189200893659869,3.6326164874551976,31,
91413040308,FMW00040308,diurnal,9,1.6758311402463206,,,,,4.796720878407079,3.737037037037036,29,
91413040308,FMW00040308,diurnal,10,1.821529566965418,,,,,4.742459584172707,4.127240143369177,31,
91413040308,FMW00040308,diurnal,11,1.9322108819458719,,,,,5.337623071021451,4.061111111111113,26,
91413040308,FMW00040308,diurnal,12,1.7979758061183224,,,,,4.6891843364185934,3.7347670250896075,30,
91765061705,AQW00061705,annual,0,0.8342570746249935,0.6583313010309807,48.86895258694105,40.13418557908321,8.73476700785784,,,365,
91765061705,AQW00061705,diurnal,1,1.977933448272546,,,,,5.271554845296965,3.4856630824372745,31,
91765061705,AQW00061705,diurnal,2,1.759995529614569,,,,,5.190385564158639,3.5535714285714293,29,
91765061705,AQW00061705,diurnal,3,2.1100520477844054,,,,,5.827476734341172,3.8064516129032246,31,
91765061705,AQW00061705,diurnal,4,1.1998396129536033,,,,,4.301638924866914,3.505555555555556,29,
91765061705,AQW00061705,diurnal,5,1.3440904333085506,,,,,4.347501160772733,3.032258064516128,31,
91765061705,AQW00061705,diurnal,6,1.1940198446837709,,,,,3.728430305630967,2.5814814814814824,30,
91765061705,AQW00061705,diurnal,7,1.2899120854965194,,,,,3.667925681358934,2.620071684587814,31,
91765061705,AQW00061705,diurnal,8,1.53402190120169,,,,,4.284861436133024,2.820788530465951,31,
91765061705,AQW00061705,diurnal,9,1.7349918789515961,,,,,4.569376340069638,2.9722222222222228,29,
91765061705,AQW00061705,diurnal,10,1.6923274235530177,,,,,4.483100800410224,3.0770609318996396,31,
91765061705,AQW00061705,diurnal,11,1.58678507257765,,,,,4.769928238052225,3.212962962962962,26,
91765061705,AQW00061705,diurnal,12,1.8938045097519138,,,,,4.751256378329481,3.362007168458779,30,
