sta,component,model,n_params,bic_image,bic_raw,rss_image,rss_raw,rank_image,rank_raw,error
00NA,east,trend,2,-inf,,0.0,,0,,
00NA,east,trend_annual,4,-inf,,0.0,,1,,
00NA,east,trend_annual_semi,6,-inf,,0.0,,2,,
00NA,east,trend_quad_annual_semi,7,-inf,,0.0,,3,,
00NA,north,trend,2,-35402.17758251238,,0.04716321941292785,,3,,
00NA,north,trend_annual,4,-35812.764646324234,,0.0412493964315055,,2,,
00NA,north,trend_annual_semi,6,-35907.533134643156,,0.03983782073536717,,1,,
00NA,north,trend_quad_annual_semi,7,-38349.69718164235,,0.01845829140430093,,0,,
00NA,up,trend,2,-30652.80909324176,,0.2095121723635744,,3,,
00NA,up,trend_annual,4,-30761.36657579617,,0.2014684382640492,,1,,
00NA,up,trend_annual_semi,6,-30760.165463044,,0.2005261632312863,,2,,
00NA,up,trend_quad_annual_semi,7,-30807.47714304221,,0.1970697321298559,,0,,
01NA,east,trend,2,-inf,,0.0,,0,,
01NA,east,trend_annual,4,-inf,,0.0,,1,,
01NA,east,trend_annual_semi,6,-inf,,0.0,,2,,
01NA,east,trend_quad_annual_semi,7,-inf,,0.0,,3,,
01NA,north,trend,2,-25739.964984142436,,0.04298390073073714,,3,,
01NA,north,trend_annual,4,-25886.418116261317,,0.040132541856421115,,2,,
01NA,north,trend_annual_semi,6,-25927.685203978257,,0.03917817217642306,,1,,
01NA,north,trend_quad_annual_semi,7,-25938.482490716582,,0.03887120648492486,,0,,
01NA,up,trend,2,-22835.697279145388,,0.14714927575811615,,3,,
01NA,up,trend_annual,4,-22934.65623216931,,0.1401809494157743,,2,,
01NA,up,trend_annual_semi,6,-22973.437719279875,,0.13699159055385213,,1,,
01NA,up,trend_quad_annual_semi,7,-23009.67174836885,,0.1344611465870562,,0,,
02NA,east,trend,2,-24472.51547920015,,0.005277967864841138,,3,,
02NA,east,trend_annual,4,-24810.386525473954,,0.004388654304037232,,2,,
02NA,east,trend_annual_semi,6,-24999.577265796055,,0.003944117208710907,,1,,
02NA,east,trend_quad_annual_semi,7,-25004.045909603727,,0.003919402343141476,,0,,
02NA,north,trend,2,-23548.673085315622,,0.008554605049086561,,3,,
02NA,north,trend_annual,4,-23702.12784092557,,0.007833056956222606,,2,,
02NA,north,trend_annual_semi,6,-24167.9599421464,,0.0060918029575613986,,1,,
02NA,north,trend_quad_annual_semi,7,-24215.863002977432,,0.005917731860686004,,0,,
02NA,up,trend,2,-18678.572781481194,,0.10909966789913028,,3,,
02NA,up,trend_annual,4,-19051.874309025978,,0.08905217580268499,,1,,
02NA,up,trend_annual_semi,6,-19047.05252099808,,0.08857440194850952,,2,,
02NA,up,trend_quad_annual_semi,7,-19229.512847726517,,0.08019921296090615,,0,,
0ABI,east,trend,2,-72394.2327841481,,0.040709242255737035,,3,,
0ABI,east,trend_annual,4,-75349.57688740599,,0.024961933287008044,,2,,
0ABI,east,trend_annual_semi,6,-75380.16326749866,,0.024765531105801174,,1,,
0ABI,east,trend_quad_annual_semi,7,-75612.36735691599,,0.023803088598335118,,0,,
0ABI,north,trend,2,-74226.1591460474,,0.030115871511030914,,3,,
0ABI,north,trend_annual,4,-74309.51281995152,,0.029620641142376072,,2,,
0ABI,north,trend_annual_semi,6,-74543.14325174269,,0.0284220677741413,,1,,
0ABI,north,trend_quad_annual_semi,7,-74635.44232264835,,0.027953619128402676,,0,,
0ABI,up,trend,2,-58324.69235294319,,0.4121081259012303,,3,,
0ABI,up,trend_annual,4,-60617.66236635858,,0.2817898438220268,,2,,
0ABI,up,trend_annual_semi,6,-60817.226218481184,,0.27190721358142295,,0,,
0ABI,up,trend_quad_annual_semi,7,-60810.55183034676,,0.2718160543759024,,1,,
0ABN,east,trend,2,-14620.665036753337,,0.006473922636779255,,3,,
0ABN,east,trend_annual,4,-16013.127454985093,,0.00201658128123024,,1,,
0ABN,east,trend_annual_semi,6,-16000.192588846974,,0.002014483418723796,,2,,
0ABN,east,trend_quad_annual_semi,7,-16111.341578362011,,0.0018263442942565307,,0,,
0ABN,north,trend,2,-15288.88081369769,,0.0037199346663207553,,3,,
0ABN,north,trend_annual,4,-16047.0595399135,,0.0019606334022275827,,2,,
0ABN,north,trend_annual_semi,6,-16095.870261994587,,0.0018608401400907538,,1,,
0ABN,north,trend_quad_annual_semi,7,-16139.5694285221,,0.0017840929554832393,,0,,
0ABN,up,trend,2,-11789.813283806177,,0.06770017738538103,,3,,
0ABN,up,trend_annual,4,-12498.46973357802,,0.03717786389858018,,2,,
0ABN,up,trend_annual_semi,6,-12527.033189092503,,0.03588296945327258,,1,,
0ABN,up,trend_quad_annual_semi,7,-12543.947672807688,,0.03517566047934438,,0,,
0ABY,east,trend,2,-48578.181388992896,,0.030503569561958356,,3,,
0ABY,east,trend_annual,4,-53873.357083634284,,0.008387031867055998,,2,,
0ABY,east,trend_annual_semi,6,-53992.138432351734,,0.008115440200466265,,1,,
0ABY,east,trend_quad_annual_semi,7,-54110.31774263785,,0.007869695940800345,,0,,
0ABY,north,trend,2,-54534.445081231584,,0.007170964675880415,,3,,
0ABY,north,trend_annual,4,-54632.12361313163,,0.006974435965013272,,2,,
0ABY,north,trend_annual_semi,6,-54790.7519492059,,0.006683538160987835,,0,,
0ABY,north,trend_quad_annual_semi,7,-54787.628100469236,,0.006675098415915948,,1,,
0ABY,up,trend,2,-40531.69130271743,,0.21566443429936577,,3,,
0ABY,up,trend_annual,4,-42426.29845577283,,0.13552432012616064,,2,,
0ABY,up,trend_annual_semi,6,-42519.673239598706,,0.1319480786114225,,0,,
0ABY,up,trend_quad_annual_semi,7,-42515.28071826975,,0.1318221040032976,,1,,
0AKE,east,trend,2,-73620.72000337798,,0.01805934081576307,,3,,
0AKE,east,trend_annual,4,-76594.39307304699,,0.010789720454055112,,2,,
0AKE,east,trend_annual_semi,6,-76747.32984120697,,0.010477942072355233,,1,,
0AKE,east,trend_quad_annual_semi,7,-77823.06349349885,,0.008693121406769979,,0,,
0AKE,north,trend,2,-73529.30844967578,,0.018345873316935976,,3,,
0AKE,north,trend_annual,4,-74504.29037704301,,0.0154641123760792,,2,,
0AKE,north,trend_annual_semi,6,-74663.56202673199,,0.015000889898206159,,1,,
0AKE,north,trend_quad_annual_semi,7,-75358.17649398654,,0.01328984617218562,,0,,
0AKE,up,trend,2,-56330.47028104778,,0.3546555620643156,,3,,
0AKE,up,trend_annual,4,-59258.48478751901,,0.21356485794592106,,2,,
0AKE,up,trend_annual_semi,6,-59329.83368663026,,0.21032814563851182,,1,,
0AKE,up,trend_quad_annual_semi,7,-59427.04588163947,,0.2065279826192704,,0,,
0ALE,east,trend,2,-45181.24811982167,,0.03140689835449595,,3,,
0ALE,east,trend_annual,4,-48617.043425578275,,0.012832113842489922,,2,,
0ALE,east,trend_annual_semi,6,-48643.14934310749,,0.012691095056942289,,1,,
0ALE,east,trend_quad_annual_semi,7,-48651.84376740569,,0.012635438269822056,,0,,
0ALE,north,trend,2,-48251.76993987897,,0.014167305270380869,,3,,
0ALE,north,trend_annual,4,-48384.74234462419,,0.013628720393856847,,2,,
0ALE,north,trend_annual_semi,6,-48465.25090295736,,0.01329016246163196,,1,,
0ALE,north,trend_quad_annual_semi,7,-48646.97022616903,,0.012651413963458018,,0,,
0ALE,up,trend,2,-36880.72623558113,,0.2701816263306027,,3,,
0ALE,up,trend_annual,4,-38372.9707754577,,0.18271361453633123,,2,,
0ALE,up,trend_annual_semi,6,-38451.4793696644,,0.1782671459018594,,0,,
0ALE,up,trend_quad_annual_semi,7,-38448.906762642575,,0.17800458200218286,,1,,
0ALF,east,trend,2,-84316.71516528304,,0.10483546899903651,,3,,
0ALF,east,trend_annual,4,-86495.83070142427,,0.07833975756870035,,2,,
0ALF,east,trend_annual_semi,6,-86581.49259848859,,0.07727170606503606,,1,,
0ALF,east,trend_quad_annual_semi,7,-87759.91408885962,,0.06601455984830215,,0,,
0ALF,north,trend,2,-90576.74239073302,,0.04570738667184653,,3,,
0ALF,north,trend_annual,4,-91094.05027401865,,0.04257608281551206,,2,,
0ALF,north,trend_annual_semi,6,-91216.2848553221,,0.04179243913727296,,1,,
0ALF,north,trend_quad_annual_semi,7,-94234.02218590044,,0.027976200247012403,,0,,
0ALF,up,trend,2,-72492.13901135667,,0.5029196274284726,,3,,
0ALF,up,trend_annual,4,-76024.99501912612,,0.31405749596752786,,2,,
0ALF,up,trend_annual_semi,6,-76083.21245345513,,0.31090520889138945,,1,,
0ALF,up,trend_quad_annual_semi,7,-76721.2394114955,,0.2853442625111508,,0,,
0ALI,east,trend,2,-66679.42618414861,,0.040508895254952784,,3,,
0ALI,east,trend_annual,4,-73178.68994637627,,0.01273642695889781,,2,,
0ALI,east,trend_annual_semi,6,-73219.14919403606,,0.012606537108970313,,1,,
0ALI,east,trend_quad_annual_semi,7,-73586.46180217994,,0.011792493911622431,,0,,
0ALI,north,trend,2,-74036.92341451372,,0.010969819145995563,,3,,
0ALI,north,trend_annual,4,-74670.75889971478,,0.009772175732088998,,2,,
0ALI,north,trend_annual_semi,6,-74896.98850904021,,0.009358674688895773,,0,,
0ALI,north,trend_quad_annual_semi,7,-74892.67109055229,,0.009351500902606284,,1,,
0ALI,up,trend,2,-55603.00975424074,,0.28951723938685936,,3,,
0ALI,up,trend_annual,4,-58508.80669058567,,0.17229428021496035,,2,,
0ALI,up,trend_annual_semi,6,-58718.280015875906,,0.1654954479715082,,0,,
0ALI,up,trend_quad_annual_semi,7,-58711.75927472576,,0.16543329662935877,,1,,
0ALM,east,trend,2,-106048.17242271475,,0.05336738738739313,,3,,
0ALM,east,trend_annual,4,-114619.44980090705,,0.020168293693369473,,2,,
0ALM,east,trend_annual_semi,6,-114883.79343902569,,0.01953301282343586,,1,,
0ALM,east,trend_quad_annual_semi,7,-115123.4534877538,,0.01899025425101086,,0,,
0ALM,north,trend,2,-112477.55241087354,,0.0257600093905499,,3,,
0ALM,north,trend_annual,4,-112698.61365637535,,0.025071228712334873,,2,,
0ALM,north,trend_annual_semi,6,-113058.29190510233,,0.024020672853110474,,1,,
0ALM,north,trend_quad_annual_semi,7,-113190.3704886878,,0.02363958209829117,,0,,
0ALM,up,trend,2,-85636.51344042752,,0.5389439836119461,,3,,
0ALM,up,trend_annual,4,-89683.47343911721,,0.34004498570941727,,2,,
0ALM,up,trend_annual_semi,6,-89868.56836048608,,0.3323039815080998,,0,,
0ALM,up,trend_quad_annual_semi,7,-89860.14773254513,,0.3322789498175551,,1,,
0ALN,east,trend,2,-14434.074141073424,,0.006854773595927719,,3,,
0ALN,east,trend_annual,4,-15805.419997701047,,0.0021542673991238933,,1,,
0ALN,east,trend_annual_semi,6,-15798.472032060177,,0.0021412996674252532,,2,,
0ALN,east,trend_quad_annual_semi,7,-15817.977152864938,,0.0020942528331192134,,0,,
0ALN,north,trend,2,-14425.2263177063,,0.006905629511476805,,3,,
0ALN,north,trend_annual,4,-14786.110213493459,,0.005048062045099826,,2,,
0ALN,north,trend_annual_semi,6,-14938.819582578775,,0.004391124911462808,,0,,
0ALN,north,trend_quad_annual_semi,7,-14931.80734815952,,0.0043908485423683466,,1,,
0ALN,up,trend,2,-11525.48212382651,,0.07785489078659819,,3,,
0ALN,up,trend_annual,4,-12399.385310972299,,0.03707439762860673,,2,,
0ALN,up,trend_annual_semi,6,-12432.83250450593,,0.0356283580262433,,1,,
0ALN,up,trend_quad_annual_semi,7,-12433.022746463275,,0.03541239315617669,,0,,
0ALS,east,trend,2,-35085.90349004276,,0.011781351669030004,,3,,
0ALS,east,trend_annual,4,-38191.962984947146,,0.003913847290147944,,2,,
0ALS,east,trend_annual_semi,6,-38228.61546171371,,0.0038419166816753172,,1,,
0ALS,east,trend_quad_annual_semi,7,-38325.404578453155,,0.003702471619800025,,0,,
0ALS,north,trend,2,-37463.266298631206,,0.005090367162976643,,3,,
0ALS,north,trend_annual,4,-37501.64542011479,,0.004993769385348037,,2,,
0ALS,north,trend_annual_semi,6,-37724.225757807784,,0.004590606816676758,,1,,
0ALS,north,trend_quad_annual_semi,7,-37781.73413605022,,0.004485755199597303,,0,,
0ALS,up,trend,2,-27758.879484864574,,0.1564647365210496,,3,,
0ALS,up,trend_annual,4,-29004.233850963425,,0.10024631664652102,,2,,
0ALS,up,trend_annual_semi,6,-29065.314147611236,,0.09755909060839019,,0,,
0ALS,up,trend_quad_annual_semi,7,-29057.84480999212,,0.09754257088036182,,1,,
0ALV,east,trend,2,-76081.50773484363,,0.07923653893479485,,3,,
0ALV,east,trend_annual,4,-83884.61768729395,,0.024689607625381603,,2,,
0ALV,east,trend_annual_semi,6,-84221.80119081568,,0.023417454499151953,,1,,
0ALV,east,trend_quad_annual_semi,7,-85804.87645326923,,0.01846975790870676,,0,,
0ALV,north,trend,2,-80207.5069860239,,0.04283088618666963,,3,,
0ALV,north,trend_annual,4,-80598.4247641737,,0.04029982246089935,,2,,
0ALV,north,trend_annual_semi,6,-80741.04705230724,,0.0393483874828386,,1,,
0ALV,north,trend_quad_annual_semi,7,-81490.18108374364,,0.03514375562349971,,0,,
0ALV,up,trend,2,-63530.1375529324,,0.5148219943025631,,3,,
0ALV,up,trend_annual,4,-67420.82705661663,,0.2874646696718718,,1,,
0ALV,up,trend_annual_semi,6,-67416.48833612111,,0.2868959144242494,,2,,
0ALV,up,trend_quad_annual_semi,7,-67656.22687034015,,0.2764586518291524,,0,,
0AMB,east,trend,2,-48179.37497481465,,0.031192902818698312,,3,,
0AMB,east,trend_annual,4,-51980.555527826975,,0.012264880646053605,,2,,
0AMB,east,trend_annual_semi,6,-52149.715335792025,,0.011720200947118883,,0,,
0AMB,east,trend_quad_annual_semi,7,-52147.08298439565,,0.0117039244789756,,1,,
0AMB,north,trend,2,-46459.98010316239,,0.04749291487310994,,3,,
0AMB,north,trend_annual,4,-51660.27695994101,,0.013263921295851954,,2,,
0AMB,north,trend_annual_semi,6,-52149.06526920143,,0.011722063909607798,,1,,
0AMB,north,trend_quad_annual_semi,7,-52261.17518709492,,0.011381950452562767,,0,,
0AMB,up,trend,2,-39602.08326408487,,0.25399839110506084,,3,,
0AMB,up,trend_annual,4,-41598.13518056196,,0.15527985869522837,,2,,
0AMB,up,trend_annual_semi,6,-41652.98521414147,,0.1525895462456218,,1,,
0AMB,up,trend_quad_annual_semi,7,-41667.72961352142,,0.15173161954595052,,0,,
0AME,east,trend,2,-75085.73999500631,,0.03252728371399153,,3,,
0AME,east,trend_annual,4,-82849.81398883241,,0.00923248196452683,,2,,
0AME,east,trend_annual_semi,6,-83034.56652377959,,0.008935235418563567,,1,,
0AME,east,trend_quad_annual_semi,7,-83257.18397275571,,0.008606878865375584,,0,,
0AME,north,trend,2,-81381.40237652343,,0.011742312521012026,,3,,
0AME,north,trend_annual,4,-81948.38004841477,,0.010682582566938631,,2,,
0AME,north,trend_annual_semi,6,-82344.01004152844,,0.009991763575855397,,1,,
0AME,north,trend_quad_annual_semi,7,-82466.43952012155,,0.00978190877225458,,0,,
0AME,up,trend,2,-60030.129606152645,,0.3719116830814544,,3,,
0AME,up,trend_annual,4,-62989.89285277211,,0.2297122564894121,,2,,
0AME,up,trend_annual_semi,6,-63135.44239678509,,0.22373148419481792,,1,,
0AME,up,trend_quad_annual_semi,7,-63140.4431899652,,0.22323490593667333,,0,,
0AMM,east,trend,2,-77999.50933669496,,0.05688946470289457,,3,,
0AMM,east,trend_annual,4,-84313.06167319258,,0.02205978217567946,,2,,
0AMM,east,trend_annual_semi,6,-84315.46565699081,,0.021993801952128283,,1,,
0AMM,east,trend_quad_annual_semi,7,-84440.32318113484,,0.02155827986070019,,0,,
0AMM,north,trend,2,-81391.49894394657,,0.03424550235137035,,3,,
0AMM,north,trend_annual,4,-81892.4212289451,,0.03168884718089102,,2,,
0AMM,north,trend_annual_semi,6,-82124.30470225665,,0.030527610726357436,,0,,
0AMM,north,trend_quad_annual_semi,7,-82115.50337033127,,0.030527583362785583,,1,,
0AMM,up,trend,2,-63674.63012837306,,0.4852142392242773,,3,,
0AMM,up,trend_annual,4,-67028.75134648437,,0.2929688322800778,,2,,
0AMM,up,trend_annual_semi,6,-67109.98467459714,,0.2886674319068211,,1,,
0AMM,up,trend_quad_annual_semi,7,-67116.52771156628,,0.28800514496046903,,0,,
0AMS,east,trend,2,-43461.94522267078,,0.030600014601141857,,3,,
0AMS,east,trend_annual,4,-46391.10244622993,,0.013844584487396776,,1,,
0AMS,east,trend_annual_semi,6,-46387.39554757171,,0.01379720190189794,,2,,
0AMS,east,trend_quad_annual_semi,7,-46420.427733724544,,0.013644801888580858,,0,,
0AMS,north,trend,2,-48456.76149818263,,0.007973621708377307,,3,,
0AMS,north,trend_annual,4,-48744.5472023172,,0.007346512116893553,,2,,
0AMS,north,trend_annual_semi,6,-48896.724688667484,,0.007020435292606394,,1,,
0AMS,north,trend_quad_annual_semi,7,-48962.12469555177,,0.0068826445761167865,,0,,
0AMS,up,trend,2,-35784.7136399259,,0.24179891690186678,,3,,
0AMS,up,trend_annual,4,-37378.70740685233,,0.15672534133556004,,2,,
0AMS,up,trend_annual_semi,6,-37441.87806481998,,0.15340164927917915,,1,,
0AMS,up,trend_quad_annual_semi,7,-37470.90829450453,,0.1518707753803113,,0,,
0ANA,east,trend,2,-82160.00566174327,,0.042145231839551635,,3,,
0ANA,east,trend_annual,4,-87777.6303865941,,0.01851037885106789,,2,,
0ANA,east,trend_annual_semi,6,-87893.15122618865,,0.018153906181054284,,1,,
0ANA,east,trend_quad_annual_semi,7,-90162.26170712861,,0.013017451408977162,,0,,
0ANA,north,trend,2,-86284.30638806627,,0.023079527018816874,,3,,
0ANA,north,trend_annual,4,-86554.32683934532,,0.022130176457988218,,2,,
0ANA,north,trend_annual_semi,6,-87340.5366888645,,0.019679376084956773,,1,,
0ANA,north,trend_quad_annual_semi,7,-87527.21815397537,,0.01912554602876666,,0,,
0ANA,up,trend,2,-65438.07501628464,,0.4842666759367894,,3,,
0ANA,up,trend_annual,4,-68773.3389688687,,0.29680809329305924,,2,,
0ANA,up,trend_annual_semi,6,-68821.75650844244,,0.29395816823847704,,0,,
0ANA,up,trend_quad_annual_semi,7,-68818.12470680902,,0.29373506721893144,,1,,
0ANG,east,trend,2,-80857.49538265928,,0.032486816603251006,,3,,
0ANG,east,trend_annual,4,-85470.1515497803,,0.016134790732931895,,2,,
0ANG,east,trend_annual_semi,6,-85980.06334334903,,0.014898282685066822,,0,,
0ANG,east,trend_quad_annual_semi,7,-85972.93828901401,,0.01489451762467222,,1,,
0ANG,north,trend,2,-82113.63815232659,,0.0268689133094734,,3,,
0ANG,north,trend_annual,4,-82209.73224373056,,0.02641114537032438,,2,,
0ANG,north,trend_annual_semi,6,-82366.44746307866,,0.025724385715709133,,1,,
0ANG,north,trend_quad_annual_semi,7,-84194.46047898305,,0.01948817484723385,,0,,
0ANG,up,trend,2,-63046.15588715314,,0.47962076305305945,,3,,
0ANG,up,trend_annual,4,-66106.44747705803,,0.30120079673910116,,2,,
0ANG,up,trend_annual_semi,6,-66152.32192788864,,0.29832511774459247,,1,,
0ANG,up,trend_quad_annual_semi,7,-66152.86425996092,,0.29790427960810933,,0,,
0ANS,east,trend,2,-48452.79007952938,,0.029917054222917867,,3,,
0ANS,east,trend_annual,4,-53971.27157481168,,0.007750373530347824,,2,,
0ANS,east,trend_annual_semi,6,-54095.73850178739,,0.00748805265698875,,1,,
0ANS,east,trend_quad_annual_semi,7,-54143.78326438029,,0.007385768588733549,,0,,
0ANS,north,trend,2,-52636.68779138725,,0.01077757737467058,,3,,
0ANS,north,trend_annual,4,-53616.72507497478,,0.008450773698419392,,2,,
0ANS,north,trend_annual_semi,6,-53753.89320188851,,0.008139480564452307,,1,,
0ANS,north,trend_quad_annual_semi,7,-53754.65651952493,,0.008121462645278993,,0,,
0ANS,up,trend,2,-39803.53276837419,,0.24691229936099007,,3,,
0ANS,up,trend_annual,4,-41554.272379115806,,0.16041360077334554,,2,,
0ANS,up,trend_annual_semi,6,-41635.802932431776,,0.1566165738521821,,0,,
0ANS,up,trend_quad_annual_semi,7,-41632.89001916623,,0.15641012975145396,,1,,
0ARA,east,trend,2,-42336.67496615734,,0.01614336846923617,,3,,
0ARA,east,trend_annual,4,-45704.99187746071,,0.006054170169168229,,2,,
0ARA,east,trend_annual_semi,6,-45774.03342217417,,0.005906301798017103,,1,,
0ARA,east,trend_quad_annual_semi,7,-45796.92520432238,,0.005853418848403297,,0,,
0ARA,north,trend,2,-45950.60400759135,,0.005664945193221511,,2,,
0ARA,north,trend_annual,4,-45947.541991561,,0.005643267885473021,,3,,
0ARA,north,trend_annual_semi,6,-46112.12148494413,,0.005355112643536698,,1,,
0ARA,north,trend_quad_annual_semi,7,-46162.693875894955,,0.0052647661348474584,,0,,
0ARA,up,trend,2,-33877.65130486746,,0.18729591016667313,,3,,
0ARA,up,trend_annual,4,-35645.98099730493,,0.11167108100250234,,2,,
0ARA,up,trend_annual_semi,6,-35775.04398136925,,0.10706518556832582,,0,,
0ARA,up,trend_quad_annual_semi,7,-35767.85395820043,,0.10703551806785122,,1,,
0ARB,east,trend,2,-64105.796194267146,,0.0468852866966494,,3,,
0ARB,east,trend_annual,4,-70058.92418923901,,0.015815652022077298,,2,,
0ARB,east,trend_annual_semi,6,-70169.49623009597,,0.015452012884403765,,1,,
0ARB,east,trend_quad_annual_semi,7,-71408.63285257094,,0.012312662965314618,,0,,
0ARB,north,trend,2,-72257.95039017336,,0.010632074556616154,,3,,
0ARB,north,trend_annual,4,-72383.92289842576,,0.01035854088353891,,2,,
0ARB,north,trend_annual_semi,6,-72712.25791720054,,0.009727083144595488,,1,,
0ARB,north,trend_quad_annual_semi,7,-72771.90565623577,,0.00960697851625054,,0,,
0ARB,up,trend,2,-53932.134807455695,,0.29871222316785856,,3,,
0ARB,up,trend_annual,4,-55901.9283862915,,0.20805664756222172,,2,,
0ARB,up,trend_annual_semi,6,-56012.57232380307,,0.20327027448706436,,1,,
0ARB,up,trend_quad_annual_semi,7,-56577.732154945734,,0.1831124638414595,,0,,
0ARD,east,trend,2,-61650.470167388754,,0.03669150697886253,,3,,
0ARD,east,trend_annual,4,-69829.68754446984,,0.00758387938293497,,2,,
0ARD,east,trend_annual_semi,6,-69950.7241092238,,0.007385012685553898,,1,,
0ARD,east,trend_quad_annual_semi,7,-70146.57189764867,,0.007100296966866282,,0,,
0ARD,north,trend,2,-69268.97460921107,,0.008475388552763335,,3,,
0ARD,north,trend_annual,4,-69292.04397365733,,0.008410136816440534,,2,,
0ARD,north,trend_annual_semi,6,-69774.90116871473,,0.007639034655861344,,1,,
0ARD,north,trend_quad_annual_semi,7,-69857.14014940064,,0.007506784915390445,,0,,
0ARD,up,trend,2,-52082.009189815624,,0.23113174938796827,,3,,
0ARD,up,trend_annual,4,-54227.386955029746,,0.15248167133634116,,2,,
0ARD,up,trend_annual_semi,6,-54350.58259588728,,0.14842160213850555,,0,,
0ARD,up,trend_quad_annual_semi,7,-54343.8968087495,,0.14836821438235515,,1,,
0ARH,east,trend,2,-18647.00582097931,,0.010370616882725132,,3,,
0ARH,east,trend_annual,4,-20718.582997312133,,0.0027343256459469007,,1,,
0ARH,east,trend_annual_semi,6,-20709.98470896476,,0.0027236660206699467,,2,,
0ARH,east,trend_quad_annual_semi,7,-20962.526387220467,,0.0023069128447866264,,0,,
0ARH,north,trend,2,-20558.79636421347,,0.0030568504044140516,,3,,
0ARH,north,trend_annual,4,-21100.76014636392,,0.002141876233978742,,2,,
0ARH,north,trend_annual_semi,6,-21133.432543381976,,0.002077998308020549,,0,,
0ARH,north,trend_quad_annual_semi,7,-21126.12256501137,,0.0020779376781826383,,1,,
0ARH,up,trend,2,-15109.871774865505,,0.09939741009582342,,3,,
0ARH,up,trend_annual,4,-15985.910540881901,,0.05625847509341585,,2,,
0ARH,up,trend_annual_semi,6,-16045.738776922622,,0.053641746252204775,,0,,
0ARH,up,trend_quad_annual_semi,7,-16042.547799064194,,0.05349918853661988,,1,,
0ARJ,east,trend,2,-128455.833272873,,0.13566315479191915,,3,,
0ARJ,east,trend_annual,4,-133544.5440974049,,0.08645548363982912,,2,,
0ARJ,east,trend_annual_semi,6,-133585.78749352085,,0.08599974048020981,,1,,
0ARJ,east,trend_quad_annual_semi,7,-137148.38809250755,,0.06275558422259658,,0,,
0ARJ,north,trend,2,-141067.18428729783,,0.04459717473055061,,3,,
0ARJ,north,trend_annual,4,-141761.8979779893,,0.041877117972396516,,2,,
0ARJ,north,trend_annual_semi,6,-142427.3617498076,,0.039424556852707446,,1,,
0ARJ,north,trend_quad_annual_semi,7,-142492.24469661908,,0.03916728082699693,,0,,
0ARJ,up,trend,2,-94532.44469442072,,2.7046047246829334,,3,,
0ARJ,up,trend_annual,4,-95526.64067028504,,2.4734307134475837,,2,,
0ARJ,up,trend_annual_semi,6,-95536.68213316223,,2.4671736913864093,,1,,
0ARJ,up,trend_quad_annual_semi,7,-98276.26964557229,,1.935911445894685,,0,,
0ART,east,trend,2,-81823.72841628881,,0.049721121823035334,,3,,
0ART,east,trend_annual,4,-87717.52837425936,,0.0211376749130883,,2,,
0ART,east,trend_annual_semi,6,-87850.09369669721,,0.020683095231460544,,1,,
0ART,east,trend_quad_annual_semi,7,-89735.96700580583,,0.015723517456301427,,0,,
0ART,north,trend,2,-86744.32512936447,,0.024396384256453792,,3,,
0ART,north,trend_annual,4,-87667.84643037996,,0.02129017738007816,,2,,
0ART,north,trend_annual_semi,6,-87922.0769576123,,0.02046878329190545,,1,,
0ART,north,trend_quad_annual_semi,7,-88225.02818392076,,0.019565848481387167,,0,,
0ART,up,trend,2,-66160.7496357067,,0.47953346254648077,,3,,
0ART,up,trend_annual,4,-69463.67780278828,,0.2965844056348864,,2,,
0ART,up,trend_annual_semi,6,-69574.33523435763,,0.29112757588074745,,1,,
0ART,up,trend_quad_annual_semi,7,-69575.19284952567,,0.29071931135599655,,0,,
0ARV,east,trend,2,-81888.79168067692,,0.05111628562393237,,3,,
0ARV,east,trend_annual,4,-88989.71828777151,,0.018302438605379667,,2,,
0ARV,east,trend_annual_semi,6,-89002.85641880543,,0.018221219183326434,,1,,
0ARV,east,trend_quad_annual_semi,7,-89868.84589866216,,0.01606055803994272,,0,,
0ARV,north,trend,2,-88348.43087931204,,0.02012797755966626,,3,,
0ARV,north,trend_annual,4,-88593.98734293431,,0.0193778391563688,,2,,
0ARV,north,trend_annual_semi,6,-89066.56097284715,,0.01805451070500816,,1,,
0ARV,north,trend_quad_annual_semi,7,-89230.13879457058,,0.01761091155782126,,0,,
0ARV,up,trend,2,-66390.1351433522,,0.4783003333247911,,3,,
0ARV,up,trend_annual,4,-69156.45528977572,,0.3200778032781494,,2,,
0ARV,up,trend_annual_semi,6,-69571.99202430854,,0.3006836750643093,,1,,
0ARV,up,trend_quad_annual_semi,7,-69648.68392575954,,0.2969957328988705,,0,,
0ASD,east,trend,2,-52601.74779910917,,0.08923618803514108,,3,,
0ASD,east,trend_annual,4,-58101.921752385686,,0.028461400621248144,,2,,
0ASD,east,trend_annual_semi,6,-58310.76863187164,,0.02716087790502761,,1,,
0ASD,east,trend_quad_annual_semi,7,-58380.21076272942,,0.026726017872669237,,0,,
0ASD,north,trend,2,-60196.010131359864,,0.018510243484751637,,3,,
0ASD,north,trend_annual,4,-60982.10450000211,,0.015673801985620975,,2,,
0ASD,north,trend_annual_semi,6,-61016.3486244984,,0.01550843531015573,,1,,
0ASD,north,trend_quad_annual_semi,7,-61065.07819015841,,0.015325745078472877,,0,,
0ASD,up,trend,2,-46802.83520528293,,0.2966007695645936,,3,,
0ASD,up,trend_annual,4,-50036.079233004886,,0.15128829762142726,,2,,
0ASD,up,trend_annual_semi,6,-50102.38310829691,,0.14870140876197988,,0,,
0ASD,up,trend_quad_annual_semi,7,-50093.96156170615,,0.14869954104362285,,1,,
0ASE,east,trend,2,-80280.66877039826,,0.059049818197011224,,3,,
0ASE,east,trend_annual,4,-86054.33876765774,,0.02545681003221379,,2,,
0ASE,east,trend_annual_semi,6,-86150.42175489951,,0.025039538311744866,,1,,
0ASE,east,trend_quad_annual_semi,7,-87843.27391458985,,0.019554890314239418,,0,,
0ASE,north,trend,2,-84383.74431682259,,0.032533298663084256,,3,,
0ASE,north,trend_annual,4,-85605.00207699719,,0.02717412928425504,,2,,
0ASE,north,trend_annual_semi,6,-86149.23060345957,,0.025043871954495606,,1,,
0ASE,north,trend_quad_annual_semi,7,-87773.10116997437,,0.019755273737885957,,0,,
0ASE,up,trend,2,-66047.23672844782,,0.46698286027023095,,3,,
0ASE,up,trend_annual,4,-69775.72441911811,,0.27097584624836113,,2,,
0ASE,up,trend_annual_semi,6,-69863.09384095292,,0.2668718176259273,,1,,
0ASE,up,trend_quad_annual_semi,7,-69883.36319301794,,0.2657456787327166,,0,,
0AST,east,trend,2,-35475.64805195032,,0.02607048918709065,,3,,
0AST,east,trend_annual,4,-40389.140213288476,,0.005156784851397753,,2,,
0AST,east,trend_annual_semi,6,-40443.1101754014,,0.005039458646663752,,0,,
0AST,east,trend_quad_annual_semi,7,-40435.63117250681,,0.005038562048070663,,1,,
0AST,north,trend,2,-40075.880299232034,,0.005746348413827895,,3,,
0AST,north,trend_annual,4,-40076.06493221891,,0.0057157805972681015,,2,,
0AST,north,trend_annual_semi,6,-40110.67457241516,,0.005621399114664673,,1,,
0AST,north,trend_quad_annual_semi,7,-40125.188500991615,,0.005579911375354565,,0,,
0AST,up,trend,2,-29998.68627969803,,0.15778788783374126,,3,,
0AST,up,trend_annual,4,-31525.633044855538,,0.09501395140844976,,2,,
0AST,up,trend_annual_semi,6,-31580.233756995043,,0.09283296110600545,,0,,
0AST,up,trend_quad_annual_semi,7,-31577.657605086155,,0.09266697107397923,,1,,
0ATR,east,trend,2,-98871.18881104329,,0.09229128695907127,,3,,
0ATR,east,trend_annual,4,-103720.5986923956,,0.05253670538503955,,2,,
0ATR,east,trend_annual_semi,6,-103747.71734605792,,0.05226226386094997,,1,,
0ATR,east,trend_quad_annual_semi,7,-103943.77794886642,,0.05103596354946354,,0,,
0ATR,north,trend,2,-107596.2562558981,,0.03361549344094496,,3,,
0ATR,north,trend_annual,4,-108972.4387676292,,0.02860523816190082,,2,,
0ATR,north,trend_annual_semi,6,-109520.51583221968,,0.02679055136962032,,1,,
0ATR,north,trend_quad_annual_semi,7,-110234.4904122665,,0.024639591305896935,,0,,
0ATR,up,trend,2,-84965.77917860972,,0.4615352564541114,,3,,
0ATR,up,trend_annual,4,-89681.47696627719,,0.266826467364218,,2,,
0ATR,up,trend_annual_semi,6,-89879.28488761312,,0.2602396730704911,,0,,
0ATR,up,trend_quad_annual_semi,7,-89870.28572636444,,0.26023771861837025,,1,,
0ATT,east,trend,2,-27157.365576625998,,0.08828710975452757,,3,,
0ATT,east,trend_annual,4,-33109.029479815414,,0.009185596889058708,,2,,
0ATT,east,trend_annual_semi,6,-33405.82636262946,,0.00815891526478533,,0,,
0ATT,east,trend_quad_annual_semi,7,-33397.97633589487,,0.008158830580660255,,1,,
0ATT,north,trend,2,-25991.45602186346,,0.13737699674480555,,3,,
0ATT,north,trend_annual,4,-31364.928400214056,,0.017797048632337827,,2,,
0ATT,north,trend_annual_semi,6,-31837.589934345444,,0.014787999065236895,,0,,
0ATT,north,trend_quad_annual_semi,7,-31831.54420412009,,0.014777730849748493,,1,,
0ATT,up,trend,2,-25373.72790730644,,0.1736398050414888,,3,,
0ATT,up,trend_annual,4,-27293.429374941305,,0.0833477528659582,,2,,
0ATT,up,trend_annual_semi,6,-27389.896231674098,,0.07987517372947903,,1,,
0ATT,up,trend_quad_annual_semi,7,-27512.465334446737,,0.07602006520736283,,0,,
0ATV,east,trend,2,-47658.54479394132,,0.037220429152318685,,3,,
0ATV,east,trend_annual,4,-53983.07104111085,,0.00794459493704528,,2,,
0ATV,east,trend_annual_semi,6,-54088.48308724677,,0.00771191414300287,,0,,
0ATV,east,trend_quad_annual_semi,7,-54082.87894457425,,0.007706814505851267,,1,,
0ATV,north,trend,2,-54212.75566731491,,0.007542892596952315,,3,,
0ATV,north,trend_annual,4,-54393.39609031029,,0.007189048155556623,,2,,
0ATV,north,trend_annual_semi,6,-54504.791956837245,,0.006968333163799273,,1,,
0ATV,north,trend_quad_annual_semi,7,-54548.70489617964,,0.006880249232614122,,0,,
0ATV,up,trend,2,-40330.17445573845,,0.22177276686944303,,3,,
0ATV,up,trend_annual,4,-42412.85178090818,,0.1330031463450271,,2,,
0ATV,up,trend_annual_semi,6,-42508.54445667684,,0.12941373339451245,,0,,
0ATV,up,trend_quad_annual_semi,7,-42500.64725782522,,0.1294004017011144,,1,,
0AVI,east,trend,2,-14130.75308335363,,0.009718303077044155,,3,,
0AVI,east,trend_annual,4,-15237.148729903653,,0.003837554908699877,,2,,
0AVI,east,trend_annual_semi,6,-15282.268320195162,,0.0036533938217124797,,0,,
0AVI,east,trend_quad_annual_semi,7,-15279.239882212276,,0.0036410953415890422,,1,,
0AVI,north,trend,2,-14657.845338769874,,0.006277380450702669,,3,,
0AVI,north,trend_annual,4,-15107.708288309737,,0.004272357591434123,,1,,
0AVI,north,trend_annual_semi,6,-15113.334801750163,,0.004202729075138427,,0,,
0AVI,north,trend_quad_annual_semi,7,-15106.2398510263,,0.004202728679073311,,2,,
0AVI,up,trend,2,-11738.408180682593,,0.07064824469221867,,3,,
0AVI,up,trend_annual,4,-12497.750103019367,,0.03720005486941205,,2,,
0AVI,up,trend_annual_semi,6,-12524.379387080191,,0.035962016838123015,,0,,
0AVI,up,trend_quad_annual_semi,7,-12518.499869725307,,0.03592578839691116,,1,,
0AZ1,east,trend,2,-32749.599831264888,,0.019920849509088213,,3,,
0AZ1,east,trend_annual,4,-36895.0176287816,,0.004427676772971935,,2,,
0AZ1,east,trend_annual_semi,6,-36936.548312023835,,0.0043368016672124384,,1,,
0AZ1,east,trend_quad_annual_semi,7,-37059.57286717786,,0.004136340596998885,,0,,
0AZ1,north,trend,2,-36921.85864112296,,0.00441012579787948,,3,,
0AZ1,north,trend_annual,4,-36951.8676729955,,0.004337635060486189,,2,,
0AZ1,north,trend_annual_semi,6,-37037.87116725312,,0.004180867774244412,,1,,
0AZ1,north,trend_quad_annual_semi,7,-37043.03623308225,,0.004161134942592505,,0,,
0AZ1,up,trend,2,-27488.28206609246,,0.13338223138836292,,3,,
0AZ1,up,trend_annual,4,-29089.88822626444,,0.07434127167993296,,2,,
0AZ1,up,trend_annual_semi,6,-29191.102256219623,,0.071261676978556,,1,,
0AZ1,up,trend_quad_annual_semi,7,-29193.919185434428,,0.07098555092917475,,0,,
0BAS,east,trend,2,-75750.67540438299,,0.22365338766604356,,3,,
0BAS,east,trend_annual,4,-88079.35197371877,,0.04112898557065159,,2,,
0BAS,east,trend_annual_semi,6,-89872.83307088981,,0.03208176105187718,,1,,
0BAS,east,trend_quad_annual_semi,7,-90235.20621702718,,0.030489011193800368,,0,,
0BAS,north,trend,2,-90907.87675119728,,0.027972041901654966,,3,,
0BAS,north,trend_annual,4,-91732.10117163244,,0.024921200111910277,,2,,
0BAS,north,trend_annual_semi,6,-92252.08680865185,,0.023149199150497048,,1,,
0BAS,north,trend_quad_annual_semi,7,-92503.56279834466,,0.022337100204435495,,0,,
0BAS,up,trend,2,-68011.27145872434,,0.6465163566188206,,3,,
0BAS,up,trend_annual,4,-72847.72235100446,,0.33222529122614075,,2,,
0BAS,up,trend_annual_semi,6,-72942.16232555066,,0.3271505772434623,,1,,
0BAS,up,trend_quad_annual_semi,7,-73043.15698126436,,0.32225677616267356,,0,,
0BEB,east,trend,2,-27019.444158310896,,0.05345760349120746,,3,,
0BEB,east,trend_annual,4,-32619.659156740658,,0.005721094229547187,,2,,
0BEB,east,trend_annual_semi,6,-32878.64071695964,,0.0051288033761495155,,1,,
0BEB,east,trend_quad_annual_semi,7,-33038.54240228897,,0.0047976541530288,,0,,
0BEB,north,trend,2,-29699.73286106141,,0.018399427702382915,,3,,
0BEB,north,trend_annual,4,-32480.159700620232,,0.006047658731217761,,1,,
0BEB,north,trend_annual_semi,6,-32464.840016405375,,0.006046843493282728,,2,,
0BEB,north,trend_quad_annual_semi,7,-32572.771778198683,,0.005774614718582883,,0,,
0BEB,up,trend,2,-24142.6225496471,,0.16794972705323213,,3,,
0BEB,up,trend_annual,4,-25618.938957001996,,0.09275503594642928,,2,,
0BEB,up,trend_annual_semi,6,-25675.83659820626,,0.09011527547921239,,0,,
0BEB,up,trend_quad_annual_semi,7,-25670.81566883021,,0.0900146269869857,,1,,
0BEF,east,trend,2,-53087.23318162667,,0.034029051241515576,,3,,
0BEF,east,trend_annual,4,-59104.52368991999,,0.008910170690911906,,2,,
0BEF,east,trend_annual_semi,6,-59143.23838553775,,0.008800948211257684,,1,,
0BEF,east,trend_quad_annual_semi,7,-59235.361246008535,,0.008606632785665716,,0,,
0BEF,north,trend,2,-58830.88830905592,,0.009503851589748487,,3,,
0BEF,north,trend_annual,4,-58941.13606276045,,0.009239405748673494,,2,,
0BEF,north,trend_annual_semi,6,-59025.04475836311,,0.009035011699396824,,1,,
0BEF,north,trend_quad_annual_semi,7,-59027.632688942205,,0.009012966904691585,,0,,
0BEF,up,trend,2,-45043.74948103124,,0.20305250625331667,,3,,
0BEF,up,trend_annual,4,-47132.792037587664,,0.12720574333467846,,2,,
0BEF,up,trend_annual_semi,6,-47336.238402733754,,0.12113301278892502,,1,,
0BEF,up,trend_quad_annual_semi,7,-47336.98222936428,,0.12088695317499704,,0,,
0BEN,east,trend,2,-14749.65971917302,,0.010166642098919374,,3,,
0BEN,east,trend_annual,4,-16446.07579363286,,0.0026125881296026423,,2,,
0BEN,east,trend_annual_semi,6,-16467.876748193903,,0.002538785935577781,,1,,
0BEN,east,trend_quad_annual_semi,7,-16468.55386004663,,0.0025230753498785147,,0,,
0BEN,north,trend,2,-15856.70569099569,,0.0042198779362516954,,3,,
0BEN,north,trend_annual,4,-16212.5537155611,,0.0031450303527717637,,2,,
0BEN,north,trend_annual_semi,6,-16223.024324664992,,0.0030838155938347866,,0,,
0BEN,north,trend_quad_annual_semi,7,-16220.85315100793,,0.0030716735542950613,,1,,
0BEN,up,trend,2,-12197.513979182373,,0.0771871735067993,,3,,
0BEN,up,trend_annual,4,-12938.164824375655,,0.04237713715982053,,2,,
0BEN,up,trend_annual_semi,6,-12961.328407147706,,0.04113549306446868,,1,,
0BEN,up,trend_quad_annual_semi,7,-12970.712387151221,,0.04059919225996557,,0,,
0BER,east,trend,2,-33116.149281348036,,0.02128359570013621,,3,,
0BER,east,trend_annual,4,-35274.48261659957,,0.009817775328630027,,2,,
0BER,east,trend_annual_semi,6,-35295.53459461668,,0.009689577566946717,,1,,
0BER,east,trend_quad_annual_semi,7,-35604.074638597696,,0.008657483969003846,,0,,
0BER,north,trend,2,-33808.0892545797,,0.016638089876262592,,2,,
0BER,north,trend_annual,4,-33803.3490945432,,0.01657225005298351,,3,,
0BER,north,trend_annual_semi,6,-33865.895514614574,,0.01611610666818586,,1,,
0BER,north,trend_quad_annual_semi,7,-34648.68399890422,,0.012163270725821927,,0,,
0BER,up,trend,2,-27061.318473003095,,0.1835855334028355,,3,,
0BER,up,trend_annual,4,-28295.198368538466,,0.11767488392544039,,2,,
0BER,up,trend_annual_semi,6,-28369.781268487022,,0.11394680642472281,,1,,
0BER,up,trend_quad_annual_semi,7,-28456.704568158104,,0.11016422570359287,,0,,
0BIE,east,trend,2,-100333.96457646448,,0.10253024875586955,,3,,
0BIE,east,trend_annual,4,-112135.44978720209,,0.02688933961722579,,2,,
0BIE,east,trend_annual_semi,6,-112427.0644041118,,0.02596242905640215,,1,,
0BIE,east,trend_quad_annual_semi,7,-114672.35657284525,,0.020113080984716522,,0,,
0BIE,north,trend,2,-103781.6892259454,,0.06939024435541624,,3,,
0BIE,north,trend_annual,4,-104464.24338614143,,0.06409701732495686,,2,,
0BIE,north,trend_annual_semi,6,-104533.08093254387,,0.06346858670791337,,1,,
0BIE,north,trend_quad_annual_semi,7,-105372.45894550273,,0.05765443505610731,,0,,
0BIE,up,trend,2,-83967.68993597807,,0.6542131512144888,,3,,
0BIE,up,trend_annual,4,-87774.80458831652,,0.42422648359552895,,2,,
0BIE,up,trend_annual_semi,6,-87822.64213025723,,0.42106731495956645,,1,,
0BIE,up,trend_quad_annual_semi,7,-88148.47004873308,,0.4053974363142734,,0,,
0BIP,east,trend,2,-48114.421602075316,,0.0384695762869822,,3,,
0BIP,east,trend_annual,4,-54007.14192965318,,0.009271530677236954,,2,,
0BIP,east,trend_annual_semi,6,-54046.49940238781,,0.009147304887814272,,1,,
0BIP,east,trend_quad_annual_semi,7,-54047.13570005472,,0.00912757373848636,,0,,
0BIP,north,trend,2,-52790.785250770256,,0.012476502549780645,,3,,
0BIP,north,trend_annual,4,-53678.394006391354,,0.01003528749555559,,2,,
0BIP,north,trend_annual_semi,6,-53745.75341790932,,0.009834295828184961,,1,,
0BIP,north,trend_quad_annual_semi,7,-53813.258866239834,,0.00965634359803848,,0,,
0BIP,up,trend,2,-40503.66288188267,,0.24043762501670238,,3,,
0BIP,up,trend_annual,4,-42349.91478594907,,0.153529045318119,,2,,
0BIP,up,trend_annual_semi,6,-42439.78999058694,,0.14964059952657857,,0,,
0BIP,up,trend_quad_annual_semi,7,-42433.797782813854,,0.14955633094494022,,1,,
0BIS,east,trend,2,-65893.80056900848,,0.049152343772418686,,3,,
0BIS,east,trend_annual,4,-72343.65903202118,,0.015666306616009408,,2,,
0BIS,east,trend_annual_semi,6,-72417.81571142035,,0.015415073794804014,,1,,
0BIS,east,trend_quad_annual_semi,7,-73043.68407004727,,0.013779232030822972,,0,,
0BIS,north,trend,2,-68567.13222176713,,0.03063889929399389,,3,,
0BIS,north,trend_annual,4,-71767.61683899772,,0.017345941261905612,,2,,
0BIS,north,trend_annual_semi,6,-72267.24761919974,,0.01583094863275287,,0,,
0BIS,north,trend_quad_annual_semi,7,-72259.20814297487,,0.015829266555125465,,1,,
0BIS,up,trend,2,-55646.46270222633,,0.3008731213975685,,3,,
0BIS,up,trend_annual,4,-59174.34476767397,,0.16075666073798694,,2,,
0BIS,up,trend_annual_semi,6,-59401.363900513934,,0.15396090625155245,,1,,
0BIS,up,trend_quad_annual_semi,7,-59406.835916242824,,0.15357723174564775,,0,,
0BJA,east,trend,2,-39758.55621763154,,0.033828741503460415,,3,,
0BJA,east,trend_annual,4,-40680.73518351495,,0.025770010581428488,,1,,
0BJA,east,trend_annual_semi,6,-40672.41327991066,,0.025710531285256927,,2,,
0BJA,east,trend_quad_annual_semi,7,-43051.304044428725,,0.012868795280289133,,0,,
0BJA,north,trend,2,-44123.6005353249,,0.009542101123356435,,3,,
0BJA,north,trend_annual,4,-44358.79874213672,,0.008871083572111825,,2,,
0BJA,north,trend_annual_semi,6,-44616.99538972214,,0.008192442216693682,,1,,
0BJA,north,trend_quad_annual_semi,7,-45239.361641355536,,0.006823700582031154,,0,,
0BJA,up,trend,2,-34331.01085272829,,0.1631986987579006,,3,,
0BJA,up,trend_annual,4,-35999.67408011289,,0.100126475162998,,2,,
0BJA,up,trend_annual_semi,6,-36071.830324372204,,0.09759142451962262,,1,,
0BJA,up,trend_quad_annual_semi,7,-36164.37103342308,,0.09478362454197714,,0,,
0BJO,east,trend,2,-104990.01752180362,,0.060605024632584374,,3,,
0BJO,east,trend_annual,4,-115847.6611278746,,0.017689433641424057,,2,,
0BJO,east,trend_annual_semi,6,-116190.24637933933,,0.016981437773925887,,1,,
0BJO,east,trend_quad_annual_semi,7,-116374.21367094431,,0.01661427802025253,,0,,
0BJO,north,trend,2,-105887.68855206035,,0.05474791726819362,,3,,
0BJO,north,trend_annual,4,-105908.73433695342,,0.054505350804728736,,2,,
0BJO,north,trend_annual_semi,6,-105980.18796447064,,0.05395503511196879,,1,,
0BJO,north,trend_quad_annual_semi,7,-107825.64392442054,,0.04373598241906461,,0,,
0BJO,up,trend,2,-84788.95601130088,,0.5968320047230883,,3,,
0BJO,up,trend_annual,4,-90629.676027494,,0.30743531824537706,,2,,
0BJO,up,trend_annual_semi,6,-90929.27792444901,,0.29657046691110855,,0,,
0BJO,up,trend_quad_annual_semi,7,-90920.19314881618,,0.2965704212054225,,1,,
0BJU,east,trend,2,-84618.31042799329,,0.06379655671145448,,3,,
0BJU,east,trend_annual,4,-87844.25825485692,,0.040831652040921984,,2,,
0BJU,east,trend_annual_semi,6,-87905.12902924437,,0.04039221874815356,,1,,
0BJU,east,trend_quad_annual_semi,7,-88479.47361317191,,0.03727791633570819,,0,,
0BJU,north,trend,2,-93306.27208369307,,0.019307467679423127,,3,,
0BJU,north,trend_annual,4,-93485.22911066811,,0.018791908106139243,,2,,
0BJU,north,trend_annual_semi,6,-94001.47679383881,,0.017460820130109127,,1,,
0BJU,north,trend_quad_annual_semi,7,-94052.1084588832,,0.017318424013733194,,0,,
0BJU,up,trend,2,-70366.56800818058,,0.45319324277827777,,3,,
0BJU,up,trend_annual,4,-74148.76596041485,,0.26868867182461686,,2,,
0BJU,up,trend_annual_semi,6,-74479.53686349244,,0.2561088767265758,,1,,
0BJU,up,trend_quad_annual_semi,7,-74499.93200342703,,0.25507910003389644,,0,,
0BKI,east,trend,2,-57691.10862705144,,0.017222796882658233,,3,,
0BKI,east,trend_annual,4,-61909.373482119736,,0.006882220337552426,,2,,
0BKI,east,trend_annual_semi,6,-61917.30435883689,,0.006845343205071257,,1,,
0BKI,east,trend_quad_annual_semi,7,-61956.76517120832,,0.0067746944102994216,,0,,
0BKI,north,trend,2,-52406.662970669284,,0.054097963129173414,,3,,
0BKI,north,trend_annual,4,-58716.62118849275,,0.013742074912912888,,2,,
0BKI,north,trend_annual_semi,6,-59701.76693834413,,0.011061092294042106,,1,,
0BKI,north,trend_quad_annual_semi,7,-59814.57263664907,,0.010774406823764791,,0,,
0BKI,up,trend,2,-45191.82331781739,,0.25813039371376745,,3,,
0BKI,up,trend_annual,4,-47652.23886368155,,0.1509436169785155,,2,,
0BKI,up,trend_annual_semi,6,-47753.84564001081,,0.14711937022458568,,0,,
0BKI,up,trend_quad_annual_semi,7,-47753.537123174,,0.14686057040927347,,1,,
0BLA,east,trend,2,-95125.67406297353,,0.04488555012124616,,3,,
0BLA,east,trend_annual,4,-100833.0835940132,,0.021703119538757976,,2,,
0BLA,east,trend_annual_semi,6,-100987.51706155742,,0.021233453416737873,,1,,
0BLA,east,trend_quad_annual_semi,7,-101754.721090454,,0.019241433280434202,,0,,
0BLA,north,trend,2,-102590.36050327145,,0.017404006797725604,,3,,
0BLA,north,trend_annual,4,-102936.22007040576,,0.016618667995620298,,2,,
0BLA,north,trend_annual_semi,6,-103563.88728750759,,0.01531122005512368,,1,,
0BLA,north,trend_quad_annual_semi,7,-105084.31507477838,,0.012609808977152581,,0,,
0BLA,up,trend,2,-76232.55669100508,,0.49374735035352946,,3,,
0BLA,up,trend_annual,4,-80478.68519780057,,0.2873868819616292,,2,,
0BLA,up,trend_annual_semi,6,-80617.86580286552,,0.28171252566206445,,0,,
0BLA,up,trend_quad_annual_semi,7,-80609.51504490855,,0.28169031568014297,,1,,
0BLG,east,trend,2,-7111.033494134665,,0.009554032152332316,,3,,
0BLG,east,trend_annual,4,-7863.0500576745635,,0.002896795294044373,,2,,
0BLG,east,trend_annual_semi,6,-7879.435903515474,,0.0027673125601908838,,1,,
0BLG,east,trend_quad_annual_semi,7,-7929.687024687291,,0.0025329864973062605,,0,,
0BLG,north,trend,2,-7396.485708347205,,0.006120476868551841,,3,,
0BLG,north,trend_annual,4,-7523.209789188306,,0.004922305806876284,,2,,
0BLG,north,trend_annual_semi,6,-7626.800089662971,,0.004104173115400345,,1,,
0BLG,north,trend_quad_annual_semi,7,-7891.283727528171,,0.0026893797217730077,,0,,
0BLG,up,trend,2,-6017.902177400358,,0.052578976236113885,,3,,
0BLG,up,trend_annual,4,-6379.1499437609555,,0.029329147938305194,,2,,
0BLG,up,trend_annual_semi,6,-6476.546016499573,,0.02469183005598094,,0,,
0BLG,up,trend_quad_annual_semi,7,-6471.213742833116,,0.024648310839481845,,1,,
0BLI,east,trend,2,-60647.979803984985,,0.019053629965454476,,3,,
0BLI,east,trend_annual,4,-65301.87049982093,,0.00730485951393876,,2,,
0BLI,east,trend_annual_semi,6,-65324.89695528937,,0.007245117478267148,,1,,
0BLI,east,trend_quad_annual_semi,7,-65778.1343200645,,0.006590016850856171,,0,,
0BLI,north,trend,2,-64464.54692290481,,0.008704934053970648,,3,,
0BLI,north,trend_annual,4,-64954.195654610965,,0.007845198161544262,,2,,
0BLI,north,trend_annual_semi,6,-65224.90382603215,,0.007395353015177723,,1,,
0BLI,north,trend_quad_annual_semi,7,-65442.42239301399,,0.007060121736685964,,0,,
0BLI,up,trend,2,-47833.36209290694,,0.2644139278189258,,3,,
0BLI,up,trend_annual,4,-49555.46118895661,,0.1850380406461146,,2,,
0BLI,up,trend_annual_semi,6,-49590.99576125033,,0.18305415880175951,,1,,
0BLI,up,trend_quad_annual_semi,7,-49689.889567341874,,0.17906355328456533,,0,,
0BMO,east,trend,2,-18753.402990534272,,0.06921367317204821,,3,,
0BMO,east,trend_annual,4,-22523.958145314275,,0.00886441668327825,,2,,
0BMO,east,trend_annual_semi,6,-23213.000362713763,,0.006048490559423898,,1,,
0BMO,east,trend_quad_annual_semi,7,-23278.179429967244,,0.00581442581766985,,0,,
0BMO,north,trend,2,-21454.089023800538,,0.015975047079826023,,3,,
0BMO,north,trend_annual,4,-23852.222276236953,,0.004310036016900732,,2,,
0BMO,north,trend_annual_semi,6,-24101.634521602406,,0.003733625623938381,,1,,
0BMO,north,trend_quad_annual_semi,7,-24149.08722582049,,0.003623848215994886,,0,,
0BMO,up,trend,2,-17790.504041507596,,0.11673949055655013,,3,,
0BMO,up,trend_annual,4,-18780.13697356992,,0.06766177137543825,,2,,
0BMO,up,trend_annual_semi,6,-18808.459904751013,,0.06608763297487426,,1,,
0BMO,up,trend_quad_annual_semi,7,-18833.721010162375,,0.06492195885923382,,0,,
0BOD,east,trend,2,-72582.38593770945,,0.027083841210712244,,3,,
0BOD,east,trend_annual,4,-76895.84606766173,,0.013009039132822321,,2,,
0BOD,east,trend_annual_semi,6,-77112.91304425521,,0.012502769159803317,,1,,
0BOD,east,trend_quad_annual_semi,7,-77323.22055094063,,0.012047663042169351,,0,,
0BOD,north,trend,2,-75313.9566053158,,0.017054763559340103,,3,,
0BOD,north,trend_annual,4,-75477.34131096037,,0.01654071169928914,,2,,
0BOD,north,trend_annual_semi,6,-75895.0274616421,,0.015366068449704746,,0,,
0BOD,north,trend_quad_annual_semi,7,-75893.15411701372,,0.01534835960395784,,1,,
0BOD,up,trend,2,-57282.5233473396,,0.36122457761186544,,3,,
0BOD,up,trend_annual,4,-59790.222771884124,,0.23555801154467687,,2,,
0BOD,up,trend_annual_semi,6,-59870.34605865627,,0.23170155672362847,,0,,
0BOD,up,trend_quad_annual_semi,7,-59867.684376086494,,0.2314654230859107,,1,,
0BOS,east,trend,2,-20797.60083708981,,0.08388892436432625,,3,,
0BOS,east,trend_annual,4,-23142.198690738132,,0.0266656224028634,,2,,
0BOS,east,trend_annual_semi,6,-24507.409166688067,,0.013638796910601833,,1,,
0BOS,east,trend_quad_annual_semi,7,-24701.14432140352,,0.012368104087055572,,0,,
0BOS,north,trend,2,-20546.808035266782,,0.09475520733410468,,3,,
0BOS,north,trend_annual,4,-22531.683100983733,,0.03586944840226441,,2,,
0BOS,north,trend_annual_semi,6,-24088.69615541888,,0.016714488297605648,,1,,
0BOS,north,trend_quad_annual_semi,7,-24747.89782322779,,0.012090427335625249,,0,,
0BOS,up,trend,2,-19520.22986634178,,0.15600339154140358,,3,,
0BOS,up,trend_annual,4,-20133.447847392017,,0.11496677810340994,,2,,
0BOS,up,trend_annual_semi,6,-20312.809979166228,,0.1045975968173679,,0,,
0BOS,up,trend_quad_annual_semi,7,-20305.190784850896,,0.10459704912202578,,1,,
0BOT,east,trend,2,-6841.7582663219755,,0.0038240617181014777,,3,,
0BOT,east,trend_annual,4,-7790.043056320296,,0.0007189381400448549,,0,,
0BOT,east,trend_annual_semi,6,-7785.375678119902,,0.0007089537847769099,,2,,
0BOT,east,trend_quad_annual_semi,7,-7787.854294531156,,0.0006981462619606821,,1,,
0BOT,north,trend,2,-7656.84196099292,,0.0009266088772709042,,2,,
0BOT,north,trend_annual,4,-7668.089150839405,,0.0008887971809599841,,0,,
0BOT,north,trend_annual_semi,6,-7659.199386186095,,0.0008829136199664688,,1,,
0BOT,north,trend_quad_annual_semi,7,-7653.102215163475,,0.00088251877868645,,3,,
0BOT,up,trend,2,-5598.368796012814,,0.03323919011212911,,3,,
0BOT,up,trend_annual,4,-5729.625555738622,,0.025877007226787308,,0,,
0BOT,up,trend_annual_semi,6,-5719.767751342,,0.025749022714166153,,1,,
0BOT,up,trend_quad_annual_semi,7,-5713.423529377186,,0.02574856827810849,,2,,
0BRA,east,trend,2,-30920.805395726016,,0.013520132885257564,,3,,
0BRA,east,trend_annual,4,-32446.207103951307,,0.007382558075231964,,2,,
0BRA,east,trend_annual_semi,6,-32460.570998586947,,0.007295971208766067,,1,,
0BRA,east,trend_quad_annual_semi,7,-32858.12897971543,,0.006222392021270581,,0,,
0BRA,north,trend,2,-29371.512259637086,,0.024840154092427496,,3,,
0BRA,north,trend_annual,4,-29620.531631220507,,0.022388186285272046,,2,,
0BRA,north,trend_annual_semi,6,-29694.35496916174,,0.021615067345875972,,1,,
0BRA,north,trend_quad_annual_semi,7,-30760.851746887423,,0.014176487802824617,,0,,
0BRA,up,trend,2,-24155.204579413814,,0.19257424180125093,,3,,
0BRA,up,trend_annual,4,-25400.297124531477,,0.1173870613052419,,2,,
0BRA,up,trend_annual_semi,6,-25423.1066091146,,0.11562623758862378,,0,,
0BRA,up,trend_quad_annual_semi,7,-25419.671060082717,,0.11542634030799495,,1,,
0BRO,east,trend,2,-39393.65548278834,,0.011610109758465548,,3,,
0BRO,east,trend_annual,4,-42594.88993310791,,0.004180776349042745,,2,,
0BRO,east,trend_annual_semi,6,-42654.96250356104,,0.004080876997066514,,1,,
0BRO,east,trend_quad_annual_semi,7,-42902.23920090728,,0.0037631417631470306,,0,,
0BRO,north,trend,2,-41255.353871461026,,0.006429269270218167,,3,,
0BRO,north,trend_annual,4,-42474.69883583975,,0.004343380068516671,,2,,
0BRO,north,trend_annual_semi,6,-42596.710845042086,,0.004157045084216806,,1,,
0BRO,north,trend_quad_annual_semi,7,-42622.55177879761,,0.0041125523340720775,,0,,
0BRO,up,trend,2,-30991.954794771093,,0.16718196283938497,,3,,
0BRO,up,trend_annual,4,-32472.178910622642,,0.10396517772273904,,2,,
0BRO,up,trend_annual_semi,6,-32537.54900682075,,0.1013104146693509,,0,,
0BRO,up,trend_quad_annual_semi,7,-32531.569414667396,,0.10124368224139603,,1,,
0BRU,east,trend,2,-37710.11355129779,,0.01800985440787896,,3,,
0BRU,east,trend_annual,4,-40747.95315487375,,0.0067820867658747635,,2,,
0BRU,east,trend_annual_semi,6,-40860.41435851749,,0.006508916153133796,,1,,
0BRU,east,trend_quad_annual_semi,7,-41313.69292170783,,0.005616130628014964,,0,,
0BRU,north,trend,2,-37243.56920532496,,0.020907705573222603,,3,,
0BRU,north,trend_annual,4,-38044.900117579746,,0.016098217924010078,,2,,
0BRU,north,trend_annual_semi,6,-38402.39894492975,,0.01428535384247735,,1,,
0BRU,north,trend_quad_annual_semi,7,-39644.527656854996,,0.009577668442717497,,0,,
0BRU,up,trend,2,-30904.48970314106,,0.15874923300512633,,3,,
0BRU,up,trend_annual,4,-32473.48285845344,,0.0956238058637954,,2,,
0BRU,up,trend_annual_semi,6,-32535.55023530201,,0.09326320252510485,,1,,
0BRU,up,trend_quad_annual_semi,7,-32734.96447805686,,0.08727641173088968,,0,,
0BST,east,trend,2,-63404.46330214165,,0.03649321036309931,,3,,
0BST,east,trend_annual,4,-68367.6123598236,,0.014342960794474183,,2,,
0BST,east,trend_annual_semi,6,-68388.0487947332,,0.01424219285469485,,1,,
0BST,east,trend_quad_annual_semi,7,-68524.1761063825,,0.013860932298555232,,0,,
0BST,north,trend,2,-64267.99407895295,,0.031037746259191045,,3,,
0BST,north,trend_annual,4,-68734.23533601682,,0.013390067224820648,,2,,
0BST,north,trend_annual_semi,6,-68843.39911486174,,0.01307661296987249,,0,,
0BST,north,trend_quad_annual_semi,7,-68835.69789409036,,0.013074454272489664,,1,,
0BST,up,trend,2,-51874.23314319283,,0.31708805425132963,,3,,
0BST,up,trend_annual,4,-54615.01645868801,,0.18905390568386377,,2,,
0BST,up,trend_annual_semi,6,-54676.01502100196,,0.186303286293848,,1,,
0BST,up,trend_quad_annual_semi,7,-54761.89814300184,,0.1830323039933731,,0,,
0BTT,east,trend,2,-22454.25026404974,,0.07824417258925452,,3,,
0BTT,east,trend_annual,4,-26418.99167391963,,0.012752630419032594,,2,,
0BTT,east,trend_annual_semi,6,-26498.217911445165,,0.012214380016273223,,1,,
0BTT,east,trend_quad_annual_semi,7,-27056.52343837685,,0.009436999691721046,,0,,
0BTT,north,trend,2,-25806.21057908131,,0.016980223503301667,,3,,
0BTT,north,trend_annual,4,-27563.567361794816,,0.007568940563061947,,2,,
0BTT,north,trend_annual_semi,6,-27685.168798111477,,0.007110804347853748,,1,,
0BTT,north,trend_quad_annual_semi,7,-27941.973333396705,,0.00630321744372442,,0,,
0BTT,up,trend,2,-21391.413599872543,,0.12700965394339653,,3,,
0BTT,up,trend_annual,4,-22953.94786453836,,0.06187181389595365,,2,,
0BTT,up,trend_annual_semi,6,-22967.95644855029,,0.061048374479477335,,0,,
0BTT,up,trend_quad_annual_semi,7,-22960.26374299269,,0.0610483528848503,,1,,
0BUE,east,trend,2,-30594.847752107835,,0.012032399288293997,,3,,
0BUE,east,trend_annual,4,-33260.69986376422,,0.004116498283251206,,2,,
0BUE,east,trend_annual_semi,6,-33327.82823688674,,0.003982430393898279,,1,,
0BUE,east,trend_quad_annual_semi,7,-33456.76759612743,,0.00377042196614924,,0,,
0BUE,north,trend,2,-31716.816674348014,,0.007681504168766247,,3,,
0BUE,north,trend_annual,4,-32776.76213782264,,0.004995702091550452,,2,,
0BUE,north,trend_annual_semi,6,-32856.863128939855,,0.004807986203961543,,1,,
0BUE,north,trend_quad_annual_semi,7,-32958.29025977511,,0.004602399772324068,,0,,
0BUE,up,trend,2,-24132.06638401146,,0.15960715254001578,,3,,
0BUE,up,trend_annual,4,-25573.966999177646,,0.08909435855132972,,2,,
0BUE,up,trend_annual_semi,6,-25692.409800941095,,0.08444155675490338,,0,,
0BUE,up,trend_quad_annual_semi,7,-25684.685855218137,,0.08443817577293455,,1,,
0BUG,east,trend,2,-35049.41699305891,,0.03308250552728271,,3,,
0BUG,east,trend_annual,4,-39753.732187999405,,0.007095198979828505,,2,,
0BUG,east,trend_annual_semi,6,-39769.94272197792,,0.007020920167394421,,1,,
0BUG,east,trend_quad_annual_semi,7,-39770.538223575095,,0.007001200417031719,,0,,
0BUG,north,trend,2,-40092.81441038776,,0.0063856986111762055,,3,,
0BUG,north,trend_annual,4,-40094.23134804187,,0.006349409889429775,,2,,
0BUG,north,trend_annual_semi,6,-40199.05663351533,,0.00610394578564316,,0,,
0BUG,north,trend_quad_annual_semi,7,-40198.80449090197,,0.006088484578461752,,1,,
0BUG,up,trend,2,-30472.79335578585,,0.14718736722801395,,3,,
0BUG,up,trend_annual,4,-32011.856384358452,,0.08863191462179235,,2,,
0BUG,up,trend_annual_semi,6,-32111.78295945753,,0.08534170787900101,,0,,
0BUG,up,trend_quad_annual_semi,7,-32108.681811201885,,0.08520467614719635,,1,,
0BUR,east,trend,2,-88581.32475069705,,0.03982486034712497,,3,,
0BUR,east,trend_annual,4,-90889.03076298613,,0.02897303276924061,,2,,
0BUR,east,trend_annual_semi,6,-91012.09370010278,,0.028420093664805496,,1,,
0BUR,east,trend_quad_annual_semi,7,-91065.63936118549,,0.028178360660042322,,0,,
0BUR,north,trend,2,-92393.6734250997,,0.023640615360312082,,3,,
0BUR,north,trend_annual,4,-92766.8396897434,,0.022409462142084363,,2,,
0BUR,north,trend_annual_semi,6,-93174.37146598786,,0.021142795018787477,,1,,
0BUR,north,trend_quad_annual_semi,7,-93966.66460144841,,0.01894797854755713,,0,,
0BUR,up,trend,2,-67496.82574384513,,0.7125340771461601,,3,,
0BUR,up,trend_annual,4,-70528.45804229275,,0.46950059155070945,,2,,
0BUR,up,trend_annual_semi,6,-70584.58027106113,,0.46477708325815975,,1,,
0BUR,up,trend_quad_annual_semi,7,-72771.45809001155,,0.34418465729137404,,0,,
0BYG,east,trend,2,-31556.50791036838,,0.012697179365004495,,3,,
0BYG,east,trend_annual,4,-33539.406617689354,,0.005856919174403553,,2,,
0BYG,east,trend_annual_semi,6,-33644.229769938705,,0.005589883186295315,,1,,
0BYG,east,trend_quad_annual_semi,7,-33771.66191246842,,0.005304639179666745,,0,,
0BYG,north,trend,2,-32558.4983001635,,0.008614635593773103,,3,,
0BYG,north,trend_annual,4,-33451.33779943188,,0.006060057461092365,,2,,
0BYG,north,trend_annual_semi,6,-33602.40146655084,,0.005681140931948775,,1,,
0BYG,north,trend_quad_annual_semi,7,-33618.219422652335,,0.005629307949004347,,0,,
0BYG,up,trend,2,-24966.72886621515,,0.16281120382447806,,3,,
0BYG,up,trend_annual,4,-26285.195851756638,,0.09713169070309258,,2,,
0BYG,up,trend_annual_semi,6,-26315.987501710708,,0.0953985530024192,,0,,
0BYG,up,trend_quad_annual_semi,7,-26308.772891406912,,0.09537484124746973,,1,,
0BYS,east,trend,2,-13130.366958662968,,0.019766617732381652,,3,,
0BYS,east,trend_annual,4,-15425.624425405953,,0.0028570812900886385,,2,,
0BYS,east,trend_annual_semi,6,-15449.113129863938,,0.0027683750253643916,,1,,
0BYS,east,trend_quad_annual_semi,7,-15611.601809239915,,0.0024018492314313617,,0,,
0BYS,north,trend,2,-15115.631902155494,,0.0037482669407957435,,3,,
0BYS,north,trend_annual,4,-15223.361743434582,,0.0033844784136019533,,2,,
0BYS,north,trend_annual_semi,6,-15345.788866583753,,0.003018610869333711,,1,,
0BYS,north,trend_quad_annual_semi,7,-15510.725968562707,,0.002613589548654336,,0,,
0BYS,up,trend,2,-11461.976245110645,,0.07994242572473739,,3,,
0BYS,up,trend_annual,4,-12315.614431230366,,0.03864815598865421,,2,,
0BYS,up,trend_annual_semi,6,-12323.308041160433,,0.037946896604279835,,0,,
0BYS,up,trend_quad_annual_semi,7,-12322.398225126515,,0.03775114569890009,,1,,
0CHA,east,trend,2,-64600.969582704536,,0.08272435877155221,,3,,
0CHA,east,trend_annual,4,-69912.9466721128,,0.032963444104570694,,2,,
0CHA,east,trend_annual_semi,6,-69980.20511970708,,0.03248554102718807,,1,,
0CHA,east,trend_quad_annual_semi,7,-70574.15903340057,,0.029275526986601515,,0,,
0CHA,north,trend,2,-66395.1764256294,,0.06068768664519759,,3,,
0CHA,north,trend_annual,4,-66445.71928624873,,0.05998069172202131,,2,,
0CHA,north,trend_annual_semi,6,-66491.60693714386,,0.059329598973751056,,1,,
0CHA,north,trend_quad_annual_semi,7,-68974.8301537593,,0.03858559939783709,,0,,
0CHA,up,trend,2,-55882.88956522054,,0.372675279312369,,3,,
0CHA,up,trend_annual,4,-59378.20937304054,,0.2032104128577211,,2,,
0CHA,up,trend_annual_semi,6,-59442.23354445882,,0.20037613366504112,,1,,
0CHA,up,trend_quad_annual_semi,7,-59626.34585947095,,0.19381673058441248,,0,,
0DAJ,east,trend,2,-49491.199627461625,,0.021498741445059904,,3,,
0DAJ,east,trend_annual,4,-50655.07504353058,,0.016090515404972132,,2,,
0DAJ,east,trend_annual_semi,6,-50662.73931904179,,0.015994869750906554,,1,,
0DAJ,east,trend_quad_annual_semi,7,-50780.798381109686,,0.015506340755208545,,0,,
0DAJ,north,trend,2,-50163.62053712964,,0.018227703850295505,,3,,
0DAJ,north,trend_annual,4,-52911.60252189711,,0.009247423719994884,,2,,
0DAJ,north,trend_annual_semi,6,-52983.8103119858,,0.00904796839732435,,1,,
0DAJ,north,trend_quad_annual_semi,7,-52984.371744793294,,0.009028281945535795,,0,,
0DAJ,up,trend,2,-40001.6566958564,,0.2208068182377299,,3,,
0DAJ,up,trend_annual,4,-41553.27489934852,,0.15025725082736396,,2,,
0DAJ,up,trend_annual_semi,6,-41654.7413077727,,0.1459643318231691,,1,,
0DAJ,up,trend_quad_annual_semi,7,-41662.310124050506,,0.1453964437550492,,0,,
0DAL,east,trend,2,-68724.00780981472,,0.02904671008049038,,3,,
0DAL,east,trend_annual,4,-75126.79466577439,,0.00931479753849953,,2,,
0DAL,east,trend_annual_semi,6,-75602.90914911959,,0.008535218748547483,,1,,
0DAL,east,trend_quad_annual_semi,7,-75644.45028890227,,0.00845968350579069,,0,,
0DAL,north,trend,2,-72678.46494127822,,0.014416615231696342,,3,,
0DAL,north,trend_annual,4,-73929.70442711173,,0.01151518170349767,,2,,
0DAL,north,trend_annual_semi,6,-75178.8567397583,,0.009201081092135233,,1,,
0DAL,north,trend_quad_annual_semi,7,-75184.66811350378,,0.009177558563715812,,0,,
0DAL,up,trend,2,-55038.233652970506,,0.32809776623258013,,3,,
0DAL,up,trend_annual,4,-57877.21494089356,,0.19781483419141802,,2,,
0DAL,up,trend_annual_semi,6,-57994.351053301114,,0.19316029730695916,,0,,
0DAL,up,trend_quad_annual_semi,7,-57989.05555095637,,0.19304593979176443,,1,,
0DAN,east,trend,2,-93840.63485391517,,0.059393233076277516,,3,,
0DAN,east,trend_annual,4,-105733.293419307,,0.013278915110425001,,2,,
0DAN,east,trend_annual_semi,6,-105905.96197497981,,0.012964330303218388,,1,,
0DAN,east,trend_quad_annual_semi,7,-107013.81922175335,,0.011265406145894625,,0,,
0DAN,north,trend,2,-104239.06388786061,,0.016060555688089197,,3,,
0DAN,north,trend_annual,4,-104771.73110527496,,0.014985955606560356,,2,,
0DAN,north,trend_annual_semi,6,-105612.64386508016,,0.013451525004359114,,1,,
0DAN,north,trend_quad_annual_semi,7,-105646.20745188958,,0.0133797400851762,,0,,
0DAN,up,trend,2,-77114.7013446778,,0.48677728539425646,,3,,
0DAN,up,trend_annual,4,-80544.37528635518,,0.3155118780132231,,2,,
0DAN,up,trend_annual_semi,6,-80662.41009783262,,0.3101611342965158,,1,,
0DAN,up,trend_quad_annual_semi,7,-81476.42985663739,,0.2796623145311125,,0,,
0DAV,east,trend,2,-30124.55584029128,,0.01610878458688437,,3,,
0DAV,east,trend_annual,4,-33727.40694856655,,0.0038322268020295125,,2,,
0DAV,east,trend_annual_semi,6,-33753.34253826553,,0.0037694845189836317,,1,,
0DAV,east,trend_quad_annual_semi,7,-33773.81975567842,,0.0037273757646015693,,0,,
0DAV,north,trend,2,-32922.6059442677,,0.005307003730882855,,3,,
0DAV,north,trend_annual,4,-33027.56098621538,,0.0050589689434377225,,2,,
0DAV,north,trend_annual_semi,6,-33078.54008060163,,0.004926934615327975,,1,,
0DAV,north,trend_quad_annual_semi,7,-33129.52621850224,,0.004813268986479234,,0,,
0DAV,up,trend,2,-24494.69741008399,,0.15042062784604315,,3,,
0DAV,up,trend_annual,4,-25892.36311344799,,0.08584904160705903,,2,,
0DAV,up,trend_annual_semi,6,-25932.80008510221,,0.08395896118278663,,0,,
0DAV,up,trend_quad_annual_semi,7,-25925.56728988025,,0.08393899934933868,,1,,
0DEG,east,trend,2,-67749.15140937355,,0.03516331834472944,,3,,
0DEG,east,trend_annual,4,-73630.75018384893,,0.0123852741095896,,2,,
0DEG,east,trend_annual_semi,6,-73728.41065409515,,0.012135991792582245,,1,,
0DEG,east,trend_quad_annual_semi,7,-73809.91643723274,,0.011943999727277988,,0,,
0DEG,north,trend,2,-72302.8324854112,,0.015712709564948885,,3,,
0DEG,north,trend_annual,4,-74814.59434148634,,0.010045145183471665,,2,,
0DEG,north,trend_annual_semi,6,-74984.90551864625,,0.009717273877590214,,0,,
0DEG,north,trend_quad_annual_semi,7,-74981.03003419207,,0.009709087422474772,,1,,
0DEG,up,trend,2,-55585.73204554586,,0.30237819974938623,,3,,
0DEG,up,trend_annual,4,-58750.03531321958,,0.1722359480384083,,2,,
0DEG,up,trend_annual_semi,6,-58841.157876463476,,0.16896460176254552,,1,,
0DEG,up,trend_quad_annual_semi,7,-58845.20039530364,,0.16858595592688483,,0,,
0DIL,east,trend,2,-55677.398114856864,,0.053393557993123654,,3,,
0DIL,east,trend_annual,4,-58148.66286487801,,0.03205280653256052,,2,,
0DIL,east,trend_annual_semi,6,-58353.324136400566,,0.03062842016535326,,1,,
0DIL,east,trend_quad_annual_semi,7,-59887.561314041755,,0.022321179001819125,,0,,
0DIL,north,trend,2,-55828.235666061606,,0.05176713100552575,,3,,
0DIL,north,trend_annual,4,-58620.688131164985,,0.02909536574687431,,2,,
0DIL,north,trend_annual_semi,6,-58640.16003946411,,0.028878641528220218,,1,,
0DIL,north,trend_quad_annual_semi,7,-61250.6378595783,,0.016877609413954317,,0,,
0DIL,up,trend,2,-48286.850041529615,,0.24307962156834093,,3,,
0DIL,up,trend_annual,4,-51127.91832150015,,0.13526585231188948,,2,,
0DIL,up,trend_annual_semi,6,-51305.27982053758,,0.1299805102215977,,1,,
0DIL,up,trend_quad_annual_semi,7,-51346.444768327034,,0.1286635103812195,,0,,
0DOC,east,trend,2,-49997.795970293664,,0.021949535000327005,,3,,
0DOC,east,trend_annual,4,-54955.41523781088,,0.0065607617867542885,,2,,
0DOC,east,trend_annual_semi,6,-55125.91965167702,,0.006269337322179415,,1,,
0DOC,east,trend_quad_annual_semi,7,-55137.06627575633,,0.006239772889741297,,0,,
0DOC,north,trend,2,-54112.243975630976,,0.008083711216924638,,3,,
0DOC,north,trend_annual,4,-54173.23708052247,,0.007932766823082008,,2,,
0DOC,north,trend_annual_semi,6,-54241.69686056452,,0.007770542216835458,,1,,
0DOC,north,trend_quad_annual_semi,7,-54345.32866760977,,0.007562181922011804,,0,,
0DOC,up,trend,2,-40290.41835552522,,0.2317079152018844,,3,,
0DOC,up,trend_annual,4,-42181.92982857141,,0.1457976870878127,,2,,
0DOC,up,trend_annual_semi,6,-42241.95470324324,,0.1431088922493367,,0,,
0DOC,up,trend_quad_annual_semi,7,-42234.758534356035,,0.14306973473141735,,1,,
0DOR,east,trend,2,-83710.55813470375,,0.03519541681887072,,3,,
0DOR,east,trend_annual,4,-89426.9357031275,,0.015281298835895359,,2,,
0DOR,east,trend_annual_semi,6,-89718.66161186289,,0.014608645953206626,,1,,
0DOR,east,trend_quad_annual_semi,7,-90790.00244920622,,0.012484043200561876,,0,,
0DOR,north,trend,2,-83293.93179080807,,0.037394876380833136,,3,,
0DOR,north,trend_annual,4,-86074.1482823991,,0.02488959548303696,,2,,
0DOR,north,trend_annual_semi,6,-87036.23699338846,,0.021582826583717997,,1,,
0DOR,north,trend_quad_annual_semi,7,-87049.11631184262,,0.021514745035793273,,0,,
0DOR,up,trend,2,-66332.97495562816,,0.4411124635916407,,3,,
0DOR,up,trend_annual,4,-69774.9666221494,,0.26664809926162897,,2,,
0DOR,up,trend_annual_semi,6,-69922.4235689642,,0.26031807560099235,,1,,
0DOR,up,trend_quad_annual_semi,7,-69994.9365157853,,0.25725513288561636,,0,,
0DUN,east,trend,2,-7098.523402036327,,0.01703651494636571,,3,,
0DUN,east,trend_annual,4,-7529.257878545757,,0.008802266862378767,,2,,
0DUN,east,trend_annual_semi,6,-7535.689463312926,,0.00855112374754042,,1,,
0DUN,east,trend_quad_annual_semi,7,-7715.580922806618,,0.006479732302000577,,0,,
0DUN,north,trend,2,-7628.229551997329,,0.007745451588032869,,3,,
0DUN,north,trend_annual,4,-7781.287598496839,,0.006049436094581076,,2,,
0DUN,north,trend_annual_semi,6,-7893.067835588136,,0.005024116676852758,,1,,
0DUN,north,trend_quad_annual_semi,7,-7920.433620693621,,0.004777124869769099,,0,,
0DUN,up,trend,2,-6438.982496155204,,0.04545935635928908,,3,,
0DUN,up,trend_annual,4,-6757.389038192198,,0.027760763311521462,,2,,
0DUN,up,trend_annual_semi,6,-6848.443368647487,,0.02377775185902984,,1,,
0DUN,up,trend_quad_annual_semi,7,-6859.531170307204,,0.023163152421458395,,0,,
0EDA,east,trend,2,-39282.80520031967,,0.26272898441892,,3,,
0EDA,east,trend_annual,4,-44857.24989878245,,0.06658023977341723,,2,,
0EDA,east,trend_annual_semi,6,-45255.433771301214,,0.06013334059234632,,1,,
0EDA,east,trend_quad_annual_semi,7,-45596.5003661226,,0.05519019042561852,,0,,
0EDA,north,trend,2,-43121.24403200828,,0.10238214282827746,,3,,
0EDA,north,trend_annual,4,-48857.436128389854,,0.024935313644764576,,2,,
0EDA,north,trend_annual_semi,6,-49817.57541561837,,0.019618455662733084,,1,,
0EDA,north,trend_quad_annual_semi,7,-49889.2473184278,,0.019236953982346774,,0,,
0EDA,up,trend,2,-39154.718122957944,,0.27112253287604404,,3,,
0EDA,up,trend_annual,4,-41333.46086985882,,0.15815348015829092,,2,,
0EDA,up,trend_annual_semi,6,-41381.98024832169,,0.15564409113507366,,1,,
0EDA,up,trend_quad_annual_semi,7,-41388.669577614586,,0.1550718852194525,,0,,
0EDB,east,trend,2,-50143.21428285891,,0.019111660784580986,,3,,
0EDB,east,trend_annual,4,-55230.68713913673,,0.005481810550501915,,0,,
0EDB,east,trend_annual_semi,6,-55224.39764460467,,0.005467957054404813,,1,,
0EDB,east,trend_quad_annual_semi,7,-55222.97592960125,,0.005458741612770401,,2,,
0EDB,north,trend,2,-54247.81603231747,,0.007000572250787285,,3,,
0EDB,north,trend_annual,4,-54459.54652242273,,0.006620141696062804,,2,,
0EDB,north,trend_annual_semi,6,-54536.04096925865,,0.006471002032955324,,1,,
0EDB,north,trend_quad_annual_semi,7,-54619.990984613556,,0.006326553324189034,,0,,
0EDB,up,trend,2,-40664.28653254861,,0.19433550972591446,,3,,
0EDB,up,trend_annual,4,-42249.5052529992,,0.1313214692692372,,2,,
0EDB,up,trend_annual_semi,6,-42332.524717457534,,0.1281582652527576,,0,,
0EDB,up,trend_quad_annual_semi,7,-42324.90317722169,,0.12813650414477046,,1,,
0EDS,east,trend,2,-49905.92946842233,,0.01904202629366491,,3,,
0EDS,east,trend_annual,4,-52175.422660417345,,0.01085551529829892,,2,,
0EDS,east,trend_annual_semi,6,-52621.56912845963,,0.00968826240982042,,1,,
0EDS,east,trend_quad_annual_semi,7,-52703.13427319609,,0.009476562711067659,,0,,
0EDS,north,trend,2,-51819.021277866996,,0.011897998873785723,,3,,
0EDS,north,trend_annual,4,-53122.08866845737,,0.008601725721930778,,2,,
0EDS,north,trend_annual_semi,6,-53337.60648073998,,0.008124612572558315,,0,,
0EDS,north,trend_quad_annual_semi,7,-53329.873040367296,,0.00812345933812796,,1,,
0EDS,up,trend,2,-39650.33007242491,,0.23691243005813528,,3,,
0EDS,up,trend_annual,4,-41623.23943826097,,0.14527404893271745,,2,,
0EDS,up,trend_annual_semi,6,-41665.919514229216,,0.14317165557262332,,0,,
0EDS,up,trend_quad_annual_semi,7,-41660.61967055357,,0.14306572160511835,,1,,
0ED_,east,trend,2,-55749.34928886211,,0.026979252676163072,,3,,
0ED_,east,trend_annual,4,-60648.66850139448,,0.009323757988822722,,2,,
0ED_,east,trend_annual_semi,6,-60685.43131057991,,0.00921628915233666,,1,,
0ED_,east,trend_quad_annual_semi,7,-61105.38963850723,,0.008401295524635862,,0,,
0ED_,north,trend,2,-60766.84556638011,,0.009121853506862973,,3,,
0ED_,north,trend_annual,4,-60830.8230311361,,0.008963833897481819,,2,,
0ED_,north,trend_annual_semi,6,-61120.41509609641,,0.008389346131757475,,1,,
0ED_,north,trend_quad_annual_semi,7,-61377.47179375568,,0.007921517391887034,,0,,
0ED_,up,trend,2,-46333.39211330546,,0.2064525868966885,,3,,
0ED_,up,trend_annual,4,-48407.10787924693,,0.13139993424676266,,2,,
0ED_,up,trend_annual_semi,6,-48510.18085746261,,0.12803724298705021,,1,,
0ED_,up,trend_quad_annual_semi,7,-48527.40937097751,,0.12732892579030528,,0,,
0EKB,east,trend,2,-37148.86607102523,,0.01975313861008192,,3,,
0EKB,east,trend_annual,4,-41337.70968450921,,0.005101348885519262,,2,,
0EKB,east,trend_annual_semi,6,-41361.12853701982,,0.005036882493038724,,1,,
0EKB,east,trend_quad_annual_semi,7,-41369.8151265206,,0.005009828763191694,,0,,
0EKB,north,trend,2,-41039.605189521295,,0.00564437655591708,,3,,
0EKB,north,trend_annual,4,-41542.635281582836,,0.004775638388230216,,2,,
0EKB,north,trend_annual_semi,6,-41726.71724468204,,0.004477582636802046,,1,,
0EKB,north,trend_quad_annual_semi,7,-41947.315899656736,,0.00415981677741411,,0,,
0EKB,up,trend,2,-30708.531845964786,,0.15709116605323034,,3,,
0EKB,up,trend_annual,4,-32390.492749052093,,0.09093351208259347,,2,,
0EKB,up,trend_annual_semi,6,-32480.230311270665,,0.08788763666689747,,0,,
0EKB,up,trend_quad_annual_semi,7,-32474.795885030573,,0.08781390920365655,,1,,
0EKE,east,trend,2,-95573.38940570875,,0.04807677803354585,,3,,
0EKE,east,trend_annual,4,-106250.2555273048,,0.012533227044706845,,2,,
0EKE,east,trend_annual_semi,6,-106539.18956202049,,0.01205891391165498,,1,,
0EKE,east,trend_quad_annual_semi,7,-107096.60282280558,,0.011230174180476414,,0,,
0EKE,north,trend,2,-98559.93390603246,,0.03302845358771486,,3,,
0EKE,north,trend_annual,4,-99075.19995713026,,0.03088710326975773,,2,,
0EKE,north,trend_annual_semi,6,-99385.64390779541,,0.02963794975902717,,1,,
0EKE,north,trend_quad_annual_semi,7,-103060.53184039485,,0.018652255318780717,,0,,
0EKE,up,trend,2,-76982.04811548493,,0.4976330308985919,,3,,
0EKE,up,trend_annual,4,-79641.0659170773,,0.35543678224014497,,2,,
0EKE,up,trend_annual_semi,6,-79742.46641036977,,0.35014331872862153,,1,,
0EKE,up,trend_quad_annual_semi,7,-80183.92517754044,,0.3308678347668725,,0,,
0EMA,east,trend,2,-14352.281749789738,,0.007582026623832924,,3,,
0EMA,east,trend_annual,4,-16117.602310669716,,0.0017209272878831426,,1,,
0EMA,east,trend_annual_semi,6,-16117.497398096208,,0.0017008598185739292,,2,,
0EMA,east,trend_quad_annual_semi,7,-16131.535020728863,,0.0016711758535882157,,0,,
0EMA,north,trend,2,-15714.534160311905,,0.0024365185251143534,,3,,
0EMA,north,trend_annual,4,-15860.73143173336,,0.002131705433150646,,2,,
0EMA,north,trend_annual_semi,6,-15932.535603603483,,0.0019843050013697173,,1,,
0EMA,north,trend_quad_annual_semi,7,-15961.281544190018,,0.0019259230893230459,,0,,
0EMA,up,trend,2,-11484.968425956076,,0.08269906519526646,,3,,
0EMA,up,trend_annual,4,-12318.33937919043,,0.04080953313202233,,2,,
0EMA,up,trend_annual_semi,6,-12346.438255962463,,0.03939674441952896,,0,,
0EMA,up,trend_quad_annual_semi,7,-12339.359843765365,,0.03939636146406617,,1,,
0ENS,east,trend,2,-47566.35388704471,,0.03188699489839657,,3,,
0ENS,east,trend_annual,4,-54172.56221973887,,0.0062122924575421,,2,,
0ENS,east,trend_annual_semi,6,-54301.73182142802,,0.005992600901886769,,0,,
0ENS,east,trend_quad_annual_semi,7,-54298.291882927886,,0.00598540302656152,,1,,
0ENS,north,trend,2,-53043.29928661653,,0.008244382457301554,,3,,
0ENS,north,trend_annual,4,-53731.129924240515,,0.006927870863516197,,2,,
0ENS,north,trend_annual_semi,6,-53940.01365188497,,0.0065525920983335005,,1,,
0ENS,north,trend_quad_annual_semi,7,-53943.20878574945,,0.0065340055883393346,,0,,
0ENS,up,trend,2,-39674.35162542054,,0.22392743357147693,,3,,
0ENS,up,trend_annual,4,-41413.62008701416,,0.14513496804636522,,2,,
0ENS,up,trend_annual_semi,6,-41498.667363793305,,0.14153637582759118,,1,,
0ENS,up,trend_quad_annual_semi,7,-41508.40436899868,,0.1409070619728169,,0,,
0ENV,east,trend,2,-45945.66686733054,,0.05940076472309007,,3,,
0ENV,east,trend_annual,4,-54267.508823237455,,0.00786068893463478,,2,,
0ENV,east,trend_annual_semi,6,-54505.77393632192,,0.007389403356302691,,1,,
0ENV,east,trend_quad_annual_semi,7,-54830.0338870915,,0.006816740265323893,,0,,
0ENV,north,trend,2,-53642.158544279635,,0.009185129882976798,,3,,
0ENV,north,trend_annual,4,-53721.556065377095,,0.008973633252415581,,2,,
0ENV,north,trend_annual_semi,6,-53796.465025836354,,0.00877655605872598,,1,,
0ENV,north,trend_quad_annual_semi,7,-53801.363801697276,,0.008748453346268562,,0,,
0ENV,up,trend,2,-40615.79253396437,,0.2163775113772602,,3,,
0ENV,up,trend_annual,4,-42692.04965535987,,0.13024371172891325,,2,,
0ENV,up,trend_annual_semi,6,-42739.89750031034,,0.12822214879015711,,0,,
0ENV,up,trend_quad_annual_semi,7,-42733.27353790877,,0.1281692793632329,,1,,
0ERS,east,trend,2,-26284.36291979611,,0.009189772708335105,,3,,
0ERS,east,trend_annual,4,-27974.33564317753,,0.00412516096832936,,2,,
0ERS,east,trend_annual_semi,6,-28093.050640535097,,0.0038734479536393605,,1,,
0ERS,east,trend_quad_annual_semi,7,-28093.509718766578,,0.003858698265420876,,0,,
0ERS,north,trend,2,-27444.658070247788,,0.005328638847903262,,3,,
0ERS,north,trend_annual,4,-27845.904457615557,,0.004381668966252619,,2,,
0ERS,north,trend_annual_semi,6,-28019.068046277953,,0.004010416019010243,,1,,
0ERS,north,trend_quad_annual_semi,7,-28030.275479078486,,0.003975025926382842,,0,,
0ERS,up,trend,2,-20667.58172307638,,0.12854978795803018,,3,,
0ERS,up,trend_annual,4,-21807.777492470184,,0.07470616390665913,,2,,
0ERS,up,trend_annual_semi,6,-21890.813134240616,,0.07133316426026871,,0,,
0ERS,up,trend_quad_annual_semi,7,-21884.19831738435,,0.0712980393739062,,1,,
0ESK,east,trend,2,-71653.4780205351,,0.026955597781098132,,3,,
0ESK,east,trend_annual,4,-78346.8959632566,,0.008532703909624512,,2,,
0ESK,east,trend_annual_semi,6,-78639.92186898435,,0.008090627522434089,,0,,
0ESK,east,trend_quad_annual_semi,7,-78631.2833012157,,0.008090581909976441,,1,,
0ESK,north,trend,2,-74827.13563052368,,0.01564572264252994,,3,,
0ESK,north,trend_annual,4,-75206.39275598052,,0.014617460761324922,,2,,
0ESK,north,trend_annual_semi,6,-75403.84604225506,,0.014089062093818425,,1,,
0ESK,north,trend_quad_annual_semi,7,-77099.46647433875,,0.010519890733112519,,0,,
0ESK,up,trend,2,-56909.24699775621,,0.3374726983121097,,3,,
0ESK,up,trend_annual,4,-59922.54963453281,,0.20073883696041572,,2,,
0ESK,up,trend_annual_semi,6,-60061.87569703336,,0.19541984091858375,,1,,
0ESK,up,trend_quad_annual_semi,7,-60128.545757273816,,0.19291237331115452,,0,,
0ESL,east,trend,2,-28161.08409040262,,0.016185064163171455,,3,,
0ESL,east,trend_annual,4,-31808.77903443378,,0.0034479072553216753,,0,,
0ESL,east,trend_annual_semi,6,-31794.743044903542,,0.003445718322846492,,2,,
0ESL,east,trend_quad_annual_semi,7,-31798.408608561444,,0.003429125015447048,,1,,
0ESL,north,trend,2,-31234.058378152036,,0.004423485247526143,,3,,
0ESL,north,trend_annual,4,-31688.595541209466,,0.0036273385401092,,2,,
0ESL,north,trend_annual_semi,6,-31857.451767616,,0.003355704886867168,,1,,
0ESL,north,trend_quad_annual_semi,7,-31864.94710770617,,0.0033341506320184126,,0,,
0ESL,up,trend,2,-23277.72550102098,,0.12716017084468056,,3,,
0ESL,up,trend_annual,4,-24513.099311323396,,0.07499434850715561,,2,,
0ESL,up,trend_annual_semi,6,-24560.219595619994,,0.07303673035241855,,0,,
0ESL,up,trend_quad_annual_semi,7,-24552.533513296155,,0.07303413631879471,,1,,
0ESN,east,trend,2,-48901.26960330487,,0.02855497261160481,,3,,
0ESN,east,trend_annual,4,-55322.69834373525,,0.0059800719634152105,,2,,
0ESN,east,trend_annual_semi,6,-55428.81348496268,,0.005804431499361133,,1,,
0ESN,east,trend_quad_annual_semi,7,-55479.29622425755,,0.00572213208327345,,0,,
0ESN,north,trend,2,-54150.70991342136,,0.007981100285575925,,3,,
0ESN,north,trend_annual,4,-54657.63516057932,,0.007028224429242069,,2,,
0ESN,north,trend_annual_semi,6,-54926.47034287585,,0.006557496123515812,,0,,
0ESN,north,trend_quad_annual_semi,7,-54925.96275516065,,0.0065450624813489285,,1,,
0ESN,up,trend,2,-40533.66683475508,,0.21784613832017946,,3,,
0ESN,up,trend_annual,4,-42569.73050068103,,0.13233234030903615,,2,,
0ESN,up,trend_annual_semi,6,-42670.42531600883,,0.1286147903374213,,1,,
0ESN,up,trend_quad_annual_semi,7,-42697.44482118851,,0.12751568052640613,,0,,
0FAF,east,trend,2,-50764.858215536085,,0.17946000044432153,,3,,
0FAF,east,trend_annual,4,-61329.66439030417,,0.02129916887315841,,2,,
0FAF,east,trend_annual_semi,6,-62438.04326063644,,0.016979411890650088,,1,,
0FAF,east,trend_quad_annual_semi,7,-62491.56017649613,,0.016768609859454504,,0,,
0FAF,north,trend,2,-61001.12107009218,,0.022834395708664794,,3,,
0FAF,north,trend_annual,4,-64928.85197081824,,0.010316619643958741,,2,,
0FAF,north,trend_annual_semi,6,-65084.61225324981,,0.009963779131907997,,1,,
0FAF,north,trend_quad_annual_semi,7,-65191.893178095364,,0.00973409782881543,,0,,
0FAF,up,trend,2,-46969.58916968898,,0.3854289947428661,,3,,
0FAF,up,trend_annual,4,-49674.88592412297,,0.22275120076726904,,2,,
0FAF,up,trend_annual_semi,6,-49730.93533058833,,0.21949698342672871,,1,,
0FAF,up,trend_quad_annual_semi,7,-49770.36074325893,,0.21738800325542573,,0,,
0FAL,east,trend,2,-100774.63494568397,,0.07073970035975843,,3,,
0FAL,east,trend_annual,4,-108124.33966888819,,0.030056509227153146,,2,,
0FAL,east,trend_annual_semi,6,-108226.75673374394,,0.029638560555921224,,1,,
0FAL,east,trend_quad_annual_semi,7,-108921.02965264797,,0.027313177878845154,,0,,
0FAL,north,trend,2,-111699.49308394226,,0.019882803503316473,,3,,
0FAL,north,trend_annual,4,-111834.33045090809,,0.019532620182314542,,2,,
0FAL,north,trend_annual_semi,6,-112333.61253492146,,0.018393156654106603,,1,,
0FAL,north,trend_quad_annual_semi,7,-112995.21959985649,,0.017014510799491886,,0,,
0FAL,up,trend,2,-82922.65954623012,,0.562780034025671,,3,,
0FAL,up,trend_annual,4,-87781.50989711013,,0.31936230280417033,,2,,
0FAL,up,trend_annual_semi,6,-87959.00442584755,,0.31218668671234734,,1,,
0FAL,up,trend_quad_annual_semi,7,-88181.08601070002,,0.30391539654649585,,0,,
0FAR,east,trend,2,-91153.49954083883,,0.030585494633926874,,3,,
0FAR,east,trend_annual,4,-94074.49324474261,,0.020514331636640667,,2,,
0FAR,east,trend_annual_semi,6,-94077.67298489933,,0.020455903079534887,,1,,
0FAR,east,trend_quad_annual_semi,7,-97694.01701420029,,0.012498102140728223,,0,,
0FAR,north,trend,2,-91264.991102684,,0.030125543630027556,,3,,
0FAR,north,trend_annual,4,-95799.46530728911,,0.016227199841036974,,2,,
0FAR,north,trend_annual_semi,6,-97074.2343144026,,0.013612920093531825,,1,,
0FAR,north,trend_quad_annual_semi,7,-97210.4903352948,,0.01334699439906245,,0,,
0FAR,up,trend,2,-70704.17749257376,,0.49261186748119784,,3,,
0FAR,up,trend_annual,4,-74164.8231155182,,0.3070397618019032,,2,,
0FAR,up,trend_annual_semi,6,-74294.81780836137,,0.3009337179754072,,1,,
0FAR,up,trend_quad_annual_semi,7,-74312.36936887415,,0.2998536774836948,,0,,
0FBG,east,trend,2,-34665.763975566595,,0.024875819165952294,,3,,
0FBG,east,trend_annual,4,-36120.7254655557,,0.015151891364979568,,1,,
0FBG,east,trend_annual_semi,6,-36117.12097997808,,0.015088769668956423,,2,,
0FBG,east,trend_quad_annual_semi,7,-36567.04816526569,,0.012930801543409412,,0,,
0FBG,north,trend,2,-34721.10087727442,,0.024416165201009633,,2,,
0FBG,north,trend_annual,4,-34713.537157800834,,0.024346916627688446,,3,,
0FBG,north,trend_annual_semi,6,-34836.11693043799,,0.023235966144511483,,1,,
0FBG,north,trend_quad_annual_semi,7,-36743.59629810427,,0.012183812922348042,,0,,
0FBG,up,trend,2,-28799.686395188404,,0.17964875589522594,,3,,
0FBG,up,trend_annual,4,-30457.52619140993,,0.1021921105234154,,2,,
0FBG,up,trend_annual_semi,6,-30518.979261388566,,0.09955923551138754,,1,,
0FBG,up,trend_quad_annual_semi,7,-30620.24599215212,,0.09595957761480652,,0,,
0FIL,east,trend,2,-24956.71649828154,,1.48352639312116,,3,,
0FIL,east,trend_annual,4,-24982.15989403483,,1.464634465890517,,0,,
0FIL,east,trend_annual_semi,6,-24966.06261610343,,1.4646012241567292,,1,,
0FIL,east,trend_quad_annual_semi,7,-24959.48161844273,,1.4639227621347062,,2,,
0FIL,north,trend,2,-38052.25596331049,,0.026286555021416413,,3,,
0FIL,north,trend_annual,4,-38054.959457591256,,0.026134197303964476,,2,,
0FIL,north,trend_annual_semi,6,-38059.90807230124,,0.0259647632546407,,1,,
0FIL,north,trend_quad_annual_semi,7,-38075.51013854894,,0.025776034051698784,,0,,
0FIL,up,trend,2,-31565.37362729802,,0.19380752330414944,,3,,
0FIL,up,trend_annual,4,-33435.53595417006,,0.1084098567227273,,2,,
0FIL,up,trend_annual_semi,6,-33491.55140916573,,0.106026311358046,,1,,
0FIL,up,trend_quad_annual_semi,7,-33523.405713030814,,0.10473012077550971,,0,,
0FIN,east,trend,2,-49775.38605661357,,0.022801726508041506,,3,,
0FIN,east,trend_annual,4,-53899.114840546936,,0.008334684698429587,,2,,
0FIN,east,trend_annual_semi,6,-54000.85455432397,,0.00809826463215305,,0,,
0FIN,east,trend_quad_annual_semi,7,-53993.2152746546,,0.008096920535318245,,1,,
0FIN,north,trend,2,-52579.994216371364,,0.011531856324838085,,3,,
0FIN,north,trend_annual,4,-52603.8567027663,,0.0114188698516349,,2,,
0FIN,north,trend_annual_semi,6,-52706.97891837662,,0.011091236566158263,,1,,
0FIN,north,trend_quad_annual_semi,7,-53617.21026943442,,0.008871822658740633,,0,,
0FIN,up,trend,2,-40186.04140541215,,0.23456708346039018,,3,,
0FIN,up,trend_annual,4,-42038.320157909475,,0.14892725099479825,,2,,
0FIN,up,trend_annual_semi,6,-42126.17801799837,,0.1451919039998358,,0,,
0FIN,up,trend_quad_annual_semi,7,-42119.589179166636,,0.14513074456954536,,1,,
0FLR,east,trend,2,-22611.463986648694,,0.017133851170675146,,3,,
0FLR,east,trend_annual,4,-24346.921160973037,,0.006962513766334404,,2,,
0FLR,east,trend_annual_semi,6,-24726.41784020442,,0.005683320178147896,,1,,
0FLR,east,trend_quad_annual_semi,7,-24768.418277243738,,0.005540225017500743,,0,,
0FLR,north,trend,2,-23405.07863758167,,0.011390937898998131,,3,,
0FLR,north,trend_annual,4,-24129.0558583092,,0.007788211243760713,,2,,
0FLR,north,trend_annual_semi,6,-24579.64456953318,,0.006129028496834766,,1,,
0FLR,north,trend_quad_annual_semi,7,-24686.9073656524,,0.005777462648101423,,0,,
0FLR,up,trend,2,-18570.17550230809,,0.13699003806138857,,3,,
0FLR,up,trend_annual,4,-19692.500033545442,,0.07630894252678895,,2,,
0FLR,up,trend_annual_semi,6,-19739.776286097756,,0.07389760603117579,,1,,
0FLR,up,trend_quad_annual_semi,7,-19754.006756398256,,0.07307343624739472,,0,,
0FLU,east,trend,2,-55417.107807705244,,0.12725560265175503,,3,,
0FLU,east,trend_annual,4,-66389.28694600078,,0.015495730924753457,,2,,
0FLU,east,trend_annual_semi,6,-66947.84709915073,,0.013877375510738171,,1,,
0FLU,east,trend_quad_annual_semi,7,-67027.97205855725,,0.013643553378659013,,0,,
0FLU,north,trend,2,-68137.16874464539,,0.011122137506275807,,3,,
0FLU,north,trend_annual,4,-68982.92256475032,,0.009427248736435995,,2,,
0FLU,north,trend_annual_semi,6,-69339.32162902517,,0.00877612694019043,,0,,
0FLU,north,trend_quad_annual_semi,7,-69331.06359015712,,0.008775619082616178,,1,,
0FLU,up,trend,2,-51038.046061047906,,0.2944941505696607,,3,,
0FLU,up,trend_annual,4,-53769.370852111686,,0.1739270991478388,,2,,
0FLU,up,trend_annual_semi,6,-53828.06578280917,,0.17141876854810378,,0,,
0FLU,up,trend_quad_annual_semi,7,-53820.229640151476,,0.17139499299713673,,1,,
0FRA,east,trend,2,-20586.044392252672,,0.010892577046437299,,3,,
0FRA,east,trend_annual,4,-22079.338282085533,,0.004534584125363432,,2,,
0FRA,east,trend_annual_semi,6,-22199.02370216901,,0.004193479156709093,,0,,
0FRA,east,trend_quad_annual_semi,7,-22191.62083165751,,0.004193362710003522,,1,,
0FRA,north,trend,2,-22465.642800526064,,0.003654381116888826,,3,,
0FRA,north,trend_annual,4,-22474.730286325273,,0.0036037965131308566,,2,,
0FRA,north,trend_annual_semi,6,-22638.4346473422,,0.003248546614960553,,0,,
0FRA,north,trend_quad_annual_semi,7,-22633.29281567138,,0.003244191408567787,,1,,
0FRA,up,trend,2,-16585.068768623558,,0.11137228902869091,,3,,
0FRA,up,trend_annual,4,-17688.78363796271,,0.05814257533609985,,2,,
0FRA,up,trend_annual_semi,6,-17725.053700464676,,0.05643924059444254,,0,,
0FRA,up,trend_quad_annual_semi,7,-17718.151625189847,,0.05642125290352322,,1,,
0FRB,east,trend,2,-55906.25930153898,,0.02435995209673209,,3,,
0FRB,east,trend_annual,4,-58826.65257530969,,0.012869000790513983,,2,,
0FRB,east,trend_annual_semi,6,-58937.23253149607,,0.012517568762326785,,1,,
0FRB,east,trend_quad_annual_semi,7,-59031.84027440113,,0.012240465144046093,,0,,
0FRB,north,trend,2,-56202.34837844503,,0.022842326422513146,,3,,
0FRB,north,trend_annual,4,-58491.08632256605,,0.013842215554151301,,2,,
0FRB,north,trend_annual_semi,6,-58585.97405239149,,0.013510186136278846,,1,,
0FRB,north,trend_quad_annual_semi,7,-59835.733589836454,,0.010278987481698898,,0,,
0FRB,up,trend,2,-45786.64173887859,,0.2195156535409783,,3,,
0FRB,up,trend_annual,4,-47421.47979310136,,0.1533297499694531,,2,,
0FRB,up,trend_annual_semi,6,-47509.20880544239,,0.14988479537908553,,1,,
0FRB,up,trend_quad_annual_semi,7,-47525.57709272886,,0.149079329947155,,0,,
0FRE,east,trend,2,-75975.25319941771,,0.08064993545342089,,3,,
0FRE,east,trend_annual,4,-84924.68459481168,,0.021186156061785557,,2,,
0FRE,east,trend_annual_semi,6,-85141.16615783621,,0.020459529742458425,,1,,
0FRE,east,trend_quad_annual_semi,7,-87659.36639457528,,0.014037505636943677,,0,,
0FRE,north,trend,2,-84956.03684912054,,0.021142835931303977,,3,,
0FRE,north,trend_annual,4,-86727.74528912522,,0.016192616428594386,,2,,
0FRE,north,trend_annual_semi,6,-87095.33096772058,,0.015288948230721855,,1,,
0FRE,north,trend_quad_annual_semi,7,-87690.68854741647,,0.013972112081994656,,0,,
0FRE,up,trend,2,-64773.57024078496,,0.4283827509203829,,3,,
0FRE,up,trend_annual,4,-68204.88275580664,,0.25617597864474523,,2,,
0FRE,up,trend_annual_semi,6,-68295.96552988476,,0.25205803649910796,,1,,
0FRE,up,trend_quad_annual_semi,7,-68343.5620758716,,0.24994736609459212,,0,,
0FRI,east,trend,2,-54860.23461082474,,0.02873584198065655,,3,,
0FRI,east,trend_annual,4,-61446.12321949242,,0.006799246993780466,,2,,
0FRI,east,trend_annual_semi,6,-61542.144386524466,,0.006633753945549955,,1,,
0FRI,east,trend_quad_annual_semi,7,-61561.13202191732,,0.0065941694697025125,,0,,
0FRI,north,trend,2,-60334.46380190843,,0.008698577953886859,,3,,
0FRI,north,trend_annual,4,-60667.5892182569,,0.008058765274026188,,2,,
0FRI,north,trend_annual_semi,6,-60913.97593946025,,0.007608724830052263,,1,,
0FRI,north,trend_quad_annual_semi,7,-61116.72071210584,,0.007265940176078636,,0,,
0FRI,up,trend,2,-45109.72046243758,,0.24143823439028195,,3,,
0FRI,up,trend_annual,4,-47017.44741198916,,0.15861661498359866,,2,,
0FRI,up,trend_annual_semi,6,-47083.03554097003,,0.15578741627610662,,1,,
0FRI,up,trend_quad_annual_semi,7,-47104.980277806964,,0.1547578817344238,,0,,
0FRL,east,trend,2,-64156.20603561097,,0.05376420048812016,,3,,
0FRL,east,trend_annual,4,-67373.47614233392,,0.030043640000419397,,1,,
0FRL,east,trend_annual_semi,6,-67365.43894926332,,0.029993903291983363,,2,,
0FRL,east,trend_quad_annual_semi,7,-69289.71406483659,,0.02118356183898607,,0,,
0FRL,north,trend,2,-62380.60170739115,,0.07400081009011893,,3,,
0FRL,north,trend_annual,4,-62433.521602195215,,0.07307247349309434,,2,,
0FRL,north,trend_annual_semi,6,-62528.56958645006,,0.07161092965593285,,1,,
0FRL,north,trend_quad_annual_semi,7,-63321.89594636677,,0.06198920853216198,,0,,
0FRL,up,trend,2,-54917.12829080543,,0.28341447670105246,,3,,
0FRL,up,trend_annual,4,-58265.49600628146,,0.15468122419171182,,2,,
0FRL,up,trend_annual_semi,6,-58466.24021086917,,0.14873190705180528,,1,,
0FRL,up,trend_quad_annual_semi,7,-58501.54266483812,,0.14756109605544857,,0,,
0FRO,east,trend,2,-56944.24326951264,,0.0546196397599941,,3,,
0FRO,east,trend_annual,4,-64180.0598712046,,0.012756526884877854,,2,,
0FRO,east,trend_annual_semi,6,-64376.24398941256,,0.012222631003854997,,1,,
0FRO,east,trend_quad_annual_semi,7,-64682.92704404369,,0.011474020292551623,,0,,
0FRO,north,trend,2,-63242.063608454366,,0.01544902739255325,,3,,
0FRO,north,trend_annual,4,-63468.207436384975,,0.014713782923231694,,2,,
0FRO,north,trend_annual_semi,6,-63597.32028730652,,0.01428885796485062,,1,,
0FRO,north,trend_quad_annual_semi,7,-63701.49077566407,,0.013969610694685252,,0,,
0FRO,up,trend,2,-47286.50849062995,,0.37878758635232085,,3,,
0FRO,up,trend_annual,4,-50197.87319154364,,0.21055988023870897,,2,,
0FRO,up,trend_annual_semi,6,-50239.36151626593,,0.20810360779255818,,1,,
0FRO,up,trend_quad_annual_semi,7,-50532.948302209035,,0.19587139437083806,,0,,
0FUN,east,trend,2,-82085.60386824135,,0.043749491175975,,3,,
0FUN,east,trend_annual,4,-85148.05656102237,,0.027929377580178133,,2,,
0FUN,east,trend_annual_semi,6,-85383.97942531637,,0.02691620938952717,,0,,
0FUN,east,trend_quad_annual_semi,7,-85377.42174450101,,0.026907283696437315,,1,,
0FUN,north,trend,2,-80898.65768815276,,0.05200961334326974,,3,,
0FUN,north,trend_annual,4,-80902.09887609439,,0.05184988966147501,,2,,
0FUN,north,trend_annual_semi,6,-80947.37383814342,,0.051376531762108275,,1,,
0FUN,north,trend_quad_annual_semi,7,-82241.78624137306,,0.04249077258636315,,0,,
0FUN,up,trend,2,-66357.92257488419,,0.43274243348365404,,3,,
0FUN,up,trend_annual,4,-69322.65539059919,,0.2802215316022337,,2,,
0FUN,up,trend_annual_semi,6,-69422.84001954696,,0.27545060765941426,,1,,
0FUN,up,trend_quad_annual_semi,7,-69515.336828742,,0.2714135158067074,,0,,
0FUR,east,trend,2,-88012.64996941961,,0.061985042371778265,,3,,
0FUR,east,trend_annual,4,-92134.78643400208,,0.03574330230287172,,2,,
0FUR,east,trend_annual_semi,6,-92200.51100408506,,0.035348260326219794,,1,,
0FUR,east,trend_quad_annual_semi,7,-92329.45646741663,,0.03470609421566952,,0,,
0FUR,north,trend,2,-94866.91279265616,,0.024913802913497384,,3,,
0FUR,north,trend_annual,4,-95143.61067116965,,0.023956826089187172,,2,,
0FUR,north,trend_annual_semi,6,-95509.55129762615,,0.02276483963433734,,1,,
0FUR,north,trend_quad_annual_semi,7,-97511.51815412466,,0.017423351550952853,,0,,
0FUR,up,trend,2,-70966.95786579986,,0.5980100018738909,,3,,
0FUR,up,trend_annual,4,-74913.64136702975,,0.3529790793862207,,2,,
0FUR,up,trend_annual_semi,6,-74948.4554188343,,0.35051570262767867,,1,,
0FUR,up,trend_quad_annual_semi,7,-75978.4946021756,,0.30528486753171263,,0,,
0GAD,east,trend,2,-77542.9489802054,,0.0789083815178573,,3,,
0GAD,east,trend_annual,4,-86601.20335926319,,0.02086543405846274,,2,,
0GAD,east,trend_annual_semi,6,-87215.46522693223,,0.019019752840072478,,1,,
0GAD,east,trend_quad_annual_semi,7,-87266.50475737361,,0.018853596354340398,,0,,
0GAD,north,trend,2,-74697.51261474859,,0.11974008236488169,,3,,
0GAD,north,trend_annual,4,-79510.54393021227,,0.058987343942762206,,2,,
0GAD,north,trend_annual_semi,6,-81026.13384618187,,0.04711566933610952,,1,,
0GAD,north,trend_quad_annual_semi,7,-82110.67110589676,,0.040139409133495396,,0,,
0GAD,up,trend,2,-65466.28734629261,,0.4632562529867995,,3,,
0GAD,up,trend_annual,4,-68967.72004472438,,0.27658323723871137,,2,,
0GAD,up,trend_annual_semi,6,-69216.33113354557,,0.26599748923394156,,1,,
0GAD,up,trend_quad_annual_semi,7,-69222.33933432269,,0.26541972004966635,,0,,
0GAL,east,trend,2,-79412.21374941755,,0.029351224178174998,,3,,
0GAL,east,trend_annual,4,-82455.45109204727,,0.01827088251140894,,2,,
0GAL,east,trend_annual_semi,6,-82508.48450959087,,0.01807225727595734,,1,,
0GAL,east,trend_quad_annual_semi,7,-84164.59799389282,,0.013964744740274686,,0,,
0GAL,north,trend,2,-70612.7555967244,,0.1146761821365691,,3,,
0GAL,north,trend_annual,4,-82702.44349067831,,0.017585185095134143,,2,,
0GAL,north,trend_annual_semi,6,-82961.53592053852,,0.016847691320484873,,1,,
0GAL,north,trend_quad_annual_semi,7,-83305.49144751836,,0.015952033899090487,,0,,
0GAL,up,trend,2,-61056.28209946904,,0.5037750939983243,,3,,
0GAL,up,trend_annual,4,-64515.416440641005,,0.29403361343652906,,2,,
0GAL,up,trend_annual_semi,6,-64637.62472529694,,0.2877379803162444,,1,,
0GAL,up,trend_quad_annual_semi,7,-64665.94639584394,,0.28608970367900644,,0,,
0GAM,east,trend,2,-49623.84882319594,,0.017434004584987468,,3,,
0GAM,east,trend_annual,4,-53660.71278685806,,0.006360447239300807,,2,,
0GAM,east,trend_annual_semi,6,-53723.92489159558,,0.006235416748914277,,0,,
0GAM,east,trend_quad_annual_semi,7,-53719.810364307625,,0.00622892953801303,,1,,
0GAM,north,trend,2,-52632.97281442686,,0.008247286847630698,,3,,
0GAM,north,trend_annual,4,-52754.345936008205,,0.007969032448778095,,2,,
0GAM,north,trend_annual_semi,6,-52905.68727300612,,0.007642976437026121,,1,,
0GAM,north,trend_quad_annual_semi,7,-53240.372018565744,,0.007017926221599953,,0,,
0GAM,up,trend,2,-38881.26715987655,,0.2523221341861758,,3,,
0GAM,up,trend_annual,4,-41063.46794430287,,0.14601972147543657,,2,,
0GAM,up,trend_annual_semi,6,-41164.362298423875,,0.14181377013305058,,0,,
0GAM,up,trend_quad_annual_semi,7,-41161.22902648931,,0.14163165417274834,,1,,
0GEB,east,trend,2,-56540.34703202795,,0.04073262360149601,,3,,
0GEB,east,trend_annual,4,-62371.7615266885,,0.012166491402800812,,2,,
0GEB,east,trend_annual_semi,6,-62415.67541302768,,0.012014405493084274,,1,,
0GEB,east,trend_quad_annual_semi,7,-63004.786928342786,,0.01061890710462948,,0,,
0GEB,north,trend,2,-60804.61495383118,,0.016877514663912737,,3,,
0GEB,north,trend_annual,4,-60845.19439418022,,0.01667802523781844,,2,,
0GEB,north,trend_annual_semi,6,-60965.40778215686,,0.016211947332155644,,1,,
0GEB,north,trend_quad_annual_semi,7,-61054.221809086586,,0.015889292004430327,,0,,
0GEB,up,trend,2,-48146.569426330156,,0.23073754724339407,,3,,
0GEB,up,trend_annual,4,-50439.0744485796,,0.14318203332573104,,2,,
0GEB,up,trend_annual_semi,6,-50558.5872294703,,0.13920086970266352,,1,,
0GEB,up,trend_quad_annual_semi,7,-50635.844599387754,,0.13675659929565517,,0,,
0GIM,east,trend,2,-10912.966714443384,,0.003963245122280223,,3,,
0GIM,east,trend_annual,4,-11930.881716068203,,0.0012388270175332679,,2,,
0GIM,east,trend_annual_semi,6,-11960.540565861236,,0.0011798915688104512,,1,,
0GIM,east,trend_quad_annual_semi,7,-12001.608011443064,,0.0011179209815674693,,0,,
0GIM,north,trend,2,-11429.014489645584,,0.0022150458743327318,,3,,
0GIM,north,trend_annual,4,-11458.694051937822,,0.002109618927207251,,2,,
0GIM,north,trend_annual_semi,6,-11581.528166930115,,0.0018089010356277765,,1,,
0GIM,north,trend_quad_annual_semi,7,-11740.974365884535,,0.0014997642802702879,,0,,
0GIM,up,trend,2,-8826.438817302651,,0.04165434885041229,,3,,
0GIM,up,trend_annual,4,-9253.97168935524,,0.02533284751194485,,1,,
0GIM,up,trend_annual_semi,6,-9254.732278810421,,0.02492669242573865,,0,,
0GIM,up,trend_quad_annual_semi,7,-9250.904102538818,,0.02484365769557762,,2,,
0GIS,east,trend,2,-47833.062986552235,,0.03712513160984056,,3,,
0GIS,east,trend_annual,4,-52574.458703219585,,0.011694856096915564,,2,,
0GIS,east,trend_annual_semi,6,-52674.34224485759,,0.011368634248877074,,1,,
0GIS,east,trend_quad_annual_semi,7,-52878.11422551414,,0.01079805721740439,,0,,
0GIS,north,trend,2,-53696.901597044984,,0.008941351996087352,,3,,
0GIS,north,trend_annual,4,-54424.38142013469,,0.007463539142137076,,2,,
0GIS,north,trend_annual_semi,6,-54539.57701003128,,0.007228426554145241,,1,,
0GIS,north,trend_quad_annual_semi,7,-54647.5150177448,,0.007027252147870979,,0,,
0GIS,up,trend,2,-40302.7649427919,,0.23101441709816678,,3,,
0GIS,up,trend_annual,4,-42219.585251486475,,0.14447089537756813,,2,,
0GIS,up,trend_annual_semi,6,-42284.787949268575,,0.14162842204652842,,1,,
0GIS,up,trend_quad_annual_semi,7,-42332.25526659777,,0.13972303843672082,,0,,
0GLO,east,trend,2,-49616.56326719348,,0.022810673904192814,,3,,
0GLO,east,trend_annual,4,-54142.80288328495,,0.0075364388602500425,,1,,
0GLO,east,trend_annual_semi,6,-54129.47272379742,,0.007530363104020345,,2,,
0GLO,east,trend_quad_annual_semi,7,-54145.91478343593,,0.007485043783069704,,0,,
0GLO,north,trend,2,-51220.638376015835,,0.015427960859349837,,3,,
0GLO,north,trend_annual,4,-52569.37455547428,,0.011059896824451947,,2,,
0GLO,north,trend_annual_semi,6,-52585.72392554575,,0.01097131103438882,,1,,
0GLO,north,trend_quad_annual_semi,7,-52686.56272257854,,0.010683204656072153,,0,,
0GLO,up,trend,2,-39389.12034897365,,0.2760302932094858,,3,,
0GLO,up,trend_annual,4,-41463.906131730735,,0.16577904599918677,,2,,
0GLO,up,trend_annual_semi,6,-41550.613592109556,,0.1616545775263009,,1,,
0GLO,up,trend_quad_annual_semi,7,-41600.82642841398,,0.1593642827450269,,0,,
0GMA,east,trend,2,-48141.910209876114,,0.034549513605008096,,3,,
0GMA,east,trend_annual,4,-53633.86302646833,,0.00907346871282996,,2,,
0GMA,east,trend_annual_semi,6,-53711.26364267244,,0.008868693445537965,,1,,
0GMA,east,trend_quad_annual_semi,7,-53746.96293812213,,0.00877443442456599,,0,,
0GMA,north,trend,2,-51639.64761305406,,0.014782263988601727,,3,,
0GMA,north,trend_annual,4,-53834.70619264795,,0.008641760189724526,,2,,
0GMA,north,trend_annual_semi,6,-53909.8388157347,,0.008451379035678134,,0,,
0GMA,north,trend_quad_annual_semi,7,-53909.57897019147,,0.008434853970659389,,1,,
0GMA,up,trend,2,-40737.547842797605,,0.2084228198088727,,3,,
0GMA,up,trend_annual,4,-42624.75584252842,,0.1312977996781243,,2,,
0GMA,up,trend_annual_semi,6,-42647.10559516721,,0.1300608918100733,,1,,
0GMA,up,trend_quad_annual_semi,7,-42650.435873298506,,0.12969351967050596,,0,,
0GMO,east,trend,2,-24540.42950840008,,0.013452132242873331,,3,,
0GMO,east,trend_annual,4,-25993.509460517853,,0.006588414028529311,,1,,
0GMO,east,trend_annual_semi,6,-25987.748132298948,,0.00655806699501639,,2,,
0GMO,east,trend_quad_annual_semi,7,-26261.17788204945,,0.005720525218312763,,0,,
0GMO,north,trend,2,-26517.97101437346,,0.0051436655323487904,,3,,
0GMO,north,trend_annual,4,-26525.647070928415,,0.005086635887107911,,2,,
0GMO,north,trend_annual_semi,6,-26639.182105785214,,0.004777916672974563,,1,,
0GMO,north,trend_quad_annual_semi,7,-26662.949653905933,,0.004705543756523101,,0,,
0GMO,up,trend,2,-20255.978593263117,,0.1079859863549088,,3,,
0GMO,up,trend_annual,4,-21382.46689382378,,0.0619884049582917,,2,,
0GMO,up,trend_annual_semi,6,-21402.717434319988,,0.060927525552935985,,1,,
0GMO,up,trend_quad_annual_semi,7,-21489.83821355712,,0.05818472894318387,,0,,
0GNA,east,trend,2,-63278.4254370892,,0.037185992782381945,,3,,
0GNA,east,trend_annual,4,-67009.26306523474,,0.01840964153748937,,2,,
0GNA,east,trend_annual_semi,6,-67030.07324045294,,0.01827897540710287,,1,,
0GNA,east,trend_quad_annual_semi,7,-68497.59394588062,,0.013857980140184006,,0,,
0GNA,north,trend,2,-66376.1765264985,,0.02079784965478891,,3,,
0GNA,north,trend_annual,4,-68756.0052860977,,0.013266167634223855,,2,,
0GNA,north,trend_annual_semi,6,-68885.89704118825,,0.012905224762259861,,1,,
0GNA,north,trend_quad_annual_semi,7,-69239.59566616229,,0.012057357247601253,,0,,
0GNA,up,trend,2,-52587.725599413025,,0.27625261729030004,,3,,
0GNA,up,trend_annual,4,-54743.682769019884,,0.18376861347602205,,2,,
0GNA,up,trend_annual_semi,6,-54854.57327989244,,0.17940699963041362,,1,,
0GNA,up,trend_quad_annual_semi,7,-54857.394055943834,,0.179023689715538,,0,,
0GOT,east,trend,2,-11521.71570275442,,0.07270829225394235,,3,,
0GOT,east,trend_annual,4,-13292.693683556645,,0.016201055060517378,,2,,
0GOT,east,trend_annual_semi,6,-13310.24576174884,,0.015774641612072766,,0,,
0GOT,east,trend_quad_annual_semi,7,-13307.16259052344,,0.01572169263311834,,1,,
0GOT,north,trend,2,-14471.611497927914,,0.006082808691360151,,3,,
0GOT,north,trend_annual,4,-15076.417968256801,,0.0036142621766114746,,2,,
0GOT,north,trend_annual_semi,6,-15144.917265897711,,0.0033715286927705522,,1,,
0GOT,north,trend_quad_annual_semi,7,-15162.447992335587,,0.003302457383573474,,0,,
0GOT,up,trend,2,-11774.192092524885,,0.058798242557825856,,3,,
0GOT,up,trend_annual,4,-12457.174695914708,,0.032713363822041666,,2,,
0GOT,up,trend_annual_semi,6,-12458.77155814855,,0.032282652676362,,1,,
0GOT,up,trend_quad_annual_semi,7,-12479.481360730622,,0.03153685529310759,,0,,
0GRA,east,trend,2,-89776.44746235874,,0.05030519052953007,,3,,
0GRA,east,trend_annual,4,-96435.83330462019,,0.020737527104880457,,2,,
0GRA,east,trend_annual_semi,6,-96856.0911922274,,0.019566155188734523,,1,,
0GRA,east,trend_quad_annual_semi,7,-97091.5285413536,,0.018941791762458686,,0,,
0GRA,north,trend,2,-94253.34417296092,,0.02777014123615591,,3,,
0GRA,north,trend_annual,4,-94291.86424258916,,0.02756314834099285,,2,,
0GRA,north,trend_annual_semi,6,-94511.16848262121,,0.026709127826648468,,1,,
0GRA,north,trend_quad_annual_semi,7,-94777.63602324935,,0.02575056632398958,,0,,
0GRA,up,trend,2,-72950.59394375082,,0.4692494997590961,,3,,
0GRA,up,trend_annual,4,-77009.59475958385,,0.2731657655169703,,2,,
0GRA,up,trend_annual_semi,6,-77112.52807293748,,0.2688217604886127,,0,,
0GRA,up,trend_quad_annual_semi,7,-77109.00827829729,,0.2686289088075169,,1,,
0GRB,east,trend,2,-15800.428446356762,,0.007121447616844203,,3,,
0GRB,east,trend_annual,4,-17165.909107316787,,0.0024738388032549607,,1,,
0GRB,east,trend_annual_semi,6,-17165.689523441637,,0.0024472007171214656,,2,,
0GRB,east,trend_quad_annual_semi,7,-17254.160416915594,,0.0022742577438357686,,0,,
0GRB,north,trend,2,-17057.08232512413,,0.002718710964655386,,3,,
0GRB,north,trend_annual,4,-17506.542484738224,,0.0019055093923116186,,1,,
0GRB,north,trend_annual_semi,6,-17502.891006678867,,0.0018899547097970702,,2,,
0GRB,north,trend_quad_annual_semi,7,-17664.62890718735,,0.0016604995505000613,,0,,
0GRB,up,trend,2,-13034.376599143507,,0.05930484354172205,,3,,
0GRB,up,trend_annual,4,-13644.145562063095,,0.036761110219215284,,2,,
0GRB,up,trend_annual_semi,6,-13666.030880155462,,0.0357544797159943,,0,,
0GRB,up,trend_quad_annual_semi,7,-13658.86308730164,,0.03575431079453383,,1,,
0GRI,east,trend,2,-68097.00871215516,,0.027615264443886078,,3,,
0GRI,east,trend_annual,4,-74707.04617834208,,0.008413439055631414,,2,,
0GRI,east,trend_annual_semi,6,-74946.70450346511,,0.008034589657367492,,1,,
0GRI,east,trend_quad_annual_semi,7,-75281.26146240208,,0.007554998869435153,,0,,
0GRI,north,trend,2,-74604.90402073141,,0.008595532125942976,,3,,
0GRI,north,trend_annual,4,-74850.22166800553,,0.008200156328528177,,2,,
0GRI,north,trend_annual_semi,6,-75065.35044769886,,0.007865435929165677,,0,,
0GRI,north,trend_quad_annual_semi,7,-75058.33635017813,,0.007863162208236674,,1,,
0GRI,up,trend,2,-55019.85396969601,,0.28819172952553906,,3,,
0GRI,up,trend_annual,4,-57777.59334643187,,0.1752053775172854,,2,,
0GRI,up,trend_annual_semi,6,-57879.78602340365,,0.17149216465582148,,1,,
0GRI,up,trend_quad_annual_semi,7,-57885.16982362535,,0.17106182138749965,,0,,
0GRN,east,trend,2,-77292.90824981598,,0.06252384829250271,,3,,
0GRN,east,trend_annual,4,-81610.82042278489,,0.032662438666460916,,2,,
0GRN,east,trend_annual_semi,6,-81732.97119612838,,0.03198585118584588,,1,,
0GRN,east,trend_quad_annual_semi,7,-81908.58205291367,,0.031114497655267588,,0,,
0GRN,north,trend,2,-82591.00382986135,,0.028277420401433908,,3,,
0GRN,north,trend_annual,4,-82645.13850713495,,0.027975192831968178,,2,,
0GRN,north,trend_annual_semi,6,-83253.99329811182,,0.02546979982288407,,1,,
0GRN,north,trend_quad_annual_semi,7,-83350.36701243912,,0.02507172771442983,,0,,
0GRN,up,trend,2,-62392.56417318112,,0.5823902173103656,,3,,
0GRN,up,trend_annual,4,-66126.47135355652,,0.3320493404907434,,2,,
0GRN,up,trend_annual_semi,6,-66194.82787633818,,0.3278014616010264,,1,,
0GRN,up,trend_quad_annual_semi,7,-66215.25964804486,,0.3263691762473049,,0,,
0GRO,east,trend,2,-86261.04315991403,,0.06670724913802897,,3,,
0GRO,east,trend_annual,4,-92849.77519927602,,0.02739996151499252,,2,,
0GRO,east,trend_annual_semi,6,-93001.77488120415,,0.026780381040668183,,1,,
0GRO,east,trend_quad_annual_semi,7,-94186.05341418539,,0.022804785975856667,,0,,
0GRO,north,trend,2,-93911.94398492483,,0.02380484844742149,,3,,
0GRO,north,trend_annual,4,-94098.18865406253,,0.023159501229266737,,2,,
0GRO,north,trend_annual_semi,6,-94550.15587004396,,0.02173955491956508,,0,,
0GRO,north,trend_quad_annual_semi,7,-94545.89539149494,,0.021725938280317783,,1,,
0GRO,up,trend,2,-69445.352674149,,0.6422984615929219,,3,,
0GRO,up,trend_annual,4,-73417.50050248641,,0.3752839660233474,,2,,
0GRO,up,trend_annual_semi,6,-73477.36832204128,,0.37137757730334775,,1,,
0GRO,up,trend_quad_annual_semi,7,-73520.53607955007,,0.3687817785344292,,0,,
0GRS,east,trend,2,-62721.78293222824,,0.03226409053708093,,3,,
0GRS,east,trend_annual,4,-69151.77461081582,,0.00940495517845334,,2,,
0GRS,east,trend_annual_semi,6,-69167.53826298655,,0.009345999243368824,,1,,
0GRS,east,trend_quad_annual_semi,7,-69422.54950193192,,0.00888666571216126,,0,,
0GRS,north,trend,2,-68621.08211012198,,0.010443521035527883,,3,,
0GRS,north,trend_annual,4,-68714.37980242618,,0.010225336301973118,,2,,
0GRS,north,trend_annual_semi,6,-69092.07055366662,,0.009481837585891812,,1,,
0GRS,north,trend_quad_annual_semi,7,-69190.3403262888,,0.009290119152613288,,0,,
0GRS,up,trend,2,-52436.33202689687,,0.23057594228995965,,3,,
0GRS,up,trend_annual,4,-54878.14094026372,,0.14408752900936606,,2,,
0GRS,up,trend_annual_semi,6,-55008.61964677064,,0.1400778832346823,,1,,
0GRS,up,trend_quad_annual_semi,7,-55018.662439140986,,0.13958046195943186,,0,,
0GST,east,trend,2,-31447.039698723365,,0.01048797060569789,,3,,
0GST,east,trend_annual,4,-33841.13545791335,,0.004058248163062654,,2,,
0GST,east,trend_annual_semi,6,-33961.02987522619,,0.003847156337393475,,1,,
0GST,east,trend_quad_annual_semi,7,-33977.782775831176,,0.0038100592100428444,,0,,
0GST,north,trend,2,-33190.472276047185,,0.00527668085574765,,3,,
0GST,north,trend_annual,4,-33246.07622570019,,0.0051305419451647925,,2,,
0GST,north,trend_annual_semi,6,-33348.53893648862,,0.004897194297509771,,1,,
0GST,north,trend_quad_annual_semi,7,-33519.48468737316,,0.004564090371062339,,0,,
0GST,up,trend,2,-24718.15548790133,,0.14863350203595516,,3,,
0GST,up,trend_annual,4,-25978.862169918964,,0.08988884109867465,,2,,
0GST,up,trend_annual_semi,6,-26060.59482626531,,0.08650418818217297,,0,,
0GST,up,trend_quad_annual_semi,7,-26052.814495648996,,0.08650218405427264,,1,,
0GUL,east,trend,2,-64291.379780818366,,0.034222594979424065,,3,,
0GUL,east,trend_annual,4,-68865.13295949118,,0.014567006981238383,,2,,
0GUL,east,trend_annual_semi,6,-69114.11500599989,,0.013863241436948615,,1,,
0GUL,east,trend_quad_annual_semi,7,-69264.55890532931,,0.01345906995093479,,0,,
0GUL,north,trend,2,-67990.17017302482,,0.01719707047549763,,3,,
0GUL,north,trend_annual,4,-69239.78505355843,,0.013586225662243736,,2,,
0GUL,north,trend_annual_semi,6,-69542.41941565742,,0.012801422467141993,,1,,
0GUL,north,trend_quad_annual_semi,7,-70320.38622728785,,0.011058730808949627,,0,,
0GUL,up,trend,2,-52746.688747612694,,0.29316500056839045,,3,,
0GUL,up,trend_annual,4,-55332.92030893699,,0.18061724685505617,,2,,
0GUL,up,trend_annual_semi,6,-55424.467770618154,,0.17700039246496485,,1,,
0GUL,up,trend_quad_annual_semi,7,-55430.06317179297,,0.17653389470567268,,0,,
0GUM,east,trend,2,-30484.1128390584,,0.013049569257571858,,3,,
0GUM,east,trend_annual,4,-33111.925528839245,,0.004546333082598923,,2,,
0GUM,east,trend_annual_semi,6,-33210.480195172386,,0.004343868055078361,,1,,
0GUM,east,trend_quad_annual_semi,7,-33697.61169132787,,0.0035656083279713103,,0,,
0GUM,north,trend,2,-31002.657884977405,,0.010611265890766145,,3,,
0GUM,north,trend_annual,4,-32516.509693056207,,0.005765098980090116,,2,,
0GUM,north,trend_annual_semi,6,-32530.004038788178,,0.005698458304620376,,1,,
0GUM,north,trend_quad_annual_semi,7,-32533.73457431037,,0.00567224862749972,,0,,
0GUM,up,trend,2,-24395.687281702318,,0.1480167365917852,,3,,
0GUM,up,trend_annual,4,-25660.93998585184,,0.08880059998474496,,2,,
0GUM,up,trend_annual_semi,6,-25712.442100120377,,0.086453447653833,,1,,
0GUM,up,trend_quad_annual_semi,7,-25714.418161189085,,0.0861160563530978,,0,,
0GUN,east,trend,2,-87292.80572782688,,0.04184010487193113,,3,,
0GUN,east,trend_annual,4,-91862.45950913633,,0.022201172652010777,,2,,
0GUN,east,trend_annual_semi,6,-92217.44985095196,,0.0210868820601151,,1,,
0GUN,east,trend_quad_annual_semi,7,-92483.46115704803,,0.020301128720497975,,0,,
0GUN,north,trend,2,-90923.25123695051,,0.025338964422618696,,3,,
0GUN,north,trend_annual,4,-91038.66884548293,,0.024877009621120806,,2,,
0GUN,north,trend_annual_semi,6,-92011.72432452641,,0.0216947478583767,,1,,
0GUN,north,trend_quad_annual_semi,7,-92241.09468297553,,0.020992330216536594,,0,,
0GUN,up,trend,2,-66146.98437643699,,0.7766209158411841,,3,,
0GUN,up,trend_annual,4,-69779.14304506799,,0.46906825726292256,,1,,
0GUN,up,trend_annual_semi,6,-69778.88411572257,,0.46793466760255176,,2,,
0GUN,up,trend_quad_annual_semi,7,-69788.41962673524,,0.4667453206024602,,0,,
0GVA,east,trend,2,-49092.93227179843,,1.3783069783216417,,3,,
0GVA,east,trend_annual,4,-49115.7137044532,,1.3689239085562253,,1,,
0GVA,east,trend_annual_semi,6,-49103.1609587119,,1.3678050640146422,,2,,
0GVA,east,trend_quad_annual_semi,7,-50411.67485429153,,1.093127096142357,,0,,
0GVA,north,trend,2,-44632.34034569749,,2.9446100464064133,,2,,
0GVA,north,trend_annual,4,-44645.484850699184,,2.929364453692172,,1,,
0GVA,north,trend_annual_semi,6,-44631.182878916865,,2.9278416941161627,,3,,
0GVA,north,trend_quad_annual_semi,7,-46039.08288714337,,2.3006387335685266,,0,,
0GVA,up,trend,2,-55135.15176475448,,0.4929083888703952,,3,,
0GVA,up,trend_annual,4,-57724.25843140658,,0.3163171662094779,,2,,
0GVA,up,trend_annual_semi,6,-57783.65540759858,,0.3122121962349978,,1,,
0GVA,up,trend_quad_annual_semi,7,-57978.812451316975,,0.3015674009595432,,0,,
0GVG,east,trend,2,-36954.84221034178,,0.01854111587617652,,3,,
0GVG,east,trend_annual,4,-41748.41140687008,,0.0038821583573793138,,2,,
0GVG,east,trend_annual_semi,6,-41822.05929016444,,0.00377057143670346,,1,,
0GVG,east,trend_quad_annual_semi,7,-41874.15433193354,,0.0036975839201516016,,0,,
0GVG,north,trend,2,-40560.033945663665,,0.005742828277007164,,3,,
0GVG,north,trend_annual,4,-40724.87131907567,,0.005414830782981706,,2,,
0GVG,north,trend_annual_semi,6,-40944.03740104409,,0.005016183128241107,,0,,
0GVG,north,trend_quad_annual_semi,7,-40943.962781607406,,0.005003224409820476,,1,,
0GVG,up,trend,2,-30218.790376389312,,0.16564791700636394,,3,,
0GVG,up,trend_annual,4,-31579.25928770963,,0.10588541355853895,,2,,
0GVG,up,trend_annual_semi,6,-31627.089500458445,,0.10370870483567632,,0,,
0GVG,up,trend_quad_annual_semi,7,-31621.523954675864,,0.10362560127516018,,1,,
0HAD,east,trend,2,-48966.48499734814,,0.03874156930015382,,3,,
0HAD,east,trend_annual,4,-53696.40052888053,,0.012590248754639273,,2,,
0HAD,east,trend_annual_semi,6,-53740.53889638682,,0.012410178434101918,,1,,
0HAD,east,trend_quad_annual_semi,7,-54708.32271643463,,0.009849004365455011,,0,,
0HAD,north,trend,2,-51306.9257353045,,0.02225797443321713,,3,,
0HAD,north,trend_annual,4,-51498.6845694135,,0.02118595399126355,,2,,
0HAD,north,trend_annual_semi,6,-51630.57464343281,,0.02045348563761754,,1,,
0HAD,north,trend_quad_annual_semi,7,-52885.36588623724,,0.015165813532567955,,0,,
0HAD,up,trend,2,-41702.59282764713,,0.21637041494681147,,3,,
0HAD,up,trend_annual,4,-43856.17370834033,,0.12942135561475282,,2,,
0HAD,up,trend_annual_semi,6,-43949.62217006395,,0.1260894051387524,,0,,
0HAD,up,trend_quad_annual_semi,7,-43942.34115789644,,0.12605754228846222,,1,,
0HAE,east,trend,2,-34116.53109513339,,0.025344384529246523,,3,,
0HAE,east,trend_annual,4,-38395.09571876807,,0.005846519583869807,,0,,
0HAE,east,trend_annual_semi,6,-38392.44364467004,,0.00581999886858338,,1,,
0HAE,east,trend_quad_annual_semi,7,-38385.61899593097,,0.005817698702060871,,2,,
0HAE,north,trend,2,-37856.48577680893,,0.007065687069164304,,3,,
0HAE,north,trend_annual,4,-38235.448833740666,,0.006174147094549071,,2,,
0HAE,north,trend_annual_semi,6,-38370.65502288237,,0.0058634697538737434,,0,,
0HAE,north,trend_quad_annual_semi,7,-38368.226798695956,,0.005852358425169587,,1,,
0HAE,up,trend,2,-28402.30501820046,,0.17841943097253923,,3,,
0HAE,up,trend_annual,4,-29623.058725956736,,0.11695167493921901,,2,,
0HAE,up,trend_annual_semi,6,-29807.276087599083,,0.10922312543171632,,0,,
0HAE,up,trend_quad_annual_semi,7,-29799.479447748283,,0.1092162083717515,,1,,
0HAF,east,trend,2,-64584.75560951525,,0.031936723350352914,,3,,
0HAF,east,trend_annual,4,-72581.17601181501,,0.007179204791047009,,2,,
0HAF,east,trend_annual_semi,6,-72701.0101645264,,0.006998317259874612,,1,,
0HAF,east,trend_quad_annual_semi,7,-72712.42747633476,,0.0069722889905086,,0,,
0HAF,north,trend,2,-71982.3353158662,,0.008052032999393981,,3,,
0HAF,north,trend_annual,4,-72124.39785516025,,0.007816724272748543,,2,,
0HAF,north,trend_annual_semi,6,-72374.61190394916,,0.00743696509718573,,0,,
0HAF,north,trend_quad_annual_semi,7,-72369.96101930286,,0.007431512982010072,,1,,
0HAF,up,trend,2,-53107.53571509042,,0.2708159733762603,,3,,
0HAF,up,trend_annual,4,-55314.64070165693,,0.17895908501194985,,2,,
0HAF,up,trend_annual_semi,6,-55406.84258704714,,0.17535016919806792,,0,,
0HAF,up,trend_quad_annual_semi,7,-55399.201477675044,,0.1753192337567703,,1,,
0HAG,east,trend,2,-22126.18786860322,,0.0460500581093015,,3,,
0HAG,east,trend_annual,4,-22254.83311715514,,0.04295293378714625,,2,,
0HAG,east,trend_annual_semi,6,-22323.99740377385,,0.041233760521392604,,1,,
0HAG,east,trend_quad_annual_semi,7,-23160.00744004999,,0.027415495863782568,,0,,
0HAG,north,trend,2,-26123.179266072457,,0.006659289643546789,,3,,
0HAG,north,trend_annual,4,-26130.235726117557,,0.006587754483188886,,2,,
0HAG,north,trend_annual_semi,6,-26326.586124039426,,0.005946680709029877,,0,,
0HAG,north,trend_quad_annual_semi,7,-26320.621494673065,,0.0059418803527962775,,1,,
0HAG,up,trend,2,-19544.721334678405,,0.16055303109715924,,3,,
0HAG,up,trend_annual,4,-20884.36673606099,,0.08335652647617829,,2,,
0HAG,up,trend_annual_semi,6,-20892.430500126127,,0.08242092156907922,,1,,
0HAG,up,trend_quad_annual_semi,7,-20912.008368148392,,0.08134297449967182,,0,,
0HAM,east,trend,2,-83102.17730237795,,0.11700610592503509,,3,,
0HAM,east,trend_annual,4,-84778.07453253129,,0.09337878105284914,,2,,
0HAM,east,trend_annual_semi,6,-84871.74485316548,,0.09200223644119779,,1,,
0HAM,east,trend_quad_annual_semi,7,-86287.70408097615,,0.07610060253843966,,0,,
0HAM,north,trend,2,-92977.97856192844,,0.03140700175474441,,3,,
0HAM,north,trend_annual,4,-93244.25345381067,,0.03024083746073063,,2,,
0HAM,north,trend_annual_semi,6,-93369.00059357955,,0.02967198650088448,,1,,
0HAM,north,trend_quad_annual_semi,7,-93547.26713625061,,0.028941442943054906,,0,,
0HAM,up,trend,2,-71987.47374450606,,0.5140961828458483,,3,,
0HAM,up,trend_annual,4,-75824.55291736245,,0.30767258179408097,,2,,
0HAM,up,trend_annual_semi,6,-75933.25591763134,,0.3025307625069229,,1,,
0HAM,up,trend_quad_annual_semi,7,-76099.71842495767,,0.2955464885316519,,0,,
0HAP,east,trend,2,-83541.429106046,,0.07284671324408443,,3,,
0HAP,east,trend_annual,4,-88721.94331713869,,0.035599759822204084,,2,,
0HAP,east,trend_annual_semi,6,-88754.65526953772,,0.035353027762615466,,1,,
0HAP,east,trend_quad_annual_semi,7,-90470.45944489368,,0.027877581626061933,,0,,
0HAP,north,trend,2,-85346.87566721311,,0.056807781553777685,,3,,
0HAP,north,trend_annual,4,-85480.53500044288,,0.05563507602025849,,2,,
0HAP,north,trend_annual_semi,6,-85600.72606528977,,0.054587752799851605,,1,,
0HAP,north,trend_quad_annual_semi,7,-90731.25596902633,,0.026893925778951947,,0,,
0HAP,up,trend,2,-68855.926605568,,0.5506800134027341,,3,,
0HAP,up,trend_annual,4,-72472.69664986327,,0.33379503516961895,,2,,
0HAP,up,trend_annual_semi,6,-72702.67387136004,,0.3225959983295961,,1,,
0HAP,up,trend_quad_annual_semi,7,-73557.4790733127,,0.2864128958006199,,0,,
0HAS,east,trend,2,-136060.71633791018,,0.10580809025238475,,3,,
0HAS,east,trend_annual,4,-145062.23738492554,,0.04899496752201023,,2,,
0HAS,east,trend_annual_semi,6,-145231.62126586528,,0.048214548104525086,,1,,
0HAS,east,trend_quad_annual_semi,7,-145247.8022718556,,0.04810951858763038,,0,,
0HAS,north,trend,2,-148380.04127756838,,0.03697090202100463,,3,,
0HAS,north,trend_annual,4,-148884.05131855822,,0.0353575842779429,,2,,
0HAS,north,trend_annual_semi,6,-149491.53923294807,,0.03351732532910923,,1,,
0HAS,north,trend_quad_annual_semi,7,-150135.556630744,,0.03169927397101013,,0,,
0HAS,up,trend,2,-110333.71190213964,,0.9509993037581685,,3,,
0HAS,up,trend_annual,4,-115544.95112422567,,0.6085732212383704,,2,,
0HAS,up,trend_annual_semi,6,-115638.85235354865,,0.6027503804581623,,1,,
0HAS,up,trend_quad_annual_semi,7,-116037.9160728262,,0.5820998908920234,,0,,
0HAV,east,trend,2,-39921.23759931544,,0.026027079800664772,,3,,
0HAV,east,trend_annual,4,-44897.95589347168,,0.0059698247724337215,,2,,
0HAV,east,trend_annual_semi,6,-44947.13897857028,,0.00585572130507323,,1,,
0HAV,east,trend_quad_annual_semi,7,-44973.84361672487,,0.005795877217575394,,0,,
0HAV,north,trend,2,-45150.80389139237,,0.00556750782811949,,2,,
0HAV,north,trend_annual,4,-45134.80386635994,,0.005567084681996933,,3,,
0HAV,north,trend_annual_semi,6,-45310.55477999224,,0.00526061792795581,,1,,
0HAV,north,trend_quad_annual_semi,7,-45322.45546818129,,0.005229636703969912,,0,,
0HAV,up,trend,2,-33740.49919972476,,0.16106798242903925,,3,,
0HAV,up,trend_annual,4,-34748.28064824096,,0.11908519317730754,,2,,
0HAV,up,trend_annual_semi,6,-34782.98534734376,,0.11730887405259603,,1,,
0HAV,up,trend_quad_annual_semi,7,-34828.483789736936,,0.11546827319912485,,0,,
0HDA,east,trend,2,-49272.4137439368,,0.02576700924398383,,3,,
0HDA,east,trend_annual,4,-54347.18348641557,,0.0074746145281275,,2,,
0HDA,east,trend_annual_semi,6,-54440.289136525054,,0.00727784907341993,,1,,
0HDA,east,trend_quad_annual_semi,7,-54454.4114143036,,0.007238251991575524,,0,,
0HDA,north,trend,2,-54391.47598583045,,0.007424549690849136,,2,,
0HDA,north,trend_annual,4,-54384.07173097978,,0.007407892858937503,,3,,
0HDA,north,trend_annual_semi,6,-54524.837194450556,,0.007129806243560596,,1,,
0HDA,north,trend_quad_annual_semi,7,-54822.21586953382,,0.006619213888036416,,0,,
0HDA,up,trend,2,-40393.0046536173,,0.22305860873121702,,3,,
0HDA,up,trend_annual,4,-42159.38940719854,,0.14460839157415803,,2,,
0HDA,up,trend_annual_semi,6,-42345.84126474486,,0.13764284669092453,,1,,
0HDA,up,trend_quad_annual_semi,7,-42361.46692688066,,0.13684394781863926,,0,,
0HDG,east,trend,2,-68314.68760312085,,0.0320373844807741,,3,,
0HDG,east,trend_annual,4,-76316.85699880494,,0.007760427654369578,,2,,
0HDG,east,trend_annual_semi,6,-76555.26930824916,,0.007417410503416797,,1,,
0HDG,east,trend_quad_annual_semi,7,-76803.29122697451,,0.007088340318773427,,0,,
0HDG,north,trend,2,-74877.883983498,,0.010039306983074463,,3,,
0HDG,north,trend_annual,4,-75354.5414840945,,0.009199766400448879,,2,,
0HDG,north,trend_annual_semi,6,-75669.86043209775,,0.008674375219614044,,0,,
0HDG,north,trend_quad_annual_semi,7,-75667.67396432157,,0.008664482622972525,,1,,
0HDG,up,trend,2,-54907.92580892733,,0.34284021120569674,,3,,
0HDG,up,trend_annual,4,-57998.37883780702,,0.19790884897946942,,2,,
0HDG,up,trend_annual_semi,6,-58125.74874169582,,0.19291155217786074,,1,,
0HDG,up,trend_quad_annual_semi,7,-58210.3277823068,,0.18975813331555513,,0,,
0HED,east,trend,2,-81031.75540136127,,0.052261219717213384,,3,,
0HED,east,trend_annual,4,-85352.61343028408,,0.02780699265326279,,2,,
0HED,east,trend_annual_semi,6,-85424.31763837622,,0.027447890019703797,,1,,
0HED,east,trend_quad_annual_semi,7,-87004.8431298569,,0.02178328857835704,,0,,
0HED,north,trend,2,-88157.92180828413,,0.018538915257925195,,3,,
0HED,north,trend_annual,4,-88333.15814128351,,0.018026029515165312,,2,,
0HED,north,trend_annual_semi,6,-88737.63800126818,,0.01695261130350612,,1,,
0HED,north,trend_quad_annual_semi,7,-89030.61139373924,,0.0162246022528215,,0,,
0HED,up,trend,2,-65236.21071879572,,0.5198052556707927,,3,,
0HED,up,trend_annual,4,-67945.86313341834,,0.3496072054557803,,2,,
0HED,up,trend_annual_semi,6,-67996.83894120711,,0.34613422419382767,,1,,
0HED,up,trend_quad_annual_semi,7,-68024.02835204668,,0.344325476801804,,0,,
0HEL,east,trend,2,-2145.9983347459447,,0.0002932797116235379,,3,,
0HEL,east,trend_annual,4,-2155.919542617782,,0.0002592416121731957,,2,,
0HEL,east,trend_annual_semi,6,-2165.8824552454143,,0.00022909535781697122,,0,,
0HEL,east,trend_quad_annual_semi,7,-2160.8106986521125,,0.0002290644480411141,,1,,
0HEL,north,trend,2,-2215.9322765255292,,0.00019096386338429114,,3,,
0HEL,north,trend_annual,4,-2252.3287846419585,,0.00014349393218848552,,2,,
0HEL,north,trend_annual_semi,6,-2256.963588465003,,0.00013102109858827783,,0,,
0HEL,north,trend_quad_annual_semi,7,-2253.6189774402055,,0.0001296226390860072,,1,,
0HEL,up,trend,2,-1687.5815065598213,,0.004882926344430692,,3,,
0HEL,up,trend_annual,4,-1697.873257267039,,0.004306412209802458,,2,,
0HEL,up,trend_annual_semi,6,-1720.343436706659,,0.0035245446812196763,,1,,
0HEL,up,trend_quad_annual_semi,7,-1722.7866964398918,,0.0033652825763907466,,0,,
0HEM,east,trend,2,-71611.73593532355,,0.13094050315651967,,3,,
0HEM,east,trend_annual,4,-78349.09727691601,,0.04715459216974836,,2,,
0HEM,east,trend_annual_semi,6,-78632.89880772623,,0.04505401435214869,,1,,
0HEM,east,trend_quad_annual_semi,7,-80983.60014072053,,0.031535663423338876,,0,,
0HEM,north,trend,2,-77309.70479244554,,0.05532593897085418,,3,,
0HEM,north,trend_annual,4,-79143.67519458324,,0.04181669405415789,,2,,
0HEM,north,trend_annual_semi,6,-79505.37503688542,,0.03948609313841956,,1,,
0HEM,north,trend_quad_annual_semi,7,-79506.96578540743,,0.039424126482736535,,0,,
0HEM,up,trend,2,-63490.19590167556,,0.4470519069745165,,3,,
0HEM,up,trend_annual,4,-66173.63949938792,,0.29716658431180965,,2,,
0HEM,up,trend_annual_semi,6,-66357.27201615588,,0.2882616454194446,,0,,
0HEM,up,trend_quad_annual_semi,7,-66353.3490557255,,0.28804929813479047,,1,,
0HEN,east,trend,2,-43935.41671087638,,0.09348924452456707,,3,,
0HEN,east,trend_annual,4,-52929.45011953231,,0.010443722116478272,,2,,
0HEN,east,trend_annual_semi,6,-53302.0536752273,,0.009500238731951485,,0,,
0HEN,east,trend_quad_annual_semi,7,-53294.10823127874,,0.009499369913174679,,1,,
0HEN,north,trend,2,-51739.82029722385,,0.01400517143035639,,3,,
0HEN,north,trend_annual,4,-52719.35192360741,,0.010991336716902483,,2,,
0HEN,north,trend_annual_semi,6,-52974.22259588978,,0.010288860222995303,,1,,
0HEN,north,trend_quad_annual_semi,7,-53146.000389283385,,0.00984784527082546,,0,,
0HEN,up,trend,2,-39388.04718465224,,0.28258890399911096,,3,,
0HEN,up,trend_annual,4,-41069.22040073284,,0.18697964465744293,,2,,
0HEN,up,trend_annual_semi,6,-41159.71144564147,,0.18216984389075488,,1,,
0HEN,up,trend_quad_annual_semi,7,-41224.92775294811,,0.17894015511294095,,0,,
0HFS,east,trend,2,-102436.74416552766,,0.07296220847522081,,3,,
0HFS,east,trend_annual,4,-111420.22486004503,,0.026111022118562664,,2,,
0HFS,east,trend_annual_semi,6,-111578.88456506081,,0.025589269373413832,,1,,
0HFS,east,trend_quad_annual_semi,7,-112102.19921747719,,0.02408038688923743,,0,,
0HFS,north,trend,2,-114038.62693017063,,0.019404903158536574,,3,,
0HFS,north,trend_annual,4,-114088.38817365504,,0.019255036741620664,,2,,
0HFS,north,trend_annual_semi,6,-114504.57634166707,,0.01832360316077849,,0,,
0HFS,north,trend_quad_annual_semi,7,-114495.51238952245,,0.018323573878514063,,1,,
0HFS,up,trend,2,-84141.19850166548,,0.5890282970393586,,3,,
0HFS,up,trend_annual,4,-89622.64196542112,,0.3144000055448912,,2,,
0HFS,up,trend_annual_semi,6,-89714.58909360899,,0.3104730925259606,,1,,
0HFS,up,trend_quad_annual_semi,7,-89816.70595728653,,0.306557017887204,,0,,
0HIL,east,trend,2,-104598.69303240358,,0.048578411491701765,,3,,
0HIL,east,trend_annual,4,-106371.37195416194,,0.03949684975182406,,1,,
0HIL,east,trend_annual_semi,6,-106368.64098503884,,0.03942661694392689,,2,,
0HIL,east,trend_quad_annual_semi,7,-106844.047063733,,0.03727982403181605,,0,,
0HIL,north,trend,2,-100243.56814776029,,0.08035765128715847,,3,,
0HIL,north,trend_annual,4,-100356.82307829137,,0.0791467256061719,,2,,
0HIL,north,trend_annual_semi,6,-100451.45231759344,,0.07812202539820252,,1,,
0HIL,north,trend_quad_annual_semi,7,-100849.09107553422,,0.07453512431552695,,0,,
0HIL,up,trend,2,-84435.44736391466,,0.499387387047168,,3,,
0HIL,up,trend_annual,4,-89187.88255975173,,0.2877415697856869,,2,,
0HIL,up,trend_annual_semi,6,-89413.6081624649,,0.2797456988560054,,1,,
0HIL,up,trend_quad_annual_semi,7,-89416.91327174167,,0.27934604587084233,,0,,
0HIS,east,trend,2,-37360.03044048859,,0.023917766799638484,,3,,
0HIS,east,trend_annual,4,-41634.56088584492,,0.006176033406138093,,2,,
0HIS,east,trend_annual_semi,6,-41743.98538238247,,0.005936139718353109,,0,,
0HIS,east,trend_quad_annual_semi,7,-41737.910762683154,,0.005932419695374627,,1,,
0HIS,north,trend,2,-40697.56106935819,,0.008343147563977743,,3,,
0HIS,north,trend_annual,4,-40872.94682097167,,0.007853889126508215,,2,,
0HIS,north,trend_annual_semi,6,-41044.934487007966,,0.007401253791186243,,1,,
0HIS,north,trend_quad_annual_semi,7,-41154.148364093126,,0.00713236202635982,,0,,
0HIS,up,trend,2,-30996.048808854597,,0.17818462790348905,,3,,
0HIS,up,trend_annual,4,-33031.256681524035,,0.09327095254564899,,2,,
0HIS,up,trend_annual_semi,6,-33185.80008130695,,0.08838073030606979,,0,,
0HIS,up,trend_quad_annual_semi,7,-33183.56039749205,,0.08821852297500556,,1,,
0HJO,east,trend,2,-94506.17215855101,,0.06054695581775824,,3,,
0HJO,east,trend_annual,4,-103746.39072292359,,0.019073700214910054,,2,,
0HJO,east,trend_annual_semi,6,-103969.87035223757,,0.018507659966978073,,1,,
0HJO,east,trend_quad_annual_semi,7,-103986.9487486806,,0.01844756463133448,,0,,
0HJO,north,trend,2,-89072.85878133021,,0.11926075516580696,,3,,
0HJO,north,trend_annual,4,-89157.28596947136,,0.11774668811251995,,2,,
0HJO,north,trend_annual_semi,6,-89237.91147057104,,0.11630699662859226,,1,,
0HJO,north,trend_quad_annual_semi,7,-95647.29906198199,,0.05221854118520778,,0,,
0HJO,up,trend,2,-76061.26736830539,,0.6046908634548078,,3,,
0HJO,up,trend_annual,4,-80448.28037291527,,0.34901815904206923,,2,,
0HJO,up,trend_annual_semi,6,-80700.77563743161,,0.33743673823400366,,1,,
0HJO,up,trend_quad_annual_semi,7,-81928.69326525465,,0.2891813704560559,,0,,
0HJV,east,trend,2,-57579.674921756756,,0.017540808948324355,,3,,
0HJV,east,trend_annual,4,-61179.98269377736,,0.008010410787052509,,2,,
0HJV,east,trend_annual_semi,6,-61221.8780817189,,0.007909049311306073,,1,,
0HJV,east,trend_quad_annual_semi,7,-61361.661032966855,,0.007659070047146119,,0,,
0HJV,north,trend,2,-56650.277876157794,,0.021454110273081983,,3,,
0HJV,north,trend_annual,4,-59163.112247625126,,0.012400875307808729,,1,,
0HJV,north,trend_annual_semi,6,-59155.87318916291,,0.012375012093594345,,2,,
0HJV,north,trend_quad_annual_semi,7,-59944.03702861017,,0.010413135503174716,,0,,
0HJV,up,trend,2,-45363.35985868521,,0.24755157904662756,,3,,
0HJV,up,trend_annual,4,-48043.11561759614,,0.1380064546765481,,2,,
0HJV,up,trend_annual_semi,6,-48170.20036699014,,0.13376797458161116,,1,,
0HJV,up,trend_quad_annual_semi,7,-48194.8172252226,,0.1328133136562572,,0,,
0HLL,east,trend,2,-64189.76955765963,,0.032749233091201084,,3,,
0HLL,east,trend_annual,4,-72014.77139502713,,0.0075593039881466356,,2,,
0HLL,east,trend_annual_semi,6,-72245.8946781121,,0.007216431728798491,,1,,
0HLL,east,trend_quad_annual_semi,7,-72609.86342301648,,0.0067309173399103354,,0,,
0HLL,north,trend,2,-71517.67744123504,,0.008322153617499859,,3,,
0HLL,north,trend_annual,4,-71624.38149564459,,0.008131641724936831,,2,,
0HLL,north,trend_annual_semi,6,-72054.58037846739,,0.0074792085519728,,0,,
0HLL,north,trend_quad_annual_semi,7,-72047.77420899598,,0.007476722194306385,,1,,
0HLL,up,trend,2,-52958.677966820076,,0.267345401553447,,3,,
0HLL,up,trend_annual,4,-55316.36451213891,,0.1714960406198704,,2,,
0HLL,up,trend_annual_semi,6,-55386.612932034026,,0.1687160895157315,,1,,
0HLL,up,trend_quad_annual_semi,7,-55388.23438004317,,0.16839447916938188,,0,,
0HLM,east,trend,2,-36658.77057417312,,0.019572025730610478,,3,,
0HLM,east,trend_annual,4,-39289.414251038324,,0.008255332045820022,,2,,
0HLM,east,trend_annual_semi,6,-39747.28361319025,,0.007073000111832404,,1,,
0HLM,east,trend_quad_annual_semi,7,-40226.79874709109,,0.006033146404012334,,0,,
0HLM,north,trend,2,-39309.42839390818,,0.008244682152552236,,3,,
0HLM,north,trend_annual,4,-40212.924897533114,,0.006108303308122627,,2,,
0HLM,north,trend_annual_semi,6,-40507.857090127596,,0.005519116074010661,,0,,
0HLM,north,trend_quad_annual_semi,7,-40502.99675397736,,0.005513416665029568,,1,,
0HLM,up,trend,2,-29729.761689477622,,0.18755122360233464,,3,,
0HLM,up,trend_annual,4,-30959.716776339148,,0.1249177606932364,,2,,
0HLM,up,trend_annual_semi,6,-31088.334849803952,,0.11916021544596155,,0,,
0HLM,up,trend_quad_annual_semi,7,-31082.80460713335,,0.11906317452450138,,1,,
0HLO,east,trend,2,-47554.27792132743,,0.039724846484957256,,3,,
0HLO,east,trend_annual,4,-55180.43685130561,,0.0062119606205864614,,2,,
0HLO,east,trend_annual_semi,6,-55406.11605112287,,0.005857045602110872,,1,,
0HLO,east,trend_quad_annual_semi,7,-55411.76888582527,,0.005837205708568894,,0,,
0HLO,north,trend,2,-52526.82206780381,,0.011878804080267254,,3,,
0HLO,north,trend_annual,4,-54299.668368102284,,0.007692972307135605,,2,,
0HLO,north,trend_annual_semi,6,-54715.6793172893,,0.006925898074816893,,1,,
0HLO,north,trend_quad_annual_semi,7,-54801.981376031275,,0.0067686037005604115,,0,,
0HLO,up,trend,2,-40539.90622156732,,0.2180899480726151,,3,,
0HLO,up,trend_annual,4,-42542.76348473891,,0.13356893460671018,,2,,
0HLO,up,trend_annual_semi,6,-42588.14694907748,,0.13157251976239093,,1,,
0HLO,up,trend_quad_annual_semi,7,-42603.13593926084,,0.13082996044304893,,0,,
0HMS,east,trend,2,-69951.62913150032,,0.016178196223159334,,3,,
0HMS,east,trend_annual,4,-74675.3649313126,,0.006825943437606005,,2,,
0HMS,east,trend_annual_semi,6,-74722.29510629656,,0.006746700996085837,,1,,
0HMS,east,trend_quad_annual_semi,7,-74824.31536681237,,0.0066122026422018665,,0,,
0HMS,north,trend,2,-69800.89322748252,,0.01662821385124725,,3,,
0HMS,north,trend_annual,4,-72982.5695118415,,0.009289155804280589,,2,,
0HMS,north,trend_annual_semi,6,-73737.63759006807,,0.008071003311730596,,1,,
0HMS,north,trend_quad_annual_semi,7,-73841.79816161252,,0.007907023469350339,,0,,
0HMS,up,trend,2,-53528.78502603074,,0.32146769616323434,,3,,
0HMS,up,trend_annual,4,-56392.93030569609,,0.19026918168759946,,2,,
0HMS,up,trend_annual_semi,6,-56450.17539474508,,0.1877075953446463,,1,,
0HMS,up,trend_quad_annual_semi,7,-56454.534189486265,,0.18726497889930616,,0,,
0HNA,east,trend,2,-48780.38977227365,,0.015438024181446974,,3,,
0HNA,east,trend_annual,4,-51931.65819239855,,0.006882095490827522,,2,,
0HNA,east,trend_annual_semi,6,-51937.300643480216,,0.006843256706892483,,1,,
0HNA,east,trend_quad_annual_semi,7,-51947.4045039738,,0.006811257002550476,,0,,
0HNA,north,trend,2,-51156.53463204726,,0.008421843598223297,,3,,
0HNA,north,trend_annual,4,-52085.656997148646,,0.006617037700818528,,2,,
0HNA,north,trend_annual_semi,6,-52587.555577471605,,0.005797487825740789,,1,,
0HNA,north,trend_quad_annual_semi,7,-52735.881096936166,,0.005570506568336417,,0,,
0HNA,up,trend,2,-38897.8263426362,,0.19195341343316455,,3,,
0HNA,up,trend_annual,4,-40273.6472182069,,0.13457842284639973,,2,,
0HNA,up,trend_annual_semi,6,-40336.9944228275,,0.13186396392508198,,0,,
0HNA,up,trend_quad_annual_semi,7,-40328.97222934852,,0.13185549246642295,,1,,
0HOA,east,trend,2,-61244.06888791094,,0.02866818714607741,,3,,
0HOA,east,trend_annual,4,-66956.46690902325,,0.009260119913247693,,2,,
0HOA,east,trend_annual_semi,6,-67042.32616500412,,0.009074033832744343,,1,,
0HOA,east,trend_quad_annual_semi,7,-67389.75023538366,,0.008458812439229012,,0,,
0HOA,north,trend,2,-66275.01331540607,,0.010627992422231631,,3,,
0HOA,north,trend_annual,4,-66535.56616903396,,0.010061687514688309,,2,,
0HOA,north,trend_annual_semi,6,-66890.76844864919,,0.009349379247668477,,1,,
0HOA,north,trend_quad_annual_semi,7,-66948.32978329311,,0.009228291865648105,,0,,
0HOA,up,trend,2,-50272.15176955946,,0.24960365075127158,,3,,
0HOA,up,trend_annual,4,-52993.39275855691,,0.1454416559286644,,2,,
0HOA,up,trend_annual_semi,6,-53110.20190538015,,0.14165158455954235,,1,,
0HOA,up,trend_quad_annual_semi,7,-53178.15650082789,,0.13953067609930853,,0,,
0HOB,east,trend,2,-89174.85685506235,,0.03966677282941343,,3,,
0HOB,east,trend_annual,4,-99567.88871985316,,0.009627766767038675,,2,,
0HOB,east,trend_annual_semi,6,-99991.94596345972,,0.009066247136698787,,1,,
0HOB,east,trend_quad_annual_semi,7,-100352.56251887942,,0.008621888747500453,,0,,
0HOB,north,trend,2,-95132.6237815022,,0.017641676060177927,,3,,
0HOB,north,trend_annual,4,-95971.50127182127,,0.01570149726926214,,2,,
0HOB,north,trend_annual_semi,6,-96327.86260079354,,0.014922494354024936,,1,,
0HOB,north,trend_quad_annual_semi,7,-96918.68427090102,,0.013753699997046585,,0,,
0HOB,up,trend,2,-69801.23700452855,,0.552970747423277,,3,,
0HOB,up,trend_annual,4,-74191.1667319658,,0.3036445809702766,,2,,
0HOB,up,trend_annual_semi,6,-74324.46880872469,,0.2974682149958806,,0,,
0HOB,up,trend_quad_annual_semi,7,-74321.69575218899,,0.297220334817347,,1,,
0HOJ,east,trend,2,-54696.76945744388,,0.026801836190326236,,3,,
0HOJ,east,trend_annual,4,-61126.536116969095,,0.0064867540571966606,,2,,
0HOJ,east,trend_annual_semi,6,-61258.55936448518,,0.0062776843262915966,,1,,
0HOJ,east,trend_quad_annual_semi,7,-61341.159543007874,,0.006153185908083019,,0,,
0HOJ,north,trend,2,-59624.751394582156,,0.00906088984919478,,3,,
0HOJ,north,trend_annual,4,-59798.56033891464,,0.008688588090926177,,2,,
0HOJ,north,trend_annual_semi,6,-60031.465905179466,,0.008223929619265793,,1,,
0HOJ,north,trend_quad_annual_semi,7,-60860.64787575127,,0.006839512021244053,,0,,
0HOJ,up,trend,2,-45112.269845486524,,0.22090555983583182,,3,,
0HOJ,up,trend_annual,4,-46411.05473313538,,0.1653731550612697,,2,,
0HOJ,up,trend_annual_semi,6,-46449.000010172305,,0.16339117285833418,,1,,
0HOJ,up,trend_quad_annual_semi,7,-46454.31994758487,,0.16289780834030831,,0,,
0HOL,east,trend,2,-13004.134628615706,,0.00788112678872027,,3,,
0HOL,east,trend_annual,4,-13926.74783571097,,0.003360956637244428,,1,,
0HOL,east,trend_annual_semi,6,-13918.608342509262,,0.003343068648345787,,2,,
0HOL,east,trend_quad_annual_semi,7,-14207.520227015937,,0.0025539255288171327,,0,,
0HOL,north,trend,2,-13229.425859116416,,0.006420360810115793,,3,,
0HOL,north,trend_annual,4,-13439.988809890641,,0.005233794278163317,,2,,
0HOL,north,trend_annual_semi,6,-13596.875126299463,,0.0044800760483067375,,0,,
0HOL,north,trend_quad_annual_semi,7,-13592.640286864787,,0.004468809267104892,,1,,
0HOL,up,trend,2,-10551.895788665333,,0.07339144760636326,,3,,
0HOL,up,trend_annual,4,-11100.628095905116,,0.0439812396657664,,2,,
0HOL,up,trend_annual_semi,6,-11188.251207409397,,0.04009655975533416,,0,,
0HOL,up,trend_quad_annual_semi,7,-11184.912784569558,,0.03996311253020008,,1,,
0HOO,east,trend,2,-67789.84211841934,,0.034671074788423545,,3,,
0HOO,east,trend_annual,4,-74210.51871894156,,0.011094446003822811,,2,,
0HOO,east,trend_annual_semi,6,-74268.866788648,,0.010946933075203339,,1,,
0HOO,east,trend_quad_annual_semi,7,-75254.45512135912,,0.009180574831157024,,0,,
0HOO,north,trend,2,-72331.65332503869,,0.015518694115861875,,3,,
0HOO,north,trend_annual,4,-75191.25538078502,,0.009326528935671626,,2,,
0HOO,north,trend_annual_semi,6,-75838.67969872746,,0.008291379326128308,,1,,
0HOO,north,trend_quad_annual_semi,7,-75935.33182062955,,0.008138294768192389,,0,,
0HOO,up,trend,2,-55303.74946731255,,0.3160288992090698,,3,,
0HOO,up,trend_annual,4,-58123.90725705363,,0.19125975777314602,,2,,
0HOO,up,trend_annual_semi,6,-58203.18172402412,,0.18801907393968995,,1,,
0HOO,up,trend_quad_annual_semi,7,-58219.88314156862,,0.18717767743149058,,0,,
0HOR,east,trend,2,-57347.30987293659,,0.030150579194284103,,3,,
0HOR,east,trend_annual,4,-62073.93087837978,,0.01119981580748553,,2,,
0HOR,east,trend_annual_semi,6,-62162.66906267733,,0.010955408831869733,,1,,
0HOR,east,trend_quad_annual_semi,7,-62456.56701584177,,0.010285216399571957,,0,,
0HOR,north,trend,2,-61371.54546026111,,0.013014595298382574,,3,,
0HOR,north,trend_annual,4,-61905.781509303226,,0.011599959245908675,,2,,
0HOR,north,trend_annual_semi,6,-62062.36733530605,,0.01118723179158409,,1,,
0HOR,north,trend_quad_annual_semi,7,-63266.7780051641,,0.008684685775199803,,0,,
0HOR,up,trend,2,-46757.329991228115,,0.2750783271874388,,3,,
0HOR,up,trend_annual,4,-49372.45825390581,,0.1587866954341391,,2,,
0HOR,up,trend_annual_semi,6,-49472.14682041935,,0.15496691309512245,,1,,
0HOR,up,trend_quad_annual_semi,7,-49542.72741690983,,0.15243030565110535,,0,,
0HOS,east,trend,2,-87766.70070021771,,0.03710586599173582,,3,,
0HOS,east,trend_annual,4,-96977.84630350715,,0.010314823232439917,,2,,
0HOS,east,trend_annual_semi,6,-97268.61168907092,,0.009882681699285275,,1,,
0HOS,east,trend_quad_annual_semi,7,-97501.73638563266,,0.009556424710088116,,0,,
0HOS,north,trend,2,-95013.7408677673,,0.013578644611392163,,3,,
0HOS,north,trend_annual,4,-95300.62612971854,,0.013016768817229782,,2,,
0HOS,north,trend_annual_semi,6,-95647.88653023771,,0.012374075441590634,,1,,
0HOS,north,trend_quad_annual_semi,7,-95784.17399547818,,0.01212738585646594,,0,,
0HOS,up,trend,2,-70192.18095297496,,0.42480628618388133,,3,,
0HOS,up,trend_annual,4,-73560.61402330351,,0.2655796950950286,,2,,
0HOS,up,trend_annual_semi,6,-73796.8613155796,,0.25638477984597496,,0,,
0HOS,up,trend_quad_annual_semi,7,-73788.09662477834,,0.25638056922650393,,1,,
0HOT,east,trend,2,-77577.32336221784,,0.07598431012631583,,3,,
0HOT,east,trend_annual,4,-79781.93582412272,,0.054814982982718634,,2,,
0HOT,east,trend_annual_semi,6,-79797.73969074736,,0.05454616328059042,,1,,
0HOT,east,trend_quad_annual_semi,7,-83399.7865548969,,0.032086228164673866,,0,,
0HOT,north,trend,2,-85415.72343641213,,0.024014743040587726,,3,,
0HOT,north,trend_annual,4,-85417.1872648482,,0.02394738236151695,,2,,
0HOT,north,trend_annual_semi,6,-85838.88016002566,,0.022450146126926522,,1,,
0HOT,north,trend_quad_annual_semi,7,-86643.33912806843,,0.019921197303305205,,0,,
0HOT,up,trend,2,-65870.03756604795,,0.42450405286303106,,3,,
0HOT,up,trend_annual,4,-68105.9689024163,,0.30483050954382335,,2,,
0HOT,up,trend_annual_semi,6,-68228.44423161141,,0.29861773260069996,,1,,
0HOT,up,trend_quad_annual_semi,7,-68398.01491396334,,0.2908910578169995,,0,,
0HRN,east,trend,2,-47296.00824962606,,0.029941992230044057,,3,,
0HRN,east,trend_annual,4,-50411.35762711893,,0.013706078141081636,,2,,
0HRN,east,trend_annual_semi,6,-50430.10930809445,,0.01358574507685607,,1,,
0HRN,east,trend_quad_annual_semi,7,-50665.702062357705,,0.012783695724315043,,0,,
0HRN,north,trend,2,-50048.133619528126,,0.015068461107065587,,2,,
0HRN,north,trend_annual,4,-50036.95299576773,,0.015048129888272258,,3,,
0HRN,north,trend_annual_semi,6,-50090.33774141758,,0.014787680447099761,,0,,
0HRN,north,trend_quad_annual_semi,7,-50085.09771689496,,0.014776409421926531,,1,,
0HRN,up,trend,2,-39177.61452591715,,0.22696804888908867,,3,,
0HRN,up,trend_annual,4,-41215.338488271555,,0.13594567361056484,,2,,
0HRN,up,trend_annual_semi,6,-41300.82537195981,,0.1325270187928538,,0,,
0HRN,up,trend_quad_annual_semi,7,-41293.71103149632,,0.132487950667884,,1,,
0HRO,east,trend,2,-102236.30378929341,,0.02937873596194855,,3,,
0HRO,east,trend_annual,4,-105049.65719166963,,0.020763670347746937,,2,,
0HRO,east,trend_annual_semi,6,-105058.30963869528,,0.020695911192383436,,1,,
0HRO,east,trend_quad_annual_semi,7,-107636.12193549884,,0.015072114235161676,,0,,
0HRO,north,trend,2,-93581.54975051642,,0.08487357453999732,,3,,
0HRO,north,trend_annual,4,-94893.13665741839,,0.07210919859066321,,2,,
0HRO,north,trend_annual_semi,6,-94903.79410876251,,0.07185621854253958,,1,,
0HRO,north,trend_quad_annual_semi,7,-99961.5806559333,,0.038612821321726984,,0,,
0HRO,up,trend,2,-79178.12745483928,,0.49607186585340873,,3,,
0HRO,up,trend_annual,4,-82665.35614111966,,0.32280599286575784,,2,,
0HRO,up,trend_annual_semi,6,-82868.06090931877,,0.3141894229461125,,1,,
0HRO,up,trend_quad_annual_semi,7,-83515.01042694911,,0.2899155159716349,,0,,
0HSA,east,trend,2,-79434.17767770028,,0.06580985662448674,,3,,
0HSA,east,trend_annual,4,-84140.24707257215,,0.03310485899744203,,2,,
0HSA,east,trend_annual_semi,6,-84444.6205779362,,0.03158989178599192,,1,,
0HSA,east,trend_quad_annual_semi,7,-84466.37233235427,,0.03144965812542182,,0,,
0HSA,north,trend,2,-85961.77779248517,,0.02546488683114166,,3,,
0HSA,north,trend_annual,4,-87152.62092438687,,0.021359927069998494,,2,,
0HSA,north,trend_annual_semi,6,-87560.32937607387,,0.020078371325142005,,1,,
0HSA,north,trend_quad_annual_semi,7,-87623.79228407206,,0.019868330438188496,,0,,
0HSA,up,trend,2,-65433.57949869091,,0.5043246805287304,,3,,
0HSA,up,trend_annual,4,-69098.95069592404,,0.2951562852687212,,2,,
0HSA,up,trend_annual_semi,6,-69122.74243034537,,0.29338155891934564,,1,,
0HSA,up,trend_quad_annual_semi,7,-69312.97196803996,,0.2850085200555632,,0,,
0HST,east,trend,2,-57608.97424816101,,0.03998348066277272,,3,,
0HST,east,trend_annual,4,-61198.46380166768,,0.019201581180119352,,2,,
0HST,east,trend_annual_semi,6,-61241.729409692285,,0.01896766833893178,,1,,
0HST,east,trend_quad_annual_semi,7,-61276.70405067787,,0.018800699387105078,,0,,
0HST,north,trend,2,-57687.58445506333,,0.03934933018033451,,3,,
0HST,north,trend_annual,4,-57711.9969502323,,0.039019302462939824,,2,,
0HST,north,trend_annual_semi,6,-57785.190009827915,,0.03831008458126228,,1,,
0HST,north,trend_quad_annual_semi,7,-60112.140239645654,,0.02382507147371487,,0,,
0HST,up,trend,2,-49169.39194137274,,0.2224884596724551,,3,,
0HST,up,trend_annual,4,-51070.54110578555,,0.15062140901635732,,2,,
0HST,up,trend_annual_semi,6,-51164.69555019864,,0.14725460977363025,,1,,
0HST,up,trend_quad_annual_semi,7,-51387.87586148906,,0.1404771455909749,,0,,
0HSU,east,trend,2,-49416.45984060064,,0.025276654261894658,,3,,
0HSU,east,trend_annual,4,-54311.39881624579,,0.007671094755528255,,2,,
0HSU,east,trend_annual_semi,6,-54420.98664179708,,0.007439565474699979,,1,,
0HSU,east,trend_quad_annual_semi,7,-54469.16530290617,,0.00733821063021005,,0,,
0HSU,north,trend,2,-54792.465419162334,,0.006853152058000619,,3,,
0HSU,north,trend_annual,4,-54989.82638726985,,0.006506179865538419,,2,,
0HSU,north,trend_annual_semi,6,-55158.60968459309,,0.006219778271812911,,1,,
0HSU,north,trend_quad_annual_semi,7,-55234.67877057409,,0.006093640465839283,,0,,
0HSU,up,trend,2,-39968.94178972408,,0.2505165104799896,,3,,
0HSU,up,trend_annual,4,-42105.48678395129,,0.14852875820236341,,2,,
0HSU,up,trend_annual_semi,6,-42251.46895391861,,0.14277871439727763,,1,,
0HSU,up,trend_quad_annual_semi,7,-42277.7611735808,,0.1415838468833059,,0,,
0HUD,east,trend,2,-77038.4002662766,,0.09030596045786284,,3,,
0HUD,east,trend_annual,4,-84624.96021535188,,0.029791726983845128,,2,,
0HUD,east,trend_annual_semi,6,-85252.4993887216,,0.027116335931639965,,1,,
0HUD,east,trend_quad_annual_semi,7,-86586.51697971516,,0.022293605460810474,,0,,
0HUD,north,trend,2,-75759.08859056253,,0.10882854242150623,,3,,
0HUD,north,trend_annual,4,-81574.89761290498,,0.04648086860308837,,2,,
0HUD,north,trend_annual_semi,6,-82244.92972117878,,0.04204537514886132,,1,,
0HUD,north,trend_quad_annual_semi,7,-84821.9953324756,,0.028836193628448036,,0,,
0HUD,up,trend,2,-66293.70843816451,,0.43275438877787814,,3,,
0HUD,up,trend_annual,4,-70000.11707354615,,0.2514049022748881,,2,,
0HUD,up,trend_annual_semi,6,-70109.16954050044,,0.24680156348770615,,1,,
0HUD,up,trend_quad_annual_semi,7,-70182.01816815889,,0.24387906596987308,,0,,
0HUS,east,trend,2,-15070.329052253002,,0.009090400036871074,,3,,
0HUS,east,trend_annual,4,-16058.28550143023,,0.004136714116602268,,2,,
0HUS,east,trend_annual_semi,6,-16119.674941929941,,0.003897929877677255,,1,,
0HUS,east,trend_quad_annual_semi,7,-17047.085459752434,,0.001870687592546286,,0,,
0HUS,north,trend,2,-15725.0217293822,,0.005435370740436233,,2,,
0HUS,north,trend_annual,4,-15723.347889482227,,0.005381734215446506,,3,,
0HUS,north,trend_annual_semi,6,-15749.424915962041,,0.005213722133186936,,1,,
0HUS,north,trend_quad_annual_semi,7,-16014.406254937105,,0.004210254223104981,,0,,
0HUS,up,trend,2,-12316.299121779737,,0.07909391832889559,,3,,
0HUS,up,trend_annual,4,-12973.643496195162,,0.04666665244346459,,2,,
0HUS,up,trend_annual_semi,6,-12982.048216555286,,0.04584176578460622,,0,,
0HUS,up,trend_quad_annual_semi,7,-12977.622638676334,,0.045743793241479626,,1,,
0HVI,east,trend,2,-22974.9741440069,,0.04749165939657237,,3,,
0HVI,east,trend_annual,4,-27205.020295563107,,0.006562372942407548,,2,,
0HVI,east,trend_annual_semi,6,-27344.891895528646,,0.006104289446248726,,1,,
0HVI,east,trend_quad_annual_semi,7,-27361.26385667879,,0.0060362497772329955,,0,,
0HVI,north,trend,2,-25630.80933994123,,0.013768763299335152,,3,,
0HVI,north,trend_annual,4,-26402.88888757597,,0.009538214445789037,,2,,
0HVI,north,trend_annual_semi,6,-26651.4656481763,,0.008433967920794226,,1,,
0HVI,north,trend_quad_annual_semi,7,-26827.198624261477,,0.007742807760967757,,0,,
0HVI,up,trend,2,-20243.23585351458,,0.1697101137928807,,3,,
0HVI,up,trend_annual,4,-21401.00883139125,,0.09821756971289321,,2,,
0HVI,up,trend_annual_semi,6,-21450.560756353105,,0.095290644508633,,1,,
0HVI,up,trend_quad_annual_semi,7,-21658.652143578573,,0.08617181572931365,,0,,
0HYB,east,trend,2,-83597.00364718605,,0.10989876823540799,,3,,
0HYB,east,trend_annual,4,-88520.02557539615,,0.05692540706007692,,2,,
0HYB,east,trend_annual_semi,6,-88896.75706364126,,0.05401210459016518,,1,,
0HYB,east,trend_quad_annual_semi,7,-89191.51071908078,,0.05187189435219122,,0,,
0HYB,north,trend,2,-91685.79327326835,,0.03743603940841558,,3,,
0HYB,north,trend_annual,4,-92756.17592683523,,0.032386734352854496,,2,,
0HYB,north,trend_annual_semi,6,-92906.14331508632,,0.03167115268019177,,1,,
0HYB,north,trend_quad_annual_semi,7,-92969.86214700021,,0.031366320256654305,,0,,
0HYB,up,trend,2,-71604.74871521501,,0.5424984672169093,,3,,
0HYB,up,trend_annual,4,-75124.34179301471,,0.3387346880323919,,2,,
0HYB,up,trend_annual_semi,6,-75148.65997532707,,0.3368383739944171,,1,,
0HYB,up,trend_quad_annual_semi,7,-75528.36020235902,,0.3198533210989429,,0,,
0IDR,east,trend,2,-23688.047697275866,,0.010465258529138289,,3,,
0IDR,east,trend_annual,4,-25681.603426731497,,0.0037416838141760876,,2,,
0IDR,east,trend_annual_semi,6,-25780.409134165122,,0.003529599817110369,,0,,
0IDR,east,trend_quad_annual_semi,7,-25772.8423520555,,0.003529581130303088,,1,,
0IDR,north,trend,2,-20722.078306311094,,0.04778608952590584,,3,,
0IDR,north,trend_annual,4,-23236.495457512377,,0.013085583584217228,,2,,
0IDR,north,trend_annual_semi,6,-23677.575320876436,,0.010359503601119502,,1,,
0IDR,north,trend_quad_annual_semi,7,-23727.357824843697,,0.010059669513519545,,0,,
0IDR,up,trend,2,-18877.885395742105,,0.122857087257219,,3,,
0IDR,up,trend_annual,4,-19785.380370905983,,0.07659985257902066,,2,,
0IDR,up,trend_annual_semi,6,-19807.63181142116,,0.0751467009724551,,1,,
0IDR,up,trend_quad_annual_semi,7,-19816.27168248619,,0.07452529397110817,,0,,
0JAK,east,trend,2,-72135.13581256762,,0.05094851994534228,,3,,
0JAK,east,trend_annual,4,-78660.60813463976,,0.017628447072499668,,2,,
0JAK,east,trend_annual_semi,6,-78765.82880553762,,0.017281135205321242,,1,,
0JAK,east,trend_quad_annual_semi,7,-79174.38282582334,,0.016150161150165453,,0,,
0JAK,north,trend,2,-74373.32742848563,,0.03543739424465096,,3,,
0JAK,north,trend_annual,4,-74795.64821079519,,0.03299755948835026,,2,,
0JAK,north,trend_annual_semi,6,-75481.07933083286,,0.0294419796337005,,1,,
0JAK,north,trend_quad_annual_semi,7,-75570.77743179206,,0.028975668203685384,,0,,
0JAK,up,trend,2,-59029.27585520515,,0.42694912101182014,,3,,
0JAK,up,trend_annual,4,-61724.53420387169,,0.2749658047695453,,2,,
0JAK,up,trend_annual_semi,6,-61739.98622798564,,0.2735021012702247,,1,,
0JAK,up,trend_quad_annual_semi,7,-61812.69818981115,,0.2699129431392079,,0,,
0JAM,east,trend,2,-51940.52370300811,,0.012944685582354926,,3,,
0JAM,east,trend_annual,4,-55238.32086012854,,0.005770048822225152,,1,,
0JAM,east,trend_annual_semi,6,-55234.526373006884,,0.005752010195798046,,2,,
0JAM,east,trend_quad_annual_semi,7,-55775.798968199495,,0.005030744389691689,,0,,
0JAM,north,trend,2,-54296.07033295966,,0.007289550429577395,,3,,
0JAM,north,trend_annual,4,-54528.93099889258,,0.0068593871393895535,,2,,
0JAM,north,trend_annual_semi,6,-54700.879161364144,,0.006551170846087585,,1,,
0JAM,north,trend_quad_annual_semi,7,-55076.686033942846,,0.005965543554161557,,0,,
0JAM,up,trend,2,-40063.19630542467,,0.2342015356467516,,3,,
0JAM,up,trend_annual,4,-42092.72001240034,,0.14221804273494376,,2,,
0JAM,up,trend_annual_semi,6,-42149.8246959591,,0.13968418165359825,,1,,
0JAM,up,trend_quad_annual_semi,7,-42201.94642511708,,0.137641092634919,,0,,
0JAR,east,trend,2,-83042.63164587012,,0.038861366373424064,,3,,
0JAR,east,trend_annual,4,-85053.84150433163,,0.028929091929888164,,2,,
0JAR,east,trend_annual_semi,6,-85193.59334932896,,0.028274109580392615,,1,,
0JAR,east,trend_quad_annual_semi,7,-85866.4328369653,,0.02560478838023726,,0,,
0JAR,north,trend,2,-79752.24372509606,,0.06271948149947426,,3,,
0JAR,north,trend_annual,4,-85168.75792900103,,0.028449488514460552,,2,,
0JAR,north,trend_annual_semi,6,-86133.02488181637,,0.024662455453071386,,1,,
0JAR,north,trend_quad_annual_semi,7,-86474.9254679293,,0.02343565276540381,,0,,
0JAR,up,trend,2,-65116.08099243822,,0.5273572482432395,,3,,
0JAR,up,trend_annual,4,-69059.94534740986,,0.29635885203854767,,2,,
0JAR,up,trend_annual_semi,6,-69136.84431949061,,0.2923095735808903,,1,,
0JAR,up,trend_quad_annual_semi,7,-69261.62875401524,,0.2866823962470538,,0,,
0JAT,east,trend,2,-55144.891951070225,,0.02981215981657142,,3,,
0JAT,east,trend_annual,4,-58086.18281582067,,0.01570636369087028,,1,,
0JAT,east,trend_annual_semi,6,-58084.84742255309,,0.015653579119953177,,2,,
0JAT,east,trend_quad_annual_semi,7,-58150.03921035968,,0.015405872222096575,,0,,
0JAT,north,trend,2,-59987.89465247298,,0.010440985725647483,,3,,
0JAT,north,trend_annual,4,-60862.48493807508,,0.008607328813424563,,2,,
0JAT,north,trend_annual_semi,6,-61195.32307465976,,0.00797931879286728,,1,,
0JAT,north,trend_quad_annual_semi,7,-61382.312009226516,,0.007648551940478537,,0,,
0JAT,up,trend,2,-45425.959086659204,,0.24479090896479516,,3,,
0JAT,up,trend_annual,4,-47477.68828569245,,0.15637651895643825,,2,,
0JAT,up,trend_annual_semi,6,-47566.081336075134,,0.152850716977121,,0,,
0JAT,up,trend_quad_annual_semi,7,-47565.64903374251,,0.15258587581004326,,1,,
0JAV,east,trend,2,-86308.83382715557,,0.05340048486471505,,3,,
0JAV,east,trend_annual,4,-93127.92549356868,,0.020931611346450107,,2,,
0JAV,east,trend_annual_semi,6,-93419.49077780292,,0.02006311214260121,,1,,
0JAV,east,trend_quad_annual_semi,7,-94410.69923903239,,0.017494426628170315,,0,,
0JAV,north,trend,2,-90602.78553071465,,0.029654303660332174,,3,,
0JAV,north,trend_annual,4,-91086.479588894,,0.02768555078625253,,2,,
0JAV,north,trend_annual_semi,6,-91387.68231565323,,0.026501804858142616,,1,,
0JAV,north,trend_quad_annual_semi,7,-92979.92617634765,,0.021282362153585928,,0,,
0JAV,up,trend,2,-69939.06392518376,,0.5028309644932532,,3,,
0JAV,up,trend_annual,4,-73814.05835988243,,0.29500601462615067,,2,,
0JAV,up,trend_annual_semi,6,-73978.41917168953,,0.28773600377514785,,1,,
0JAV,up,trend_quad_annual_semi,7,-74011.9500267226,,0.2860685761939571,,0,,
0JFA,east,trend,2,-39675.09421062131,,0.03233794857975856,,3,,
0JFA,east,trend_annual,4,-45618.70346487815,,0.0056897379533406706,,2,,
0JFA,east,trend_annual_semi,6,-45813.133406106266,,0.0053507275346585175,,0,,
0JFA,east,trend_quad_annual_semi,7,-45806.399427769364,,0.005348534128024,,1,,
0JFA,north,trend,2,-44625.156221799356,,0.007637533052300548,,3,,
0JFA,north,trend_annual,4,-44956.32835622427,,0.006901760125730983,,2,,
0JFA,north,trend_annual_semi,6,-44984.24676808433,,0.0068133944815125,,1,,
0JFA,north,trend_quad_annual_semi,7,-45214.68484436958,,0.006355585731187725,,0,,
0JFA,up,trend,2,-33252.30296028957,,0.21035052617384573,,3,,
0JFA,up,trend_annual,4,-35222.22494898763,,0.11788475471581483,,2,,
0JFA,up,trend_annual_semi,6,-35332.85007940904,,0.11360286522164652,,0,,
0JFA,up,trend_quad_annual_semi,7,-35328.49589234293,,0.11347753643340927,,1,,
0JNA,east,trend,2,-45011.1519524972,,0.030725133583050297,,3,,
0JNA,east,trend_annual,4,-49734.31880719613,,0.008933662481375625,,2,,
0JNA,east,trend_annual_semi,6,-49795.25751788401,,0.008755158503603387,,1,,
0JNA,east,trend_quad_annual_semi,7,-50078.86069543899,,0.008113907597321635,,0,,
0JNA,north,trend,2,-50035.52721793297,,0.008294784414092662,,3,,
0JNA,north,trend_annual,4,-50793.325869281616,,0.006778987333937529,,2,,
0JNA,north,trend_annual_semi,6,-50947.465669160076,,0.0064841080201964146,,1,,
0JNA,north,trend_quad_annual_semi,7,-50951.45477483166,,0.006463454108605575,,0,,
0JNA,up,trend,2,-38010.582799030795,,0.19048458447049174,,3,,
0JNA,up,trend_annual,4,-39589.11518322583,,0.12569674424517266,,2,,
0JNA,up,trend_annual_semi,6,-39645.7571628108,,0.12332321293763022,,1,,
0JNA,up,trend_quad_annual_semi,7,-39728.34156402574,,0.12043795596847022,,0,,
0JOK,east,trend,2,-78216.84321616303,,0.08334466232360842,,3,,
0JOK,east,trend_annual,4,-80663.39776625122,,0.05833851969030744,,1,,
0JOK,east,trend_annual_semi,6,-80660.34907232322,,0.058215080759475256,,2,,
0JOK,east,trend_quad_annual_semi,7,-85912.6730600869,,0.027181588833277426,,0,,
0JOK,north,trend,2,-82913.20403575232,,0.04223041895420297,,3,,
0JOK,north,trend_annual,4,-83532.02209585963,,0.0385132137258985,,2,,
0JOK,north,trend_annual_semi,6,-83701.8545858841,,0.037481857593618606,,1,,
0JOK,north,trend_quad_annual_semi,7,-83885.2146395976,,0.036453378160730326,,0,,
0JOK,up,trend,2,-63700.115711126644,,0.681585478640891,,3,,
0JOK,up,trend_annual,4,-66736.4989555678,,0.43804264503159984,,2,,
0JOK,up,trend_annual_semi,6,-66749.25970477378,,0.43611656082670425,,1,,
0JOK,up,trend_quad_annual_semi,7,-68078.678858454,,0.3593092699428577,,0,,
0JON,east,trend,2,-138384.7822445368,,0.09272515921656718,,3,,
0JON,east,trend_annual,4,-150295.9674637865,,0.03367157815343017,,2,,
0JON,east,trend_annual_semi,6,-150695.43238377586,,0.032496848987591545,,0,,
0JON,east,trend_quad_annual_semi,7,-150687.7275746145,,0.032492243700034305,,1,,
0JON,north,trend,2,-147169.07076428208,,0.043980869979418,,3,,
0JON,north,trend_annual,4,-147525.8224011513,,0.04260069775341976,,2,,
0JON,north,trend_annual_semi,6,-147959.8730301462,,0.04099388638650542,,1,,
0JON,north,trend_quad_annual_semi,7,-149593.40349326763,,0.03565615741711456,,0,,
0JON,up,trend,2,-113000.04376842799,,0.8003828417112455,,3,,
0JON,up,trend_annual,4,-116986.43579943456,,0.5696423252073265,,2,,
0JON,up,trend_annual_semi,6,-117130.70328124668,,0.5618117499939225,,1,,
0JON,up,trend_quad_annual_semi,7,-121197.24806867444,,0.39745249047897824,,0,,
0JOR,east,trend,2,-42692.99287240693,,0.04343056104689616,,3,,
0JOR,east,trend_annual,4,-44453.31156092101,,0.027064902428284247,,2,,
0JOR,east,trend_annual_semi,6,-45260.59709301895,,0.02173623852162497,,1,,
0JOR,east,trend_quad_annual_semi,7,-45262.804468441704,,0.02167592862915068,,0,,
0JOR,north,trend,2,-43658.31917601401,,0.033589806398383736,,3,,
0JOR,north,trend_annual,4,-45860.15537315759,,0.018611476675991098,,2,,
0JOR,north,trend_annual_semi,6,-46350.93961603164,,0.01626091826744569,,1,,
0JOR,north,trend_quad_annual_semi,7,-46769.54201234853,,0.014514589409297457,,0,,
0JOR,up,trend,2,-35353.42221448014,,0.3063522362912486,,3,,
0JOR,up,trend_annual,4,-37601.1961004883,,0.16768112139471167,,2,,
0JOR,up,trend_annual_semi,6,-37709.572860999215,,0.16220088188288806,,1,,
0JOR,up,trend_quad_annual_semi,7,-37714.38773789693,,0.16163861308877275,,0,,
0JTP,east,trend,2,-82887.6439918205,,0.05488780518197245,,3,,
0JTP,east,trend_annual,4,-90828.433921299,,0.017745004877439415,,2,,
0JTP,east,trend_annual_semi,6,-90954.51848159455,,0.017386609154051217,,1,,
0JTP,east,trend_quad_annual_semi,7,-92272.56243934423,,0.014402956729172647,,0,,
0JTP,north,trend,2,-87636.09919845087,,0.02798196851326854,,3,,
0JTP,north,trend_annual,4,-91238.586434887,,0.016741821836550597,,2,,
0JTP,north,trend_annual_semi,6,-92068.13634424547,,0.014845481108945797,,1,,
0JTP,north,trend_quad_annual_semi,7,-92126.54791887566,,0.014704457375225355,,0,,
0JTP,up,trend,2,-68924.24433072287,,0.3980100674334758,,3,,
0JTP,up,trend_annual,4,-73210.53020514951,,0.2161141264528159,,2,,
0JTP,up,trend_annual_semi,6,-73433.24832089667,,0.20886583637171485,,0,,
0JTP,up,trend_quad_annual_semi,7,-73428.08444574263,,0.20875631650483564,,1,,
0JUN,east,trend,2,-83950.90752634559,,0.03244796904401342,,3,,
0JUN,east,trend_annual,4,-86662.22532848551,,0.02178427161039933,,2,,
0JUN,east,trend_annual_semi,6,-86707.59983668769,,0.021584688973857093,,1,,
0JUN,east,trend_quad_annual_semi,7,-87212.53266701265,,0.020024792371781223,,0,,
0JUN,north,trend,2,-74489.24994345603,,0.12916664707751355,,3,,
0JUN,north,trend_annual,4,-85903.99970817358,,0.02433447956253456,,2,,
0JUN,north,trend_annual_semi,6,-86544.24799295444,,0.02210568213914732,,1,,
0JUN,north,trend_quad_annual_semi,7,-87455.04036327139,,0.019328165260663444,,0,,
0JUN,up,trend,2,-64697.32885812182,,0.539579240994317,,3,,
0JUN,up,trend_annual,4,-69380.82358490968,,0.27161590257714446,,2,,
0JUN,up,trend_annual_semi,6,-69432.50889281713,,0.268879553330146,,1,,
0JUN,up,trend_quad_annual_semi,7,-69494.91137060615,,0.26609751271119175,,0,,
0JUO,east,trend,2,-72250.11978518545,,0.04888283785301291,,3,,
0JUO,east,trend_annual,4,-80350.9542245052,,0.013068936768701665,,2,,
0JUO,east,trend_annual_semi,6,-80440.15061907753,,0.012844408953372743,,1,,
0JUO,east,trend_quad_annual_semi,7,-80515.55464393337,,0.01267001292077891,,0,,
0JUO,north,trend,2,-76236.60713521882,,0.025575589746077616,,3,,
0JUO,north,trend_annual,4,-78389.79291178714,,0.017973867934705533,,2,,
0JUO,north,trend_annual_semi,6,-78793.68431943528,,0.016784447285936543,,1,,
0JUO,north,trend_quad_annual_semi,7,-78913.25684284909,,0.01643815073556409,,0,,
0JUO,up,trend,2,-58387.75963817442,,0.46498427145460886,,3,,
0JUO,up,trend_annual,4,-61889.56544063449,,0.26247054210948506,,2,,
0JUO,up,trend_annual_semi,6,-61968.29207145424,,0.2584004697156854,,1,,
0JUO,up,trend_quad_annual_semi,7,-61990.56920033832,,0.2571019998771063,,0,,
0KAB,east,trend,2,-80132.15090120623,,0.06236116679689387,,3,,
0KAB,east,trend_annual,4,-87405.15895642657,,0.021681829865037316,,2,,
0KAB,east,trend_annual_semi,6,-87568.98419904208,,0.02111900715783358,,1,,
0KAB,east,trend_quad_annual_semi,7,-88354.10226110982,,0.018823833758704292,,0,,
0KAB,north,trend,2,-87192.18236129823,,0.022418758844087797,,3,,
0KAB,north,trend_annual,4,-87712.2994760347,,0.02073800293858527,,2,,
0KAB,north,trend_annual_semi,6,-88317.33597102338,,0.01894864425521736,,1,,
0KAB,north,trend_quad_annual_semi,7,-88528.50377593475,,0.01835408014070434,,0,,
0KAB,up,trend,2,-64493.16827723752,,0.6013237903331454,,3,,
0KAB,up,trend_annual,4,-68629.19298558857,,0.32938746132900254,,2,,
0KAB,up,trend_annual_semi,6,-68680.27086459906,,0.3261219703078472,,0,,
0KAB,up,trend_quad_annual_semi,7,-68678.45732422936,,0.32579011575788086,,1,,
0KAL,east,trend,2,-101094.50504793624,,0.06470370743693385,,3,,
0KAL,east,trend_annual,4,-112345.99038869714,,0.017379182090902764,,2,,
0KAL,east,trend_annual_semi,6,-112479.41295189933,,0.01707468879524398,,1,,
0KAL,east,trend_quad_annual_semi,7,-112858.06883552691,,0.016319690324527368,,0,,
0KAL,north,trend,2,-107669.39879008534,,0.030050766529866903,,3,,
0KAL,north,trend_annual,4,-107810.71514383162,,0.0294970871232118,,2,,
0KAL,north,trend_annual_semi,6,-108165.0186224368,,0.028243149184916768,,1,,
0KAL,north,trend_quad_annual_semi,7,-111480.9748973004,,0.019163432092316367,,0,,
0KAL,up,trend,2,-83250.66823313416,,0.5186440831662965,,3,,
0KAL,up,trend_annual,4,-86746.33973648402,,0.3442442794613363,,2,,
0KAL,up,trend_annual_semi,6,-86961.7394975231,,0.334994256837262,,1,,
0KAL,up,trend_quad_annual_semi,7,-87557.77758009845,,0.3121650251322641,,0,,
0KAR,east,trend,2,-127634.00431488431,,0.08460460553112897,,3,,
0KAR,east,trend_annual,4,-136754.75051423543,,0.03644801235965879,,2,,
0KAR,east,trend_annual_semi,6,-136827.4015967646,,0.03614289731280283,,1,,
0KAR,east,trend_quad_annual_semi,7,-137991.5953837554,,0.03243879092154032,,0,,
0KAR,north,trend,2,-137289.9771550117,,0.034753604445863145,,3,,
0KAR,north,trend_annual,4,-137385.42784247347,,0.03439035169982624,,2,,
0KAR,north,trend_annual_semi,6,-137771.06915781272,,0.033133025154773024,,1,,
0KAR,north,trend_quad_annual_semi,7,-137897.90179944938,,0.03272004620042602,,0,,
0KAR,up,trend,2,-104520.61606275769,,0.7117068161263351,,3,,
0KAR,up,trend_annual,4,-108499.39636686172,,0.4924274703073384,,2,,
0KAR,up,trend_annual_semi,6,-108659.96556230383,,0.4843655518476611,,1,,
0KAR,up,trend_quad_annual_semi,7,-109647.21519086743,,0.44187105543004357,,0,,
0KAS,east,trend,2,-77791.97766358707,,0.06071116498508571,,3,,
0KAS,east,trend_annual,4,-80490.0313499662,,0.04048225261600249,,2,,
0KAS,east,trend_annual_semi,6,-80536.82593272696,,0.040094973822115326,,1,,
0KAS,east,trend_quad_annual_semi,7,-82700.82932600008,,0.028991389524275765,,0,,
0KAS,north,trend,2,-68946.20893893133,,0.22728269205460788,,3,,
0KAS,north,trend_annual,4,-68980.24393942504,,0.2255374064629693,,2,,
0KAS,north,trend_annual_semi,6,-69027.5920305967,,0.22336132260035862,,1,,
0KAS,north,trend_quad_annual_semi,7,-77056.90411624522,,0.0673060454360116,,0,,
0KAS,up,trend,2,-62767.98719019662,,0.5714515035731824,,3,,
0KAS,up,trend_annual,4,-67120.8337674831,,0.29766494802150395,,2,,
0KAS,up,trend_annual_semi,6,-67210.50379874265,,0.29293697019259585,,0,,
0KAS,up,trend_quad_annual_semi,7,-67206.04741942773,,0.2927467111598643,,1,,
0KAT,east,trend,2,-84755.98354458547,,0.07434241244623016,,3,,
0KAT,east,trend_annual,4,-96191.65317004564,,0.015711657006334055,,2,,
0KAT,east,trend_annual_semi,6,-96570.02562383012,,0.014889250605915274,,1,,
0KAT,east,trend_quad_annual_semi,7,-96590.4327405715,,0.014830142295843469,,0,,
0KAT,north,trend,2,-83450.74406885848,,0.0887485723455439,,3,,
0KAT,north,trend_annual,4,-93005.81504753251,,0.024209199311286598,,2,,
0KAT,north,trend_annual_semi,6,-94144.66637808843,,0.020692463547885433,,1,,
0KAT,north,trend_quad_annual_semi,7,-95326.00266345892,,0.017606171501874743,,0,,
0KAT,up,trend,2,-70504.16109090293,,0.5142479598388957,,3,,
0KAT,up,trend_annual,4,-74535.62396294337,,0.2968433476718281,,2,,
0KAT,up,trend_annual_semi,6,-74683.97336000376,,0.2902248909238495,,1,,
0KAT,up,trend_quad_annual_semi,7,-74781.92069477806,,0.2860469202965583,,0,,
0KBO,east,trend,2,-60462.11430608618,,0.04079244596449835,,3,,
0KBO,east,trend_annual,4,-64319.97587066732,,0.019219634809324516,,2,,
0KBO,east,trend_annual_semi,6,-64337.07196677757,,0.01909243974083332,,1,,
0KBO,east,trend_quad_annual_semi,7,-66806.70272480219,,0.011798819662496112,,0,,
0KBO,north,trend,2,-68551.21479220122,,0.008478154051214614,,3,,
0KBO,north,trend_annual,4,-68911.72075076528,,0.007878663596966535,,2,,
0KBO,north,trend_annual_semi,6,-69224.82713219224,,0.0073892736048948825,,0,,
0KBO,north,trend_quad_annual_semi,7,-69216.28109182348,,0.007389272862334935,,1,,
0KBO,up,trend,2,-50382.57929998172,,0.2888964416795237,,3,,
0KBO,up,trend_annual,4,-53226.112755942966,,0.1657530355387479,,2,,
0KBO,up,trend_annual_semi,6,-53395.6401821481,,0.15985304217681748,,0,,
0KBO,up,trend_quad_annual_semi,7,-53393.560064257916,,0.15965241462139765,,1,,
0KEB,east,trend,2,-28696.43258475965,,0.02088340420767653,,3,,
0KEB,east,trend_annual,4,-29421.619555449925,,0.015451302466559557,,2,,
0KEB,east,trend_annual_semi,6,-29458.0142054084,,0.015127927844473518,,1,,
0KEB,east,trend_quad_annual_semi,7,-29568.12063339868,,0.014419631458458775,,0,,
0KEB,north,trend,2,-29102.766826884115,,0.017702592416599324,,3,,
0KEB,north,trend_annual,4,-29157.040169831038,,0.01720654158047238,,2,,
0KEB,north,trend_annual_semi,6,-29338.30822066296,,0.0158825864940089,,1,,
0KEB,north,trend_quad_annual_semi,7,-29348.39124435719,,0.015767451565998788,,0,,
0KEB,up,trend,2,-23107.12944786717,,0.20274584822704275,,3,,
0KEB,up,trend_annual,4,-23660.02424486062,,0.16089591768150036,,2,,
0KEB,up,trend_annual_semi,6,-23761.201220515362,,0.15343268761176773,,1,,
0KEB,up,trend_quad_annual_semi,7,-23767.768215601154,,0.15253838703083955,,0,,
0KER,east,trend,2,-28086.07434317319,,0.02307916725242537,,3,,
0KER,east,trend_annual,4,-29204.037063158637,,0.01447535035231589,,2,,
0KER,east,trend_annual_semi,6,-29513.72549335219,,0.012661770523355004,,1,,
0KER,east,trend_quad_annual_semi,7,-29514.44755840596,,0.012617465785981226,,0,,
0KER,north,trend,2,-27779.937282030012,,0.0261778252988346,,3,,
0KER,north,trend_annual,4,-27860.378444177408,,0.02516346550105662,,2,,
0KER,north,trend_annual_semi,6,-27942.407781714675,,0.024172607289176574,,1,,
0KER,north,trend_quad_annual_semi,7,-28795.610151863944,,0.016960716744866457,,0,,
0KER,up,trend,2,-23250.54333246658,,0.16882468627136324,,3,,
0KER,up,trend_annual,4,-24579.528643936803,,0.0970801680185229,,1,,
0KER,up,trend_annual_semi,6,-24579.788847186188,,0.0964489508913011,,0,,
0KER,up,trend_quad_annual_semi,7,-24572.682619347917,,0.09642159110589654,,2,,
0KIC,east,trend,2,-72919.03405216399,,0.05573912517976732,,3,,
0KIC,east,trend_annual,4,-76599.89971942871,,0.030905291520393254,,2,,
0KIC,east,trend_annual_semi,6,-76617.41044134847,,0.03073329120639909,,1,,
0KIC,east,trend_quad_annual_semi,7,-82010.29976444472,,0.012987396436647309,,0,,
0KIC,north,trend,2,-78133.48703345399,,0.0242681248008626,,3,,
0KIC,north,trend_annual,4,-78304.18291496129,,0.023550693288214415,,2,,
0KIC,north,trend_annual_semi,6,-78624.17643452245,,0.022316786137814862,,1,,
0KIC,north,trend_quad_annual_semi,7,-80840.58274617846,,0.015650570518757553,,0,,
0KIC,up,trend,2,-60632.51282866665,,0.39541767388569055,,3,,
0KIC,up,trend_annual,4,-64161.17013196909,,0.22463109573235757,,2,,
0KIC,up,trend_annual_semi,6,-64473.769151463224,,0.2131129950058835,,1,,
0KIC,up,trend_quad_annual_semi,7,-64683.214339917264,,0.2058255988810959,,0,,
0KIE,east,trend,2,-76972.19125314245,,0.028471282043385438,,3,,
0KIE,east,trend_annual,4,-79704.42234808762,,0.018348984117345417,,2,,
0KIE,east,trend_annual_semi,6,-79752.34844440663,,0.018158226643058616,,1,,
0KIE,east,trend_quad_annual_semi,7,-79892.06008983021,,0.01773261011210454,,0,,
0KIE,north,trend,2,-76510.59369199853,,0.03065038864156596,,3,,
0KIE,north,trend_annual,4,-77137.14867642373,,0.027653363044357226,,2,,
0KIE,north,trend_annual_semi,6,-77460.03673226564,,0.02618969993858908,,1,,
0KIE,north,trend_quad_annual_semi,7,-77528.16314622918,,0.025870025346786032,,0,,
0KIE,up,trend,2,-60240.04186441567,,0.4124810601679493,,3,,
0KIE,up,trend_annual,4,-62972.418481587265,,0.2658268932715503,,2,,
0KIE,up,trend_annual_semi,6,-63159.779296677116,,0.25726774434896216,,1,,
0KIE,up,trend_quad_annual_semi,7,-63172.58780551161,,0.2563834721860005,,0,,
0KIR,east,trend,2,-130484.08128762973,,0.1133125817442963,,3,,
0KIR,east,trend_annual,4,-137204.5504291854,,0.06252757150811375,,2,,
0KIR,east,trend_annual_semi,6,-137254.63411068666,,0.062149444477447524,,1,,
0KIR,east,trend_quad_annual_semi,7,-137577.50427691915,,0.06035440353804867,,0,,
0KIR,north,trend,2,-129240.47837122141,,0.12645212078106033,,3,,
0KIR,north,trend_annual,4,-129400.85755693108,,0.12447034506483215,,2,,
0KIR,north,trend_annual_semi,6,-129617.31470925554,,0.1219149801234629,,1,,
0KIR,north,trend_quad_annual_semi,7,-131166.97048796367,,0.10624907229520286,,0,,
0KIR,up,trend,2,-100946.13300194516,,1.5346483456899627,,3,,
0KIR,up,trend_annual,4,-104721.73707101739,,1.0980781190399256,,2,,
0KIR,up,trend_annual_semi,6,-104874.24968645295,,1.0816192727787106,,1,,
0KIR,up,trend_quad_annual_semi,7,-107375.09538499845,,0.8667585951455604,,0,,
0KIS,east,trend,2,-19043.28959316025,,0.012900798578585464,,3,,
0KIS,east,trend_annual,4,-19930.133917346848,,0.007402051894102387,,2,,
0KIS,east,trend_annual_semi,6,-20027.299049311165,,0.006908693443950793,,1,,
0KIS,east,trend_quad_annual_semi,7,-20038.843191368298,,0.006828555434400358,,0,,
0KIS,north,trend,2,-18787.32094356493,,0.01510464771866344,,3,,
0KIS,north,trend_annual,4,-19239.583023456977,,0.011327521621368072,,2,,
0KIS,north,trend_annual_semi,6,-19319.105700761225,,0.01068807756000062,,0,,
0KIS,north,trend_quad_annual_semi,7,-19313.17379491732,,0.0106784663959986,,1,,
0KIS,up,trend,2,-14493.915292171087,,0.21280028467602435,,3,,
0KIS,up,trend_annual,4,-15935.968466882447,,0.08672429892000168,,2,,
0KIS,up,trend_annual_semi,6,-15991.033563946758,,0.08307111445351864,,0,,
0KIS,up,trend_quad_annual_semi,7,-15984.684855595473,,0.083017730491128,,1,,
0KIV,east,trend,2,-56279.62975159445,,0.02911535498112452,,3,,
0KIV,east,trend_annual,4,-60285.910358598194,,0.012358652291532629,,1,,
0KIV,east,trend_annual_semi,6,-60277.30498036948,,0.012336815274655702,,2,,
0KIV,east,trend_quad_annual_semi,7,-60927.612180638236,,0.01072177397788181,,0,,
0KIV,north,trend,2,-58974.78980007075,,0.016398940006373677,,3,,
0KIV,north,trend_annual,4,-60021.807892990546,,0.013073774336229207,,2,,
0KIV,north,trend_annual_semi,6,-60344.66004601541,,0.012161093236690639,,1,,
0KIV,north,trend_quad_annual_semi,7,-60387.1709364399,,0.012029796106971056,,0,,
0KIV,up,trend,2,-45932.62806380318,,0.2637759115730505,,3,,
0KIV,up,trend_annual,4,-47413.98767859294,,0.19170926549649295,,2,,
0KIV,up,trend_annual_semi,6,-47760.73061787229,,0.17742091052558842,,1,,
0KIV,up,trend_quad_annual_semi,7,-47896.709491253874,,0.17204597813377825,,0,,
0KLI,east,trend,2,-91165.50611488929,,0.03160735444092683,,3,,
0KLI,east,trend_annual,4,-92731.07580819879,,0.025501880124284965,,1,,
0KLI,east,trend_annual_semi,6,-92716.56730556727,,0.025490461828194855,,2,,
0KLI,east,trend_quad_annual_semi,7,-92862.73232938784,,0.024960222075870515,,0,,
0KLI,north,trend,2,-84425.94074281874,,0.07880539411927727,,3,,
0KLI,north,trend_annual,4,-91864.18561212112,,0.028681856505907696,,2,,
0KLI,north,trend_annual_semi,6,-92033.10809273954,,0.027964941802328745,,1,,
0KLI,north,trend_quad_annual_semi,7,-92584.8482985301,,0.0259183812054813,,0,,
0KLI,up,trend,2,-70845.67365360542,,0.49664444631225224,,3,,
0KLI,up,trend_annual,4,-74192.434296668,,0.31475192305837907,,2,,
0KLI,up,trend_annual_semi,6,-74255.77253439702,,0.3113084778087129,,1,,
0KLI,up,trend_quad_annual_semi,7,-74313.72621771874,,0.30849974973707583,,0,,
0KNA,east,trend,2,-93742.9795414014,,0.1757599387052992,,3,,
0KNA,east,trend_annual,4,-106596.97980415417,,0.03986386562768131,,2,,
0KNA,east,trend_annual_semi,6,-106954.14970180432,,0.038176199672355624,,1,,
0KNA,east,trend_quad_annual_semi,7,-108488.16480196669,,0.031955864856739215,,0,,
0KNA,north,trend,2,-111084.51953210439,,0.02381521602365342,,3,,
0KNA,north,trend_annual,4,-112075.6175361378,,0.02119997129741745,,2,,
0KNA,north,trend_annual_semi,6,-112766.13376244335,,0.019537196336730685,,1,,
0KNA,north,trend_quad_annual_semi,7,-113211.65740339563,,0.01853987210778818,,0,,
0KNA,up,trend,2,-84518.9307940578,,0.5089182760433357,,3,,
0KNA,up,trend_annual,4,-89095.23485427846,,0.2996844136034937,,2,,
0KNA,up,trend_annual_semi,6,-89245.52211366128,,0.29392285833915094,,1,,
0KNA,up,trend_quad_annual_semi,7,-89737.2006106418,,0.2774389818938973,,0,,
0KNI,east,trend,2,-14685.748484027788,,0.005870481679863466,,3,,
0KNI,east,trend_annual,4,-16403.6482858343,,0.001389488395302024,,2,,
0KNI,east,trend_annual_semi,6,-16452.012272979522,,0.0013190337389384077,,0,,
0KNI,east,trend_quad_annual_semi,7,-16448.44955633988,,0.001315166786324649,,1,,
0KNI,north,trend,2,-16153.39789545492,,0.0017314003335707343,,3,,
0KNI,north,trend_annual,4,-16318.789371312509,,0.0014911292473885327,,2,,
0KNI,north,trend_annual_semi,6,-16352.097577962682,,0.0014333626093128895,,0,,
0KNI,north,trend_quad_annual_semi,7,-16346.669924377278,,0.001431379587736678,,1,,
0KNI,up,trend,2,-11801.037838867374,,0.06470654463221079,,3,,
0KNI,up,trend_annual,4,-12321.683317192863,,0.04146763028730139,,2,,
0KNI,up,trend_annual_semi,6,-12339.359979979901,,0.04038293052267691,,1,,
0KNI,up,trend_quad_annual_semi,7,-12346.377372762521,,0.03991168486848122,,0,,
0KOB,east,trend,2,-inf,,0.0,,0,,
0KOB,east,trend_annual,4,-inf,,0.0,,1,,
0KOB,east,trend_annual_semi,6,-inf,,0.0,,2,,
0KOB,east,trend_quad_annual_semi,7,-inf,,0.0,,3,,
0KOB,north,trend,2,-inf,,0.0,,0,,
0KOB,north,trend_annual,4,-inf,,0.0,,1,,
0KOB,north,trend_annual_semi,6,-inf,,0.0,,2,,
0KOB,north,trend_quad_annual_semi,7,-inf,,0.0,,3,,
0KOB,up,trend,2,-10394.68505393727,,0.052005532544895594,,3,,
0KOB,up,trend_annual,4,-10890.484803343563,,0.032005549439140246,,2,,
0KOB,up,trend_annual_semi,6,-10924.065229719714,,0.030590129346179218,,0,,
0KOB,up,trend_quad_annual_semi,7,-10920.499371609192,,0.030491506228073284,,1,,
0KOL,east,trend,2,-54009.44906781141,,0.20982329363280344,,3,,
0KOL,east,trend_annual,4,-65399.190454696814,,0.024653741303645962,,2,,
0KOL,east,trend_annual_semi,6,-65730.9159261246,,0.023090809059884837,,1,,
0KOL,east,trend_quad_annual_semi,7,-65748.3618926349,,0.022978267769808276,,0,,
0KOL,north,trend,2,-62493.25647939675,,0.0426770203114259,,3,,
0KOL,north,trend_annual,4,-67704.09782905687,,0.01599449692865086,,2,,
0KOL,north,trend_annual_semi,6,-68075.8197481563,,0.014868464109799862,,1,,
0KOL,north,trend_quad_annual_semi,7,-68239.6298497145,,0.01439499809687712,,0,,
0KOL,up,trend,2,-51408.97980758225,,0.34187097610158396,,3,,
0KOL,up,trend_annual,4,-54680.154612333885,,0.18440554557583128,,2,,
0KOL,up,trend_annual_semi,6,-54728.647975280786,,0.1821467241921522,,1,,
0KOL,up,trend_quad_annual_semi,7,-54762.875109613546,,0.18068886185950478,,0,,
