sta,component,model,n_params,bic_image,bic_raw,rss_image,rss_raw,rank_image,rank_raw
00NA,east,trend,2,-27764.477224217273,-38033.44025450307,0.518861210164737,0.02064498046035794,3,3
00NA,east,trend_annual,4,-27785.90324548706,-39128.943679883094,0.5127785840100778,0.0145625034896504,0,2
00NA,east,trend_annual_semi,6,-27771.626679019617,-39178.72818167743,0.5124798831454989,0.014264214548234849,2,1
00NA,east,trend_quad_annual_semi,7,-27779.08417992356,-39782.19404213738,0.5099881305639233,0.011772309634698757,1,0
00NA,north,trend,2,-35755.13481001229,-35097.340432875586,0.04221585001643501,0.05190030102004421,3,3
00NA,north,trend_annual,4,-36219.932108119894,-35466.50773466143,0.03629926173638217,0.04598666056110922,2,2
00NA,north,trend_annual_semi,6,-36330.05807561657,-35549.581186552554,0.0348884503468726,0.04457635349327697,1,1
00NA,north,trend_quad_annual_semi,7,-39343.874013841065,-37622.1832677306,0.01350919055599227,0.023194901217712883,0,0
00NA,up,trend,2,-28152.641354823132,-31201.942875364744,0.45932768275252567,0.17633213532799139,3,3
00NA,up,trend_annual,4,-28192.78668861549,-31334.52987107006,0.4512828199676301,0.1682878080183684,1,2
00NA,up,trend_annual_semi,6,-28183.30533310083,-31336.268675968036,0.45034141425982854,0.16734617958725395,2,1
00NA,up,trend_quad_annual_semi,7,-28199.782979559397,-31394.682819961425,0.44688438598745306,0.16388937322328614,0,0
01NA,east,trend,2,-27294.973019557943,-28113.168737472977,0.022240699785332496,0.015724670260542178,3,3
01NA,east,trend_annual,4,-27862.515603261152,-28972.00967186619,0.017371971588291846,0.010856168826322584,2,2
01NA,east,trend_annual_semi,6,-27871.45050006295,-28995.73709742099,0.017192794931512708,0.010677062733224317,1,1
01NA,east,trend_quad_annual_semi,7,-28299.025006494718,-29734.765942079448,0.014296630838248219,0.007780799532438611,0,0
01NA,north,trend,2,-inf,-28383.11982328332,0.0,0.014025046682647953,0,3
01NA,north,trend_annual,4,-inf,-28903.95994108454,0.0,0.011173759253083683,1,2
01NA,north,trend_annual_semi,6,-inf,-29099.11052318889,0.0,0.010219477637437174,2,1
01NA,north,trend_quad_annual_semi,7,-inf,-29163.335786204083,0.0,0.009912439886775832,3,0
01NA,up,trend,2,-23628.460983469155,-22726.19795193741,0.10516501931681693,0.15413757886921967,3,3
01NA,up,trend_annual,4,-23774.749835010578,-22819.8469488931,0.09819567958094637,0.14716907343454316,2,2
01NA,up,trend_annual_semi,6,-23837.13857414123,-22856.022141654947,0.09500643276510098,0.14397964055218473,1,1
01NA,up,trend_quad_annual_semi,7,-23893.06741516722,-22890.091830924088,0.09247654886166662,0.1414497797834826,0,0
02NA,east,trend,2,-24537.33672363385,-24449.276093743323,0.005102122079107232,0.005342476375595057,3,3
02NA,east,trend_annual,4,-24888.615943770346,-24782.473912038917,0.0042128065458401165,0.004453158676573175,2,2
02NA,east,trend_annual_semi,6,-25086.83037759839,-24968.545365103553,0.003768264447682641,0.004008618803759259,1,1
02NA,east,trend_quad_annual_semi,7,-25091.860923957982,-24972.81941919849,0.003743551772091547,0.003983904975253842,0,0
02NA,north,trend,2,-23491.441141575324,-23512.540489270123,0.008814403263578297,0.00871771936363255,3,3
02NA,north,trend_annual,4,-23639.71647708571,-23662.701102698906,0.008092823757769083,0.00799617057880541,2,2
02NA,north,trend_annual_semi,6,-24088.073334543275,-24117.41225936276,0.006351582202774591,0.006254913675500319,1,1
02NA,north,trend_quad_annual_semi,7,-24133.677350405364,-24163.85075084085,0.006177507681036413,0.006080835379459804,0,0
02NA,up,trend,2,-18633.282810837678,-18806.470936271962,0.11171340297841498,0.10204403907110439,3,3
02NA,up,trend_annual,4,-18996.53672653479,-19209.785121091438,0.09166581920700012,0.08199647665813188,1,1
02NA,up,trend_annual_semi,6,-18991.41746384553,-19205.84821345114,0.09118820170745681,0.08151884112753946,2,2
02NA,up,trend_quad_annual_semi,7,-19168.1632297788,-19405.68072857252,0.08281287535029358,0.07314354297279355,0,0
0ABI,east,trend,2,-72394.23278414384,-72394.23278413808,0.04070924225576561,0.04070924225580423,3,3
0ABI,east,trend_annual,4,-75349.57688739912,-75349.57688738966,0.024961933287036265,0.024961933287075112,2,2
0ABI,east,trend_annual_semi,6,-75380.16326749166,-75380.1632674822,0.024765531105829748,0.024765531105868245,1,1
0ABI,east,trend_quad_annual_semi,7,-75612.36735690871,-75612.3673568988,0.02380308859836358,0.02380308859840239,0,0
0ABI,north,trend,2,-74226.15914609333,-74226.15914514956,0.03011587151080335,0.030115871515479578,3,3
0ABI,north,trend_annual,4,-74309.51281999814,-74309.51281903857,0.029620641142148817,0.02962064114682516,2,2
0ABI,north,trend_annual_semi,6,-74543.14325179129,-74543.14325079125,0.02842206777391406,0.028422067778590385,1,1
0ABI,north,trend_quad_annual_semi,7,-74635.44232269778,-74635.44232168104,0.027953619128175324,0.027953619132851482,0,0
0ABI,up,trend,2,-58324.692352943166,-58324.69235292735,0.4121081259012317,0.4121081259023037,3,3
0ABI,up,trend_annual,4,-60617.66236635857,-60617.66236633541,0.28178984382202715,0.28178984382310107,2,2
0ABI,up,trend_annual_semi,6,-60817.226218481184,-60817.22621845716,0.2719072135814229,0.2719072135824975,0,0
0ABI,up,trend_quad_annual_semi,7,-60810.55183034677,-60810.55183032273,0.271816054375902,0.271816054376977,1,1
0ABN,east,trend,2,-14620.665036758617,-14620.665036673023,0.006473922636750908,0.006473922637210385,3,3
0ABN,east,trend_annual,4,-16013.127455002099,-16013.127454727282,0.0020165812812018022,0.0020165812816613326,1,1
0ABN,east,trend_annual_semi,6,-16000.192588863989,-16000.192588588789,0.0020144834186953745,0.002014483419155065,2,2
0ABN,east,trend_quad_annual_semi,7,-16111.341578380774,-16111.341578077276,0.001826344294228117,0.0018263442946877275,0,0
0ABN,north,trend,2,-15288.88081370692,-15288.88081361089,0.0037199346662922816,0.0037199346665884973,3,3
0ABN,north,trend_annual,4,-16047.059539930984,-16047.059539748796,0.0019606334021991553,0.0019606334024953433,2,2
0ABN,north,trend_annual_semi,6,-16095.870262012988,-16095.870261821028,0.0018608401400623618,0.0018608401403585547,1,1
0ABN,north,trend_quad_annual_semi,7,-16139.569428541316,-16139.569428341081,0.0017840929554548115,0.001784092955751028,0,0
0ABN,up,trend,2,-11789.813283812251,-11789.81328379147,0.06770017738504017,0.0677001773862066,3,3
0ABN,up,trend_annual,4,-12498.469733589083,-12498.469733551234,0.03717786389823916,0.03717786389940595,2,2
0ABN,up,trend_annual_semi,6,-12527.033189103971,-12527.033189064317,0.035882969452931325,0.035882969454111194,1,1
0ABN,up,trend_quad_annual_semi,7,-12543.947672819382,-12543.947672778919,0.035175660479003244,0.035175660480183474,0,0
0ABY,east,trend,2,-48578.181388686186,-48578.18138902749,0.030503569564232533,0.03050356956170186,3,3
0ABY,east,trend_annual,4,-53873.357082519055,-53873.357083760544,0.008387031869329577,0.008387031866798603,2,2
0ABY,east,trend_annual_semi,6,-53992.13843119909,-53992.138432482185,0.00811544020274001,0.008115440200208924,1,1
0ABY,east,trend_quad_annual_semi,7,-54110.31774144906,-54110.31774277232,0.007869695943074401,0.007869695940543125,0,0
0ABY,north,trend,2,-54534.44508120711,-54534.44508124753,0.007170964675923071,0.007170964675852618,3,3
0ABY,north,trend_annual,4,-54632.123613106494,-54632.12361314805,0.0069744359650559,0.006974435964985447,2,2
0ABY,north,trend_annual_semi,6,-54790.75194917967,-54790.75194922311,0.006683538161030447,0.006683538160959877,0,0
0ABY,north,trend_quad_annual_semi,7,-54787.62810044297,-54787.62810048646,0.0066750984159585644,0.006675098415887995,1,1
0ABY,up,trend,2,-40531.69130270009,-40531.69130272695,0.215664434300275,0.21566443429886714,3,3
0ABY,up,trend_annual,4,-42426.298455745215,-42426.298455787975,0.1355243201270703,0.13552432012566185,2,2
0ABY,up,trend_annual_semi,6,-42519.67323957036,-42519.67323961432,0.13194807861233177,0.13194807861092178,0,0
0ABY,up,trend_quad_annual_semi,7,-42515.28071824138,-42515.28071828538,0.1318221040042068,0.13182210400279687,1,1
0AKE,east,trend,2,-73620.72000381653,-73620.72000380793,0.018059340814399215,0.018059340814425978,3,3
0AKE,east,trend_annual,4,-76594.39307378109,-76594.39307376674,0.010789720452691106,0.010789720452717779,2,2
0AKE,east,trend_annual_semi,6,-76747.32984196309,-76747.32984194809,0.010477942070990934,0.010477942071017992,1,1
0AKE,east,trend_quad_annual_semi,7,-77823.06349441023,-77823.06349439202,0.008693121405405652,0.008693121405432899,0,0
0AKE,north,trend,2,-73529.30844967563,-73529.3084480522,0.018345873316936434,0.018345873322065297,3,3
0AKE,north,trend_annual,4,-74504.29037704298,-74504.2903751167,0.015464112376079248,0.015464112381208987,2,2
0AKE,north,trend_annual_semi,6,-74663.56202673132,-74663.56202474651,0.015000889898207876,0.015000889903335105,1,1
0AKE,north,trend_quad_annual_semi,7,-75358.17649398615,-75358.17649174565,0.01328984617218649,0.013289846177314083,0,0
0AKE,up,trend,2,-56330.47028104919,-56330.47028104985,0.3546555620642303,0.3546555620641899,3,3
0AKE,up,trend_annual,4,-59258.484787521316,-59258.48478752242,0.21356485794583574,0.21356485794579533,2,2
0AKE,up,trend_annual_semi,6,-59329.83368663261,-59329.83368663373,0.21032814563842678,0.21032814563838628,1,1
0AKE,up,trend_quad_annual_semi,7,-59427.04588164186,-59427.045881643,0.2065279826191853,0.20652798261914473,0,0
0ALE,east,trend,2,-45181.24811971,-45181.2481196034,0.03140689835540526,0.03140689835627333,3,3
0ALE,east,trend_annual,4,-48617.04342530501,-48617.04342504419,0.012832113843399055,0.012832113844266788,2,2
0ALE,east,trend_annual_semi,6,-48643.149342830955,-48643.149342567514,0.012691095057852224,0.01269109505871905,1,1
0ALE,east,trend_quad_annual_semi,7,-48651.84376712829,-48651.84376686336,0.01263543827073084,0.012635438271598716,0,0
0ALE,north,trend,2,-48251.76993985962,-48251.76993988613,0.014167305270451947,0.01416730527035461,3,3
0ALE,north,trend_annual,4,-48384.74234460407,-48384.74234463162,0.013628720393927915,0.013628720393830571,2,2
0ALE,north,trend_annual_semi,6,-48465.250902936765,-48465.25090296503,0.01329016246170294,0.013290162461605533,1,1
0ALE,north,trend_quad_annual_semi,7,-48646.97022614739,-48646.97022617711,0.012651413963529033,0.012651413963431533,0,0
0ALE,up,trend,2,-36880.726235581125,-36880.726235553804,0.27018162633060316,0.27018162633251747,3,3
0ALE,up,trend_annual,4,-38372.970775457696,-38372.970775417314,0.18271361453633156,0.18271361453824436,2,2
0ALE,up,trend_annual_semi,6,-38451.4793696644,-38451.47936962324,0.17826714590185946,0.17826714590376175,0,0
0ALE,up,trend_quad_annual_semi,7,-38448.906762642575,-38448.90676260136,0.17800458200218303,0.17800458200408514,1,1
0ALF,east,trend,2,-84316.71516518528,-84316.71516527624,0.10483546900039557,0.10483546899913108,3,3
0ALF,east,trend_annual,4,-86495.83070129303,-86495.83070141489,0.0783397575700639,0.0783397575687979,2,2
0ALF,east,trend_annual_semi,6,-86581.49259835525,-86581.49259847916,0.0772717060664023,0.07727170606513252,1,1
0ALF,east,trend_quad_annual_semi,7,-87759.91408870392,-87759.91408884866,0.06601455984966512,0.06601455984839809,0,0
0ALF,north,trend,2,-90576.7423901322,-90576.74239001007,0.04570738667548819,0.0457073866762285,3,3
0ALF,north,trend_annual,4,-91094.05027337432,-91094.05027324255,0.04257608281914989,0.042576082819893855,2,2
0ALF,north,trend_annual_semi,6,-91216.28485466512,-91216.28485453172,0.04179243914091396,0.04179243914165322,1,1
0ALF,north,trend_quad_annual_semi,7,-94234.02218491927,-94234.02218471922,0.02797620025065242,0.027976200251394592,0,0
0ALF,up,trend,2,-72492.13901134978,-72492.13901147025,0.5029196274289329,0.5029196274208974,3,3
0ALF,up,trend_annual,4,-76024.99501911529,-76024.99501930817,0.31405749596797944,0.31405749595994564,2,2
0ALF,up,trend_annual_semi,6,-76083.2124534441,-76083.21245363897,0.3109052088918439,0.31090520888380935,1,1
0ALF,up,trend_quad_annual_semi,7,-76721.2394114835,-76721.23941169574,0.28534426251160494,0.2853442625035745,0,0
0ALI,east,trend,2,-66679.42618503384,-66679.42618154397,0.04050889524858567,0.040508895273687014,3,3
0ALI,east,trend_annual,4,-73178.68994919123,-73178.68993809122,0.012736426952531929,0.012736426977633955,2,2
0ALI,east,trend_annual_semi,6,-73219.1491968811,-73219.1491856655,0.012606537102602018,0.012606537127706749,1,1
0ALI,east,trend_quad_annual_semi,7,-73586.46180522056,-73586.4617932316,0.011792493905255854,0.011792493930358795,0,0
0ALI,north,trend,2,-74036.92341509744,-74036.92341427208,0.010969819144858613,0.010969819146466227,3,3
0ALI,north,trend_annual,4,-74670.75890036997,-74670.75889944356,0.009772175730952164,0.0097721757325596,2,2
0ALI,north,trend_annual_semi,6,-74896.98850972446,-74896.98850875701,0.009358674687758748,0.009358674689366346,0,0
0ALI,north,trend_quad_annual_semi,7,-74892.67109123699,-74892.67109026894,0.009351500901469417,0.00935150090307679,1,1
0ALI,up,trend,2,-55603.00975429383,-55603.00975407401,0.2895172393841301,0.28951723939542984,3,3
0ALI,up,trend_annual,4,-58508.80669067487,-58508.80669030555,0.17229428021223106,0.17229428022352938,2,2
0ALI,up,trend_annual_semi,6,-58718.28001596874,-58718.28001558428,0.1654954479687804,0.1654954479800775,0,0
0ALI,up,trend_quad_annual_semi,7,-58711.759274818585,-58711.759274434036,0.1654332966266318,0.16543329663792772,1,1
0ALM,east,trend,2,-106048.17242269582,-106048.17242280864,0.05336738738750765,0.05336738738682548,3,3
0ALM,east,trend_annual,4,-114619.44980085728,-114619.44980115557,0.02016829369348319,0.020168293692801653,2,2
0ALM,east,trend_annual_semi,6,-114883.79343897438,-114883.79343928234,0.019533012823549384,0.019533012822867908,1,1
0ALM,east,trend_quad_annual_semi,7,-115123.45348770087,-115123.4534880178,0.018990254251124685,0.01899025425044289,0,0
0ALM,north,trend,2,-112477.55240838026,-112477.55240592019,0.0257600093978261,0.02576000940500538,3,3
0ALM,north,trend_annual,4,-112698.61365381451,-112698.61365128648,0.025071228719608388,0.02507122872678872,2,2
0ALM,north,trend_annual_semi,6,-113058.29190242848,-113058.29189979048,0.02402067286038676,0.02402067286756547,1,1
0ALM,north,trend_quad_annual_semi,7,-113190.37048597081,-113190.3704832904,0.02363958210556758,0.02363958211274595,0,0
0ALM,up,trend,2,-85636.51344027864,-85636.51344022289,0.5389439836210361,0.5389439836244403,3,3
0ALM,up,trend_annual,4,-89683.47343888115,-89683.4734387929,0.3400449857185115,0.3400449857219107,2,2
0ALM,up,trend_annual_semi,6,-89868.56836024458,-89868.5683601542,0.33230398151719137,0.3323039815205938,0,0
0ALM,up,trend_quad_annual_semi,7,-89860.14773230343,-89860.14773221314,0.33227894982665307,0.332278949830052,1,1
0ALN,east,trend,2,-14434.074141033718,-14434.074141341227,0.006854773596155105,0.006854773594394113,3,3
0ALN,east,trend_annual,4,-15805.419997574716,-15805.419998553154,0.0021542673993512544,0.0021542673975903388,1,1
0ALN,east,trend_annual_semi,6,-15798.4720319331,-15798.472032917507,0.002141299667652579,0.0021412996658915838,2,2
0ALN,east,trend_quad_annual_semi,7,-15817.97715273497,-15817.977153741514,0.0020942528333466035,0.0020942528315855686,0,0
0ALN,north,trend,2,-14425.22631764719,-14425.22631763409,0.006905629511817826,0.006905629511893394,3,3
0ALN,north,trend_annual,4,-14786.110213412567,-14786.110213394662,0.005048062045440959,0.005048062045516477,2,2
0ALN,north,trend_annual_semi,6,-14938.819582485798,-14938.81958246505,0.004391124911803889,0.00439112491188,0,0
0ALN,north,trend_quad_annual_semi,7,-14931.807348066544,-14931.807348045788,0.004390848542709411,0.004390848542785546,1,1
0ALN,up,trend,2,-11525.482123826512,-11525.4821238333,0.07785489078659796,0.07785489078615647,3,3
0ALN,up,trend_annual,4,-12399.385310972297,-12399.385310986561,0.03707439762860678,0.03707439762816492,2,2
0ALN,up,trend_annual_semi,6,-12432.83250450593,-12432.83250452037,0.0356283580262433,0.03562835802581352,1,1
0ALN,up,trend_quad_annual_semi,7,-12433.022746463272,-12433.022746477798,0.035412393156176794,0.03541239315574707,0,0
0ALS,east,trend,2,-35085.903490001736,-35085.90349009178,0.011781351669200607,0.011781351668826148,3,3
0ALS,east,trend_annual,4,-38191.96298482371,-38191.96298509473,0.00391384729031847,0.003913847289944043,2,2
0ALS,east,trend_annual_semi,6,-38228.61546158797,-38228.615461863235,0.0038419166818458306,0.0038419166814725406,1,1
0ALS,east,trend_quad_annual_semi,7,-38325.404578322654,-38325.404578608235,0.00370247161997058,0.00370247161959735,0,0
0ALS,north,trend,2,-37463.26629862329,-37463.26629864708,0.005090367162990877,0.005090367162948118,3,3
0ALS,north,trend_annual,4,-37501.645420106746,-37501.64542013098,0.0049937693853622225,0.004993769385319494,2,2
0ALS,north,trend_annual_semi,6,-37724.225757799046,-37724.22575782705,0.004590606816690921,0.0045906068166455295,1,1
0ALS,north,trend_quad_annual_semi,7,-37781.734136041254,-37781.734136069994,0.004485755199611503,0.004485755199565995,0,0
0ALS,up,trend,2,-27758.879484863286,-27758.87948486219,0.1564647365211207,0.15646473652118126,3,3
0ALS,up,trend_annual,4,-29004.233850961416,-29004.233850959707,0.10024631664659206,0.10024631664665268,2,2
0ALS,up,trend_annual_semi,6,-29065.31414760918,-29065.31414760762,0.09755909060846113,0.09755909060851477,0,0
0ALS,up,trend_quad_annual_semi,7,-29057.844809990063,-29057.844809988506,0.09754257088043282,0.09754257088048635,1,1
0ALV,east,trend,2,-76081.50773492057,-76081.50773481453,0.07923653893388583,0.07923653893513864,3,3
0ALV,east,trend_annual,4,-83884.61768754086,-83884.61768720046,0.02468960762447272,0.024689607625725776,2,2
0ALV,east,trend_annual_semi,6,-84221.80119107584,-84221.80119071703,0.023417454498243596,0.02341745449949635,1,1
0ALV,east,trend_quad_annual_semi,7,-85804.87645359957,-85804.87645314394,0.01846975790779706,0.01846975790905176,0,0
0ALV,north,trend,2,-80207.50698609506,-80207.50698577787,0.04283088618621528,0.04283088618824072,3,3
0ALV,north,trend_annual,4,-80598.42476424942,-80598.42476391223,0.04029982246044442,0.0402998224624704,2,2
0ALV,north,trend_annual_semi,6,-80741.0470523848,-80741.04705203952,0.039348387482383534,0.03934838748440926,1,1
0ALV,north,trend_quad_annual_semi,7,-81490.18108383084,-81490.18108344387,0.03514375562304275,0.035143755625070466,0,0
0ALV,up,trend,2,-63530.13755299158,-63530.13755287924,0.5148219942980206,0.5148219943066434,3,3
0ALV,up,trend_annual,4,-67420.82705672269,-67420.8270565215,0.28746466966732626,0.2874646696759489,1,1
0ALV,up,trend_annual_semi,6,-67416.4883362274,-67416.4883360258,0.286895914419703,0.2868959144283265,2,2
0ALV,up,trend_quad_annual_semi,7,-67656.22687045044,-67656.22687024117,0.2764586518246067,0.27645865183323265,0,0
0AMB,east,trend,2,-48179.37497480928,-48179.37497480938,0.031192902818739272,0.03119290281873848,3,3
0AMB,east,trend_annual,4,-51980.55552781336,-51980.55552781362,0.012264880646094437,0.012264880646093646,2,2
0AMB,east,trend_annual_semi,6,-52149.71533577778,-52149.71533577807,0.011720200947159719,0.011720200947158886,0,0
0AMB,east,trend_quad_annual_semi,7,-52147.082984381384,-52147.08298438167,0.01170392447901642,0.011703924479015606,1,1
0AMB,north,trend,2,-46459.980103162314,-46459.980103241876,0.04749291487311078,0.04749291487218697,3,3
0AMB,north,trend_annual,4,-51660.27695994111,-51660.276960225725,0.013263921295851622,0.013263921294928612,2,2
0AMB,north,trend_annual_semi,6,-52149.06526920162,-52149.06526952386,0.011722063909607219,0.011722063908683687,1,1
0AMB,north,trend_quad_annual_semi,7,-52261.175187094974,-52261.17518742702,0.01138195045256263,0.011381950451638586,0,0
0AMB,up,trend,2,-39602.08326408463,-39602.08326408474,0.2539983911050759,0.25399839110506905,3,3
0AMB,up,trend_annual,4,-41598.135180561585,-41598.13518056177,0.1552798586952426,0.1552798586952358,2,2
0AMB,up,trend_annual_semi,6,-41652.98521414109,-41652.98521414126,0.15258954624563595,0.15258954624562932,1,1
0AMB,up,trend_quad_annual_semi,7,-41667.72961352104,-41667.72961352122,0.15173161954596473,0.1517316195459581,0,0
0AME,east,trend,2,-75085.73999431517,-75085.73999598154,0.03252728371762981,0.03252728370885778,3,3
0AME,east,trend_annual,4,-82849.81398639777,-82849.81399226941,0.009232481968164596,0.009232481959391373,2,2
0AME,east,trend_annual_semi,6,-83034.56652126453,-83034.56652733103,0.00893523542220052,0.008935235413427965,1,1
0AME,east,trend_quad_annual_semi,7,-83257.18397014393,-83257.18397644286,0.00860687886901359,0.008606878860239689,0,0
0AME,north,trend,2,-81381.4023763439,-81381.40237700168,0.011742312521353222,0.011742312520103201,3,3
0AME,north,trend_annual,4,-81948.38004821743,-81948.38004894044,0.010682582567279778,0.010682582566029815,2,2
0AME,north,trend_annual_semi,6,-82344.01004131744,-82344.01004209054,0.009991763576196576,0.009991763574946456,1,1
0AME,north,trend_quad_annual_semi,7,-82466.43951990611,-82466.43952069568,0.009781908772595656,0.009781908771345691,0,0
0AME,up,trend,2,-60030.1296061413,-60030.12960617883,0.37191168308213696,0.37191168307987793,3,3
0AME,up,trend_annual,4,-62989.892852753765,-62989.89285281454,0.2297122564900938,0.22971225648783478,2,2
0AME,up,trend_annual_semi,6,-63135.442396766266,-63135.44239682866,0.22373148419549976,0.22373148419324054,1,1
0AME,up,trend_quad_annual_semi,7,-63140.4431899463,-63140.443190008846,0.2232349059373558,0.2232349059350962,0,0
0AMM,east,trend,2,-77999.50933819087,-77999.50933544018,0.05688946469016053,0.05688946471357599,3,3
0AMM,east,trend_annual,4,-84313.06167705041,-84313.06166995697,0.02205978216294527,0.02205978218635989,2,2
0AMM,east,trend_annual_semi,6,-84315.46566085992,-84315.46565374575,0.021993801939395013,0.02199380196280777,1,1
0AMM,east,trend_quad_annual_semi,7,-84440.32318508202,-84440.32317782393,0.021558279847967238,0.02155827987138064,0,0
0AMM,north,trend,2,-81391.4989441243,-81391.49894460944,0.03424550235045969,0.03424550234797367,3,3
0AMM,north,trend_annual,4,-81892.42122913674,-81892.4212296615,0.03168884717998227,0.03168884717749408,2,2
0AMM,north,trend_annual_semi,6,-82124.30470245566,-82124.3047030003,0.030527610725448354,0.030527610722960445,0,0
0AMM,north,trend_quad_annual_semi,7,-82115.50337053044,-82115.50337107491,0.030527583361875735,0.03052758335938856,1,1
0AMM,up,trend,2,-63674.630128374636,-63674.6301283531,0.4852142392241635,0.48521423922572693,3,3
0AMM,up,trend_annual,4,-67028.75134648696,-67028.75134645132,0.29296883227996384,0.2929688322815263,2,2
0AMM,up,trend_annual_semi,6,-67109.9846745998,-67109.98467456363,0.28866743190670724,0.2886674319082695,1,1
0AMM,up,trend_quad_annual_semi,7,-67116.52771156892,-67116.52771153266,0.2880051449603553,0.28800514496191765,0,0
0AMS,east,trend,2,-43461.94522266733,-43461.94522267095,0.03060001460117024,0.03060001460114043,3,3
0AMS,east,trend_annual,4,-46391.10244622231,-46391.102446230296,0.013844584487425217,0.013844584487395428,1,1
0AMS,east,trend_annual_semi,6,-46387.395547564054,-46387.395547572116,0.013797201901926393,0.013797201901896459,2,2
0AMS,east,trend_quad_annual_semi,7,-46420.42773371682,-46420.427733724915,0.013644801888609243,0.013644801888579458,0,0
0AMS,north,trend,2,-48456.76149648821,-48456.761494920356,0.007973621712015062,0.007973621715381095,3,3
0AMS,north,trend_annual,4,-48744.54720047809,-48744.54719877661,0.007346512120531423,0.007346512123897062,2,2
0AMS,north,trend_annual_semi,6,-48896.72468674288,-48896.72468496226,0.00702043529624442,0.0070204352996102405,1,1
0AMS,north,trend_quad_annual_semi,7,-48962.12469358872,-48962.12469177231,0.006882644579754651,0.00688264458312074,0,0
0AMS,up,trend,2,-35784.71363989097,-35784.71363992987,0.24179891690414107,0.24179891690160882,3,3
0AMS,up,trend_annual,4,-37378.70740679847,-37378.707406858484,0.15672534133783272,0.15672534133530044,2,2
0AMS,up,trend_annual_semi,6,-37441.87806476492,-37441.87806482623,0.1534016492814534,0.15340164927892105,1,1
0AMS,up,trend_quad_annual_semi,7,-37470.908294448935,-37470.908294510846,0.15187077538258437,0.15187077538005267,0,0
0ANA,east,trend,2,-82160.00566176171,-82160.00566184937,0.04214523183943813,0.042145231838898733,3,3
0ANA,east,trend_annual,4,-87777.63038663627,-87777.63038683576,0.01851037885095388,0.018510378850414726,2,2
0ANA,east,trend_annual_semi,6,-87893.1512262314,-87893.15122643519,0.018153906180940954,0.018153906180400796,1,1
0ANA,east,trend_quad_annual_semi,7,-90162.26170718836,-90162.26170747216,0.013017451408863586,0.013017451408324183,0,0
0ANA,north,trend,2,-86284.30638928068,-86284.30638893503,0.023079527014724592,0.02307952701588937,3,3
0ANA,north,trend_annual,4,-86554.32684061157,-86554.32684025117,0.02213017645389677,0.02213017645506123,2,2
0ANA,north,trend_annual_semi,6,-87340.53669028876,-87340.53668988321,0.019679376080864397,0.019679376082029666,1,1
0ANA,north,trend_quad_annual_semi,7,-87527.21815544047,-87527.21815502344,0.019125546024675418,0.019125546025839945,0,0
0ANA,up,trend,2,-65438.07501627179,-65438.075016234536,0.48426667593769807,0.4842666759403319,3,3
0ANA,up,trend_annual,4,-68773.3389688477,-68773.33896878686,0.2968080932939692,0.29680809329660557,2,2
0ANA,up,trend_annual_semi,6,-68821.75650842124,-68821.75650835986,0.2939581682393872,0.29395816824202187,0,0
0ANA,up,trend_quad_annual_semi,7,-68818.12470678786,-68818.12470672633,0.29373506721983883,0.29373506722247755,1,1
0ANG,east,trend,2,-80857.49538275193,-80857.49538326336,0.03248681660279604,0.03248681660028481,3,3
0ANG,east,trend_annual,4,-85470.15154996693,-85470.1515509966,0.01613479073247674,0.016134790729965647,2,2
0ANG,east,trend_annual_semi,6,-85980.06334355108,-85980.06334466655,0.014898282684611814,0.014898282682099957,0,0
0ANG,east,trend_quad_annual_semi,7,-85972.93828921659,-85972.93829033212,0.01489451762421615,0.014894517621704767,1,1
0ANG,north,trend,2,-82113.63815232688,-82113.63815383302,0.026868913309472213,0.026868913303355536,3,3
0ANG,north,trend_annual,4,-82209.73224373121,-82209.7322452631,0.026411145370321742,0.02641114536420642,2,2
0ANG,north,trend_annual_semi,6,-82366.44746307988,-82366.44746465293,0.025724385715704363,0.02572438570958807,1,1
0ANG,north,trend_quad_annual_semi,7,-84194.4604789827,-84194.46048106012,0.01948817484723491,0.019488174841115605,0,0
0ANG,up,trend,2,-63046.15588722839,-63046.15588736513,0.47962076304760426,0.47962076303769186,3,3
0ANG,up,trend_annual,4,-66106.4474771779,-66106.44747739565,0.3012007967336435,0.30120079672373057,2,2
0ANG,up,trend_annual_semi,6,-66152.32192800967,-66152.3219282295,0.2983251177391353,0.29832511772922266,1,1
0ANG,up,trend_quad_annual_semi,7,-66152.86426008212,-66152.86426030226,0.29790427960265187,0.29790427959273924,0,0
0ANS,east,trend,2,-48452.79007952946,-48452.790079821854,0.0299170542229173,0.029917054220782675,3,3
0ANS,east,trend_annual,4,-53971.27157481165,-53971.271575940686,0.007750373530347878,0.007750373528212586,2,2
0ANS,east,trend_annual_semi,6,-54095.738501787324,-54095.73850295591,0.007488052656988859,0.007488052654853562,1,1
0ANS,east,trend_quad_annual_semi,7,-54143.78326438037,-54143.78326556498,0.007385768588733408,0.007385768586598409,0,0
0ANS,north,trend,2,-52636.68779143048,-52636.687791198994,0.010777577374556885,0.010777577375165678,3,3
0ANS,north,trend_annual,4,-53616.72507502972,-53616.72507473465,0.008450773698306099,0.008450773698914582,2,2
0ANS,north,trend_annual_semi,6,-53753.89320194571,-53753.89320163929,0.008139480564338683,0.008139480564947298,1,1
0ANS,north,trend_quad_annual_semi,7,-53754.65651958219,-53754.6565192751,0.00812146264516551,0.008121462645774104,0,0
0ANS,up,trend,2,-39803.53276837419,-39803.53276836954,0.24691229936098988,0.24691229936127024,3,3
0ANS,up,trend_annual,4,-41554.27237911582,-41554.27237910863,0.1604136007733451,0.1604136007736265,2,2
0ANS,up,trend_annual_semi,6,-41635.802932431776,-41635.80293242438,0.1566165738521822,0.15661657385246475,0,0
0ANS,up,trend_quad_annual_semi,7,-41632.89001916624,-41632.89001915882,0.15641012975145385,0.15641012975173685,1,1
0ARA,east,trend,2,-42336.67496615887,-42336.67496615987,0.016143368469229015,0.016143368469224324,3,3
0ARA,east,trend_annual,4,-45704.991877464774,-45704.991877467466,0.006054170169161087,0.0060541701691563645,2,2
0ARA,east,trend_annual_semi,6,-45774.03342217834,-45774.03342218117,0.005906301798009968,0.005906301798005119,1,1
0ARA,east,trend_quad_annual_semi,7,-45796.92520432658,-45796.92520432944,0.0058534188483961806,0.005853418848391322,0,0
0ARA,north,trend,2,-45950.604008353264,-45950.60400678119,0.0056649451919708015,0.005664945194551411,2,2
0ARA,north,trend_annual,4,-45947.54199232559,-45947.54199074763,0.005643267884222718,0.005643267886803074,3,3
0ARA,north,trend_annual_semi,6,-46112.12148574998,-46112.12148408698,0.005355112642286214,0.005355112644866796,1,1
0ARA,north,trend_quad_annual_semi,7,-46162.6938767147,-46162.69387502309,0.005264766133596867,0.005264766136177556,0,0
0ARA,up,trend,2,-33877.65130488424,-33877.65130470861,0.18729591016576266,0.18729591017529415,3,3
0ARA,up,trend_annual,4,-35645.98099733305,-35645.9809970385,0.1116710810015923,0.11167108101112358,2,2
0ARA,up,trend_annual_semi,6,-35775.04398139857,-35775.04398109163,0.10706518556741623,0.10706518557693884,0,0
0ARA,up,trend_quad_annual_semi,7,-35767.853958229774,-35767.85395792273,0.10703551806694109,0.10703551807646419,1,1
0ARB,east,trend,2,-64105.796193947695,-64105.79619545208,0.04688528669937561,0.046885286686537304,3,3
0ARB,east,trend_annual,4,-70058.92418829101,-70058.92419275186,0.015815652024806323,0.015815652011964814,2,2
0ARB,east,trend_annual_semi,6,-70169.49622912663,-70169.49623369188,0.01545201288713009,0.015452012874290159,1,1
0ARB,east,trend_quad_annual_semi,7,-71408.63285135377,-71408.63285708385,0.012312662968042409,0.012312662955200669,0,0
0ARB,north,trend,2,-72257.95039011464,-72257.9503906743,0.010632074556729786,0.010632074555646728,3,3
0ARB,north,trend_annual,4,-72383.92289836548,-72383.92289893999,0.010358540883652588,0.010358540882569406,2,2
0ARB,north,trend_annual_semi,6,-72712.25791713638,-72712.25791774812,0.009727083144709103,0.009727083143625997,1,1
0ARB,north,trend_quad_annual_semi,7,-72771.90565617086,-72771.90565679023,0.00960697851636407,0.009606978515281,0,0
0ARB,up,trend,2,-53932.13480745518,-53932.1348074648,0.2987122231678868,0.29871222316736334,3,3
0ARB,up,trend_annual,4,-55901.92838629079,-55901.9283863046,0.20805664756224868,0.2080566475617259,2,2
0ARB,up,trend_annual_semi,6,-56012.572323802306,-56012.57232381646,0.20327027448709278,0.2032702744865692,1,1
0ARB,up,trend_quad_annual_semi,7,-56577.7321549449,-56577.73215496059,0.18311246384148763,0.18311246384096458,0,0
0ARD,east,trend,2,-61650.47016730818,-61650.470167226486,0.03669150697943121,0.03669150698000774,3,3
0ARD,east,trend_annual,4,-69829.68754407993,-69829.68754368379,0.007583879383503744,0.0075838793840816,2,2
0ARD,east,trend_annual_semi,6,-69950.72410882355,-69950.72410841654,0.00738501268612244,0.007385012686700571,1,1
0ARD,east,trend_quad_annual_semi,7,-70146.57189723242,-70146.57189680915,0.007100296967434756,0.00710029696801282,0,0
0ARD,north,trend,2,-69268.97460914135,-69268.97460887549,0.008475388552876979,0.008475388553310384,3,3
0ARD,north,trend_annual,4,-69292.04397358703,-69292.04397331916,0.008410136816554246,0.008410136816987587,2,2
0ARD,north,trend_annual_semi,6,-69774.90116863733,-69774.90116834246,0.007639034655975079,0.00763903465640833,1,1
0ARD,north,trend_quad_annual_semi,7,-69857.14014932193,-69857.14014902183,0.007506784915504088,0.007506784915937422,0,0
0ARD,up,trend,2,-52082.00918983607,-52082.009189916615,0.2311317493870591,0.23113174938347877,3,3
0ARD,up,trend_annual,4,-54227.38695506075,-54227.386955182854,0.15248167133543178,0.15248167133185053,2,2
0ARD,up,trend_annual_semi,6,-54350.58259591911,-54350.58259604459,0.1484216021375967,0.148421602134015,0,0
0ARD,up,trend_quad_annual_semi,7,-54343.89680878137,-54343.89680890687,0.14836821438144565,0.14836821437786418,1,1
0ARH,east,trend,2,-18647.005820980394,-18647.00582098532,0.010370616882717966,0.010370616882685327,3,3
0ARH,east,trend_annual,4,-20718.5829973162,-20718.58299733487,0.0027343256459397944,0.0027343256459071803,1,1
0ARH,east,trend_annual_semi,6,-20709.98470896883,-20709.984708987373,0.002723666020662859,0.0027236660206305884,2,2
0ARH,east,trend_quad_annual_semi,7,-20962.526387225284,-20962.52638724727,0.0023069128447795236,0.0023069128447471125,0,0
0ARH,north,trend,2,-20558.796364242527,-20558.796364125446,0.0030568504043572958,0.00305685040458599,3,3
0ARH,north,trend_annual,4,-21100.76014640547,-21100.760146238317,0.002141876233921872,0.0021418762341506407,2,2
0ARH,north,trend_annual_semi,6,-21133.432543424806,-21133.4325432524,0.00207799830796368,0.002077998308192602,0,0
0ARH,north,trend_quad_annual_semi,7,-21126.12256505418,-21126.12256488177,0.0020779376781257966,0.002077937678354713,1,1
0ARH,up,trend,2,-15109.871774869083,-15109.871774861356,0.09939741009559616,0.09939741009608703,3,3
0ARH,up,trend_annual,4,-15985.910540888222,-15985.910540874562,0.05625847509318856,0.05625847509367969,2,2
0ARH,up,trend_annual_semi,6,-16045.738776929264,-16045.738776918428,0.05364174625197714,0.05364174625234856,0,0
0ARH,up,trend_quad_annual_semi,7,-16042.54779907085,-16042.547799060047,0.05349918853639236,0.05349918853676172,1,1
0ARJ,east,trend,2,-128455.83326496898,-128455.83326772624,0.13566315488651004,0.13566315485351294,3,3
0ARJ,east,trend_annual,4,-133544.54408500253,-133544.54408932917,0.08645548373441733,0.08645548370141967,2,2
0ARJ,east,trend_annual_semi,6,-133585.78748105324,-133585.78748540205,0.08599974057479463,0.08599974054180258,1,1
0ARJ,east,trend_quad_annual_semi,7,-137148.3880754206,-137148.38808138223,0.06275558431718932,0.0627555842841859,0,0
0ARJ,north,trend,2,-141067.18428487025,-141067.18428782173,0.044597174740100935,0.04459717472848952,3,3
0ARJ,north,trend_annual,4,-141761.89797540422,-141761.89797854735,0.04187711798194628,0.041877117970335026,2,2
0ARJ,north,trend_annual_semi,6,-142427.36174706195,-142427.3617504003,0.03942455686225637,0.03942455685064615,1,1
0ARJ,north,trend_quad_annual_semi,7,-142492.244693855,-142492.24469721553,0.039167280836547094,0.03916728082493616,0,0
0ARJ,up,trend,2,-94532.44469445413,-94532.44469441361,2.7046047246749647,2.7046047246846308,3,3
0ARJ,up,trend_annual,4,-95526.64067032147,-95526.64067027716,2.473430713439633,2.4734307134493,2,2
0ARJ,up,trend_annual_semi,6,-95536.68213319869,-95536.6821331543,2.4671736913784774,2.4671736913881372,1,1
0ARJ,up,trend_quad_annual_semi,7,-98276.26964561896,-98276.26964556225,1.9359114458867155,1.9359114458963966,0,0
0ART,east,trend,2,-81823.72841717367,-81823.72841691549,0.04972112181666928,0.049721121818526726,3,3
0ART,east,trend_annual,4,-87717.52837634091,-87717.52837573322,0.021137674906721776,0.021137674908580407,2,2
0ART,east,trend_annual_semi,6,-87850.09369882528,-87850.09369820368,0.020683095225091708,0.020683095226951977,1,1
0ART,east,trend_quad_annual_semi,7,-89735.9670086038,-89735.96700778784,0.01572351744993563,0.01572351745179206,0,0
0ART,north,trend,2,-86744.32512946115,-86744.32512931294,0.02439638425611247,0.024396384256635695,3,3
0ART,north,trend_annual,4,-87667.84643049065,-87667.84643032087,0.021290177379737173,0.021290177380260157,2,2
0ART,north,trend_annual_semi,6,-87922.07695772742,-87922.0769575509,0.0204687832915645,0.020468783292087296,1,1
0ART,north,trend_quad_annual_semi,7,-88225.02818404126,-88225.02818385656,0.019565848481046,0.019565848481568896,0,0
0ART,up,trend,2,-66160.74963577226,-66160.7496357517,0.4795334625419327,0.479533462543358,3,3
0ART,up,trend_annual,4,-69463.67780289424,-69463.67780286101,0.2965844056303397,0.2965844056317652,2,2
0ART,up,trend_annual_semi,6,-69574.33523446553,-69574.33523443171,0.29112757587620236,0.29112757587762694,1,1
0ART,up,trend_quad_annual_semi,7,-69575.19284963376,-69575.19284959986,0.29071931135144946,0.29071931135287576,0,0
0ARV,east,trend,2,-81888.7916806817,-81888.79168067446,0.05111628562389714,0.05111628562395043,3,3
0ARV,east,trend_annual,4,-88989.71828778503,-88989.71828776474,0.01830243860534403,0.018302438605397573,2,2
0ARV,east,trend_annual_semi,6,-89002.85641881893,-89002.85641879859,0.01822121918329093,0.018221219183344402,1,1
0ARV,east,trend_quad_annual_semi,7,-89868.84589867751,-89868.84589865441,0.01606055803990717,0.016060558039960662,0,0
0ARV,north,trend,2,-88348.43088025156,-88348.4308811269,0.020127977556937866,0.02012797755439584,3,3
0ARV,north,trend_annual,4,-88593.98734391031,-88593.98734481956,0.019377839153640077,0.019377839151097996,2,2
0ARV,north,trend_annual_semi,6,-89066.5609738944,-89066.5609748705,0.018054510702280157,0.01805451069973754,1,1
0ARV,north,trend_quad_annual_semi,7,-89230.13879564438,-89230.138796645,0.017610911555092826,0.017610911552550366,0,0
0ARV,up,trend,2,-66390.13514340494,-66390.13514323517,0.47830033332115174,0.47830033333286726,3,3
0ARV,up,trend_annual,4,-69156.45528985457,-69156.45528960085,0.32007780327450797,0.32007780328622515,2,2
0ARV,up,trend_annual_semi,6,-69571.99202439246,-69571.99202412234,0.3006836750606687,0.30068367507238636,1,1
0ARV,up,trend_quad_annual_semi,7,-69648.68392584447,-69648.68392557102,0.29699573289523135,0.2969957329069486,0,0
0ASD,east,trend,2,-52601.74779905995,-52601.747798815515,0.08923618803605085,0.08923618804056892,3,3
0ASD,east,trend_annual,4,-58101.9217522313,-58101.921751465125,0.028461400622158302,0.028461400626674904,2,2
0ASD,east,trend_annual_semi,6,-58310.76863171001,-58310.76863090711,0.02716087790593686,0.02716087791045374,1,1
0ASD,east,trend_quad_annual_semi,7,-58380.21076256522,-58380.21076174928,0.02672601787357814,0.02672601787809494,0,0
0ASD,north,trend,2,-60196.01013124135,-60196.01013136326,0.01851024348520603,0.018510243484738627,3,3
0ASD,north,trend_annual,4,-60982.104499862035,-60982.10450000615,0.01567380198607573,0.015673801985607885,2,2
0ASD,north,trend_annual_semi,6,-61016.34862435689,-61016.34862450242,0.015508435310610299,0.01550843531014283,1,1
0ASD,north,trend_quad_annual_semi,7,-61065.078190015134,-61065.07819016249,0.01532574507892772,0.015325745078459962,0,0
0ASD,up,trend,2,-46802.83520524594,-46802.83520516834,0.296600769566866,0.2966007695716327,3,3
0ASD,up,trend_annual,4,-50036.07923293229,-50036.07923278023,0.15128829762370213,0.1512882976284674,2,2
0ASD,up,trend_annual_semi,6,-50102.383108223105,-50102.38310806835,0.14870140876425303,0.1487014087690197,0,0
0ASD,up,trend_quad_annual_semi,7,-50093.96156163234,-50093.961561477576,0.1486995410458959,0.14869954105066277,1,1
0ASE,east,trend,2,-80280.66877038666,-80280.66877039555,0.059049818197110686,0.05904981819703437,3,3
0ASE,east,trend_annual,4,-86054.33876763101,-86054.3387676516,0.02545681003231267,0.0254568100322365,2,2
0ASE,east,trend_annual_semi,6,-86150.42175487218,-86150.42175489316,0.025039538311844304,0.02503953831176791,1,1
0ASE,east,trend_quad_annual_semi,7,-87843.27391455494,-87843.27391458172,0.019554890314338644,0.01955489031426253,0,0
0ASE,north,trend,2,-84383.74431682297,-84383.74431685949,0.032533298663082424,0.032533298662909806,3,3
0ASE,north,trend_annual,4,-85605.00207699729,-85605.0020770413,0.02717412928425468,0.027174129284080924,2,2
0ASE,north,trend_annual_semi,6,-86149.23060345951,-86149.23060350741,0.025043871954495804,0.025043871954321534,1,1
0ASE,north,trend_quad_annual_semi,7,-87773.10116997432,-87773.10117003474,0.019755273737886072,0.019755273737712683,0,0
0ASE,up,trend,2,-66047.23672844784,-66047.2367284964,0.4669828602702294,0.46698286026693503,3,3
0ASE,up,trend_annual,4,-69775.72441911807,-69775.72441920196,0.27097584624836213,0.27097584624505977,2,2
0ASE,up,trend_annual_semi,6,-69863.09384095286,-69863.09384103805,0.2668718176259298,0.26687181762262696,1,1
0ASE,up,trend_quad_annual_semi,7,-69883.363193018,-69883.36319310343,0.2657456787327144,0.26574567872941535,0,0
0AST,east,trend,2,-35475.648051950346,-35475.648052006385,0.02607048918709044,0.026070489186610167,3,3
0AST,east,trend_annual,4,-40389.1402132885,-40389.14021357189,0.005156784851397721,0.005156784850917322,2,2
0AST,east,trend_annual_semi,6,-40443.11017540142,-40443.11017569154,0.005039458646663721,0.0050394586461830985,0,0
0AST,east,trend_quad_annual_semi,7,-40435.63117250681,-40435.631172796995,0.005038562048070663,0.005038562047590017,1,1
0AST,north,trend,2,-40075.88029971352,-40075.88029992611,0.00574634841291836,0.005746348412516773,3,3
0AST,north,trend_annual,4,-40076.064932702946,-40076.06493291667,0.005715780596358622,0.0057157805959570426,2,2
0AST,north,trend_annual_semi,6,-40110.6745729074,-40110.674573124496,0.005621399113755044,0.005621399113353876,1,1
0AST,north,trend_quad_annual_semi,7,-40125.18850148753,-40125.188501706194,0.005579911374444922,0.005579911374043825,0,0
0AST,up,trend,2,-29998.686279693662,-29998.686279811518,0.15778788783396774,0.15778788782785486,3,3
0AST,up,trend_annual,4,-31525.633044848266,-31525.633045043993,0.09501395140867692,0.09501395140256362,2,2
0AST,up,trend_annual_semi,6,-31580.233756987596,-31580.23375718785,0.09283296110623257,0.09283296110012138,0,0
0AST,up,trend_quad_annual_semi,7,-31577.657605078683,-31577.657605279295,0.09266697107420689,0.09266697106809571,1,1
0ATR,east,trend,2,-98871.18881106471,-98871.18881103158,0.0922912869588424,0.09229128695919636,3,3
0ATR,east,trend_annual,4,-103720.59869243306,-103720.59869237534,0.05253670538481171,0.05253670538516278,2,2
0ATR,east,trend_annual_semi,6,-103747.7173460954,-103747.71734603742,0.05226226386072309,0.05226226386107394,1,1
0ATR,east,trend_quad_annual_semi,7,-103943.77794890493,-103943.77794884541,0.05103596354923607,0.051035963549587615,0,0
0ATR,north,trend,2,-107596.25625543052,-107596.25625313153,0.033615493442764335,0.03361549345171003,3,3
0ATR,north,trend_annual,4,-108972.4387670803,-108972.43876437758,0.02860523816371834,0.02860523817266747,2,2
0ATR,north,trend_annual_semi,6,-109520.51583163238,-109520.51582874784,0.02679055137144158,0.026790551380386878,1,1
0ATR,north,trend_quad_annual_semi,7,-110234.49041162839,-110234.49040849195,0.02463959130771693,0.02463959131666239,0,0
0ATR,up,trend,2,-84965.77917862246,-84965.77917865427,0.46153525645343063,0.4615352564517311,3,3
0ATR,up,trend_annual,4,-89681.4769662993,-89681.47696635428,0.26682646736353516,0.266826467361837,2,2
0ATR,up,trend_annual_semi,6,-89879.28488763575,-89879.28488769212,0.2602396730698094,0.2602396730681111,0,0
0ATR,up,trend_quad_annual_semi,7,-89870.2857263871,-89870.28572644346,0.2602377186176878,0.26023771861599,1,1
0ATT,east,trend,2,-27157.365576602235,-27157.365576573808,0.08828710975532311,0.0882871097562749,3,3
0ATT,east,trend_annual,4,-33109.029479586985,-33109.02947931367,0.009185596889854401,0.009185596890806452,2,2
0ATT,east,trend_annual_semi,6,-33405.82636237227,-33405.826362065054,0.008158915265581069,0.008158915266531591,0,0
0ATT,east,trend_quad_annual_semi,7,-33397.97633563767,-33397.97633533045,0.008158830581456004,0.00815883058240655,1,1
0ATT,north,trend,2,-25991.45602184603,-25991.456021818874,0.13737699674571388,0.1373769967471285,3,3
0ATT,north,trend_annual,4,-31364.928400079294,-31364.928399869856,0.017797048633247308,0.017797048634660792,2,2
0ATT,north,trend_annual_semi,6,-31837.589934183226,-31837.58993392767,0.014787999066146583,0.01478799906757973,0,0
0ATT,north,trend_quad_annual_semi,7,-31831.54420395783,-31831.544203702044,0.014777730850657825,0.014777730852091222,1,1
0ATT,up,trend,2,-25373.727907306427,-25373.727907302506,0.17363980504148924,0.17363980504174747,3,3
0ATT,up,trend_annual,4,-27293.42937494131,-27293.42937493313,0.08334775286595808,0.08334775286621665,2,2
0ATT,up,trend_annual_semi,6,-27389.896231674098,-27389.89623166717,0.07987517372947898,0.07987517372968884,1,1
0ATT,up,trend_quad_annual_semi,7,-27512.465334446733,-27512.465334439323,0.07602006520736286,0.07602006520757659,0,0
0ATV,east,trend,2,-47658.544793916255,-47658.54479382754,0.03722042915254592,0.03722042915335015,3,3
0ATV,east,trend_annual,4,-53983.07104099336,-53983.07104057802,0.007944594937272615,0.007944594938076251,2,2
0ATV,east,trend_annual_semi,6,-54088.48308712575,-54088.483086697815,0.007711914143230172,0.0077119141440339205,0,0
0ATV,east,trend_quad_annual_semi,7,-54082.87894445312,-54082.87894402497,0.007706814506078638,0.007706814506882255,1,1
0ATV,north,trend,2,-54212.75566737679,-54212.75566743945,0.007542892596838635,0.007542892596723532,3,3
0ATV,north,trend_annual,4,-54393.39609037518,-54393.39609044101,0.007189048155443017,0.007189048155327763,2,2
0ATV,north,trend_annual_semi,6,-54504.7919569043,-54504.791956972265,0.006968333163685484,0.006968333163570122,1,1
0ATV,north,trend_quad_annual_semi,7,-54548.70489624744,-54548.704896316245,0.006880249232500518,0.006880249232385214,0,0
0ATV,up,trend,2,-40330.174455734246,-40330.174455742555,0.22177276686967035,0.22177276686922187,3,3
0ATV,up,trend_annual,4,-42412.851780901154,-42412.851780915,0.13300314634525462,0.13300314634480626,2,2
0ATV,up,trend_annual_semi,6,-42508.544456669624,-42508.544456683856,0.1294137333947399,0.12941373339429119,0,0
0ATV,up,trend_quad_annual_semi,7,-42500.64725781801,-42500.64725783224,0.1294004017013418,0.12940040170089306,1,1
0AVI,east,trend,2,-14130.753083358917,-14130.753083353926,0.00971830307700154,0.009718303077041768,3,3
0AVI,east,trend_annual,4,-15237.148729917053,-15237.14872990441,0.0038375549086572436,0.003837554908697474,2,2
0AVI,east,trend_annual_semi,6,-15282.268320209232,-15282.268320195537,0.003653393821669849,0.0036533938217113383,0,0
0AVI,east,trend_quad_annual_semi,7,-15279.239882226413,-15279.239882212662,0.003641095341546361,0.003641095341587881,1,1
0AVI,north,trend,2,-14657.845338769903,-14657.845338741807,0.006277380450702519,0.006277380450848759,3,3
0AVI,north,trend_annual,4,-15107.708288309752,-15107.708288268495,0.004272357591434076,0.004272357591580229,1,1
0AVI,north,trend_annual_semi,6,-15113.334801750158,-15113.334801707246,0.0042027290751384455,0.004202729075287988,0,0
0AVI,north,trend_quad_annual_semi,7,-15106.239851026301,-15106.239850983384,0.0042027286790733065,0.004202728679222869,2,2
0AVI,up,trend,2,-11738.408180682593,-11738.408180679373,0.07064824469221866,0.0706482446924073,3,3
0AVI,up,trend_annual,4,-12497.75010301937,-12497.750103013252,0.037200054869411914,0.03720005486960061,2,2
0AVI,up,trend_annual_semi,6,-12524.379387080193,-12524.37938707362,0.03596201683812294,0.035962016838318955,0,0
0AVI,up,trend_quad_annual_semi,7,-12518.499869725301,-12518.499869718726,0.0359257883969113,0.03592578839710721,1,1
0AZ1,east,trend,2,-32749.59983132806,-32749.5998315119,0.0199208495086334,0.01992084950730985,3,3
0AZ1,east,trend_annual,4,-36895.01762906577,-36895.017629892995,0.004427676772517208,0.004427676771193505,2,2
0AZ1,east,trend_annual_semi,6,-36936.54831231405,-36936.54831315835,0.004336801666757579,0.004336801665434284,1,1
0AZ1,east,trend_quad_annual_semi,7,-37059.572867482144,-37059.57286836734,0.004136340596544021,0.004136340595220769,0,0
0AZ1,north,trend,2,-36921.85864126568,-36921.85863832274,0.0044101257976520035,0.004410125802342556,3,3
0AZ1,north,trend_annual,4,-36951.867673140565,-36951.867670148444,0.004337635060258792,0.0043376350649493205,2,2
0AZ1,north,trend_annual_semi,6,-37037.8711674037,-37037.87116430069,0.004180867774016904,0.004180867778705463,1,1
0AZ1,north,trend_quad_annual_semi,7,-37043.036233233375,-37043.03623011576,0.00416113494236523,0.004161134947053644,0,0
0AZ1,up,trend,2,-27488.282066091273,-27488.282066087002,0.13338223138841993,0.13338223138862584,3,3
0AZ1,up,trend_annual,4,-29089.88822626233,-29089.888226254654,0.07434127167998959,0.07434127168019586,2,2
0AZ1,up,trend_annual_semi,6,-29191.10225621741,-29191.102256210062,0.07126167697861298,0.07126167697880213,1,1
0AZ1,up,trend_quad_annual_semi,7,-29193.91918543221,-29193.91918542483,0.07098555092923155,0.07098555092942087,0,0
0BAS,east,trend,2,-75750.67540433856,-75750.67540431165,0.22365338766740642,0.2236533876682318,3,3
0BAS,east,trend_annual,4,-88079.35197347708,-88079.35197333139,0.041128985572015046,0.04112898557283687,2,2
0BAS,east,trend_annual_semi,6,-89872.83307057992,-89872.8330703931,0.03208176105324076,0.0320817610540628,1,1
0BAS,east,trend_quad_annual_semi,7,-90235.20621670091,-90235.20621650468,0.030489011195164728,0.03048901119598539,0,0
0BAS,north,trend,2,-90907.87675167157,-90907.87675154668,0.0279720418998353,0.027972041900314496,3,3
0BAS,north,trend_annual,4,-91732.1011721647,-91732.10117202444,0.024921200110091003,0.024921200110570405,2,2
0BAS,north,trend_annual_semi,6,-92252.08680922467,-92252.08680907381,0.02314919914867836,0.023149199149157345,1,1
0BAS,north,trend_quad_annual_semi,7,-92503.56279893864,-92503.56279878218,0.02233710020261572,0.022337100203095067,0,0
0BAS,up,trend,2,-68011.27145878588,-68011.27145852461,0.6465163566133622,0.6465163566365297,3,3
0BAS,up,trend_annual,4,-72847.72235112413,-72847.72235061579,0.33222529122068756,0.3322252912438512,2,2
0BAS,up,trend_annual_semi,6,-72942.16232567224,-72942.16232515596,0.3271505772380067,0.3271505772611721,1,1
0BAS,up,trend_quad_annual_semi,7,-73043.15698138782,-73043.15698086358,0.3222567761572163,0.32225677618038706,0,0
0BEB,east,trend,2,-27019.444158300215,-27019.44415830308,0.05345760349143464,0.053457603491373795,3,3
0BEB,east,trend_annual,4,-32619.6591566408,-32619.65915666754,0.005721094229774525,0.00572109422971364,2,2
0BEB,east,trend_annual_semi,6,-32878.64071684838,-32878.64071687834,0.005128803376376594,0.005128803376315452,1,1
0BEB,east,trend_quad_annual_semi,7,-33038.54240216993,-33038.54240220197,0.004797654153256068,0.004797654153194889,0,0
0BEB,north,trend,2,-29699.732861045883,-29699.73286102536,0.018399427702496585,0.018399427702646853,3,3
0BEB,north,trend_annual,4,-32480.159700572953,-32480.159700510485,0.006047658731331545,0.006047658731481879,1,1
0BEB,north,trend_annual_semi,6,-32464.840016358146,-32464.84001629565,0.006046843493396367,0.006046843493546747,2,2
0BEB,north,trend_quad_annual_semi,7,-32572.771778149214,-32572.771778083832,0.005774614718696565,0.005774614718846807,0,0
0BEB,up,trend,2,-24142.6225496437,-24142.622549651875,0.16794972705345942,0.1679497270529131,3,3
0BEB,up,trend_annual,4,-25618.938956995833,-25618.93895701063,0.09275503594665667,0.09275503594611059,2,2
0BEB,up,trend_annual_semi,6,-25675.836598199923,-25675.836598214457,0.09011527547943973,0.0901152754789186,0,0
0BEB,up,trend_quad_annual_semi,7,-25670.815668823867,-25670.815668838415,0.09001462698721312,0.09001462698669196,1,1
0BEF,east,trend,2,-53087.23318161918,-53087.23318158762,0.034029051241572184,0.03402905124181069,3,3
0BEF,east,trend_annual,4,-59104.52368989124,-59104.52368977083,0.008910170690968796,0.008910170691207055,2,2
0BEF,east,trend_annual_semi,6,-59143.238385508674,-59143.238385386714,0.00880094821131451,0.008800948211552872,1,1
0BEF,east,trend_quad_annual_semi,7,-59235.36124597877,-59235.36124585412,0.008606632785722598,0.00860663278596085,0,0
0BEF,north,trend,2,-58830.88830889442,-58830.888308477784,0.00950385159008935,0.009503851590968667,3,3
0BEF,north,trend_annual,4,-58941.13606259422,-58941.13606216575,0.009239405749014575,0.009239405749893714,2,2
0BEF,north,trend_annual_semi,6,-59025.0447581932,-59025.044757754964,0.009035011699737737,0.009035011700617027,1,1
0BEF,north,trend_quad_annual_semi,7,-59027.632688771795,-59027.632688332524,0.009012966905032675,0.009012966905911886,0,0
0BEF,up,trend,2,-45043.7494809909,-45043.749481072,0.20305250625513604,0.20305250625147864,3,3
0BEF,up,trend_annual,4,-47132.79203752329,-47132.79203765276,0.12720574333649698,0.12720574333283968,2,2
0BEF,up,trend_annual_semi,6,-47336.23840266617,-47336.23840280212,0.12113301279074296,0.12113301278708591,1,1
0BEF,up,trend_quad_annual_semi,7,-47336.98222929655,-47336.98222943278,0.12088695317681555,0.120886953173158,0,0
0BEN,east,trend,2,-14749.659719173016,-14749.659719172527,0.010166642098919387,0.010166642098923333,3,3
0BEN,east,trend_annual,4,-16446.07579363286,-16446.07579363095,0.0026125881296026436,0.002612588129606602,2,2
0BEN,east,trend_annual_semi,6,-16467.876748193903,-16467.87674819216,0.002538785935577781,0.0025387859355812934,1,1
0BEN,east,trend_quad_annual_semi,7,-16468.553860046628,-16468.55386004487,0.002523075349878519,0.0025230753498820444,0,0
0BEN,north,trend,2,-15856.70569098721,-15856.70569095693,0.004219877936280116,0.004219877936381613,3,3
0BEN,north,trend_annual,4,-16212.55371554972,-16212.553715509084,0.003145030352800186,0.003145030352901694,2,2
0BEN,north,trend_annual_semi,6,-16223.024324653385,-16223.024324613145,0.0030838155938632127,0.0030838155939617784,0,0
0BEN,north,trend_quad_annual_semi,7,-16220.85315099628,-16220.853150955829,0.003071673554323485,0.0030716735544221753,1,1
0BEN,up,trend,2,-12197.513979189791,-12197.513979183812,0.07718717350634446,0.077187173506711,3,3
0BEN,up,trend_annual,4,-12938.164824389174,-12938.164824378277,0.04237713715936546,0.04237713715973224,2,2
0BEN,up,trend_annual_semi,6,-12961.328407161622,-12961.328407150922,0.04113549306401406,0.041135493064363635,1,1
0BEN,up,trend_quad_annual_semi,7,-12970.712387165328,-12970.712387154463,0.04059919225951071,0.04059919225986104,0,0
0BER,east,trend,2,-33116.14928137803,-33116.14928179744,0.021283595699909053,0.021283595696732282,3,3
0BER,east,trend_annual,4,-35274.48261666481,-35274.48261757391,0.009817775328402072,0.009817775325225814,2,2
0BER,east,trend_annual_semi,6,-35295.53459468273,-35295.53459560325,0.00968957756671895,0.009689577563544778,1,1
0BER,east,trend_quad_annual_semi,7,-35604.07463867147,-35604.07463970178,0.008657483968776535,0.008657483965602198,0,0
0BER,north,trend,2,-33808.08925458031,-33808.089254581384,0.016638089876258987,0.01663808987625262,2,2
0BER,north,trend_annual,4,-33803.349094543824,-33803.349094544894,0.01657225005297985,0.016572250052973532,3,3
0BER,north,trend_annual_semi,6,-33865.895514615186,-33865.89551461606,0.01611610666818236,0.016116106668177338,1,1
0BER,north,trend_quad_annual_semi,7,-34648.683998905035,-34648.68399890611,0.012163270725818402,0.012163270725813732,0,0
0BER,up,trend,2,-27061.3184730205,-27061.318473037394,0.18358553340169825,0.18358553340059464,3,3
0BER,up,trend_annual,4,-28295.19836856562,-28295.198368591944,0.11767488392430328,0.11767488392320075,2,2
0BER,up,trend_annual_semi,6,-28369.781268515064,-28369.781268541985,0.11394680642358569,0.11394680642249408,1,1
0BER,up,trend_quad_annual_semi,7,-28456.704568187117,-28456.70456821494,0.11016422570245551,0.11016422570136472,0,0
0BIE,east,trend,2,-100333.96457693444,-100333.96457590036,0.10253024875041342,0.10253024876241923,3,3
0BIE,east,trend_annual,4,-112135.44978899485,-112135.44978505069,0.02688933961176699,0.026889339623776515,2,2
0BIE,east,trend_annual_semi,6,-112427.06440596822,-112427.0644018831,0.025962429050944442,0.02596242906295436,1,1
0BIE,east,trend_quad_annual_semi,7,-114672.3565752411,-114672.35656996918,0.02011308097925986,0.020113080991266945,0,0
0BIE,north,trend,2,-103781.6892263504,-103781.6892264816,0.06939024435223395,0.069390244351203,3,3
0BIE,north,trend_annual,4,-104464.2433865798,-104464.2433867218,0.06409701732177528,0.06409701732074448,2,2
0BIE,north,trend_annual_semi,6,-104533.08093298657,-104533.08093313014,0.06346858670473157,0.06346858670369983,1,1
0BIE,north,trend_quad_annual_semi,7,-105372.45894599037,-105372.45894614782,0.05765443505292373,0.057654435051895825,0,0
0BIE,up,trend,2,-83967.68993605176,-83967.68993605961,0.6542131512090292,0.6542131512084475,3,3
0BIE,up,trend_annual,4,-87774.8045884304,-87774.80458844229,0.4242264835900582,0.424226483589487,2,2
0BIE,up,trend_annual_semi,6,-87822.64213037158,-87822.64213038392,0.4210673149541146,0.42106731495352584,1,1
0BIE,up,trend_quad_annual_semi,7,-88148.4700488519,-88148.47004886465,0.4053974363088192,0.40539743630823366,0,0
0BIP,east,trend,2,-48114.42160209063,-48114.42160204961,0.03846957628684033,0.03846957628722031,3,3
0BIP,east,trend_annual,4,-54007.14192971686,-54007.14192954638,0.009271530677094781,0.00927153067747538,2,2
0BIP,east,trend_annual_semi,6,-54046.499402452304,-54046.499402279514,0.009147304887672212,0.009147304888052779,1,1
0BIP,east,trend_quad_annual_semi,7,-54047.13570011938,-54047.13569994622,0.009127573738344247,0.009127573738724835,0,0
0BIP,north,trend,2,-52790.785250798646,-52790.785250780915,0.012476502549695368,0.012476502549748632,3,3
0BIP,north,trend_annual,4,-53678.39400642666,-53678.39400640466,0.010035287495470283,0.010035287495523439,2,2
0BIP,north,trend_annual_semi,6,-53745.75341794533,-53745.753417922875,0.009834295828099693,0.009834295828152855,1,1
0BIP,north,trend_quad_annual_semi,7,-53813.25886627651,-53813.25886625363,0.009656343597953192,0.00965634359800639,0,0
0BIP,up,trend,2,-40503.66288190622,-40503.662881989556,0.24043762501533883,0.2404376250105141,3,3
0BIP,up,trend_annual,4,-42349.91478598595,-42349.91478611649,0.15352904531675546,0.15352904531192946,2,2
0BIP,up,trend_annual_semi,6,-42439.7899906248,-42439.78999075864,0.14964059952521486,0.14964059952039213,0,0
0BIP,up,trend_quad_annual_semi,7,-42433.79778285175,-42433.79778298566,0.14955633094357565,0.14955633093875312,1,1
0BIS,east,trend,2,-65893.80056919158,-65893.80056930013,0.049152343770827576,0.04915234376988421,3,3
0BIS,east,trend_annual,4,-72343.65903259578,-72343.65903293577,0.015666306614417848,0.01566630661347612,2,2
0BIS,east,trend_annual_semi,6,-72417.81571200414,-72417.81571234962,0.015415073793212905,0.015415073792271299,1,1
0BIS,east,trend_quad_annual_semi,7,-73043.68407070094,-73043.68407108755,0.013779232029230494,0.013779232028288615,0,0
0BIS,north,trend,2,-68567.13222189303,-68567.13222153837,0.03063889929331182,0.030638899295233047,3,3
0BIS,north,trend_annual,4,-71767.61683922018,-71767.61683859384,0.017345941261223408,0.01734594126314425,2,2
0BIS,north,trend_annual_semi,6,-72267.24761944343,-72267.24761875713,0.015830948632070824,0.01583094863399173,0,0
0BIS,north,trend_quad_annual_semi,7,-72259.20814321868,-72259.20814253225,0.015829266554443118,0.015829266556364224,1,1
0BIS,up,trend,2,-55646.462702226345,-55646.46270219311,0.3008731213975683,0.30087312139933625,3,3
0BIS,up,trend_annual,4,-59174.34476767392,-59174.34476761179,0.16075666073798814,0.1607566607397544,2,2
0BIS,up,trend_annual_semi,6,-59401.363900513934,-59401.36390044902,0.15396090625155254,0.15396090625331954,1,1
0BIS,up,trend_quad_annual_semi,7,-59406.83591624283,-59406.83591617774,0.15357723174564747,0.1535772317474149,0,0
0BJA,east,trend,2,-39758.55621752724,-39758.556217565216,0.03382874150448335,0.03382874150411097,3,3
0BJA,east,trend_annual,4,-40680.73518337776,-40680.73518342766,0.0257700105824536,0.02577001058208071,1,1
0BJA,east,trend_annual_semi,6,-40672.413279773384,-40672.41327982329,0.025710531286280237,0.025710531285908184,2,2
0BJA,east,trend_quad_annual_semi,7,-43051.30404415453,-43051.30404425422,0.012868795281312186,0.012868795280940235,0,0
0BJA,north,trend,2,-44123.600535078294,-44123.600535591955,0.009542101124038697,0.009542101122617587,3,3
0BJA,north,trend_annual,4,-44358.79874187166,-44358.79874242398,0.008871083572793578,0.008871083571372979,2,2
0BJA,north,trend_annual_semi,6,-44616.99538943501,-44616.995390032935,0.008192442217375688,0.008192442215955458,1,1
0BJA,north,trend_quad_annual_semi,7,-45239.361641010975,-45239.36164172875,0.00682370058271284,0.006823700581292759,0,0
0BJA,up,trend,2,-34331.010852724656,-34331.01085272105,0.1631986987580721,0.16319869875824297,3,3
0BJA,up,trend_annual,4,-35999.67408010701,-35999.67408010113,0.10012647516316853,0.1001264751633392,2,2
0BJA,up,trend_annual_semi,6,-36071.83032436618,-36071.83032436022,0.09759142451979298,0.09759142451996167,1,1
0BJA,up,trend_quad_annual_semi,7,-36164.37103341687,-36164.37103341072,0.09478362454214741,0.09478362454231644,0,0
0BJO,east,trend,2,-104990.01752173726,-104990.01752165933,0.06060502463303976,0.06060502463357448,3,3
0BJO,east,trend_annual,4,-115847.66112764746,-115847.66112738027,0.017689433641879002,0.01768943364241414,2,2
0BJO,east,trend_annual_semi,6,-116190.24637910277,-116190.24637882435,0.01698143777438074,0.016981437774916043,1,1
0BJO,east,trend_quad_annual_semi,7,-116374.21367070236,-116374.21367041788,0.016614278020707657,0.016614278021242837,0,0
0BJO,north,trend,2,-105887.68855352778,-105887.68855046922,0.0547479172590973,0.05474791727805679,3,3
0BJO,north,trend_annual,4,-105908.73433842754,-105908.73433535516,0.05450535079563147,0.054505350814592145,2,2
0BJO,north,trend_annual_semi,6,-105980.1879659589,-105980.18796285591,0.05395503510287692,0.05395503512183325,1,1
0BJO,north,trend_quad_annual_semi,7,-107825.64392625842,-107825.6439224295,0.043735982409963486,0.04373598242892417,0,0
0BJO,up,trend,2,-84788.95601126051,-84788.9560112252,0.5968320047258162,0.5968320047282033,3,3
0BJO,up,trend_annual,4,-90629.6760274156,-90629.67602734712,0.30743531824810616,0.30743531825049,2,2
0BJO,up,trend_annual_semi,6,-90929.27792436778,-90929.27792429675,0.2965704669138356,0.2965704669162206,0,0
0BJO,up,trend_quad_annual_semi,7,-90920.19314873492,-90920.19314866391,0.29657042120815136,0.29657042121053573,1,1
0BJU,east,trend,2,-84618.31042801919,-84618.31042800481,0.06379655671122712,0.06379655671135337,3,3
0BJU,east,trend_annual,4,-87844.25825489745,-87844.258254875,0.040831652040694416,0.040831652040820385,2,2
0BJU,east,trend_annual_semi,6,-87905.12902928524,-87905.12902926262,0.04039221874792648,0.040392218748052156,1,1
0BJU,east,trend_quad_annual_semi,7,-88479.47361321622,-88479.47361319164,0.037277916335480915,0.037277916335607,0,0
0BJU,north,trend,2,-93306.27208472049,-93306.2720811234,0.019307467676694126,0.0193074676862485,3,3
0BJU,north,trend_annual,4,-93485.2291117237,-93485.229108028,0.01879190810341031,0.018791908112964516,2,2
0BJU,north,trend_annual_semi,6,-94001.47679497467,-94001.47679099742,0.017460820127380698,0.017460820136934434,1,1
0BJU,north,trend_quad_annual_semi,7,-94052.10846002841,-94052.10845601854,0.017318424011004717,0.01731842402055826,0,0
0BJU,up,trend,2,-70366.56800820975,-70366.56800816521,0.453193242776459,0.453193242779236,3,3
0BJU,up,trend_annual,4,-74148.7659604641,-74148.76596038898,0.26868867182279726,0.26868867182557343,2,2
0BJU,up,trend_annual_semi,6,-74479.53686354404,-74479.53686346527,0.25610887672475735,0.2561088767275327,1,1
0BJU,up,trend_quad_annual_semi,7,-74499.93200347888,-74499.93200339976,0.255079100032077,0.25507910003485323,0,0
0BKI,east,trend,2,-57691.10862705139,-57691.1086290948,0.017222796882658473,0.017222796875035928,3,3
0BKI,east,trend_annual,4,-61909.373482119794,-61909.373487233235,0.006882220337552337,0.0068822203299301115,2,2
0BKI,east,trend_annual_semi,6,-61917.30435883665,-61917.30436397789,0.006845343205071611,0.006845343197448995,1,1
0BKI,east,trend_quad_annual_semi,7,-61956.765171208484,-61956.76517640295,0.006774694410299169,0.006774694402677135,0,0
0BKI,north,trend,2,-52406.66297066201,-52406.66297067908,0.0540979631292587,0.05409796312905869,3,3
0BKI,north,trend_annual,4,-58716.6211884641,-58716.62118853129,0.01374207491299817,0.013742074912798188,2,2
0BKI,north,trend_annual_semi,6,-59701.76693830853,-59701.76693839204,0.011061092294127394,0.011061092293927342,1,1
0BKI,north,trend_quad_annual_semi,7,-59814.572636612524,-59814.57263669825,0.010774406823850072,0.010774406823650029,0,0
0BKI,up,trend,2,-45191.823317792965,-45191.82331776034,0.2581303937151327,0.2581303937169566,3,3
0BKI,up,trend_annual,4,-47652.23886363982,-47652.23886358386,0.15094361697988015,0.15094361698170944,2,2
0BKI,up,trend_annual_semi,6,-47753.84563996799,-47753.84563991058,0.14711937022595006,0.14711937022777954,0,0
0BKI,up,trend_quad_annual_semi,7,-47753.53712313112,-47753.53712307358,0.14686057041063735,0.14686057041246758,1,1
0BLA,east,trend,2,-95125.674062654,-95125.67406215618,0.044885550123066435,0.04488555012590247,3,3
0BLA,east,trend_annual,4,-100833.08359335332,-100833.08359232344,0.021703119540575647,0.02170311954341249,2,2
0BLA,east,trend_annual_semi,6,-100987.51706088283,-100987.51705982957,0.021233453418555835,0.021233453421394318,1,1
0BLA,east,trend_quad_annual_semi,7,-101754.7210897085,-101754.72108854725,0.019241433282254798,0.019241433285090717,0,0
0BLA,north,trend,2,-102590.36050244767,-102590.36050112365,0.01740400679954527,0.017404006802469882,3,3
0BLA,north,trend_annual,4,-102936.220069543,-102936.22006815669,0.01661866799744011,0.01661866800036413,2,2
0BLA,north,trend_annual_semi,6,-103563.8872865724,-103563.88728506664,0.015311220056941051,0.015311220059867191,1,1
0BLA,north,trend_quad_annual_semi,7,-105084.31507364214,-105084.31507181372,0.012609808978971071,0.012609808981897331,0,0
0BLA,up,trend,2,-76232.55669098329,-76232.55669103145,0.4937473503548964,0.49374735035187756,3,3
0BLA,up,trend_annual,4,-80478.68519776316,-80478.68519784584,0.2873868819629938,0.2873868819599774,2,2
0BLA,up,trend_annual_semi,6,-80617.86580282735,-80617.8658029117,0.28171252566342886,0.2817125256604129,0,0
0BLA,up,trend_quad_annual_semi,7,-80609.51504487042,-80609.51504495475,0.28169031568150593,0.2816903156784912,1,1
0BLG,east,trend,2,-7111.0334941346655,-7111.03349414411,0.009554032152332291,0.00955403215219153,3,3
0BLG,east,trend_annual,4,-7863.050057674568,-7863.050057705706,0.002896795294044353,0.0028967952939036312,2,2
0BLG,east,trend_annual_semi,6,-7879.435903515468,-7879.435903548121,0.002767312560190901,0.002767312560049935,1,1
0BLG,east,trend_quad_annual_semi,7,-7929.687024687291,-7929.687024722959,0.0025329864973062588,0.0025329864971653155,0,0
0BLG,north,trend,2,-7396.485708335282,-7396.485708344038,0.00612047686866569,0.006120476868582078,3,3
0BLG,north,trend_annual,4,-7523.209789173514,-7523.209789184377,0.004922305806989873,0.004922305806906462,2,2
0BLG,north,trend_annual_semi,6,-7626.800089645234,-7626.800089658314,0.0041041731155139136,0.004104173115430171,1,1
0BLG,north,trend_quad_annual_semi,7,-7891.28372750107,-7891.283727521053,0.002689379721886713,0.0026893797218028705,0,0
0BLG,up,trend,2,-6017.902177398279,-6017.902177402536,0.05257897623628438,0.05257897623593523,3,3
0BLG,up,trend_annual,4,-6379.14994375723,-6379.149943764859,0.029329147938475672,0.029329147938126597,2,2
0BLG,up,trend_annual_semi,6,-6476.546016495147,-6476.546016504411,0.024691830056151408,0.02469183005579452,0,0
0BLG,up,trend_quad_annual_semi,7,-6471.213742828681,-6471.213742837963,0.02464831083965239,0.024648310839295424,1,1
0BLI,east,trend,2,-60647.979803868744,-60647.97980466525,0.01905362996590907,0.019053629962794062,3,3
0BLI,east,trend_annual,4,-65301.8704995175,-65301.870501595826,0.00730485951439371,0.00730485951127756,2,2
0BLI,east,trend_annual_semi,6,-65324.89695498372,-65324.896957078825,0.0072451174787216775,0.007245117475606062,1,1
0BLI,east,trend_quad_annual_semi,7,-65778.13431972824,-65778.1343220326,0.006590016851311006,0.006590016848194061,0,0
0BLI,north,trend,2,-64464.546923031885,-64464.54692267598,0.008704934053743592,0.008704934054379505,3,3
0BLI,north,trend_annual,4,-64954.195654752395,-64954.195654357136,0.007845198161316524,0.007845198161952985,2,2
0BLI,north,trend_annual_semi,6,-65224.90382618196,-65224.90382576282,0.007395353014950307,0.007395353015586543,1,1
0BLI,north,trend_quad_annual_semi,7,-65442.4223931709,-65442.42239273205,0.007060121736458597,0.007060121737094546,0,0
0BLI,up,trend,2,-47833.36209291008,-47833.362092943345,0.26441392781875556,0.26441392781694995,3,3
0BLI,up,trend_annual,4,-49555.4611889611,-49555.46118900862,0.1850380406459443,0.18503804064413892,2,2
0BLI,up,trend_annual_semi,6,-49590.99576125485,-49590.99576130293,0.18305415880158932,0.18305415879978312,1,1
0BLI,up,trend_quad_annual_semi,7,-49689.8895673465,-49689.88956739564,0.1790635532843949,0.17906355328258905,0,0
0BMO,east,trend,2,-18753.402990552422,-18753.402990579678,0.06921367317136638,0.06921367317034216,3,3
0BMO,east,trend_annual,4,-22523.95814545605,-22523.958145668865,0.008864416682595983,0.00886441668157184,2,2
0BMO,east,trend_annual_semi,6,-23213.00036292149,-23213.00036322797,0.006048490558741782,0.0060484905577354135,1,1
0BMO,east,trend_quad_annual_semi,7,-23278.179430183343,-23278.17943050228,0.005814425816987713,0.0058144258159809545,0,0
0BMO,north,trend,2,-21454.089023813645,-21454.08902390615,0.015975047079712333,0.015975047078910093,3,3
0BMO,north,trend_annual,4,-23852.2222762855,-23852.22227662836,0.0043100360167871304,0.004310036015984892,2,2
0BMO,north,trend_annual_semi,6,-24101.63452165848,-24101.634522054053,0.0037336256238247184,0.003733625623022916,1,1
0BMO,north,trend_quad_annual_semi,7,-24149.087225878266,-24149.08722628579,0.003623848215881219,0.003623848215079478,0,0
0BMO,up,trend,2,-17790.504041511183,-17790.50404153254,0.1167394905563228,0.11673949055496918,3,3
0BMO,up,trend_annual,4,-18780.136973576125,-18780.13697361297,0.06766177137521032,0.06766177137385686,2,2
0BMO,up,trend_annual_semi,6,-18808.45990475734,-18808.459904795607,0.06608763297464722,0.06608763297327426,1,1
0BMO,up,trend_quad_annual_semi,7,-18833.721010168825,-18833.72101020772,0.0649219588590065,0.06492195885763574,0,0
0BOD,east,trend,2,-72582.38593769088,-72582.38593774402,0.02708384121079743,0.027083841210553752,3,3
0BOD,east,trend_annual,4,-76895.84606762312,-76895.8460677336,0.01300903913290733,0.013009039132664001,2,2
0BOD,east,trend_annual_semi,6,-77112.91304421506,-77112.91304433002,0.012502769159888311,0.012502769159644935,1,1
0BOD,east,trend_quad_annual_semi,7,-77323.22055089877,-77323.22055101827,0.012047663042254759,0.012047663042010971,0,0
0BOD,north,trend,2,-75313.95660437098,-75313.95660670758,0.017054763562068503,0.017054763555321054,3,3
0BOD,north,trend_annual,4,-75477.34130998675,-75477.34131239563,0.01654071170201593,0.016540711695269467,2,2
0BOD,north,trend_annual_semi,6,-75895.02746059372,-75895.027463187,0.015366068452432411,0.015366068445685294,0,0
0BOD,north,trend_quad_annual_semi,7,-75893.15411596355,-75893.15411856044,0.015348359606686991,0.015348359599938233,1,1
0BOD,up,trend,2,-57282.52334731731,-57282.523347361566,0.3612245776132287,0.36122457761052174,3,3
0BOD,up,trend_annual,4,-59790.22277184998,-59790.22277191784,0.23555801154603906,0.23555801154333217,2,2
0BOD,up,trend_annual_semi,6,-59870.34605862149,-59870.34605869054,0.23170155672499299,0.23170155672228387,0,0
0BOD,up,trend_quad_annual_semi,7,-59867.684376051715,-59867.68437612081,0.23146542308727364,0.2314654230845656,1,1
0BOS,east,trend,2,-20797.60083709007,-20797.600837089398,0.08388892436431564,0.08388892436434298,3,3
0BOS,east,trend_annual,4,-23142.19869073896,-23142.198690736845,0.02666562240285266,0.02666562240288005,2,2
0BOS,east,trend_annual_semi,6,-24507.40916668967,-24507.4091666838,0.013638796910591196,0.013638796910630106,1,1
0BOS,east,trend_quad_annual_semi,7,-24701.14432140529,-24701.144321398842,0.012368104087044939,0.012368104087083677,0,0
0BOS,north,trend,2,-20546.80803526924,-20546.80803525052,0.0947552073339915,0.09475520733485304,3,3
0BOS,north,trend_annual,4,-22531.683100990238,-22531.683100940798,0.03586944840215104,0.03586944840301237,2,2
0BOS,north,trend_annual_semi,6,-24088.69615543284,-24088.696155324553,0.016714488297492315,0.016714488298371348,1,1
0BOS,north,trend_quad_annual_semi,7,-24747.897823247156,-24747.897823097428,0.012090427335511553,0.012090427336390742,0,0
0BOS,up,trend,2,-19520.229866341786,-19520.22986634547,0.1560033915414033,0.15600339154112391,3,3
0BOS,up,trend_annual,4,-20133.447847392017,-20133.447847397023,0.11496677810341001,0.11496677810313072,2,2
0BOS,up,trend_annual_semi,6,-20312.80997916623,-20312.809979172853,0.10459759681736769,0.10459759681703126,0,0
0BOS,up,trend_quad_annual_semi,7,-20305.190784850904,-20305.190784857525,0.10459704912202539,0.10459704912168902,1,1
0BOT,east,trend,2,-6841.758266321976,-6841.758266324781,0.0038240617181014716,0.003824061718082816,3,3
0BOT,east,trend_annual,4,-7790.043056320299,-7790.04305633521,0.0007189381400448517,0.0007189381400262082,0,0
0BOT,east,trend_annual_semi,6,-7785.375678119901,-7785.3756781350385,0.0007089537847769115,0.0007089537847582457,2,2
0BOT,east,trend_quad_annual_semi,7,-7787.854294531157,-7787.854294546535,0.0006981462619606795,0.0006981462619420095,1,1
0BOT,north,trend,2,-7656.841960992094,-7656.84196099224,0.0009266088772722346,0.0009266088772719992,2,2
0BOT,north,trend_annual,4,-7668.089150838543,-7668.089150838697,0.0008887971809613169,0.0008887971809610785,0,0
0BOT,north,trend_annual_semi,6,-7659.199386185228,-7659.199386185386,0.000882913619967801,0.0008829136199675578,1,1
0BOT,north,trend_quad_annual_semi,7,-7653.102215162608,-7653.102215162765,0.0008825187786877815,0.0008825187786875398,3,3
0BOT,up,trend,2,-5598.368796012813,-5598.368796013915,0.03323919011212915,0.03323919011206545,3,3
0BOT,up,trend_annual,4,-5729.625555738621,-5729.625555740035,0.025877007226787336,0.025877007226723703,0,0
0BOT,up,trend_annual_semi,6,-5719.767751342,-5719.767751343449,0.025749022714166157,0.025749022714101268,1,1
0BOT,up,trend_quad_annual_semi,7,-5713.423529377185,-5713.423529378637,0.025748568278108508,0.025748568278043515,2,2
0BRA,east,trend,2,-30920.805395725984,-30920.8053956175,0.013520132885257727,0.0135201328858336,3,3
0BRA,east,trend_annual,4,-32446.207103951383,-32446.207103752684,0.007382558075231733,0.007382558075807663,2,2
0BRA,east,trend_annual_semi,6,-32460.57099858699,-32460.570998386094,0.007295971208765936,0.00729597120934142,1,1
0BRA,east,trend_quad_annual_semi,7,-32858.12897971537,-32858.12897947997,0.006222392021270725,0.006222392021845836,0,0
0BRA,north,trend,2,-29371.512259637086,-29371.51225963792,0.024840154092427506,0.02484015409241938,3,3
0BRA,north,trend_annual,4,-29620.531631220507,-29620.531631221435,0.022388186285272067,0.0223881862852639,2,2
0BRA,north,trend_annual_semi,6,-29694.354969161737,-29694.35496916261,0.02161506734587604,0.021615067345868617,1,1
0BRA,north,trend_quad_annual_semi,7,-30760.85174688743,-30760.85174688876,0.014176487802824576,0.0141764878028172,0,0
0BRA,up,trend,2,-24155.204579413814,-24155.204579414887,0.19257424180125104,0.19257424180116994,3,3
0BRA,up,trend_annual,4,-25400.297124531477,-25400.29712453324,0.1173870613052419,0.11738706130516077,2,2
0BRA,up,trend_annual_semi,6,-25423.1066091146,-25423.10660911646,0.11562623758862375,0.1156262375885391,0,0
0BRA,up,trend_quad_annual_semi,7,-25419.671060082717,-25419.671060084584,0.1154263403079949,0.11542634030791024,1,1
0BRO,east,trend,2,-39393.65548297339,-39393.65548256794,0.011610109757783494,0.011610109759277877,3,3
0BRO,east,trend_annual,4,-42594.889933621635,-42594.88993249587,0.00418077634836091,0.004180776349855071,2,2
0BRO,east,trend_annual_semi,6,-42654.9625040875,-42654.962502933784,0.004080876996384471,0.004080876997879129,1,1
0BRO,east,trend_quad_annual_semi,7,-42902.23920147833,-42902.23920022719,0.003763141762464829,0.003763141763959499,0,0
0BRO,north,trend,2,-41255.353871683845,-41255.35387050655,0.006429269269763393,0.006429269272166289,3,3
0BRO,north,trend_annual,4,-42474.698836169424,-42474.69883442687,0.004343380068062102,0.004343380070464829,2,2
0BRO,north,trend_annual_semi,6,-42596.71084538668,-42596.71084356567,0.004157045083762042,0.004157045086165229,1,1
0BRO,north,trend_quad_annual_semi,7,-42622.55177914598,-42622.55177730524,0.004112552333617271,0.004112552336020486,0,0
0BRO,up,trend,2,-30991.954794771093,-30991.954794772042,0.16718196283938497,0.16718196283933476,3,3
0BRO,up,trend_annual,4,-32472.178910622642,-32472.178910624156,0.10396517772273893,0.10396517772268896,2,2
0BRO,up,trend_annual_semi,6,-32537.54900682075,-32537.54900682221,0.10131041466935092,0.10131041466930381,0,0
0BRO,up,trend_quad_annual_semi,7,-32531.569414667392,-32531.569414668862,0.10124368224139631,0.10124368224134897,1,1
0BRU,east,trend,2,-37710.11355129965,-37710.113551295224,0.01800985440786828,0.018009854407893724,3,3
0BRU,east,trend_annual,4,-40747.95315487866,-40747.95315486695,0.006782086765864114,0.00678208676588953,2,2
0BRU,east,trend_annual_semi,6,-40860.41435852259,-40860.414358510425,0.006508916153123167,0.0065089161531484965,1,1
0BRU,east,trend_quad_annual_semi,7,-41313.692921713766,-41313.69292169965,0.005616130628004302,0.005616130628029655,0,0
0BRU,north,trend,2,-37243.56920527395,-37243.56920529866,0.02090770557356363,0.020907705573398414,3,3
0BRU,north,trend_annual,4,-38044.90011751361,-38044.90011754566,0.01609821792435058,0.016098217924185552,2,2
0BRU,north,trend_annual_semi,6,-38402.39894485506,-38402.39894489073,0.014285353842818585,0.014285353842655621,1,1
0BRU,north,trend_quad_annual_semi,7,-39644.52765674365,-39644.52765679671,0.009577668443058537,0.009577668442896033,0,0
0BRU,up,trend,2,-30904.489703138806,-30904.489703138384,0.15874923300524046,0.15874923300526203,3,3
0BRU,up,trend_annual,4,-32473.48285844971,-32473.48285844899,0.09562380586390944,0.0956238058639314,2,2
0BRU,up,trend_annual_semi,6,-32535.55023529819,-32535.550235297495,0.09326320252521879,0.09326320252523951,1,1
0BRU,up,trend_quad_annual_semi,7,-32734.9644780528,-32734.964478052058,0.08727641173100312,0.08727641173102388,0,0
0BST,east,trend,2,-63404.463302274606,-63404.463303839715,0.036493210362189506,0.03649321035147965,3,3
0BST,east,trend_annual,4,-68367.61236016142,-68367.61236414398,0.01434296079356561,0.01434296078285462,2,2
0BST,east,trend_annual_semi,6,-68388.04879507404,-68388.0487990842,0.014242192853784646,0.01424219284307519,1,1
0BST,east,trend_quad_annual_semi,7,-68524.17610673234,-68524.17611085298,0.013860932297645944,0.013860932286936072,0,0
0BST,north,trend,2,-64267.994078874806,-64267.99407884259,0.031037746259645827,0.031037746259833333,3,3
0BST,north,trend_annual,4,-68734.2353358356,-68734.2353357612,0.013390067225275661,0.013390067225462456,2,2
0BST,north,trend_annual_semi,6,-68843.39911467617,-68843.39911459999,0.013076612970327504,0.013076612970514299,0,0
0BST,north,trend_quad_annual_semi,7,-68835.69789390484,-68835.69789382855,0.013074454272944479,0.013074454273131537,1,1
0BST,up,trend,2,-51874.233143162215,-51874.233143120284,0.3170880542531499,0.3170880542556432,3,3
0BST,up,trend_annual,4,-54615.016458636695,-54615.01645856643,0.1890539056856829,0.18905390568817365,2,2
0BST,up,trend_annual_semi,6,-54676.01502094988,-54676.015020878585,0.18630328629566717,0.18630328629815773,1,1
0BST,up,trend_quad_annual_semi,7,-54761.8981429488,-54761.898142876256,0.18303230399519352,0.183032303997683,0,0
0BTT,east,trend,2,-22454.250264043396,-22454.250263894555,0.07824417258948088,0.07824417259478886,3,3
0BTT,east,trend_annual,4,-26418.991673880533,-26418.9916729674,0.012752630419259852,0.01275263042456744,2,2
0BTT,east,trend_annual_semi,6,-26498.21791140446,-26498.217910450097,0.01221438001649983,0.01221438002181293,1,1
0BTT,east,trend_quad_annual_semi,7,-27056.523438323977,-27056.523437088596,0.00943699969194848,0.009436999697262189,0,0
0BTT,north,trend,2,-25806.210579103365,-25806.21057899817,0.016980223503130998,0.01698022350394513,3,3
0BTT,north,trend_annual,4,-27563.567361844194,-27563.56736160829,0.007568940562891595,0.007568940563705431,2,2
0BTT,north,trend_annual_semi,6,-27685.16879816411,-27685.168797911585,0.007110804347683148,0.007110804348501587,1,1
0BTT,north,trend_quad_annual_semi,7,-27941.973333456106,-27941.973333171358,0.006303217443553754,0.006303217444371827,0,0
0BTT,up,trend,2,-21391.41359986862,-21391.413599841613,0.12700965394362362,0.12700965394518704,3,3
0BTT,up,trend_annual,4,-22953.947864530302,-22953.947864474874,0.0618718138961809,0.061871813897744016,2,2
0BTT,up,trend_annual_semi,6,-22967.95644854211,-22967.95644848589,0.06104837447970479,0.06104837448126917,0,0
0BTT,up,trend_quad_annual_semi,7,-22960.263742984527,-22960.2637429283,0.06104835288507744,0.06104835288664197,1,1
0BUE,east,trend,2,-30594.847752107835,-30594.84775215265,0.012032399288294006,0.01203239928807829,3,3
0BUE,east,trend_annual,4,-33260.69986376423,-33260.69986389528,0.004116498283251189,0.004116498283035398,2,2
0BUE,east,trend_annual_semi,6,-33327.8282368867,-33327.82823702288,0.00398243039389833,0.003982430393681407,1,1
0BUE,east,trend_quad_annual_semi,7,-33456.76759612742,-33456.76759627125,0.0037704219661492478,0.003770421965932328,0,0
0BUE,north,trend,2,-31716.816674348007,-31716.816674121674,0.007681504168766262,0.007681504169461706,3,3
0BUE,north,trend_annual,4,-32776.76213782258,-32776.76213747456,0.004995702091550581,0.0049957020922460306,2,2
0BUE,north,trend_annual_semi,6,-32856.86312893976,-32856.86312857825,0.00480798620396173,0.004807986204656987,1,1
0BUE,north,trend_quad_annual_semi,7,-32958.29025977506,-32958.29025939738,0.004602399772324171,0.004602399773019458,0,0
0BUE,up,trend,2,-24132.066384000776,-24132.066383990285,0.15960715254069788,0.15960715254136754,3,3
0BUE,up,trend_annual,4,-25573.966999158507,-25573.966999139713,0.08909435855201182,0.08909435855268164,2,2
0BUE,up,trend_annual_semi,6,-25692.409800920894,-25692.409800899983,0.0844415567555857,0.084441556756292,0,0
0BUE,up,trend_quad_annual_semi,7,-25684.685855197935,-25684.685855177024,0.0844381757736169,0.08443817577432322,1,1
0BUG,east,trend,2,-35049.41699306945,-35049.416993088154,0.03308250552716901,0.033082505526967156,3,3
0BUG,east,trend_annual,4,-39753.732188048576,-39753.73218813575,0.0070951989797147,0.007095198979512975,2,2
0BUG,east,trend_annual_semi,6,-39769.94272202761,-39769.94272211571,0.007020920167280629,0.007020920167078901,1,1
0BUG,east,trend_quad_annual_semi,7,-39770.53822362489,-39770.53822371328,0.007001200416918013,0.007001200416716171,0,0
0BUG,north,trend,2,-40092.814410435516,-40092.81441043464,0.006385698611076724,0.00638569861107854,3,3
0BUG,north,trend_annual,4,-40094.23134808988,-40094.23134808903,0.006349409889330336,0.006349409889332112,2,2
0BUG,north,trend_annual_semi,6,-40199.05663356532,-40199.0566335638,0.006103945785543637,0.0061039457855466776,0,0
0BUG,north,trend_quad_annual_semi,7,-40198.80449095208,-40198.80449095055,0.006088484578362254,0.006088484578365292,1,1
0BUG,up,trend,2,-30472.79335579058,-30472.79335582458,0.14718736722778675,0.14718736722615466,3,3
0BUG,up,trend_annual,4,-32011.856384366318,-32011.856384422765,0.08863191462156494,0.0886319146199332,2,2
0BUG,up,trend_annual_semi,6,-32111.7829594657,-32111.782959524484,0.08534170787877363,0.08534170787713746,0,0
0BUG,up,trend_quad_annual_semi,7,-32108.68181121006,-32108.68181126894,0.08520467614696918,0.0852046761453329,1,1
0BUR,east,trend,2,-88581.32475044671,-88581.32474900024,0.03982486034848879,0.039824860356369174,3,3
0BUR,east,trend_annual,4,-90889.03076264185,-90889.03076065377,0.028973032770605166,0.0289730327784849,2,2
0BUR,east,trend_annual_semi,6,-91012.09369975158,-91012.0936977249,0.028420093666170904,0.028420093674050344,1,1
0BUR,east,trend_quad_annual_semi,7,-91065.63936083156,-91065.63935878727,0.028178360661406613,0.02817836066928693,0,0
0BUR,north,trend,2,-92393.6734249943,-92393.67342499577,0.023640615360652942,0.02364061536064818,3,3
0BUR,north,trend_annual,4,-92766.83968963221,-92766.83968963378,0.022409462142425233,0.022409462142420393,2,2
0BUR,north,trend_annual_semi,6,-93174.37146586977,-93174.37146587159,0.021142795019129017,0.021142795019123743,1,1
0BUR,north,trend_quad_annual_semi,7,-93966.66460131678,-93966.66460131881,0.018947978547898342,0.01894797854789303,0,0
0BUR,up,trend,2,-67496.8257438076,-67496.82574363814,0.712534077149819,0.7125340771663369,3,3
0BUR,up,trend_annual,4,-70528.45804223607,-70528.45804197855,0.46950059155434987,0.4695005915708894,2,2
0BUR,up,trend_annual_semi,6,-70584.58027100403,-70584.58027074383,0.4647770832617903,0.4647770832783349,1,1
0BUR,up,trend_quad_annual_semi,7,-72771.45808993433,-72771.45808958301,0.34418465729501047,0.34418465731155123,0,0
0BYG,east,trend,2,-31556.507910044595,-31556.507910795543,0.012697179366596107,0.01269717936290468,3,3
0BYG,east,trend_annual,4,-33539.40661698746,-33539.40661861541,0.005856919175995108,0.005856919172303738,2,2
0BYG,east,trend_annual_semi,6,-33644.22976920323,-33644.22977091062,0.00558988318788696,0.0055898831841919875,1,1
0BYG,east,trend_quad_annual_semi,7,-33771.661911693394,-33771.66191349263,0.005304639181258412,0.005304639177563374,0,0
0BYG,north,trend,2,-32558.498300146453,-32558.498300288353,0.008614635593829953,0.0086146355933567,3,3
0BYG,north,trend_annual,4,-33451.33779940764,-33451.33779960939,0.006060057461149236,0.006060057460675894,2,2
0BYG,north,trend_annual_semi,6,-33602.40146652498,-33602.401466740004,0.005681140932005647,0.005681140931532717,1,1
0BYG,north,trend_quad_annual_semi,7,-33618.21942262626,-33618.219422843234,0.005629307949061186,0.005629307948588316,0,0
0BYG,up,trend,2,-24966.728866209738,-24966.72886623958,0.16281120382481937,0.16281120382293823,3,3
0BYG,up,trend_annual,4,-26285.195851747572,-26285.195851797595,0.09713169070343361,0.09713169070155249,2,2
0BYG,up,trend_annual_semi,6,-26315.98750170147,-26315.98750175176,0.09539855300276036,0.09539855300090307,0,0
0BYG,up,trend_quad_annual_semi,7,-26308.77289139767,-26308.772891447978,0.09537484124781086,0.09537484124595338,1,1
0BYS,east,trend,2,-13130.366958661682,-13130.366958661956,0.019766617732402965,0.019766617732398392,3,3
0BYS,east,trend_annual,4,-15425.624425397038,-15425.624425398963,0.0028570812901099686,0.002857081290105367,2,2
0BYS,east,trend_annual_semi,6,-15449.113129854744,-15449.113129856443,0.0027683750253857087,0.002768375025381767,1,1
0BYS,east,trend_quad_annual_semi,7,-15611.60180922932,-15611.601809231175,0.002401849231452674,0.0024018492314489405,0,0
0BYS,north,trend,2,-15115.631902173605,-15115.631902316542,0.003748266940738888,0.0037482669402901787,3,3
0BYS,north,trend_annual,4,-15223.36174345465,-15223.361743612923,0.003384478413545068,0.0033844784130964323,2,2
0BYS,north,trend_annual_semi,6,-15345.788866606232,-15345.788866783516,0.003018610869276878,0.003018610868828684,1,1
0BYS,north,trend_quad_annual_semi,7,-15510.725968588651,-15510.725968793393,0.002613589548597541,0.0026135895481493743,0,0
0BYS,up,trend,2,-11461.976245107258,-11461.976245107175,0.07994242572496427,0.07994242572496973,3,3
0BYS,up,trend_annual,4,-12315.614431223343,-12315.614431223177,0.03864815598888148,0.03864815598888685,2,2
0BYS,up,trend_annual_semi,6,-12323.308041153281,-12323.308041152975,0.0379468966045071,0.03794689660451682,0,0
0BYS,up,trend_quad_annual_semi,7,-12322.398225119325,-12322.398225119015,0.03775114569912741,0.037751145699137206,1,1
0CHA,east,trend,2,-64600.96958269658,-64600.96958276704,0.08272435877166569,0.0827243587706594,3,3
0CHA,east,trend_annual,4,-69912.94667209272,-69912.94667226933,0.032963444104685005,0.03296344410367987,2,2
0CHA,east,trend_annual_semi,6,-69980.20511968681,-69980.20511986602,0.03248554102730182,0.032485541026296624,1,1
0CHA,east,trend_quad_annual_semi,7,-70574.15903337824,-70574.15903357702,0.02927552698671446,0.029275526985709753,0,0
0CHA,north,trend,2,-66395.17642565114,-66395.17642568114,0.060687686644969804,0.06068768664465547,3,3
0CHA,north,trend_annual,4,-66445.7192862707,-66445.71928630107,0.05998069172179365,0.0599806917214793,2,2
0CHA,north,trend_annual_semi,6,-66491.60693716601,-66491.60693719672,0.05932959897352422,0.05932959897320969,1,1
0CHA,north,trend_quad_annual_semi,7,-68974.83015379347,-68974.8301538406,0.038585599397609444,0.03858559939729548,0,0
0CHA,up,trend,2,-55882.8895652135,-55882.889565096106,0.372675279312822,0.3726752793203757,3,3
0CHA,up,trend_annual,4,-59378.20937302759,-59378.20937281241,0.20321041285817543,0.20321041286572505,2,2
0CHA,up,trend_annual_semi,6,-59442.233544445604,-59442.233544227456,0.20037613366549797,0.20037613367304496,1,1
0CHA,up,trend_quad_annual_semi,7,-59626.34585945738,-59626.34585923176,0.19381673058486673,0.19381673059241658,0,0
0DAJ,east,trend,2,-49491.199627806316,-49491.199628198854,0.021498741443240987,0.02149874144116949,3,3
0DAJ,east,trend_annual,4,-50655.07504399106,-50655.075044515645,0.01609051540315344,0.016090515401081567,2,2
0DAJ,east,trend_annual_semi,6,-50662.739319505046,-50662.73932003275,0.01599486974908777,0.015994869747015958,1,1
0DAJ,east,trend_quad_annual_semi,7,-50780.798381587694,-50780.79838213171,0.015506340753389178,0.01550634075131857,0,0
0DAJ,north,trend,2,-50163.62053712961,-50163.620537404895,0.018227703850295613,0.01822770384906397,3,3
0DAJ,north,trend_annual,4,-52911.60252189703,-52911.602522439825,0.009247423719995073,0.009247423718763002,2,2
0DAJ,north,trend_annual_semi,6,-52983.81031198584,-52983.81031254057,0.00904796839732424,0.009047968396092258,1,1
0DAJ,north,trend_quad_annual_semi,7,-52984.3717447932,-52984.371745349184,0.009028281945536006,0.009028281944303882,0,0
0DAJ,up,trend,2,-40001.6566958564,-40001.65669577686,0.2208068182377301,0.22080681824204088,3,3
0DAJ,up,trend_annual,4,-41553.27489934854,-41553.274899231656,0.15025725082736346,0.15025725083167446,2,2
0DAJ,up,trend_annual_semi,6,-41654.741307772725,-41654.74130765236,0.1459643318231684,0.1459643318274808,1,1
0DAJ,up,trend_quad_annual_semi,7,-41662.31012405054,-41662.3101239297,0.14539644375504787,0.14539644375936056,0,0
0DAL,east,trend,2,-68724.00780991412,-68724.00780971446,0.02904671007997887,0.029046710081006268,3,3
0DAL,east,trend_annual,4,-75126.79466608442,-75126.79466546181,0.009314797537987952,0.009314797539015325,2,2
0DAL,east,trend_annual_semi,6,-75602.90914945808,-75602.90914877846,0.008535218748035697,0.008535218749063269,1,1
0DAL,east,trend_quad_annual_semi,7,-75644.45028924354,-75644.45028855812,0.008459683505279252,0.00845968350630644,0,0
0DAL,north,trend,2,-72678.46494590811,-72678.46495250212,0.014416615219872177,0.014416615203031901,3,3
0DAL,north,trend_annual,4,-73929.70443290807,-73929.70444116376,0.011515181691673773,0.011515181674833074,2,2
0DAL,north,trend_annual_semi,6,-75178.8567470122,-75178.85675734447,0.009201081080311722,0.009201081063470624,1,1
0DAL,north,trend_quad_annual_semi,7,-75184.6681207762,-75184.66813113503,0.009177558551892416,0.009177558535051176,0,0
0DAL,up,trend,2,-55038.23365300179,-55038.23365297654,0.32809776623076187,0.32809776623223025,3,3
0DAL,up,trend_annual,4,-57877.21494094548,-57877.21494090352,0.1978148341895984,0.19781483419106854,2,2
0DAL,up,trend_annual_semi,6,-57994.351053354294,-57994.351053311315,0.19316029730513967,0.19316029730661002,0,0
0DAL,up,trend_quad_annual_semi,7,-57989.05555100959,-57989.055550966594,0.19304593978994475,0.1930459397914147,1,1
0DAN,east,trend,2,-93840.6348536719,-93840.63485548149,0.05939323307809465,0.05939323306457713,3,3
0DAN,east,trend_annual,4,-105733.29341821768,-105733.29342631222,0.013278915112244254,0.013278915098725641,2,2
0DAN,east,trend_annual_semi,6,-105905.96197386466,-105905.96198215494,0.012964330305036659,0.012964330291519117,1,1
0DAN,east,trend_quad_annual_semi,7,-107013.8192204694,-107013.81923001012,0.011265406147713816,0.011265406134196007,0,0
0DAN,north,trend,2,-104239.06388335765,-104239.06388281418,0.01606055569718495,0.016060555698282714,3,3
0DAN,north,trend_annual,4,-104771.7311004496,-104771.73109986684,0.014985955615655137,0.01498595561675352,2,2
0DAN,north,trend_annual_semi,6,-105612.64385970423,-105612.64385905495,0.013451525013454133,0.013451525014552563,1,1
0DAN,north,trend_quad_annual_semi,7,-105646.20744648483,-105646.2074458321,0.013379740094271168,0.013379740095369573,0,0
0DAN,up,trend,2,-77114.70134467768,-77114.70134467767,0.4867772853942632,0.4867772853942644,3,3
0DAN,up,trend_annual,4,-80544.375286355,-80544.37528635497,0.3155118780132301,0.3155118780132309,2,2
0DAN,up,trend_annual_semi,6,-80662.41009783243,-80662.41009783241,0.3101611342965229,0.3101611342965236,1,1
0DAN,up,trend_quad_annual_semi,7,-81476.42985663719,-81476.42985663717,0.2796623145311196,0.27966231453112006,0,0
0DAV,east,trend,2,-30124.5558402935,-30124.555840322657,0.016108784586870168,0.016108784586683793,3,3
0DAV,east,trend_annual,4,-33727.40694857589,-33727.40694869848,0.0038322268020153237,0.00383222680182889,2,2
0DAV,east,trend_annual_semi,6,-33753.34253827504,-33753.342538399804,0.00376948451896941,0.00376948451878278,1,1
0DAV,east,trend_quad_annual_semi,7,-33773.81975568802,-33773.81975581421,0.0037273757645873715,0.00372737576440072,0,0
0DAV,north,trend,2,-32922.6059442812,-32922.605944482,0.005307003730854436,0.005307003730431543,3,3
0DAV,north,trend_annual,4,-33027.560986229524,-33027.56098644019,0.005058968943409321,0.0050589689429863995,2,2
0DAV,north,trend_annual_semi,6,-33078.54008061616,-33078.540080832536,0.004926934615299564,0.004926934614876524,1,1
0DAV,north,trend_quad_annual_semi,7,-33129.52621851712,-33129.5262187386,0.004813268986450804,0.0048132689860277715,0,0
0DAV,up,trend,2,-24494.697410091616,-24494.69741013122,0.150420627845588,0.15042062784322396,3,3
0DAV,up,trend_annual,4,-25892.36311346134,-25892.363113530748,0.08584904160660431,0.08584904160423988,2,2
0DAV,up,trend_annual_semi,6,-25932.800085115865,-25932.800085186453,0.08395896118233172,0.08395896117998,0,0
0DAV,up,trend_quad_annual_semi,7,-25925.56728989389,-25925.56728996451,0.08393899934888438,0.08393899934653205,1,1
0DEG,east,trend,2,-67749.15140941006,-67749.15140931075,0.03516331834450237,0.03516331834512001,3,3
0DEG,east,trend_annual,4,-73630.7501839527,-73630.75018367072,0.012385274109362233,0.012385274109980044,2,2
0DEG,east,trend_annual_semi,6,-73728.41065420098,-73728.41065391328,0.012135991792355028,0.012135991792972683,1,1
0DEG,east,trend_quad_annual_semi,7,-73809.91643734032,-73809.9164370479,0.011943999727050677,0.011943999727668509,0,0
0DEG,north,trend,2,-72302.83248543156,-72302.83248544212,0.015712709564892288,0.015712709564862953,3,3
0DEG,north,trend_annual,4,-74814.59434151834,-74814.59434153483,0.010045145183414796,0.010045145183385508,2,2
0DEG,north,trend_annual_semi,6,-74984.90551867931,-74984.90551869635,0.009717273877533385,0.009717273877504108,0,0
0DEG,north,trend_quad_annual_semi,7,-74981.03003422511,-74981.03003424226,0.009709087422417998,0.009709087422388544,1,1
0DEG,up,trend,2,-55585.73204554582,-55585.73204554538,0.3023781997493885,0.30237819974941216,3,3
0DEG,up,trend_annual,4,-58750.035313219625,-58750.03531321879,0.17223594803840733,0.17223594803843245,2,2
0DEG,up,trend_annual_semi,6,-58841.157876463476,-58841.15787646267,0.1689646017625454,0.16896460176256944,1,1
0DEG,up,trend_quad_annual_semi,7,-58845.20039530362,-58845.20039530282,0.16858595592688524,0.1685859559269094,0,0
0DIL,east,trend,2,-55677.39811506463,-55677.39811567593,0.053393557990848564,0.05339355798415467,3,3
0DIL,east,trend_annual,4,-58148.662865223625,-58148.66286624229,0.03205280653028862,0.03205280652359237,2,2
0DIL,east,trend_annual_semi,6,-58353.324136762494,-58353.324137828284,0.030628420163079834,0.030628420156385096,1,1
0DIL,east,trend_quad_annual_semi,7,-59887.5613145384,-59887.56131600086,0.022321178999545617,0.02232117899285082,0,0
0DIL,north,trend,2,-55828.235666104425,-55828.235666187196,0.051767131005071076,0.05176713100419236,3,3
0DIL,north,trend_annual,4,-58620.68813124127,-58620.688131388815,0.0290953657464191,0.029095365745538698,2,2
0DIL,north,trend_annual_semi,6,-58640.16003954086,-58640.1600396897,0.028878641527765633,0.028878641526884116,1,1
0DIL,north,trend_quad_annual_semi,7,-61250.63785970971,-61250.63785996355,0.01687760941349949,0.01687760941262086,0,0
0DIL,up,trend,2,-48286.850041538746,-48286.85004154492,0.24307962156788565,0.24307962156757756,3,3
0DIL,up,trend_annual,4,-51127.91832151659,-51127.918321527686,0.13526585231143337,0.1352658523111256,2,2
0DIL,up,trend_annual_semi,6,-51305.279820554635,-51305.27982056622,0.12998051022114301,0.12998051022083443,1,1
0DIL,up,trend_quad_annual_semi,7,-51346.44476834428,-51346.44476835597,0.12866351038076454,0.12866351038045595,0,0
0DOC,east,trend,2,-49997.79597059235,-49997.7959710025,0.02194953499873535,0.021949534996549745,3,3
0DOC,east,trend_annual,4,-54955.41523881015,-54955.41524018203,0.006560761785162644,0.006560761782977511,2,2
0DOC,east,trend_annual_semi,6,-55125.91965272257,-55125.91965415835,0.006269337320588032,0.006269337318402686,1,1
0DOC,east,trend_quad_annual_semi,7,-55137.06627680696,-55137.06627824933,0.006239772888149732,0.006239772885964723,0,0
0DOC,north,trend,2,-54112.24397516742,-54112.24397842438,0.008083711217834388,0.008083711211442461,3,3
0DOC,north,trend_annual,4,-54173.23708005035,-54173.23708336909,0.007932766823991272,0.007932766817599723,2,2
0DOC,north,trend_annual_semi,6,-54241.69686008208,-54241.69686347046,0.007770542217745601,0.007770542211353367,1,1
0DOC,north,trend_quad_annual_semi,7,-54345.328667114416,-54345.32867059566,0.007562181922921251,0.007562181916529935,0,0
0DOC,up,trend,2,-40290.41835552926,-40290.41835554977,0.23170791520165693,0.23170791520050335,3,3
0DOC,up,trend_annual,4,-42181.929828577835,-42181.929828610395,0.14579768708758528,0.14579768708643293,2,2
0DOC,up,trend_annual_semi,6,-42241.95470324978,-42241.9547032829,0.14310889224910928,0.14310889224795853,0,0
0DOC,up,trend_quad_annual_semi,7,-42234.75853436258,-42234.75853439572,0.14306973473118995,0.1430697347300392,1,1
0DOR,east,trend,2,-83710.55813496996,-83710.55813470695,0.0351954168175075,0.035195416818854325,3,3
0DOR,east,trend_annual,4,-89426.93570374121,-89426.93570313507,0.015281298834530863,0.015281298835878523,2,2
0DOR,east,trend_annual_semi,6,-89718.6616125047,-89718.66161187062,0.014608645951842424,0.014608645953190197,1,1
0DOR,east,trend_quad_annual_semi,7,-90790.00244995723,-90790.0024492156,0.01248404319919776,0.012484043200544852,0,0
0DOR,north,trend,2,-83293.93179122594,-83293.93179108166,0.037394876378559504,0.037394876379344556,3,3
0DOR,north,trend_annual,4,-86074.14828302703,-86074.14828281009,0.024889595480762937,0.02488959548154858,2,2
0DOR,north,trend_annual_semi,6,-87036.2369941125,-87036.23699386239,0.021582826581444316,0.021582826582229785,1,1
0DOR,north,trend_quad_annual_semi,7,-87049.11631256896,-87049.11631231807,0.02151474503351957,0.02151474503430493,0,0
0DOR,up,trend,2,-66332.97495562992,-66332.97495563007,0.44111246359152734,0.44111246359151846,3,3
0DOR,up,trend_annual,4,-69774.96662215232,-69774.96662215257,0.26664809926151517,0.2666480992615057,2,2
0DOR,up,trend_annual_semi,6,-69922.42356896722,-69922.42356896745,0.2603180756008782,0.2603180756008691,1,1
0DOR,up,trend_quad_annual_semi,7,-69994.93651578836,-69994.93651578859,0.2572551328855023,0.25725513288549307,0,0
0DUN,east,trend,2,-7098.523402045291,-7098.523402025772,0.017036514946138476,0.017036514946633302,3,3
0DUN,east,trend_annual,4,-7529.257878563109,-7529.257878525341,0.008802266862151482,0.008802266862646199,2,2
0DUN,east,trend_annual_semi,6,-7535.689463330786,-7535.689463291932,0.008551123747313157,0.008551123747807568,1,1
0DUN,east,trend_quad_annual_semi,7,-7715.580922830199,-7715.580922778908,0.0064797323017732,0.006479732302267778,0,0
0DUN,north,trend,2,-7628.229552007202,-7628.229552011232,0.007745451587919074,0.007745451587872629,3,3
0DUN,north,trend_annual,4,-7781.287598509467,-7781.287598514642,0.006049436094467394,0.006049436094420802,2,2
0DUN,north,trend_annual_semi,6,-7893.067835603341,-7893.067835609587,0.005024116676739092,0.005024116676692397,1,1
0DUN,north,trend_quad_annual_semi,7,-7920.4336207096085,-7920.433620716178,0.004777124869655444,0.004777124869608754,0,0
0DUN,up,trend,2,-6438.982496155177,-6438.982496155185,0.04545935635929088,0.045459356359290326,3,3
0DUN,up,trend_annual,4,-6757.389038192156,-6757.389038192167,0.02776076331152324,0.027760763311522718,2,2
0DUN,up,trend_annual_semi,6,-6848.443368647437,-6848.443368647591,0.023777751859031616,0.023777751859026173,1,1
0DUN,up,trend_quad_annual_semi,7,-6859.531170307152,-6859.531170307311,0.02316315242146017,0.02316315242145469,0,0
0EDA,east,trend,2,-39282.805200326744,-39282.80520030675,0.2627289844184642,0.26272898441975356,3,3
0EDA,east,trend_annual,4,-44857.24989881027,-44857.24989873142,0.06658023977296258,0.0665802397742514,2,2
0EDA,east,trend_annual_semi,6,-45255.43377133204,-45255.43377124477,0.060133340591891196,0.06013334059317965,1,1
0EDA,east,trend_quad_annual_semi,7,-45596.50036615618,-45596.500366061075,0.05519019042516361,0.05519019042645229,0,0
0EDA,north,trend,2,-43121.244032080605,-43121.24403185885,0.10238214282645954,0.10238214283203367,3,3
0EDA,north,trend_annual,4,-48857.43612868699,-48857.43612777665,0.02493531364294549,0.024935313648518705,2,2
0EDA,north,trend_annual_semi,6,-49817.575415996005,-49817.57541483922,0.0196184556609141,0.01961845566648599,1,1
0EDA,north,trend_quad_annual_semi,7,-49889.24731881297,-49889.24731763315,0.019236953980527577,0.019236953986099984,0,0
0EDA,up,trend,2,-39154.71812295762,-39154.71812295701,0.2711225328760653,0.27112253287610644,3,3
0EDA,up,trend_annual,4,-41333.460869858274,-41333.460869857205,0.15815348015831224,0.15815348015835348,2,2
0EDA,up,trend_annual_semi,6,-41381.98024832114,-41381.980248320084,0.15564409113509484,0.15564409113513522,1,1
0EDA,up,trend_quad_annual_semi,7,-41388.66957761403,-41388.66957761297,0.15507188521947377,0.1550718852195141,0,0
0EDB,east,trend,2,-50143.21428289539,-50143.21428291065,0.019111660784410456,0.019111660784339037,3,3
0EDB,east,trend_annual,4,-55230.68713926388,-55230.687139317466,0.005481810550331378,0.005481810550259501,0,0
0EDB,east,trend_annual_semi,6,-55224.397644732155,-55224.39764478585,0.005467957054234255,0.005467957054162413,1,1
0EDB,east,trend_quad_annual_semi,7,-55222.975929728935,-55222.97592978275,0.005458741612599867,0.005458741612527988,2,2
0EDB,north,trend,2,-54247.81603391046,-54247.816033342046,0.007000572248058674,0.0070005722490322966,3,3
0EDB,north,trend_annual,4,-54459.54652410722,-54459.546523506164,0.006620141693334254,0.006620141694307852,2,2
0EDB,north,trend_annual_semi,6,-54536.04097098184,-54536.040970367074,0.006471002030226965,0.006471002031200336,1,1
0EDB,north,trend_quad_annual_semi,7,-54619.99098637631,-54619.99098574737,0.00632655332146034,0.006326553322433925,0,0
0EDB,up,trend,2,-40664.286532605984,-40664.2865324289,0.19433550972318647,0.19433550973160665,3,3
0EDB,up,trend_annual,4,-42249.50525308412,-42249.505252822084,0.13132146926650856,0.13132146927492816,2,2
0EDB,up,trend_annual_semi,6,-42332.524717544555,-42332.52471727604,0.12815826525002916,0.12815826525844895,0,0
0EDB,up,trend_quad_annual_semi,7,-42324.90317730871,-42324.90317704017,0.12813650414204206,0.1281365041504617,1,1
0EDS,east,trend,2,-49905.9294684284,-49905.92946842767,0.019042026293636456,0.01904202629363992,3,3
0EDS,east,trend_annual,4,-52175.422660428005,-52175.422660426746,0.010855515298270477,0.010855515298273829,2,2
0EDS,east,trend_annual_semi,6,-52621.569128471594,-52621.56912847036,0.009688262409791945,0.00968826240979488,1,1
0EDS,east,trend_quad_annual_semi,7,-52703.13427320828,-52703.13427320707,0.00947656271103928,0.00947656271104209,0,0
0EDS,north,trend,2,-51819.021278333516,-51819.02127820198,0.01189799887242126,0.011897998872805966,3,3
0EDS,north,trend_annual,4,-53122.08866910259,-53122.08866892066,0.008601725720566472,0.008601725720951154,2,2
0EDS,north,trend_annual_semi,6,-53337.606481423034,-53337.606481230505,0.008124612571194127,0.008124612571578642,0,0
0EDS,north,trend_quad_annual_semi,7,-53329.87304105053,-53329.873040857936,0.008123459336763608,0.008123459337148201,1,1
0EDS,up,trend,2,-39650.330072432735,-39650.330072406054,0.23691243005767956,0.23691243005923301,3,3
0EDS,up,trend_annual,4,-41623.23943827371,-41623.239438230245,0.14527404893226242,0.14527404893381457,2,2
0EDS,up,trend_annual_semi,6,-41665.91951424214,-41665.919514198125,0.14317165557216854,0.14317165557371744,0,0
0EDS,up,trend_quad_annual_semi,7,-41660.619670566484,-41660.61967052245,0.1430657216046639,0.14306572160621273,1,1
0ED_,east,trend,2,-55749.349288852376,-55749.349288883466,0.02697925267621982,0.026979252676038585,3,3
0ED_,east,trend_annual,4,-60648.66850136652,-60648.668501456246,0.009323757988879064,0.009323757988698243,2,2
0ED_,east,trend_annual_semi,6,-60685.43131055125,-60685.43131064226,0.009216289152393751,0.009216289152212459,1,1
0ED_,east,trend_quad_annual_semi,7,-61105.38963847598,-61105.389638575754,0.008401295524692598,0.008401295524511451,0,0
0ED_,north,trend,2,-60766.84556655311,-60766.84556602568,0.009121853506521916,0.0091218535075617,3,3
0ED_,north,trend_annual,4,-60830.82303131228,-60830.82303077559,0.008963833897140507,0.008963833898180222,2,2
0ED_,north,trend_annual_semi,6,-61120.41509628439,-61120.415095710974,0.008389346131416639,0.008389346132456324,1,1
0ED_,north,trend_quad_annual_semi,7,-61377.47179395501,-61377.47179334762,0.007921517391545773,0.007921517392585639,0,0
0ED_,up,trend,2,-46333.3921133045,-46333.3921133056,0.20645258689673146,0.20645258689668247,3,3
0ED_,up,trend_annual,4,-48407.10787924543,-48407.10787924716,0.13139993424680524,0.1313999342467561,2,2
0ED_,up,trend_annual_semi,6,-48510.18085746107,-48510.18085746285,0.12803724298709285,0.12803724298704347,1,1
0ED_,up,trend_quad_annual_semi,7,-48527.40937097597,-48527.40937097776,0.12732892579034785,0.12732892579029853,0,0
0EKB,east,trend,2,-37148.86607093586,-37148.866070997836,0.019753138610650273,0.01975313861025614,3,3
0EKB,east,trend_annual,4,-41337.709684163034,-41337.70968440316,0.005101348886087832,0.0051013488856934425,2,2
0EKB,east,trend_annual_semi,6,-41361.1285366692,-41361.128536912234,0.005036882493607299,0.005036882493213182,1,1
0EKB,east,trend_quad_annual_semi,7,-41369.815126168185,-41369.8151264125,0.005009828763760129,0.005009828763366066,0,0
0EKB,north,trend,2,-41039.60518952144,-41039.6051890571,0.005644376555916814,0.00564437655676063,3,3
0EKB,north,trend_annual,4,-41542.63528158276,-41542.6352810341,0.004775638388230319,0.004775638389073921,2,2
0EKB,north,trend_annual_semi,6,-41726.71724468198,-41726.71724409667,0.004477582636802127,0.004477582637645913,1,1
0EKB,north,trend_quad_annual_semi,7,-41947.3158996568,-41947.315899026726,0.004159816777414028,0.0041598167782578785,0,0
0EKB,up,trend,2,-30708.531845942307,-30708.531845968213,0.15709116605436713,0.1570911660530571,3,3
0EKB,up,trend_annual,4,-32390.49274901327,-32390.49274905799,0.09093351208373021,0.09093351208242073,2,2
0EKB,up,trend_annual_semi,6,-32480.230311230494,-32480.230311276526,0.08788763666803413,0.08788763666673165,0,0
0EKB,up,trend_quad_annual_semi,7,-32474.795884990366,-32474.795885036427,0.08781390920479318,0.08781390920349101,1,1
0EKE,east,trend,2,-95573.38940573703,-95573.38940568814,0.04807677803337485,0.04807677803367036,3,3
0EKE,east,trend_annual,4,-106250.2555274131,-106250.25552722566,0.012533227044536223,0.012533227044831558,2,2
0EKE,east,trend_annual_semi,6,-106539.18956213359,-106539.18956193853,0.01205891391148356,0.012058913911779224,1,1
0EKE,east,trend_quad_annual_semi,7,-107096.60282292643,-107096.60282271724,0.01123017418030579,0.011230174180601144,0,0
0EKE,north,trend,2,-98559.93390564914,-98559.93390567375,0.03302845358930635,0.0330284535892042,3,3
0EKE,north,trend_annual,4,-99075.19995672043,-99075.19995674699,0.030887103271348984,0.03088710327124585,2,2
0EKE,north,trend_annual_semi,6,-99385.64390736849,-99385.64390739602,0.029637949760617743,0.02963794976051517,1,1
0EKE,north,trend_quad_annual_semi,7,-103060.5318397161,-103060.53183975967,0.01865225532037218,0.018652255320270043,0,0
0EKE,up,trend,2,-76982.04811548491,-76982.04811548682,0.49763303089859323,0.49763303089847377,3,3
0EKE,up,trend_annual,4,-79641.06591707729,-79641.06591707995,0.3554367822401455,0.35543678224002623,2,2
0EKE,up,trend_annual_semi,6,-79742.46641036976,-79742.46641037245,0.3501433187286223,0.35014331872850357,1,1
0EKE,up,trend_quad_annual_semi,7,-80183.92517754044,-80183.92517754328,0.33086783476687265,0.3308678347667541,0,0
0EMA,east,trend,2,-14352.281749753738,-14352.281749646058,0.0075820266240603775,0.007582026624740744,3,3
0EMA,east,trend_annual,4,-16117.602310511178,-16117.602310036695,0.001720927288110502,0.0017209272887909622,1,1
0EMA,east,trend_annual_semi,6,-16117.497397935815,-16117.497397455709,0.0017008598188012678,0.0017008598194817605,2,2
0EMA,east,trend_quad_annual_semi,7,-16131.535020565574,-16131.535020076974,0.0016711758538156193,0.0016711758544960698,0,0
0EMA,north,trend,2,-15714.534160255917,-15714.534160331954,0.0024365185252280307,0.002436518525073641,3,3
0EMA,north,trend_annual,4,-15860.731431669346,-15860.731431756292,0.0021317054332643634,0.0021317054331099084,2,2
0EMA,north,trend_annual_semi,6,-15932.535603534729,-15932.535603628316,0.0019843050014834093,0.001984305001328655,1,1
0EMA,north,trend_quad_annual_semi,7,-15961.281544119196,-15961.281544215593,0.0019259230894367128,0.0019259230892819997,0,0
0EMA,up,trend,2,-11484.968425952782,-11484.968425947965,0.08269906519549342,0.08269906519582544,3,3
0EMA,up,trend_annual,4,-12318.33937918374,-12318.339379173995,0.04080953313224981,0.04080953313258125,2,2
0EMA,up,trend_annual_semi,6,-12346.43825595554,-12346.438255945252,0.03939674441975622,0.039396744420093964,0,0
0EMA,up,trend_quad_annual_semi,7,-12339.359843758437,-12339.359843748156,0.03939636146429371,0.039396361464631255,1,1
0ENS,east,trend,2,-47566.35388705555,-47566.353887072466,0.03188699489831122,0.031886994898178034,3,3
0ENS,east,trend_annual,4,-54172.56221979444,-54172.56221988101,0.006212292457456847,0.006212292457324027,2,2
0ENS,east,trend_annual_semi,6,-54301.73182148562,-54301.731821575435,0.005992600901801516,0.005992600901668586,0,0
0ENS,east,trend_quad_annual_semi,7,-54298.29188298558,-54298.29188307551,0.005985403026476246,0.005985403026343309,1,1
0ENS,north,trend,2,-53043.29928681198,-53043.29928713039,0.008244382456903588,0.008244382456255268,3,3
0ENS,north,trend_annual,4,-53731.12992447308,-53731.12992485199,0.006927870863118264,0.006927870862469953,2,2
0ENS,north,trend_annual_semi,6,-53940.01365213086,-53940.01365253164,0.006552592097935565,0.0065525920972869765,1,1
0ENS,north,trend_quad_annual_semi,7,-53943.20878599604,-53943.20878639794,0.006534005587941412,0.006534005587292846,0,0
0ENS,up,trend,2,-39674.35162541848,-39674.35162544579,0.2239274335715907,0.22392743357008058,3,3
0ENS,up,trend_annual,4,-41413.62008701098,-41413.62008705314,0.14513496804647907,0.14513496804496784,2,2
0ENS,up,trend_annual_semi,6,-41498.66736379004,-41498.66736383334,0.1415363758277053,0.1415363758261919,1,1
0ENS,up,trend_quad_annual_semi,7,-41508.40436899541,-41508.404369038886,0.14090706197293065,0.14090706197141756,0,0
0ENV,east,trend,2,-45945.66686733847,-45945.66686731626,0.05940076472297585,0.059400764723295835,3,3
0ENV,east,trend_annual,4,-54267.508823297016,-54267.50882312977,0.007860688934521222,0.007860688934840087,2,2
0ENV,east,trend_annual_semi,6,-54505.773936385296,-54505.7739362076,0.007389403356189105,0.007389403356507583,1,1
0ENV,east,trend_quad_annual_semi,7,-54830.03388716024,-54830.0338869675,0.006816740265210239,0.006816740265528908,0,0
0ENV,north,trend,2,-53642.158544330734,-53642.1585447138,0.009185129882862974,0.009185129882009565,3,3
0ENV,north,trend_annual,4,-53721.55606542931,-53721.55606582151,0.008973633252301945,0.008973633251448329,2,2
0ENV,north,trend_annual_semi,6,-53796.46502588983,-53796.46502629089,0.008776556058612127,0.008776556057758407,1,1
0ENV,north,trend_quad_annual_semi,7,-53801.36380175084,-53801.36380215325,0.008748453346154893,0.00874845334530103,0,0
0ENV,up,trend,2,-40615.79253396436,-40615.7925340955,0.2163775113772608,0.21637751137037892,3,3
0ENV,up,trend_annual,4,-42692.049655359864,-42692.04965557762,0.13024371172891339,0.13024371172203464,2,2
0ENV,up,trend_annual_semi,6,-42739.89750031034,-42739.89750053159,0.1282221487901573,0.1282221487832766,0,0
0ENV,up,trend_quad_annual_semi,7,-42733.27353790877,-42733.273538130095,0.12816927936323275,0.12816927935635244,1,1
0ERS,east,trend,2,-26284.36291974342,-26284.36291996403,0.009189772708562532,0.009189772707610275,3,3
0ERS,east,trend_annual,4,-27974.33564306018,-27974.33564355159,0.0041251609685567315,0.004125160967604576,2,2
0ERS,east,trend_annual_semi,6,-28093.050640410118,-28093.05064093355,0.0038734479538667455,0.003873447952914429,1,1
0ERS,east,trend_quad_annual_semi,7,-28093.509718641068,-28093.509719166505,0.0038586982656483534,0.0038586982646960297,0,0
0ERS,north,trend,2,-27444.65807029324,-27444.658070641482,0.0053286388477895,0.00532863884691788,3,3
0ERS,north,trend_annual,4,-27845.90445767078,-27845.904458094305,0.004381668966138967,0.004381668965267307,2,2
0ERS,north,trend_annual_semi,6,-28019.06804633828,-28019.068046801756,0.0040104160188966015,0.004010416018023554,1,1
0ERS,north,trend_quad_annual_semi,7,-28030.2754791394,-28030.275479606975,0.00397502592626911,0.003975025925396109,0,0
0ERS,up,trend,2,-20667.58172306885,-20667.581723033938,0.12854978795848448,0.12854978796059274,3,3
0ERS,up,trend_annual,4,-21807.777492457233,-21807.77749239716,0.07470616390711354,0.0747061639092216,2,2
0ERS,up,trend_annual_semi,6,-21890.813134227043,-21890.81313416565,0.07133316426072343,0.07133316426278041,0,0
0ERS,up,trend_quad_annual_semi,7,-21884.198317370778,-21884.198317309354,0.07129803937436079,0.0712980393764179,1,1
0ESK,east,trend,2,-71653.47802004303,-71653.47801965955,0.02695559778337178,0.02695559778514358,3,3
0ESK,east,trend_annual,4,-78346.89596170196,-78346.8959604902,0.008532703911898304,0.008532703913670578,2,2
0ESK,east,trend_annual_semi,6,-78639.9218673448,-78639.92186606667,0.008090627524707836,0.008090627526480359,0,0
0ESK,east,trend_quad_annual_semi,7,-78631.28329957611,-78631.28329829802,0.00809058191225022,0.008090581914022673,1,1
0ESK,north,trend,2,-74827.13563026948,-74827.13562996102,0.01564572264321168,0.01564572264403892,3,3
0ESK,north,trend_annual,4,-75206.3927557078,-75206.39275537836,0.014617460762008259,0.014617460762833696,2,2
0ESK,north,trend_annual_semi,6,-75403.84604197294,-75403.84604163046,0.014089062094499767,0.01408906209532684,1,1
0ESK,north,trend_quad_annual_semi,7,-77099.46647396038,-77099.4664735022,0.010519890733794793,0.010519890734620988,0,0
0ESK,up,trend,2,-56909.24699774048,-56909.24699764672,0.337472698313019,0.33747269831844284,3,3
0ESK,up,trend_annual,4,-59922.54963450634,-59922.54963434875,0.20073883696132644,0.2007388369667491,2,2
0ESK,up,trend_annual_semi,6,-60061.87569700615,-60061.875696844305,0.19541984091949532,0.19541984092491665,1,1
0ESK,up,trend_quad_annual_semi,7,-60128.54575724632,-60128.54575708227,0.19291237331206354,0.19291237331748823,0,0
0ESL,east,trend,2,-28161.08409060225,-28161.0840906337,0.016185064161807552,0.016185064161592714,3,3
0ESL,east,trend_annual,4,-31808.77903537113,-31808.779035518586,0.0034479072539574268,0.0034479072537428206,0,0
0ESL,east,trend_annual_semi,6,-31794.743045841482,-31794.743045988933,0.0034457183214822557,0.003445718321267786,2,2
0ESL,east,trend_quad_annual_semi,7,-31798.408609504026,-31798.408609652073,0.003429125014082654,0.0034291250138683595,1,1
0ESL,north,trend,2,-31234.058378212856,-31234.058378826936,0.004423485247412578,0.004423485246265938,3,3
0ESL,north,trend_annual,4,-31688.595541283717,-31688.595542032523,0.0036273385399955087,0.003627338538848961,2,2
0ESL,north,trend_annual_semi,6,-31857.451767696246,-31857.45176850569,0.0033557048867535006,0.003355704885606917,1,1
0ESL,north,trend_quad_annual_semi,7,-31864.947107786946,-31864.947108601624,0.003334150631904728,0.003334150630758148,0,0
0ESL,up,trend,2,-23277.725501029454,-23277.725501066827,0.12716017084422593,0.1271601708422197,3,3
0ESL,up,trend_annual,4,-24513.09931133776,-24513.099311401136,0.07499434850670096,0.07499434850469461,2,2
0ESL,up,trend_annual_semi,6,-24560.219595634742,-24560.219595698876,0.07303673035196384,0.07303673034998664,0,0
0ESL,up,trend_quad_annual_semi,7,-24552.533513310907,-24552.533513375045,0.07303413631834005,0.0730341363163627,1,1
0ESN,east,trend,2,-48901.26960330483,-48901.26960371254,0.028554972611605126,0.028554972608777894,3,3
0ESN,east,trend_annual,4,-55322.6983437352,-55322.6983456821,0.00598007196341528,0.00598007196058803,2,2
0ESN,east,trend_annual_semi,6,-55428.81348496267,-55428.813486968415,0.005804431499361145,0.0058044314965339985,1,1
0ESN,east,trend_quad_annual_semi,7,-55479.29622425759,-55479.296226292114,0.005722132083273401,0.005722132080446338,0,0
0ESN,north,trend,2,-54150.70991324539,-54150.70991293243,0.00798110028591697,0.007981100286523523,3,3
0ESN,north,trend_annual,4,-54657.63516037951,-54657.63516002413,0.007028224429583094,0.007028224430189622,2,2
0ESN,north,trend_annual_semi,6,-54926.47034266168,-54926.470342280976,0.006557496123856853,0.006557496124463106,0,0
0ESN,north,trend_quad_annual_semi,7,-54925.96275494604,-54925.96275456463,0.006545062481690041,0.006545062482296244,1,1
0ESN,up,trend,2,-40533.666834752934,-40533.666834749805,0.21784613832029304,0.21784613832045818,3,3
0ESN,up,trend_annual,4,-42569.7305006775,-42569.73050067235,0.13233234030914962,0.13233234030931518,2,2
0ESN,up,trend_annual_semi,6,-42670.425316005196,-42670.42531599991,0.12861479033753473,0.12861479033769968,1,1
0ESN,up,trend_quad_annual_semi,7,-42697.44482118482,-42697.44482117951,0.1275156805265202,0.12751568052668474,0,0
0FAF,east,trend,2,-50764.85821553373,-50764.858215538385,0.17946000044440671,0.1794600004442384,3,3
0FAF,east,trend_annual,4,-61329.66439028431,-61329.664390324,0.02129916887324356,0.021299168873073336,2,2
0FAF,east,trend_annual_semi,6,-62438.043260611514,-62438.04326066129,0.01697941189073536,0.016979411890565125,1,1
0FAF,east,trend_quad_annual_semi,7,-62491.560176470884,-62491.56017652127,0.016768609859539797,0.01676860985936962,0,0
0FAF,north,trend,2,-61001.12107009234,-61001.1210715139,0.022834395708664083,0.022834395702126194,3,3
0FAF,north,trend_annual,4,-64928.85197081805,-64928.851973965226,0.010316619643959166,0.010316619637419736,2,2
0FAF,north,trend_annual_semi,6,-65084.61225324992,-65084.61225650809,0.00996377913190778,0.00996377912536929,1,1
0FAF,north,trend_quad_annual_semi,7,-65191.89317809541,-65191.89318143053,0.00973409782881534,0.009734097822276695,0,0
0FAF,up,trend,2,-46969.58916967726,-46969.589169707986,0.38542899474377573,0.3854289947413906,3,3
0FAF,up,trend_annual,4,-49674.885924102695,-49674.88592415589,0.22275120076817878,0.22275120076579225,2,2
0FAF,up,trend_annual_semi,6,-49730.93533056776,-49730.93533062174,0.21949698342763796,0.2194969834252517,1,1
0FAF,up,trend_quad_annual_semi,7,-49770.36074323816,-49770.360743292666,0.21738800325633467,0.21738800325394833,0,0
0FAL,east,trend,2,-100774.63494562864,-100774.6349457757,0.07073970036021301,0.07073970035900458,3,3
0FAL,east,trend_annual,4,-108124.33966875797,-108124.33966910387,0.030056509227607817,0.030056509226400064,2,2
0FAL,east,trend_annual_semi,6,-108226.75673361182,-108226.75673396276,0.029638560556376103,0.029638560555167816,1,1
0FAL,east,trend_quad_annual_semi,7,-108921.02965250466,-108921.02965288535,0.027313177879299863,0.02731317787809192,0,0
0FAL,north,trend,2,-111699.4930834504,-111699.49308369507,0.019882803504452526,0.019882803503887447,3,3
0FAL,north,trend_annual,4,-111834.33045040732,-111834.33045065653,0.01953262018345087,0.01953262018288537,2,2
0FAL,north,trend_annual_semi,6,-112333.61253438941,-112333.61253465415,0.018393156655243457,0.01839315665467777,1,1
0FAL,north,trend_quad_annual_semi,7,-112995.21959928153,-112995.21959956741,0.017014510800628345,0.017014510800063262,0,0
0FAL,up,trend,2,-82922.65954627187,-82922.65954637903,0.5627800340229419,0.5627800340159355,3,3
0FAL,up,trend_annual,4,-87781.50989718363,-87781.5098973724,0.3193623028014436,0.31936230279444033,2,2
0FAL,up,trend_annual_semi,6,-87959.00442592273,-87959.00442611573,0.31218668670962096,0.3121866867026213,1,1
0FAL,up,trend_quad_annual_semi,7,-88181.08601077735,-88181.08601097552,0.3039153965437652,0.3039153965367687,0,0
0FAR,east,trend,2,-91153.49954171364,-91153.49954232363,0.030585494630290488,0.0305854946277549,3,3
0FAR,east,trend_annual,4,-94074.49324604744,-94074.49324695618,0.02051433163300274,0.02051433163046917,2,2
0FAR,east,trend_annual_semi,6,-94077.67298620785,-94077.67298711921,0.020455903075897067,0.020455903073363445,1,1
0FAR,east,trend_quad_annual_semi,7,-97694.01701634232,-97694.01701783386,0.012498102137089809,0.012498102134556313,0,0
0FAR,north,trend,2,-91264.99110379504,-91264.99110193207,0.03012554362547869,0.030125543633106093,3,3
0FAR,north,trend_annual,4,-95799.46530935074,-95799.46530589322,0.0162271998364903,0.01622719984411545,2,2
0FAR,north,trend_annual_semi,6,-97074.23431686041,-97074.2343127385,0.013612920088984666,0.013612920096610557,1,1
0FAR,north,trend_quad_annual_semi,7,-97210.49033780178,-97210.49033359796,0.013346994394514939,0.013346994402140419,0,0
0FAR,up,trend,2,-70704.17749258052,-70704.17749258855,0.4926118674807448,0.4926118674802076,3,3
0FAR,up,trend_annual,4,-74164.82311552909,-74164.82311554196,0.30703976180144965,0.3070397618009117,2,2
0FAR,up,trend_annual_semi,6,-74294.8178083725,-74294.81780838562,0.30093371797495183,0.3009337179744156,1,1
0FAR,up,trend_quad_annual_semi,7,-74312.3693688853,-74312.36936889846,0.2998536774832402,0.29985367748270353,0,0
0FBG,east,trend,2,-34665.76397556649,-34665.76397555657,0.024875819165953106,0.02487581916603633,3,3
0FBG,east,trend_annual,4,-36120.72546555571,-36120.7254655393,0.015151891364979476,0.015151891365063301,1,1
0FBG,east,trend_annual_semi,6,-36117.120979978085,-36117.12097996152,0.015088769668956354,0.015088769669040634,2,2
0FBG,east,trend_quad_annual_semi,7,-36567.04816526569,-36567.04816524644,0.012930801543409415,0.01293080154349336,0,0
0FBG,north,trend,2,-34721.10087726917,-34721.100877243414,0.02441616520105278,0.024416165201264817,2,2
0FBG,north,trend_annual,4,-34713.537157795676,-34713.53715776976,0.02434691662773081,0.024346916627943457,3,3
0FBG,north,trend_annual_semi,6,-34836.116930432545,-34836.11693040478,0.023235966144554122,0.02323596614477157,1,1
0FBG,north,trend_quad_annual_semi,7,-36743.59629809388,-36743.59629804126,0.012183812922390727,0.012183812922606792,0,0
0FBG,up,trend,2,-28799.686395177112,-28799.686395154746,0.17964875589590945,0.17964875589726398,3,3
0FBG,up,trend_annual,4,-30457.526191390134,-30457.526191350764,0.10219211052409727,0.10219211052545318,2,2
0FBG,up,trend_annual_semi,6,-30518.979261368244,-30518.979261327655,0.09955923551206936,0.09955923551343132,1,1
0FBG,up,trend_quad_annual_semi,7,-30620.245992131026,-30620.245992088923,0.09595957761548873,0.09595957761685038,0,0
0FIL,east,trend,2,-24956.71649827905,-24956.716498287275,1.4835263931222988,1.4835263931185398,3,3
0FIL,east,trend_annual,4,-24982.159894032306,-24982.15989404064,1.4646344658916575,1.4646344658878974,0,0
0FIL,east,trend_annual_semi,6,-24966.062616100906,-24966.062616109222,1.4646012241578688,1.4646012241541173,1,1
0FIL,east,trend_quad_annual_semi,7,-24959.481618440197,-24959.48161844852,1.4639227621358462,1.4639227621320934,2,2
0FIL,north,trend,2,-38052.255963310476,-38052.255963322095,0.02628655502141652,0.026286555021322447,3,3
0FIL,north,trend_annual,4,-38054.959457591256,-38054.959457602934,0.02613419730396452,0.02613419730387051,2,2
0FIL,north,trend_annual_semi,6,-38059.90807230124,-38059.908072313294,0.02596476325464076,0.02596476325454431,1,1
0FIL,north,trend_quad_annual_semi,7,-38075.51013854895,-38075.51013856109,0.025776034051698725,0.025776034051602323,0,0
0FIL,up,trend,2,-31565.37362728277,-31565.373627257606,0.19380752330505982,0.19380752330656165,3,3
0FIL,up,trend_annual,4,-33435.53595414282,-33435.53595409782,0.1084098567236367,0.10840985672513925,2,2
0FIL,up,trend_annual_semi,6,-33491.551409137894,-33491.55140909206,0.10602631135895506,0.10602631136045151,1,1
0FIL,up,trend_quad_annual_semi,7,-33523.40571300263,-33523.405712956235,0.104730120776419,0.10473012077791537,0,0
0FIN,east,trend,2,-49775.38605620341,-49775.38605617055,0.02280172651031481,0.02280172651049691,3,3
0FIN,east,trend_annual,4,-53899.11483942476,-53899.11483933445,0.008334684700703057,0.008334684700885999,2,2
0FIN,east,trend_annual_semi,6,-54000.854553168996,-54000.85455307615,0.008098264634426571,0.008098264634609342,0,0
0FIN,east,trend_quad_annual_semi,7,-53993.21527349912,-53993.21527340645,0.008096920537592384,0.00809692053777476,1,1
0FIN,north,trend,2,-52579.99421637642,-52579.99421635995,0.0115318563248239,0.01153185632487008,3,3
0FIN,north,trend_annual,4,-52603.8567027714,-52603.85670275479,0.011418869851620772,0.011418869851666883,2,2
0FIN,north,trend_annual_semi,6,-52706.97891838187,-52706.978918364846,0.011091236566144087,0.011091236566190002,1,1
0FIN,north,trend_quad_annual_semi,7,-53617.21026944099,-53617.21026941966,0.00887182265872646,0.008871822658772477,0,0
0FIN,up,trend,2,-40186.041405412274,-40186.04140541238,0.23456708346038307,0.23456708346037664,3,3
0FIN,up,trend_annual,4,-42038.32015790967,-42038.32015790984,0.14892725099479118,0.14892725099478493,2,2
0FIN,up,trend_annual_semi,6,-42126.178017998565,-42126.17801799877,0.14519190399982873,0.14519190399982163,0,0
0FIN,up,trend_quad_annual_semi,7,-42119.58917916683,-42119.589179167044,0.1451307445695383,0.14513074456953123,1,1
0FLR,east,trend,2,-22611.463986645467,-22611.463986615712,0.017133851170703592,0.017133851170965837,3,3
0FLR,east,trend_annual,4,-24346.921160965085,-24346.921160891867,0.006962513766362883,0.006962513766625112,2,2
0FLR,east,trend_annual_semi,6,-24726.41784019469,-24726.417840108854,0.005683320178176346,0.005683320178427296,1,1
0FLR,east,trend_quad_annual_semi,7,-24768.418277233763,-24768.41827714572,0.005540225017529163,0.005540225017780086,0,0
0FLR,north,trend,2,-23405.078637620496,-23405.078637892457,0.011390937898770635,0.011390937897177076,3,3
0FLR,north,trend_annual,4,-24129.055858365933,-24129.055858763728,0.007788211243533396,0.007788211241939742,2,2
0FLR,north,trend_annual_semi,6,-24579.644569605338,-24579.644570108892,0.00612902849660725,0.006129028495019646,1,1
0FLR,north,trend_quad_annual_semi,7,-24686.907365728915,-24686.907366263124,0.005777462647874026,0.005777462646286386,0,0
0FLR,up,trend,2,-18570.175502307688,-18570.175502307608,0.13699003806141694,0.13699003806142251,3,3
0FLR,up,trend_annual,4,-19692.50003354472,-19692.500033544577,0.07630894252681733,0.07630894252682294,2,2
0FLR,up,trend_annual_semi,6,-19739.776286097007,-19739.776286095672,0.07389760603120418,0.07389760603125486,1,1
0FLR,up,trend_quad_annual_semi,7,-19754.006756397503,-19754.006756396153,0.07307343624742309,0.07307343624747381,0,0
0FLU,east,trend,2,-55417.107807593384,-55417.10780748203,0.1272556026544827,0.12725560265719768,3,3
0FLU,east,trend_annual,4,-66389.2869450816,-66389.2869441682,0.0154957309274826,0.015495730930194596,2,2
0FLU,east,trend_annual_semi,6,-66947.84709812471,-66947.84709710449,0.013877375513466413,0.01387737551617919,1,1
0FLU,east,trend_quad_annual_semi,7,-67027.97205751373,-67027.97205647583,0.013643553381387024,0.013643553384100292,0,0
0FLU,north,trend,2,-68137.168744592,-68137.16874467884,0.011122137506389584,0.01112213750620451,3,3
0FLU,north,trend_annual,4,-68982.9225646874,-68982.92256478984,0.009427248736549647,0.009427248736364607,2,2
0FLU,north,trend_annual_semi,6,-69339.32162895761,-69339.32162906765,0.008776126940304052,0.008776126940119002,0,0
0FLU,north,trend_quad_annual_semi,7,-69331.06359008954,-69331.06359019961,0.008775619082729825,0.00877561908254472,1,1
0FLU,up,trend,2,-51038.04606104895,-51038.04606104386,0.2944941505696018,0.29449415056988926,3,3
0FLU,up,trend_annual,4,-53769.370852113396,-53769.37085210479,0.1739270991477821,0.1739270991480686,2,2
0FLU,up,trend_annual_semi,6,-53828.06578281091,-53828.06578280219,0.17141876854804677,0.17141876854833335,0,0
0FLU,up,trend_quad_annual_semi,7,-53820.2296401532,-53820.229640144484,0.17139499299707994,0.17139499299736627,1,1
0FRA,east,trend,2,-20586.044392251828,-20586.04439225086,0.010892577046442635,0.010892577046448752,3,3
0FRA,east,trend_annual,4,-22079.338282083507,-22079.33828208119,0.004534584125368763,0.004534584125374875,2,2
0FRA,east,trend_annual_semi,6,-22199.023702166825,-22199.023702163555,0.004193479156714423,0.0041934791567223885,0,0
0FRA,east,trend_quad_annual_semi,7,-22191.620831655324,-22191.620831652053,0.004193362710008854,0.004193362710016818,1,1
0FRA,north,trend,2,-22465.642800526042,-22465.64280004056,0.003654381116888866,0.003654381117919743,3,3
0FRA,north,trend_annual,4,-22474.730286325288,-22474.730285832957,0.0036037965131308276,0.00360379651416177,2,2
0FRA,north,trend_annual_semi,6,-22638.43464734221,-22638.43464679416,0.0032485466149605423,0.0032485466159950325,0,0
0FRA,north,trend_quad_annual_semi,7,-22633.29281567138,-22633.29281512264,0.0032441914085677877,0.0032441914096021933,1,1
0FRA,up,trend,2,-16585.068768627065,-16585.068768604768,0.1113722890284639,0.11137228902990676,3,3
0FRA,up,trend_annual,4,-17688.783637969445,-17688.78363792673,0.058142575335872394,0.058142575337315525,2,2
0FRA,up,trend_annual_semi,6,-17725.05370047161,-17725.053700426557,0.056439240594215144,0.05643924059569261,0,0
0FRA,up,trend_quad_annual_semi,7,-17718.15162519678,-17718.151625151717,0.05642125290329582,0.056421252904773136,1,1
0FRB,east,trend,2,-55906.25930162495,-55906.259301119826,0.02435995209627711,0.0243599520989503,3,3
0FRB,east,trend_annual,4,-58826.65257547242,-58826.6525745161,0.012869000790059003,0.012869000792732671,2,2
0FRB,east,trend_annual_semi,6,-58937.232531663394,-58937.2325306803,0.012517568761871763,0.012517568764545225,1,1
0FRB,east,trend_quad_annual_semi,7,-59031.84027457236,-59031.840273566886,0.01224046514359077,0.012240465146264569,0,0
0FRB,north,trend,2,-56202.348378215735,-56202.34837846694,0.02284232642365103,0.022842326422404458,3,3
0FRB,north,trend_annual,4,-58491.086322188225,-58491.08632260202,0.013842215555287512,0.013842215554043129,2,2
0FRB,north,trend_annual_semi,6,-58585.97405200413,-58585.97405242841,0.013510186137415782,0.013510186136170482,1,1
0FRB,north,trend_quad_annual_semi,7,-59835.73358932713,-59835.73358988479,0.01027898748283629,0.01027898748159098,0,0
0FRB,up,trend,2,-45786.64173889766,-45786.6417388265,0.2195156535400689,0.2195156535434625,3,3
0FRB,up,trend_annual,4,-47421.47979312865,-47421.47979302683,0.15332974996854404,0.15332974997193555,2,2
0FRB,up,trend_annual_semi,6,-47509.20880547035,-47509.208805366165,0.14988479537817484,0.14988479538156746,1,1
0FRB,up,trend_quad_annual_semi,7,-47525.57709275695,-47525.57709265224,0.14907932994624543,0.14907932994963663,0,0
0FRE,east,trend,2,-75975.25319941291,-75975.2531993891,0.08064993545347889,0.08064993545376496,3,3
0FRE,east,trend_annual,4,-84924.68459479352,-84924.68459470283,0.02118615606184291,0.021186156062129348,2,2
0FRE,east,trend_annual_semi,6,-85141.16615781748,-85141.1661577236,0.02045952974251557,0.020459529742801914,1,1
0FRE,east,trend_quad_annual_semi,7,-87659.36639454808,-87659.36639441119,0.01403750563700059,0.014037505637287066,0,0
0FRE,north,trend,2,-84956.0368499865,-84956.0368515189,0.021142835928574587,0.021142835923744607,3,3
0FRE,north,trend_annual,4,-86727.74529025538,-86727.74529225679,0.016192616425866252,0.01619261642103499,2,2
0FRE,north,trend_annual_semi,6,-87095.33096891743,-87095.33097103676,0.015288948227993966,0.015288948223163583,1,1
0FRE,north,trend_quad_annual_semi,7,-87690.68854872677,-87690.68855104577,0.013972112079265443,0.013972112074435163,0,0
0FRE,up,trend,2,-64773.57024078498,-64773.570240785106,0.42838275092038103,0.4283827509203737,3,3
0FRE,up,trend_annual,4,-68204.88275580664,-68204.88275580683,0.2561759786447453,0.25617597864473773,2,2
0FRE,up,trend_annual_semi,6,-68295.96552988476,-68295.96552988495,0.25205803649910774,0.25205803649910064,1,1
0FRE,up,trend_quad_annual_semi,7,-68343.5620758716,-68343.5620758718,0.24994736609459212,0.2499473660945848,0,0
0FRI,east,trend,2,-54860.234610534644,-54860.234610790714,0.028735841982476272,0.02873584198086994,3,3
0FRI,east,trend_annual,4,-61446.123218267305,-61446.1232193491,0.006799246995598815,0.006799246993993179,2,2
0FRI,east,trend_annual_semi,6,-61542.14438526828,-61542.144386377324,0.006633753947369038,0.0066337539457630304,1,1
0FRI,east,trend_quad_annual_semi,7,-61561.132020653626,-61561.132021769394,0.006594169471521552,0.006594169469915446,0,0
0FRI,north,trend,2,-60334.463801938364,-60334.46380202194,0.008698577953830028,0.008698577953671321,3,3
0FRI,north,trend_annual,4,-60667.58921828915,-60667.589218379435,0.008058765273969445,0.00805876527381062,2,2
0FRI,north,trend_annual_semi,6,-60913.97593949451,-60913.97593959016,0.00760872482999537,0.007608724829836495,1,1
0FRI,north,trend_quad_annual_semi,7,-61116.720712141665,-61116.72071224191,0.007265940176021803,0.007265940175862809,0,0
0FRI,up,trend,2,-45109.72046243745,-45109.72046243718,0.24143823439028916,0.24143823439030307,3,3
0FRI,up,trend_annual,4,-47017.44741198896,-47017.44741198856,0.1586166149836059,0.1586166149836195,2,2
0FRI,up,trend_annual_semi,6,-47083.03554096982,-47083.03554096944,0.1557874162761138,0.15578741627612674,1,1
0FRI,up,trend_quad_annual_semi,7,-47104.98027780675,-47104.980277806375,0.154757881734431,0.15475788173444388,0,0
0FRL,east,trend,2,-64156.20603542267,-64156.206034142735,0.0537642004899416,0.05376420050232278,3,3
0FRL,east,trend_annual,4,-67373.47614199715,-67373.47613970679,0.030043640002239757,0.03004364001462031,1,1
0FRL,east,trend_annual_semi,6,-67365.4389489262,-67365.43894663185,0.029993903293802623,0.02999390330618419,2,2
0FRL,east,trend_quad_annual_semi,7,-69289.71406435891,-69289.71406111037,0.021183561840806643,0.021183561853188038,0,0
0FRL,north,trend,2,-62380.60170718626,-62380.601707202855,0.07400081009284694,0.074000810092626,3,3
0FRL,north,trend_annual,4,-62433.5216019878,-62433.52160200456,0.07307247349582133,0.07307247349560089,2,2
0FRL,north,trend_annual_semi,6,-62528.569586237965,-62528.56958625539,0.07161092965866556,0.07161092965844104,1,1
0FRL,north,trend_quad_annual_semi,7,-63321.89594612202,-63321.89594614172,0.061989208534891746,0.06198920853467205,0,0
0FRL,up,trend,2,-54917.12829081434,-54917.12829075844,0.28341447670059794,0.2834144767034483,3,3
0FRL,up,trend_annual,4,-58265.49600629778,-58265.496006195266,0.15468122419125754,0.15468122419411034,2,2
0FRL,up,trend_annual_semi,6,-58466.24021088613,-58466.24021077955,0.1487319070513514,0.1487319070542036,1,1
0FRL,up,trend_quad_annual_semi,7,-58501.54266485525,-58501.54266474779,0.14756109605499337,0.1475610960578467,0,0
0FRO,east,trend,2,-56944.243269616454,-56944.24326926795,0.05461963975885708,0.05461963976267413,3,3
0FRO,east,trend_annual,4,-64180.05987164899,-64180.05987015714,0.012756526883741102,0.012756526887557192,2,2
0FRO,east,trend_annual_semi,6,-64376.2439898766,-64376.24398831924,0.012222631002717664,0.012222631006534597,1,1
0FRO,east,trend_quad_annual_semi,7,-64682.927044537806,-64682.92704287911,0.011474020291414788,0.011474020295231077,0,0
0FRO,north,trend,2,-63242.06360830744,-63242.06361036864,0.015449027393008387,0.015449027386623106,3,3
0FRO,north,trend_annual,4,-63468.2074362307,-63468.20743839477,0.014713782923686872,0.014713782917301953,2,2
0FRO,north,trend_annual_semi,6,-63597.32028714753,-63597.32028937609,0.014288857965306137,0.01428885795892082,1,1
0FRO,north,trend_quad_annual_semi,7,-63701.490775501705,-63701.490777781066,0.013969610695140054,0.013969610688755118,0,0
0FRO,up,trend,2,-47286.50849059399,-47286.50849069405,0.3787875863550522,0.3787875863474524,3,3
0FRO,up,trend_annual,4,-50197.873191478975,-50197.87319165901,0.21055988024143918,0.21055988023383793,2,2
0FRO,up,trend_annual_semi,6,-50239.36151620042,-50239.36151638265,0.20810360779529186,0.2081036077876881,1,1
0FRO,up,trend_quad_annual_semi,7,-50532.94830213955,-50532.948302332894,0.19587139437356732,0.19587139436597384,0,0
0FUN,east,trend,2,-82085.60386827693,-82085.60386823508,0.04374949117574824,0.04374949117601498,3,3
0FUN,east,trend_annual,4,-85148.05656107783,-85148.0565610123,0.02792937757995253,0.027929377580219166,2,2
0FUN,east,trend_annual_semi,6,-85383.97942537427,-85383.9794253061,0.026916209389300068,0.02691620938956743,0,0
0FUN,east,trend_quad_annual_semi,7,-85377.42174455927,-85377.42174449071,0.026907283696208914,0.026907283696477734,1,1
0FUN,north,trend,2,-80898.65768911211,-80898.65768594755,0.05200961333599946,0.052009613359981346,3,3
0FUN,north,trend_annual,4,-80902.09887705781,-80902.0988738828,0.05184988965419646,0.05184988967818354,2,2
0FUN,north,trend_annual_semi,6,-80947.37383911504,-80947.37383591113,0.05137653175483466,0.05137653177881925,1,1
0FUN,north,trend_quad_annual_semi,7,-82241.78624254839,-82241.78623867407,0.042490772579086275,0.042490772603073275,0,0
0FUN,up,trend,2,-66357.92257488555,-66357.92257488355,0.4327424334835679,0.4327424334836949,3,3
0FUN,up,trend_annual,4,-69322.65539060126,-69322.65539059816,0.2802215316021488,0.28022153160227536,2,2
0FUN,up,trend_annual_semi,6,-69422.8400195491,-69422.84001954593,0.2754506076593288,0.2754506076594559,1,1
0FUN,up,trend_quad_annual_semi,7,-69515.33682874417,-69515.33682874095,0.2714135158066223,0.27141351580674933,0,0
0FUR,east,trend,2,-88012.64996908857,-88012.64996904427,0.06198504237450675,0.06198504237487197,3,3
0FUR,east,trend_annual,4,-92134.78643342802,-92134.78643335152,0.03574330230560024,0.03574330230596388,2,2
0FUR,east,trend_annual_semi,6,-92200.51100350467,-92200.51100342722,0.03534826032894797,0.035348260329312,1,1
0FUR,east,trend_quad_annual_semi,7,-92329.45646682577,-92329.45646674666,0.0347060942183965,0.03470609421876162,0,0
0FUR,north,trend,2,-94866.91279258828,-94866.91279289787,0.024913802913722288,0.024913802912696632,3,3
0FUR,north,trend_annual,4,-95143.61067109802,-95143.61067142051,0.023956826089415385,0.023956826088388006,2,2
0FUR,north,trend_annual_semi,6,-95509.55129755153,-95509.55129789046,0.02276483963456321,0.022764839633537214,1,1
0FUR,north,trend_quad_annual_semi,7,-97511.51815402611,-97511.51815446951,0.017423351551181198,0.017423351550153864,0,0
0FUR,up,trend,2,-70966.95786577699,-70966.95786575924,0.5980100018757101,0.5980100018771222,3,3
0FUR,up,trend_annual,4,-74913.64136699105,-74913.6413669609,0.3529790793880365,0.3529790793894515,2,2
0FUR,up,trend_annual_semi,6,-74948.45541879527,-74948.45541876496,0.3505157026294975,0.350515702630911,1,1
0FUR,up,trend_quad_annual_semi,7,-75978.49460213078,-75978.49460209593,0.30528486753353196,0.30528486753494743,0,0
0GAD,east,trend,2,-77542.94898020537,-77542.9489801035,0.07890838151785767,0.07890838151903584,3,3
0GAD,east,trend_annual,4,-86601.20335926316,-86601.20335887809,0.020865434058462827,0.020865434059640454,2,2
0GAD,east,trend_annual_semi,6,-87215.46522693212,-87215.46522650974,0.019019752840072734,0.019019752841250164,1,1
0GAD,east,trend_quad_annual_semi,7,-87266.50475737355,-87266.50475694744,0.018853596354340516,0.01885359635551798,0,0
0GAD,north,trend,2,-74697.512614697,-74697.5126143932,0.11974008236578705,0.1197400823711186,3,3
0GAD,north,trend_annual,4,-79510.54393010715,-79510.54392949045,0.058987343943671035,0.05898734394900256,2,2
0GAD,north,trend_annual_semi,6,-81026.13384604985,-81026.13384527844,0.04711566933702112,0.047115669342347954,1,1
0GAD,north,trend_quad_annual_semi,7,-82110.67110574215,-82110.67110483634,0.04013940913440494,0.040139409139733795,0,0
0GAD,up,trend,2,-65466.287346288824,-65466.28734628547,0.4632562529870556,0.46325625298728357,3,3
0GAD,up,trend_annual,4,-68967.72004471807,-68967.72004471246,0.2765832372389676,0.2765832372391946,2,2
0GAD,up,trend_annual_semi,6,-69216.33113353903,-69216.33113353318,0.26599748923419697,0.2659974892344246,1,1
0GAD,up,trend_quad_annual_semi,7,-69222.33933431612,-69222.33933431028,0.2654197200499224,0.26541972005014913,0,0
0GAL,east,trend,2,-79412.21374936757,-79412.21374949072,0.02935122417840221,0.029351224177842413,3,3
0GAL,east,trend_annual,4,-82455.45109196652,-82455.45109216437,0.018270882511637457,0.018270882511077592,2,2
0GAL,east,trend_annual_semi,6,-82508.48450950993,-82508.48450970963,0.018072257276183886,0.018072257275624972,1,1
0GAL,east,trend_quad_annual_semi,7,-84164.59799378784,-84164.59799404617,0.013964744740501751,0.01396474473994304,0,0
0GAL,north,trend,2,-70612.75559672435,-70612.75559676894,0.11467618213656978,0.1146761821357779,3,3
0GAL,north,trend_annual,4,-82702.44349067802,-82702.443490969,0.017585185095134917,0.01758518509434243,2,2
0GAL,north,trend_annual_semi,6,-82961.53592053856,-82961.53592084201,0.016847691320484758,0.016847691319692982,1,1
0GAL,north,trend_quad_annual_semi,7,-83305.49144751824,-83305.49144783901,0.01595203389909075,0.0159520338982983,0,0
0GAL,up,trend,2,-61056.282099439886,-61056.282099581374,0.5037750940005987,0.5037750939895602,3,3
0GAL,up,trend_annual,4,-64515.41644059106,-64515.416440833505,0.2940336134388033,0.29403361342776346,2,2
0GAL,up,trend_annual_semi,6,-64637.624725245936,-64637.62472549365,0.2877379803185173,0.28773798030747855,1,1
0GAL,up,trend_quad_annual_semi,7,-64665.94639579263,-64665.94639604178,0.28608970368127995,0.28608970367024056,0,0
0GAM,east,trend,2,-49623.84882361542,-49623.84882275057,0.017434004583168253,0.01743400458691893,3,3
0GAM,east,trend_annual,4,-53660.71278800789,-53660.71278563754,0.006360447237481529,0.006360447241231905,2,2
0GAM,east,trend_annual_semi,6,-53723.92489276841,-53723.92489035048,0.006235416747095112,0.00623541675084556,0,0
0GAM,east,trend_quad_annual_semi,7,-53719.81036548161,-53719.810363061166,0.006228929536193952,0.006228929539944389,1,1
0GAM,north,trend,2,-52632.97281439923,-52632.97281425546,0.008247286847687366,0.008247286847982331,3,3
0GAM,north,trend_annual,4,-52754.3459359795,-52754.345935830825,0.00796903244883498,0.007969032449129719,2,2
0GAM,north,trend_annual_semi,6,-52905.68727297612,-52905.687272821226,0.00764297643708316,0.0076429764373776386,1,1
0GAM,north,trend_quad_annual_semi,7,-53240.372018533235,-53240.372018364396,0.007017926221656711,0.007017926221951451,0,0
0GAM,up,trend,2,-38881.26715987474,-38881.26715987067,0.25232213418628957,0.25232213418654476,3,3
0GAM,up,trend_annual,4,-41063.467944299744,-41063.46794429267,0.14601972147555023,0.14601972147580716,2,2
0GAM,up,trend_annual_semi,6,-41164.362298420645,-41164.362298413485,0.14181377013316432,0.14181377013341698,0,0
0GAM,up,trend_quad_annual_semi,7,-41161.22902648608,-41161.229026478904,0.14163165417286228,0.14163165417311493,1,1
0GEB,east,trend,2,-56540.34703206845,-56540.347032047015,0.040732623601155135,0.04073262360133552,3,3
0GEB,east,trend_annual,4,-62371.76152682396,-62371.76152675235,0.012166491402460289,0.012166491402640287,2,2
0GEB,east,trend_annual_semi,6,-62415.67541316498,-62415.675413092424,0.01201440549274347,0.01201440549292358,1,1
0GEB,east,trend_quad_annual_semi,7,-63004.78692849818,-63004.786928416,0.010618907104288538,0.010618907104468858,0,0
0GEB,north,trend,2,-60804.6149538314,-60804.6149542344,0.016877514663911977,0.016877514662506695,3,3
0GEB,north,trend_annual,4,-60845.19439418018,-60845.194394588136,0.01667802523781856,0.01667802523641282,2,2
0GEB,north,trend_annual_semi,6,-60965.40778215697,-60965.407782576694,0.016211947332155262,0.016211947330749377,1,1
0GEB,north,trend_quad_annual_semi,7,-61054.2218090865,-61054.22180951508,0.015889292004430604,0.01588929200302361,0,0
0GEB,up,trend,2,-48146.56942633612,-48146.56942633252,0.2307375472431094,0.230737547243281,3,3
0GEB,up,trend_annual,4,-50439.074448589185,-50439.07444858341,0.14318203332544743,0.14318203332561819,2,2
0GEB,up,trend_annual_semi,6,-50558.58722948019,-50558.587229474215,0.13920086970237922,0.1392008697025509,1,1
0GEB,up,trend_quad_annual_semi,7,-50635.84459939781,-50635.84459939173,0.1367565992953709,0.13675659929554307,0,0
0GIM,east,trend,2,-10912.966714468821,-10912.966714436236,0.003963245122166572,0.0039632451223121645,3,3
0GIM,east,trend_annual,4,-11930.881716149579,-11930.881716045313,0.001238827017419613,0.0012388270175652345,2,2
0GIM,east,trend_annual_semi,6,-11960.54056594672,-11960.54056583728,0.001179891568696743,0.0011798915688423178,1,1
0GIM,east,trend_quad_annual_semi,7,-12001.608011533262,-12001.608011417798,0.0011179209814537888,0.0011179209815993117,0,0
0GIM,north,trend,2,-11429.014489639896,-11429.014489658735,0.0022150458743469366,0.002215045874299891,3,3
0GIM,north,trend_annual,4,-11458.69405193184,-11458.69405195163,0.0021096189272214808,0.002109618927174414,2,2
0GIM,north,trend_annual_semi,6,-11581.52816692315,-11581.528166945996,0.00180890103564198,0.0018089010355953885,1,1
0GIM,north,trend_quad_annual_semi,7,-11740.97436587613,-11740.974365903681,0.0014997642802844994,0.0014997642802379162,0,0
0GIM,up,trend,2,-8826.438817302651,-8826.438817304257,0.04165434885041233,0.041654348850336836,3,3
0GIM,up,trend_annual,4,-9253.971689355241,-9253.971689357882,0.02533284751194483,0.0253328475118694,1,1
0GIM,up,trend_annual_semi,6,-9254.73227881042,-9254.732278812826,0.024926692425738677,0.02492669242567102,0,0
0GIM,up,trend_quad_annual_semi,7,-9250.904102538818,-9250.904102541232,0.024843657695577656,0.024843657695510016,2,2
0GIS,east,trend,2,-47833.0629865711,-47833.062986562574,0.03712513160967049,0.037125131609747335,3,3
0GIS,east,trend_annual,4,-52574.45870327969,-52574.458703252494,0.01169485609674491,0.011694856096822127,2,2
0GIS,east,trend_annual_semi,6,-52674.342244919375,-52674.34224489123,0.011368634248706544,0.011368634248784211,1,1
0GIS,east,trend_quad_annual_semi,7,-52878.11422557918,-52878.1142255496,0.010798057217233877,0.010798057217311426,0,0
0GIS,north,trend,2,-53696.901597883,-53696.90159981105,0.00894135199426821,0.008941351990082877,3,3
0GIS,north,trend_annual,4,-54424.38142113879,-54424.3814234486,0.007463539140317685,0.0074635391361323414,2,2
0GIS,north,trend_annual_semi,6,-54539.57701106792,-54539.57701345307,0.007228426552326037,0.007228426548140345,1,1
0GIS,north,trend_quad_annual_semi,7,-54647.51501881111,-54647.51502126456,0.007027252146051792,0.0070272521418660566,0,0
0GIS,up,trend,2,-40302.764942791946,-40302.7649427446,0.2310144170981645,0.23101441710081944,3,3
0GIS,up,trend_annual,4,-42219.585251486424,-42219.58525141078,0.14447089537756994,0.14447089538022287,2,2
0GIS,up,trend_annual_semi,6,-42284.78794926856,-42284.78794919132,0.14162842204652887,0.14162842204918474,1,1
0GIS,up,trend_quad_annual_semi,7,-42332.25526659774,-42332.25526651944,0.13972303843672185,0.13972303843937822,0,0
0GLO,east,trend,2,-49616.56326707087,-49616.563266859936,0.0228106739048746,0.022810673906047588,3,3
0GLO,east,trend_annual,4,-54142.80288291373,-54142.80288227625,0.007536438860932081,0.007536438862103303,1,1
0GLO,east,trend_annual_semi,6,-54129.472723425846,-54129.47272278784,0.0075303631047024715,0.0075303631058737126,2,2
0GLO,east,trend_quad_annual_semi,7,-54145.914783062086,-54145.914782420135,0.007485043783751885,0.007485043784923257,0,0
0GLO,north,trend,2,-51220.638375653245,-51220.63837604063,0.015427960860713569,0.015427960859256597,3,3
0GLO,north,trend_annual,4,-52569.3745549683,-52569.37455550884,0.011059896825816191,0.011059896824358751,2,2
0GLO,north,trend_annual_semi,6,-52585.72392503573,-52585.72392558058,0.010971311035752957,0.010971311034295668,1,1
0GLO,north,trend_quad_annual_semi,7,-52686.56272205473,-52686.56272261435,0.010683204657436355,0.010683204655978903,0,0
0GLO,up,trend,2,-39389.120348970275,-39389.12034894963,0.2760302932097131,0.2760302932111018,3,3
0GLO,up,trend_annual,4,-41463.90613172511,-41463.906131690754,0.16577904599941412,0.16577904600080276,2,2
0GLO,up,trend_annual_semi,6,-41550.61359210377,-41550.613592068454,0.1616545775265286,0.16165457752792028,1,1
0GLO,up,trend_quad_annual_semi,7,-41600.82642840813,-41600.8264283723,0.1593642827452542,0.15936428274664638,0,0
0GMA,east,trend,2,-48141.91020982191,-48141.91020988714,0.034549513605462615,0.03454951360491567,3,3
0GMA,east,trend_annual,4,-53633.86302626181,-53633.863026510466,0.009073468713284771,0.009073468712737148,2,2
0GMA,east,trend_annual_semi,6,-53711.26364246111,-53711.26364271566,0.008868693445992878,0.008868693445444942,1,1
0GMA,east,trend_quad_annual_semi,7,-53746.96293790861,-53746.96293816581,0.00877443442502073,0.008774434424472972,0,0
0GMA,north,trend,2,-51639.647613307505,-51639.6476138114,0.014782263987692407,0.014782263985884446,3,3
0GMA,north,trend_annual,4,-53834.70619308155,-53834.706193943326,0.00864176018881505,0.008641760187007456,2,2
0GMA,north,trend_annual_semi,6,-53909.838816177966,-53909.83881705931,0.008451379034768843,0.008451379032960948,0,0
0GMA,north,trend_quad_annual_semi,7,-53909.578970635695,-53909.578971518706,0.008434853969749936,0.00843485396794216,1,1
0GMA,up,trend,2,-40737.54784279762,-40737.547842801505,0.20842281980887187,0.20842281980867539,3,3
0GMA,up,trend_annual,4,-42624.75584252841,-42624.75584253468,0.13129779967812458,0.13129779967792482,2,2
0GMA,up,trend_annual_semi,6,-42647.1055951672,-42647.10559517364,0.13006089181007344,0.1300608918098703,1,1
0GMA,up,trend_quad_annual_semi,7,-42650.435873298506,-42650.43587330495,0.12969351967050602,0.12969351967030296,0,0
0GMO,east,trend,2,-24540.429508295747,-24540.429507907804,0.013452132243555643,0.013452132246092676,3,3
0GMO,east,trend_annual,4,-25993.509460304864,-25993.50945951268,0.006588414029211495,0.006588414031748801,1,1
0GMO,east,trend_annual_semi,6,-25987.74813208503,-25987.748131288805,0.006558066995698396,0.006558066998236893,2,2
0GMO,east,trend_quad_annual_semi,7,-26261.177881804208,-26261.177880891675,0.005720525218994787,0.005720525221532542,0,0
0GMO,north,trend,2,-26517.97101428253,-26517.97101369574,0.005143665532576166,0.005143665534043474,3,3
0GMO,north,trend_annual,4,-26525.64707083646,-26525.647070243092,0.005086635887335305,0.005086635888802605,2,2
0GMO,north,trend_annual_semi,6,-26639.182105687367,-26639.18210505599,0.0047779166732018355,0.004777916674668384,1,1
0GMO,north,trend_quad_annual_semi,7,-26662.94965380654,-26662.949653165477,0.004705543756750466,0.004705543758216944,0,0
0GMO,up,trend,2,-20255.978593263117,-20255.978593263644,0.10798598635490883,0.10798598635488099,3,3
0GMO,up,trend_annual,4,-21382.466893823785,-21382.4668938247,0.061988404958291665,0.06198840495826393,2,2
0GMO,up,trend_annual_semi,6,-21402.717434319988,-21402.71743432179,0.06092752555293595,0.06092752555288253,1,1
0GMO,up,trend_quad_annual_semi,7,-21489.83821355712,-21489.838213559215,0.05818472894318388,0.058184728943124556,0,0
0GNA,east,trend,2,-63278.42543709225,-63278.425437081016,0.03718599278236068,0.03718599278243903,3,3
0GNA,east,trend_annual,4,-67009.26306524093,-67009.26306521817,0.018409641537468026,0.018409641537546605,2,2
0GNA,east,trend_annual_semi,6,-67030.07324045918,-67030.0732404363,0.018278975407081524,0.01827897540715996,1,1
0GNA,east,trend_quad_annual_semi,7,-68497.59394588882,-68497.59394585865,0.013857980140162708,0.013857980140241142,0,0
0GNA,north,trend,2,-66376.17652556596,-66376.1765232299,0.02079784965842702,0.020797849667540724,3,3
0GNA,north,trend_annual,4,-68756.00528463571,-68756.00528097329,0.013266167637862016,0.013266167646975956,2,2
0GNA,north,trend_annual_semi,6,-68885.89703968482,-68885.89703592067,0.012905224765899326,0.01290522477501153,1,1
0GNA,north,trend_quad_annual_semi,7,-69239.59566455384,-69239.59566052422,0.01205735725123917,0.012057357260353108,0,0
0GNA,up,trend,2,-52587.72559934281,-52587.72559940638,0.27625261729393824,0.2762526172906439,3,3
0GNA,up,trend_annual,4,-54743.682768914354,-54743.682769009916,0.18376861347965992,0.18376861347636586,2,2
0GNA,up,trend_annual_semi,6,-54854.573279784345,-54854.57327988224,0.17940699963405135,0.1794069996307566,1,1
0GNA,up,trend_quad_annual_semi,7,-54857.3940558355,-54857.394055933604,0.179023689719176,0.17902368971588142,0,0
0GOT,east,trend,2,-11521.715702758136,-11521.715702773894,0.07270829225371503,0.07270829225275138,3,3
0GOT,east,trend_annual,4,-13292.693683573338,-13292.693683644071,0.01620105506028993,0.016201055059326126,2,2
0GOT,east,trend_annual_semi,6,-13310.245761765987,-13310.24576183851,0.01577464161184527,0.015774641610883107,0,0
0GOT,east,trend_quad_annual_semi,7,-13307.162590540656,-13307.16259061342,0.015721692632890697,0.01572169263192856,1,1
0GOT,north,trend,2,-14471.6114979168,-14471.61149792541,0.006082808691417009,0.00608280869137296,3,3
0GOT,north,trend_annual,4,-15076.417968238107,-15076.417968252606,0.0036142621766683002,0.0036142621766242253,2,2
0GOT,north,trend_annual_semi,6,-15144.917265877659,-15144.917265893191,0.003371528692827412,0.0033715286927833727,1,1
0GOT,north,trend_quad_annual_semi,7,-15162.447992315121,-15162.447992330975,0.0033024573836303176,0.0033024573835862786,0,0
0GOT,up,trend,2,-11774.192092527177,-11774.192092528003,0.05879824255771256,0.05879824255767164,3,3
0GOT,up,trend_annual,4,-12457.174695918833,-12457.174695920308,0.03271336382192818,0.032713363821887526,2,2
0GOT,up,trend_annual_semi,6,-12458.771558152746,-12458.771558154169,0.032282652676248094,0.032282652676209465,1,1
0GOT,up,trend_quad_annual_semi,7,-12479.481360734904,-12479.481360736383,0.03153685529299402,0.03153685529295476,0,0
0GRA,east,trend,2,-89776.4474623502,-89776.44746232124,0.05030519052958713,0.050305190529780414,3,3
0GRA,east,trend_annual,4,-96435.8333045994,-96435.83330452906,0.02073752710493766,0.020737527105131243,2,2
0GRA,east,trend_annual_semi,6,-96856.09119220542,-96856.09119213087,0.01956615518879158,0.01956615518898516,1,1
0GRA,east,trend_quad_annual_semi,7,-97091.5285413311,-97091.52854125395,0.018941791762515252,0.018941791762709194,0,0
0GRA,north,trend,2,-94253.34417345453,-94253.34416983221,0.027770141234336694,0.027770141247686758,3,3
0GRA,north,trend_annual,4,-94291.8642430861,-94291.86423943687,0.02756314833917502,0.027563148352524006,2,2
0GRA,north,trend_annual_semi,6,-94511.16848313432,-94511.16847936813,0.026709127824829655,0.026709127838179546,1,1
0GRA,north,trend_quad_annual_semi,7,-94777.63602378214,-94777.63601987515,0.025750566322168843,0.025750566335520794,0,0
0GRA,up,trend,2,-72950.59394375174,-72950.59394373922,0.46924949975903835,0.46924949975981867,3,3
0GRA,up,trend_annual,4,-77009.59475958541,-77009.59475956393,0.27316576551691363,0.2731657655176924,2,2
0GRA,up,trend_annual_semi,6,-77112.52807293907,-77112.52807291724,0.268821760488556,0.2688217604893347,0,0
0GRA,up,trend_quad_annual_semi,7,-77109.00827829886,-77109.00827827703,0.2686289088074604,0.2686289088082387,1,1
0GRB,east,trend,2,-15800.428446388014,-15800.428446359101,0.007121447616673663,0.0071214476168314335,3,3
0GRB,east,trend_annual,4,-17165.909107406762,-17165.909107323518,0.0024738388030843958,0.0024738388032421992,1,1
0GRB,east,trend_annual_semi,6,-17165.68952353256,-17165.689523449106,0.002447200716950958,0.002447200717107464,2,2
0GRB,east,trend_quad_annual_semi,7,-17254.160417013452,-17254.160416923583,0.0022742577436652297,0.002274257743821848,0,0
0GRB,north,trend,2,-17057.082325260555,-17057.082325262865,0.0027187109643711763,0.002718710964366361,3,3
0GRB,north,trend_annual,4,-17506.542484932852,-17506.542484936133,0.0019055093920274306,0.001905509392022638,1,1
0GRB,north,trend_annual_semi,6,-17502.89100687513,-17502.89100687816,0.0018899547095128381,0.0018899547095084458,2,2
0GRB,north,trend_quad_annual_semi,7,-17664.628907410704,-17664.62890741425,0.0016604995502158655,0.0016604995502113517,0,0
0GRB,up,trend,2,-13034.376599168518,-13034.37659911791,0.059304843540585475,0.059304843542885344,3,3
0GRB,up,trend_annual,4,-13644.14556210346,-13644.145562021817,0.03676111021807822,0.036761110220378077,2,2
0GRB,up,trend_annual_semi,6,-13666.030880196964,-13666.03088011346,0.035754479714857214,0.03575447971714513,0,0
0GRB,up,trend_quad_annual_semi,7,-13658.863087343136,-13658.86308725963,0.0357543107933969,0.035754310795684814,1,1
0GRI,east,trend,2,-68097.0087123389,-68097.00871235211,0.027615264442976184,0.027615264442910736,3,3
0GRI,east,trend_annual,4,-74707.0461789446,-74707.04617898868,0.008413439054722296,0.008413439054655789,2,2
0GRI,east,trend_annual_semi,6,-74946.7045040965,-74946.7045041423,0.008034589656457692,0.0080345896563917,1,1
0GRI,east,trend_quad_annual_semi,7,-75281.26146307349,-75281.26146312252,0.00755499886852545,0.007554998868459041,0,0
0GRI,north,trend,2,-74604.9040211739,-74604.90402199407,0.008595532125260862,0.00859553212399657,3,3
0GRI,north,trend_annual,4,-74850.22166846928,-74850.22166932911,0.008200156327846177,0.008200156326581706,2,2
0GRI,north,trend_annual_semi,6,-75065.35044818236,-75065.35044907877,0.00786543592848365,0.007865435927219184,0,0
0GRI,north,trend_quad_annual_semi,7,-75058.33635066173,-75058.33635155844,0.007863162207554706,0.007863162206290181,1,1
0GRI,up,trend,2,-55019.85396970368,-55019.853969717034,0.2881917295251425,0.28819172952445216,3,3
0GRI,up,trend_annual,4,-57777.59334644454,-57777.593346466514,0.17520537751688744,0.1752053775161972,2,2
0GRI,up,trend_annual_semi,6,-57879.786023416586,-57879.78602343903,0.1714921646554235,0.1714921646547331,1,1
0GRI,up,trend_quad_annual_semi,7,-57885.16982363833,-57885.16982366083,0.17106182138710133,0.17106182138641113,0,0
0GRN,east,trend,2,-77292.90824979176,-77292.90824950057,0.06252384829272961,0.06252384829545637,3,3
0GRN,east,trend_annual,4,-81610.82042273834,-81610.82042218109,0.03266243866668864,0.03266243866941458,2,2
0GRN,east,trend_annual_semi,6,-81732.97119608078,-81732.97119551177,0.03198585118607386,0.031985851188799666,1,1
0GRN,east,trend_quad_annual_semi,7,-81908.58205286485,-81908.5820522799,0.031114497655495083,0.03111449765822091,0,0
0GRN,north,trend,2,-82591.00382943195,-82591.00382637874,0.028277420403252436,0.028277420416182968,3,3
0GRN,north,trend_annual,4,-82645.13850670062,-82645.13850361462,0.027975192833787993,0.027975192846717612,2,2
0GRN,north,trend_annual_semi,6,-83253.99329763529,-83253.99329424521,0.025469799824701857,0.025469799837633488,1,1
0GRN,north,trend_quad_annual_semi,7,-83350.36701195488,-83350.36700851114,0.025071727716248108,0.02507172772917915,0,0
0GRN,up,trend,2,-62392.5641731808,-62392.56417317814,0.5823902173103932,0.5823902173106255,3,3
0GRN,up,trend_annual,4,-66126.47135355596,-66126.4713535513,0.33204934049077167,0.33204934049100304,2,2
0GRN,up,trend_annual_semi,6,-66194.8278763376,-66194.8278763329,0.32780146160105506,0.3278014616012864,1,1
0GRN,up,trend_quad_annual_semi,7,-66215.25964804429,-66215.25964803954,0.326369176247333,0.3263691762475648,0,0
0GRO,east,trend,2,-86261.04315971174,-86261.04315961112,0.06670724913984642,0.06670724914075035,3,3
0GRO,east,trend_annual,4,-92849.77519878348,-92849.7751985382,0.027399961516810102,0.027399961517715184,2,2
0GRO,east,trend_annual_semi,6,-93001.77488070035,-93001.77488044924,0.026780381042485278,0.02678038104339098,1,1
0GRO,east,trend_quad_annual_semi,7,-94186.05341359347,-94186.05341329888,0.02280478597767467,0.022804785978579427,0,0
0GRO,north,trend,2,-93911.9439852083,-93911.94398507461,0.023804848446512702,0.023804848446941293,3,3
0GRO,north,trend_annual,4,-94098.18865435403,-94098.18865421644,0.023159501228357478,0.02315950122878664,2,2
0GRO,north,trend_annual_semi,6,-94550.15587035476,-94550.1558702079,0.021739554918655094,0.021739554919085063,0,0
0GRO,north,trend_quad_annual_semi,7,-94545.89539180578,-94545.89539165897,0.021725938279408216,0.021725938279837816,1,1
0GRO,up,trend,2,-69445.35267413847,-69445.35267424832,0.6422984615938332,0.64229846158433,3,3
0GRO,up,trend_annual,4,-73417.50050246836,-73417.50050265646,0.3752839660242596,0.375283966014753,2,2
0GRO,up,trend_annual_semi,6,-73477.36832202306,-73477.36832221308,0.37137757730425924,0.3713775772947556,1,1
0GRO,up,trend_quad_annual_semi,7,-73520.5360795318,-73520.53607972308,0.3687817785353362,0.3687817785258357,0,0
0GRS,east,trend,2,-62721.78293224722,-62721.782932232534,0.0322640905369639,0.03226409053705446,3,3
0GRS,east,trend_annual,4,-69151.77461088116,-69151.77461083072,0.009404955178335856,0.009404955178426532,2,2
0GRS,east,trend_annual_semi,6,-69167.53826305203,-69167.53826300146,0.009345999243251777,0.009345999243342151,1,1
0GRS,east,trend_quad_annual_semi,7,-69422.54950200094,-69422.5495019477,0.008886665712043988,0.008886665712134463,0,0
0GRS,north,trend,2,-68621.08211012192,-68621.08211030079,0.01044352103552802,0.010443521035170832,3,3
0GRS,north,trend_annual,4,-68714.37980242603,-68714.37980260879,0.010225336301973384,0.010225336301616088,2,2
0GRS,north,trend_annual_semi,6,-69092.07055366645,-69092.07055386357,0.00948183758589213,0.009481837585534746,1,1
0GRS,north,trend_quad_annual_semi,7,-69190.34032628886,-69190.34032648991,0.009290119152613185,0.009290119152256039,0,0
0GRS,up,trend,2,-52436.332026778255,-52436.332026836884,0.23057594229518885,0.2305759422926042,3,3
0GRS,up,trend_annual,4,-54878.14094007387,-54878.14094016772,0.14408752901459648,0.14408752901201066,2,2
0GRS,up,trend_annual_semi,6,-55008.61964657541,-55008.61964667194,0.14007788323991122,0.14007788323732595,1,1
0GRS,up,trend_quad_annual_semi,7,-55018.66243894504,-55018.66243904192,0.13958046196466128,0.13958046196207569,0,0
0GST,east,trend,2,-31447.0396985033,-31447.03969893515,0.010487970606607276,0.010487970604822712,3,3
0GST,east,trend_annual,4,-33841.1354573445,-33841.1354584607,0.004058248163972243,0.004058248162187438,2,2
0GST,east,trend_annual_semi,6,-33961.02987462618,-33961.02987580382,0.0038471563383029816,0.0038471563365178978,1,1
0GST,east,trend_quad_annual_semi,7,-33977.782775225365,-33977.78277641445,0.003810059210952293,0.003810059209167234,0,0
0GST,north,trend,2,-33190.47227560977,-33190.47227610726,0.005276680856657067,0.005276680855622747,3,3
0GST,north,trend_annual,4,-33246.076225250305,-33246.07622576199,0.005130541946074235,0.005130541945039858,2,2
0GST,north,trend_annual_semi,6,-33348.53893601728,-33348.53893655317,0.004897194298419262,0.004897194297385226,1,1
0GST,north,trend_quad_annual_semi,7,-33519.48468686743,-33519.48468744243,0.004564090371971802,0.004564090370937766,0,0
0GST,up,trend,2,-24718.155487899385,-24718.155487907727,0.14863350203606918,0.14863350203558082,3,3
0GST,up,trend_annual,4,-25978.862169915752,-25978.862169929536,0.08988884109878838,0.0898888410983002,2,2
0GST,up,trend_annual_semi,6,-26060.594826261975,-26060.594826275315,0.08650418818228657,0.086504188181832,0,0
0GST,up,trend_quad_annual_semi,7,-26052.814495645656,-26052.814495658997,0.08650218405438635,0.08650218405393167,1,1
0GUL,east,trend,2,-64291.379780961,-64291.379782570526,0.03422259497851599,0.0342225949682681,3,3
0GUL,east,trend_annual,4,-68865.13295982685,-68865.13296360809,0.014567006980328723,0.01456700697008102,2,2
0GUL,east,trend_annual_semi,6,-69114.1150063526,-69114.11501032584,0.013863241436038898,0.013863241425791109,1,1
0GUL,east,trend_quad_annual_semi,7,-69264.5589056926,-69264.5589097849,0.013459069950025136,0.013459069939777933,0,0
0GUL,north,trend,2,-67990.17017245606,-67990.17017437318,0.017197070477317306,0.01719707047118359,3,3
0GUL,north,trend_annual,4,-69239.78505283869,-69239.78505526487,0.013586225664063005,0.013586225657930408,2,2
0GUL,north,trend_annual_semi,6,-69542.41941489385,-69542.41941746861,0.012801422468960537,0.012801422462828341,1,1
0GUL,north,trend_quad_annual_semi,7,-70320.38622640338,-70320.38622938434,0.011058730810769368,0.011058730804636242,0,0
0GUL,up,trend,2,-52746.68874749595,-52746.68874767004,0.2931650005747576,0.2931650005652622,3,3
0GUL,up,trend_annual,4,-55332.92030874754,-55332.92030903002,0.1806172468614222,0.18061724685192995,2,2
0GUL,up,trend_annual_semi,6,-55424.46777042481,-55424.46777071306,0.17700039247133192,0.1770003924618397,1,1
0GUL,up,trend_quad_annual_semi,7,-55430.063171599126,-55430.06317188814,0.17653389471203892,0.17653389470254677,0,0
0GUM,east,trend,2,-30484.1128390502,-30484.112839074063,0.013049569257614533,0.013049569257490342,3,3
0GUM,east,trend_annual,4,-33111.925528815715,-33111.92552888419,0.004546333082641606,0.004546333082517421,2,2
0GUM,east,trend_annual_semi,6,-33210.48019514778,-33210.480195220014,0.004343868055120996,0.00434386805499584,1,1
0GUM,east,trend_quad_annual_semi,7,-33697.611691297876,-33697.61169138589,0.0035656083280139624,0.003565608327888789,0,0
0GUM,north,trend,2,-31002.657884957258,-31002.657884928904,0.010611265890851422,0.010611265890971442,3,3
0GUM,north,trend_annual,4,-32516.509693019107,-32516.509692966923,0.005765098980175433,0.005765098980295437,2,2
0GUM,north,trend_annual_semi,6,-32530.004038750667,-32530.004038697898,0.005698458304705635,0.00569845830482558,1,1
0GUM,north,trend_quad_annual_semi,7,-32533.73457427268,-32533.734574219678,0.00567224862758499,0.00567224862770492,0,0
0GUM,up,trend,2,-24395.687281700397,-24395.687281701797,0.14801673659189885,0.14801673659181588,3,3
0GUM,up,trend_annual,4,-25660.939985848636,-25660.93998585098,0.08880059998485855,0.08880059998477562,2,2
0GUM,up,trend_annual_semi,6,-25712.442100117085,-25712.442100118147,0.08645344765394665,0.0864534476539099,1,1
0GUM,up,trend_quad_annual_semi,7,-25714.41816118578,-25714.418161186844,0.08611605635321147,0.08611605635317476,0,0
0GUN,east,trend,2,-87292.80572971488,-87292.80572999948,0.04184010486101876,0.04184010485937391,3,3
0GUN,east,trend_annual,4,-91862.45951269523,-91862.459513231,0.02220117264109602,0.022201172639452853,2,2
0GUN,east,trend_annual_semi,6,-92217.44985469813,-92217.44985526257,0.02108688204920266,0.02108688204755849,1,1
0GUN,east,trend_quad_annual_semi,7,-92483.46116093978,-92483.46116152547,0.020301128709583914,0.02030112870794141,0,0
0GUN,north,trend,2,-90923.25123686928,-90923.2512370072,0.02533896442290303,0.02533896442242021,3,3
0GUN,north,trend_annual,4,-91038.66884540019,-91038.66884554065,0.02487700962140517,0.024877009620922444,2,2
0GUN,north,trend_annual_semi,6,-92011.72432443163,-92011.72432459265,0.021694747858660754,0.021694747858178213,1,1
0GUN,north,trend_quad_annual_semi,7,-92241.09468287753,-92241.09468304392,0.020992330216820756,0.020992330216338277,0,0
0GUN,up,trend,2,-66146.98437639464,-66146.98437643671,0.7766209158457293,0.7766209158412143,3,3
0GUN,up,trend_annual,4,-69779.14304499785,-69779.14304506747,0.469068257267467,0.46906825726295553,1,1
0GUN,up,trend_annual_semi,6,-69778.8841156522,-69778.88411572204,0.46793466760710106,0.4679346676025861,2,2
0GUN,up,trend_quad_annual_semi,7,-69788.41962666469,-69788.41962673473,0.46674532060700813,0.46674532060249313,0,0
0GVA,east,trend,2,-49092.93227179843,-49092.93227181262,1.3783069783216404,1.3783069783183113,3,3
0GVA,east,trend_annual,4,-49115.71370445321,-49115.71370446756,1.3689239085562235,1.3689239085528808,1,1
0GVA,east,trend_annual_semi,6,-49103.16095871193,-49103.16095872628,1.3678050640146362,1.3678050640112969,2,2
0GVA,east,trend_quad_annual_semi,7,-50411.674854291545,-50411.67485430954,1.093127096142356,1.0931270961390076,0,0
0GVA,north,trend,2,-44632.340345684745,-44632.34034570237,2.944610046412796,2.9446100464039673,2,2
0GVA,north,trend_annual,4,-44645.48485068647,-44645.48485070413,2.929364453698509,2.9293644536897063,1,1
0GVA,north,trend_annual_semi,6,-44631.18287890413,-44631.18287892181,2.9278416941225136,2.9278416941137024,3,3
0GVA,north,trend_quad_annual_semi,7,-46039.082887127115,-46039.08288714966,2.3006387335748917,2.300638733566062,0,0
0GVA,up,trend,2,-55135.15176472736,-55135.151764744034,0.49290838887267013,0.4929083888712706,3,3
0GVA,up,trend_annual,4,-57724.25843136434,-57724.25843139037,0.31631716621175165,0.3163171662103501,2,2
0GVA,up,trend_annual_semi,6,-57783.655407555794,-57783.65540758215,0.3122121962372703,0.31221219623587004,1,1
0GVA,up,trend_quad_annual_semi,7,-57978.812451272686,-57978.81245129999,0.30156740096181617,0.301567400960415,0,0
0GVG,east,trend,2,-36954.842210115465,-36954.842210317845,0.018541115877540697,0.018541115876320777,3,3
0GVG,east,trend_annual,4,-41748.411405789266,-41748.41140675572,0.003882158358743403,0.0038821583575236614,2,2
0GVG,east,trend_annual_semi,6,-41822.059289051496,-41822.059290047655,0.003770571438067717,0.003770571436846621,1,1
0GVG,east,trend_quad_annual_semi,7,-41874.15433079874,-41874.154331814505,0.0036975839215157196,0.0036975839202946915,0,0
0GVG,north,trend,2,-40560.033944689334,-40560.033946202195,0.005742828278826218,0.005742828276001741,3,3
0GVG,north,trend_annual,4,-40724.87131804245,-40724.87131964679,0.005414830784800516,0.00541483078197634,2,2
0GVG,north,trend_annual_semi,6,-40944.03739992857,-40944.03740166045,0.005016183130060229,0.005016183127235987,0,0
0GVG,north,trend_quad_annual_semi,7,-40943.96278048903,-40943.96278222535,0.005003224411639545,0.005003224408815361,1,1
0GVG,up,trend,2,-30218.790376390898,-30218.790376401677,0.1656479170062787,0.16564791700569811,3,3
0GVG,up,trend_annual,4,-31579.259287712102,-31579.25928772897,0.10588541355845371,0.10588541355787301,2,2
0GVG,up,trend_annual_semi,6,-31627.089500460974,-31627.089500477658,0.1037087048355911,0.10370870483502861,0,0
0GVG,up,trend_quad_annual_semi,7,-31621.523954678392,-31621.52395469509,0.103625601275075,0.1036256012745124,1,1
0HAD,east,trend,2,-48966.48499732336,-48966.48499762033,0.038741569300381196,0.03874156929765679,3,3
0HAD,east,trend_annual,4,-53696.40052880416,-53696.40052971824,0.012590248754866945,0.012590248752141792,2,2
0HAD,east,trend_annual_semi,6,-53740.538896309256,-53740.538897236525,0.012410178434329833,0.012410178431604867,1,1
0HAD,east,trend_quad_annual_semi,7,-54708.32271633725,-54708.32271750542,0.009849004365682142,0.009849004362957686,0,0
0HAD,north,trend,2,-51306.92573539102,-51306.92573580975,0.02225797443276111,0.02225797443055414,3,3
0HAD,north,trend_annual,4,-51498.68456950422,-51498.68456994434,0.0211859539908084,0.021185953988600473,2,2
0HAD,north,trend_annual_semi,6,-51630.57464352662,-51630.574643982676,0.020453485637163135,0.0204534856349543,1,1
0HAD,north,trend_quad_annual_semi,7,-52885.36588636396,-52885.365886978754,0.015165813532112887,0.01516581352990502,0,0
0HAD,up,trend,2,-41702.5928277093,-41702.59282775719,0.2163704149436263,0.21637041494117276,3,3
0HAD,up,trend_annual,4,-43856.17370844417,-43856.17370852427,0.12942135561157045,0.12942135560911538,2,2
0HAD,up,trend_annual_semi,6,-43949.62217017057,-43949.622170252784,0.1260894051355691,0.12608940513311434,0,0
0HAD,up,trend_quad_annual_semi,7,-43942.34115800308,-43942.341158085306,0.1260575422852786,0.12605754228282426,1,1
0HAE,east,trend,2,-34116.53109513832,-34116.53109514571,0.025344384529203838,0.025344384529139855,3,3
0HAE,east,trend_annual,4,-38395.095718789424,-38395.09571882149,0.005846519583827167,0.005846519583763134,0,0
0HAE,east,trend_annual_semi,6,-38392.44364469149,-38392.44364472334,0.005819998868540747,0.005819998868477439,1,1
0HAE,east,trend_quad_annual_semi,7,-38385.61899595243,-38385.618995984296,0.00581769870201824,0.005817698701954918,2,2
0HAE,north,trend,2,-37856.48577775114,-37856.48578024334,0.007065687066890599,0.007065687060876574,3,3
0HAE,north,trend_annual,4,-38235.448834818984,-38235.44883767099,0.00617414709227526,0.006174147086261356,2,2
0HAE,north,trend_annual_semi,6,-38370.65502401781,-38370.65502702062,0.005863469751599969,0.005863469745586693,0,0
0HAE,north,trend_quad_annual_semi,7,-38368.22679983353,-38368.22680284203,0.005852358422895849,0.005852358416882598,1,1
0HAE,up,trend,2,-28402.305018215375,-28402.305018239014,0.17841943097163032,0.17841943097018992,3,3
0HAE,up,trend_annual,4,-29623.0587259795,-29623.058726015544,0.11695167493830966,0.11695167493687,2,2
0HAE,up,trend_annual_semi,6,-29807.27608762346,-29807.276087662583,0.10922312543080696,0.1092231254293475,0,0
0HAE,up,trend_quad_annual_semi,7,-29799.47944777267,-29799.479447811784,0.10921620837084192,0.10921620836938285,1,1
0HAF,east,trend,2,-64584.755609496126,-64584.7556092945,0.03193672335046663,0.031936723351665974,3,3
0HAF,east,trend_annual,4,-72581.17601173,-72581.17601083349,0.007179204791160684,0.007179204792359466,2,2
0HAF,east,trend_annual_semi,6,-72701.01016443921,-72701.01016351952,0.006998317259988254,0.006998317261187065,1,1
0HAF,east,trend_quad_annual_semi,7,-72712.42747624725,-72712.42747532416,0.006972288990622242,0.00697228899182099,0,0
0HAF,north,trend,2,-71982.3353143501,-71982.33531792054,0.008052033001667722,0.008052032996313022,3,3
0HAF,north,trend_annual,4,-72124.39785359865,-72124.39785727653,0.007816724275022072,0.007816724269667443,2,2
0HAF,north,trend_annual_semi,6,-72374.61190230768,-72374.61190617352,0.007436965099459478,0.007436965094104622,0,0
0HAF,north,trend_quad_annual_semi,7,-72369.96101766008,-72369.96102152884,0.00743151298428392,0.007431512978928973,1,1
0HAF,up,trend,2,-53107.535715018275,-53107.53571517127,0.27081597337989904,0.27081597337218194,3,3
0HAF,up,trend_annual,4,-55314.64070154779,-55314.64070177937,0.1789590850155879,0.17895908500786895,2,2
0HAF,up,trend_annual_semi,6,-55406.84258693575,-55406.8425871721,0.1753501692017057,0.17535016919398694,0,0
0HAF,up,trend_quad_annual_semi,7,-55399.20147756364,-55399.20147780001,0.1753192337604079,0.17531923375268954,1,1
0HAG,east,trend,2,-22126.18786860325,-22126.187868611803,0.046050058109300976,0.046050058109110364,3,3
0HAG,east,trend_annual,4,-22254.833117155096,-22254.833117164286,0.04295293378714713,0.04295293378695615,2,2
0HAG,east,trend_annual_semi,6,-22323.997403773814,-22323.9974037832,0.04123376052139328,0.041233760521206086,1,1
0HAG,east,trend_quad_annual_semi,7,-23160.00744005006,-23160.007440064222,0.027415495863781673,0.027415495863593806,0,0
0HAG,north,trend,2,-26123.179266142957,-26123.179265446222,0.006659289643319653,0.006659289645564342,3,3
0HAG,north,trend_annual,4,-26130.235726188697,-26130.23572548449,0.006587754482962154,0.006587754485206538,2,2
0HAG,north,trend_annual_semi,6,-26326.586124118407,-26326.586123337904,0.005946680708802651,0.005946680711048133,0,0
0HAG,north,trend_quad_annual_semi,7,-26320.62149475221,-26320.62149397101,0.005941880352568768,0.00594188035481444,1,1
0HAG,up,trend,2,-19544.72133467841,-19544.721334676684,0.16055303109715896,0.16055303109729258,3,3
0HAG,up,trend_annual,4,-20884.366736060994,-20884.366736057687,0.08335652647617824,0.08335652647631164,2,2
0HAG,up,trend_annual_semi,6,-20892.430500126116,-20892.430500122926,0.08242092156907954,0.08242092156920666,1,1
0HAG,up,trend_quad_annual_semi,7,-20912.008368148392,-20912.008368145205,0.08134297449967179,0.08134297449979726,0,0
0HAM,east,trend,2,-83102.17730237075,-83102.17730242728,0.11700610592514737,0.11700610592426633,3,3
0HAM,east,trend_annual,4,-84778.07453252217,-84778.07453259296,0.09337878105296261,0.0933787810520822,2,2
0HAM,east,trend_annual_semi,6,-84871.74485315625,-84871.74485322816,0.09200223644131093,0.09200223644043,1,1
0HAM,east,trend_quad_annual_semi,7,-86287.70408096496,-86287.70408105197,0.07610060253855289,0.07610060253767127,0,0
0HAM,north,trend,2,-92977.97856073242,-92977.97856060024,0.031407001759746866,0.03140700176029966,3,3
0HAM,north,trend_annual,4,-93244.25345256859,-93244.25345243124,0.030240837465732803,0.030240837466285996,2,2
0HAM,north,trend_annual_semi,6,-93369.00059231403,-93369.00059217372,0.029671986505885293,0.02967198650643967,1,1
0HAM,north,trend_quad_annual_semi,7,-93547.26713495272,-93547.26713480914,0.028941442948057203,0.028941442948610667,0,0
0HAM,up,trend,2,-71987.47374438649,-71987.47374444637,0.5140961828540354,0.5140961828499349,3,3
0HAM,up,trend_annual,4,-75824.55291716264,-75824.5529172626,0.3076725818022683,0.3076725817981725,2,2
0HAM,up,trend_annual_semi,6,-75933.25591742819,-75933.25591752985,0.30253076251510735,0.30253076251101163,1,1
0HAM,up,trend_quad_annual_semi,7,-76099.71842474975,-76099.71842485372,0.2955464885398351,0.2955464885357427,0,0
0HAP,east,trend,2,-83541.42910606858,-83541.42910606058,0.07284671324385794,0.07284671324393807,3,3
0HAP,east,trend_annual,4,-88721.9433171847,-88721.94331716832,0.03559975982197845,0.035599759822058756,2,2
0HAP,east,trend_annual_semi,6,-88754.65526958455,-88754.65526956764,0.035353027762387454,0.035353027762469735,1,1
0HAP,east,trend_quad_annual_semi,7,-90470.45944495309,-90470.45944493149,0.02787758162583389,0.027877581625916775,0,0
0HAP,north,trend,2,-85346.87566722768,-85346.8756671929,0.056807781553663804,0.0568077815539359,3,3
0HAP,north,trend_annual,4,-85480.53500045792,-85480.5350004223,0.0556350760201431,0.05563507602041611,2,2
0HAP,north,trend_annual_semi,6,-85600.72606530497,-85600.7260652688,0.054587752799737176,0.0545877528000093,1,1
0HAP,north,trend_quad_annual_semi,7,-90731.25596905696,-90731.25596898384,0.026893925778838507,0.02689392577910937,0,0
0HAP,up,trend,2,-68855.92660559191,-68855.9266055797,0.5506800134009218,0.5506800134018469,3,3
0HAP,up,trend_annual,4,-72472.69664990297,-72472.69664988224,0.33379503516779374,0.33379503516874653,2,2
0HAP,up,trend_annual_semi,6,-72702.67387140097,-72702.67387137968,0.32259599832777747,0.32259599832872377,1,1
0HAP,up,trend_quad_annual_semi,7,-73557.47907335873,-73557.47907333465,0.2864128957988042,0.2864128957997539,0,0
0HAS,east,trend,2,-136060.71633760844,-136060.71633810762,0.10580809025511,0.10580809025060187,3,3
0HAS,east,trend_annual,4,-145062.2373842731,-145062.23738535144,0.048994967524738614,0.04899496752022919,2,2
0HAS,east,trend_annual_semi,6,-145231.6212652023,-145231.6212662981,0.04821454810725342,0.04821454810274385,1,1
0HAS,east,trend_quad_annual_semi,7,-145247.8022711911,-145247.8022722894,0.048109518590359016,0.04810951858584902,0,0
0HAS,north,trend,2,-148380.04127526208,-148380.0412772441,0.036970902028282376,0.03697090202202789,3,3
0HAS,north,trend_annual,4,-148884.05131614726,-148884.05131822,0.03535758428521896,0.03535758427896361,2,2
0HAS,north,trend_annual_semi,6,-149491.5392304049,-149491.5392325906,0.03351732533638484,0.0335173253301318,1,1
0HAS,north,trend_quad_annual_semi,7,-150135.55662805404,-150135.55663036683,0.03169927397828816,0.03169927397203055,0,0
0HAS,up,trend,2,-110333.7119021394,-110333.7119021392,0.9509993037581873,0.9509993037582034,3,3
0HAS,up,trend_annual,4,-115544.95112422525,-115544.95112422496,0.608573221238392,0.6085732212384076,2,2
0HAS,up,trend_annual_semi,6,-115638.85235354824,-115638.85235354792,0.6027503804581833,0.6027503804581995,1,1
0HAS,up,trend_quad_annual_semi,7,-116037.9160728258,-116037.91607282548,0.5820998908920447,0.58209989089206,0,0
0HAV,east,trend,2,-39921.237599463544,-39921.23759961697,0.02602707979952809,0.026027079798350436,3,3
0HAV,east,trend_annual,4,-44897.95589411764,-44897.955894786275,0.0059698247712965165,0.005969824770119375,2,2
0HAV,east,trend_annual_semi,6,-44947.13897922855,-44947.13897991048,0.005855721303936499,0.005855721302758914,1,1
0HAV,east,trend_quad_annual_semi,7,-44973.84361739007,-44973.843618079016,0.005795877216438448,0.005795877215260904,0,0
0HAV,north,trend,2,-45150.80389222332,-45150.80389474007,0.005567507826755183,0.00556750782262307,2,2
0HAV,north,trend_annual,4,-45134.80386719091,-45134.80386970782,0.00556708468063271,0.0055670846765006315,3,3
0HAV,north,trend_annual_semi,6,-45310.55478087166,-45310.55478353506,0.005260617926591519,0.005260617922459671,1,1
0HAV,north,trend_quad_annual_semi,7,-45322.4554690658,-45322.45547174508,0.0052296367026058175,0.00522963669847379,0,0
0HAV,up,trend,2,-33740.4991997439,-33740.49919973194,0.1610679824281302,0.161067982428698,3,3
0HAV,up,trend_annual,4,-34748.28064826689,-34748.28064825068,0.11908519317639693,0.11908519317696607,2,2
0HAV,up,trend_annual_semi,6,-34782.98534737005,-34782.98534735395,0.11730887405168659,0.11730887405224366,1,1
0HAV,up,trend_quad_annual_semi,7,-34828.48378976364,-34828.483789747304,0.11546827319821559,0.115468273198772,0,0
0HDA,east,trend,2,-49272.41374386418,-49272.41374374638,0.02576700924443868,0.02576700924517652,3,3
0HDA,east,trend_annual,4,-54347.18348616521,-54347.183485759306,0.007474614528582384,0.007474614529319849,2,2
0HDA,east,trend_annual_semi,6,-54440.289136268075,-54440.28913585101,0.007277849073874535,0.0072778490746123374,1,1
0HDA,east,trend_quad_annual_semi,7,-54454.4114140452,-54454.41141362588,0.007238251992030166,0.007238251992767912,0,0
0HDA,north,trend,2,-54391.47598580682,-54391.47598580361,0.007424549690891789,0.007424549690897579,2,2
0HDA,north,trend_annual,4,-54384.07173095612,-54384.07173095291,0.007407892858980093,0.007407892858985881,3,3
0HDA,north,trend_annual_semi,6,-54524.837194426,-54524.83719442274,0.007129806243603159,0.0071298062436088066,1,1
0HDA,north,trend_quad_annual_semi,7,-54822.21586950736,-54822.215869503896,0.006619213888078997,0.006619213888084568,0,0
0HDA,up,trend,2,-40393.00465359632,-40393.00465363176,0.223058608732355,0.22305860873043357,3,3
0HDA,up,trend_annual,4,-42159.38940716618,-42159.38940722079,0.14460839157529568,0.1446083915733759,2,2
0HDA,up,trend_annual_semi,6,-42345.84126471087,-42345.84126476831,0.13764284669206148,0.13764284669013982,1,1
0HDA,up,trend_quad_annual_semi,7,-42361.46692684649,-42361.46692690425,0.13684394781977588,0.1368439478178546,0,0
0HDG,east,trend,2,-68314.68760319614,-68314.6876030886,0.03203738448034766,0.032037384480956735,3,3
0HDG,east,trend_annual,4,-76316.85699911567,-76316.85699867166,0.007760427653943254,0.007760427654552444,2,2
0HDG,east,trend_annual_semi,6,-76555.26930857422,-76555.26930810972,0.007417410502990521,0.007417410503599671,1,1
0HDG,east,trend_quad_annual_semi,7,-76803.29122731465,-76803.29122682862,0.007088340318347145,0.007088340318956278,0,0
0HDG,north,trend,2,-74877.88398682866,-74877.88397706884,0.010039306977162613,0.01003930699448615,3,3
0HDG,north,trend_annual,4,-75354.54148772894,-75354.5414770786,0.009199766394537278,0.00919976641186059,2,2
0HDG,north,trend_annual_semi,6,-75669.86043595262,-75669.86042465687,0.008674375213701986,0.008674375231025822,0,0
0HDG,north,trend_quad_annual_semi,7,-75667.67396818059,-75667.67395687218,0.008664482617060858,0.008664482634384314,1,1
0HDG,up,trend,2,-54907.92580895358,-54907.92580889269,0.3428402112041053,0.34284021120779656,3,3
0HDG,up,trend_annual,4,-57998.37883785249,-57998.37883774695,0.19790884897787803,0.19790884898157118,2,2
0HDG,up,trend_annual_semi,6,-58125.74874174249,-58125.74874163422,0.19291155217626865,0.19291155217996184,1,1
0HDG,up,trend_quad_annual_semi,7,-58210.32778235424,-58210.32778224417,0.18975813331396318,0.18975813331765634,0,0
0HED,east,trend,2,-81031.75540172016,-81031.7554025626,0.05226121971448558,0.05226121970808259,3,3
0HED,east,trend_annual,4,-85352.6134309588,-85352.61343254204,0.027806992650534205,0.027806992644131414,2,2
0HED,east,trend_annual_semi,6,-85424.31763905889,-85424.3176406636,0.02744789001697862,0.02744789001057287,1,1
0HED,east,trend_quad_annual_semi,7,-87004.84313071726,-87004.84313273832,0.021783288575631464,0.021783288569228676,0,0
0HED,north,trend,2,-88157.9218083264,-88157.92180825274,0.018538915257811223,0.018538915258009846,3,3
0HED,north,trend_annual,4,-88333.15814132699,-88333.15814125125,0.018026029515051313,0.01802602951524992,2,2
0HED,north,trend_annual_semi,6,-88737.63800131444,-88737.63800123388,0.016952611303392078,0.016952611303590662,1,1
0HED,north,trend_quad_annual_semi,7,-89030.61139378748,-89030.61139370334,0.01622460225270768,0.016224602252906194,0,0
0HED,up,trend,2,-65236.210718799484,-65236.21071880283,0.5198052556705084,0.519805255670255,3,3
0HED,up,trend_annual,4,-67945.86313342393,-67945.86313342894,0.3496072054554964,0.3496072054552418,2,2
0HED,up,trend_annual_semi,6,-67996.83894121276,-67996.83894121781,0.34613422419354367,0.3461342241932895,1,1
0HED,up,trend_quad_annual_semi,7,-68024.02835205234,-68024.02835205742,0.3443254768015199,0.34432547680126563,0,0
0HEL,east,trend,2,-2145.9983347459442,-2145.998334744154,0.0002932797116235383,0.0002932797116267601,3,3
0HEL,east,trend_annual,4,-2155.919542617782,-2155.9195426157557,0.00025924161217319593,0.0002592416121764189,2,2
0HEL,east,trend_annual_semi,6,-2165.882455245414,-2165.8824552431206,0.00022909535781697143,0.000229095357820195,0,0
0HEL,east,trend_quad_annual_semi,7,-2160.8106986521125,-2160.810698649819,0.00022906444804111413,0.00022906444804433667,1,1
0HEL,north,trend,2,-2215.9322765240136,-2215.9322765234665,0.00019096386338606652,0.00019096386338670736,3,3
0HEL,north,trend_annual,4,-2252.3287846399403,-2252.328784639213,0.0001434939321902621,0.00014349393219090237,2,2
0HEL,north,trend_annual_semi,6,-2256.963588462793,-2256.9635884619966,0.00013102109859005427,0.00013102109859069444,0,0
0HEL,north,trend_quad_annual_semi,7,-2253.618977437972,-2253.618977437166,0.0001296226390877835,0.00012962263908842433,1,1
0HEL,up,trend,2,-1687.581506560295,-1687.5815065563093,0.004882926344416496,0.004882926344535896,3,3
0HEL,up,trend_annual,4,-1697.8732572675763,-1697.8732572630568,0.0043064122097882535,0.004306412209907662,2,2
0HEL,up,trend_annual_semi,6,-1720.3434367073153,-1720.3434367017926,0.003524544681205491,0.0035245446813248994,1,1
0HEL,up,trend_quad_annual_semi,7,-1722.7866964405814,-1722.7866964347959,0.0033652825763765075,0.0033652825764959567,0,0
0HEM,east,trend,2,-71611.73593527771,-71611.73593555453,0.13094050315742695,0.13094050315194677,3,3
0HEM,east,trend_annual,4,-78349.09727678803,-78349.09727755756,0.047154592170660814,0.04715459216517442,2,2
0HEM,east,trend_annual_semi,6,-78632.89880759265,-78632.898808398,0.045054014353058655,0.045054014347572835,1,1
0HEM,east,trend_quad_annual_semi,7,-80983.60014052967,-80983.6001416806,0.031535663424248954,0.03153566341876127,0,0
0HEM,north,trend,2,-77309.70479255432,-77309.70479193215,0.055325938969944324,0.05532593897514873,3,3
0HEM,north,trend_annual,4,-79143.675194727,-79143.67519390429,0.041816694053249025,0.04181669405845047,2,2
0HEM,north,trend_annual_semi,6,-79505.37503703787,-79505.37503616631,0.03948609313750946,0.03948609314271278,1,1
0HEM,north,trend_quad_annual_semi,7,-79506.96578555985,-79506.96578468717,0.039424126481828,0.03942412648702976,0,0
0HEM,up,trend,2,-63490.19590169579,-63490.195901682666,0.4470519069731489,0.44705190697403596,3,3
0HEM,up,trend_annual,4,-66173.63949941825,-66173.63949939862,0.29716658431044685,0.2971665843113288,2,2
0HEM,up,trend_annual_semi,6,-66357.27201618723,-66357.2720161669,0.28826164541807814,0.28826164541896415,0,0
0HEM,up,trend_quad_annual_semi,7,-66353.34905575683,-66353.34905573656,0.28804929813342556,0.2880492981343089,1,1
0HEN,east,trend,2,-43935.41671095637,-43935.41671150685,0.09348924452274793,0.0934892445102295,3,3
0HEN,east,trend_annual,4,-52929.450120248475,-52929.4501251753,0.010443722114658903,0.010443722102142635,2,2
0HEN,east,trend_annual_semi,6,-53302.0536760146,-53302.05368143094,0.009500238730132069,0.009500238717615284,0,0
0HEN,east,trend_quad_annual_semi,7,-53294.10823206573,-53294.108237482804,0.009499369911356144,0.00949936989883881,1,1
0HEN,north,trend,2,-51739.82029739069,-51739.820297211896,0.014005171429788021,0.014005171430397126,3,3
0HEN,north,trend_annual,4,-52719.3519238202,-52719.35192359235,0.010991336716333587,0.010991336716942766,2,2
0HEN,north,trend_annual_semi,6,-52974.222596116924,-52974.22259587405,0.010288860222426815,0.010288860223034674,1,1
0HEN,north,trend_quad_annual_semi,7,-53146.00038952065,-53146.000389266745,0.009847845270257099,0.009847845270865319,0,0
0HEN,up,trend,2,-39388.047184648945,-39388.047184641146,0.28258890399933745,0.28258890399987335,3,3
0HEN,up,trend_annual,4,-41069.220400727834,-41069.220400716054,0.18697964465767053,0.1869796446582061,2,2
0HEN,up,trend_annual_semi,6,-41159.711445636334,-41159.71144562424,0.18216984389098229,0.182169843891518,1,1
0HEN,up,trend_quad_annual_semi,7,-41224.927752942895,-41224.9277529306,0.17894015511316846,0.17894015511370376,0,0
0HFS,east,trend,2,-102436.7441657452,-102436.74416484335,0.07296220847340887,0.07296220848092044,3,3
0HFS,east,trend_annual,4,-111420.2248606542,-111420.22485813347,0.026111022116746888,0.026111022124260454,2,2
0HFS,east,trend_annual_semi,6,-111578.88456568346,-111578.88456311023,0.02558926937159494,0.025589269379111743,1,1
0HFS,east,trend_quad_annual_semi,7,-112102.19921813981,-112102.19921540437,0.024080386887415976,0.024080386894935395,0,0
0HFS,north,trend,2,-114038.62693263461,-114038.6269332573,0.019404903153078443,0.019404903151699092,3,3
0HFS,north,trend_annual,4,-114088.38817613764,-114088.38817676554,0.019255036736163734,0.019255036734783598,2,2
0HFS,north,trend_annual_semi,6,-114504.57634427518,-114504.57634493586,0.018323603155323,0.018323603153941003,0,0
0HFS,north,trend_quad_annual_semi,7,-114495.51239213216,-114495.51239279153,0.018323573873055256,0.018323573871676047,1,1
0HFS,up,trend,2,-84141.19850169252,-84141.19850160988,0.58902829703754,0.5890282970430961,3,3
0HFS,up,trend_annual,4,-89622.64196547175,-89622.6419653169,0.3144000055430737,0.3144000055486311,2,2
0HFS,up,trend_annual_semi,6,-89714.58909366035,-89714.58909350351,0.31047309252414035,0.310473092529699,1,1
0HFS,up,trend_quad_annual_semi,7,-89816.70595733849,-89816.70595717963,0.3065570178853847,0.3065570178909445,0,0
0HIL,east,trend,2,-104598.69303238335,-104598.69303247154,0.048578411491815306,0.04857841149132018,3,3
0HIL,east,trend_annual,4,-106371.37195413692,-106371.37195424551,0.03949684975193819,0.03949684975144263,1,1
0HIL,east,trend_annual_semi,6,-106368.64098501376,-106368.64098512258,0.039426616944041266,0.03942661694354539,2,2
0HIL,east,trend_quad_annual_semi,7,-106844.04706370636,-106844.04706382152,0.03727982403193083,0.03727982403143465,0,0
0HIL,north,trend,2,-100243.56814773606,-100243.56814733386,0.08035765128738348,0.08035765129111869,3,3
0HIL,north,trend_annual,4,-100356.82307826618,-100356.82307785835,0.07914672560640228,0.07914672561013267,2,2
0HIL,north,trend_annual_semi,6,-100451.45231756866,-100451.45231715486,0.0781220253984263,0.07812202540216215,1,1
0HIL,north,trend_quad_annual_semi,7,-100849.09107550762,-100849.09107507445,0.07453512431575617,0.0745351243194874,0,0
0HIL,up,trend,2,-84435.44736391857,-84435.44736393674,0.49938738704694274,0.49938738704589486,3,3
0HIL,up,trend_annual,4,-89187.88255975855,-89187.88255978996,0.2877415697854597,0.2877415697844157,2,2
0HIL,up,trend_annual_semi,6,-89413.60816247185,-89413.60816250421,0.27974569885578104,0.2797456988547343,1,1
0HIL,up,trend_quad_annual_semi,7,-89416.91327174877,-89416.91327178106,0.27934604587061296,0.27934604586957074,0,0
0HIS,east,trend,2,-37360.03033884449,-37360.03037716988,0.023917767566788997,0.023917767277531216,3,3
0HIS,east,trend_annual,4,-41634.56049220476,-41634.560640628864,0.00617603417329964,0.006176033884037313,2,2
0HIS,east,trend_annual_semi,6,-41743.98497283442,-41743.985127257554,0.00593614048551454,0.005936140196250607,0,0
0HIS,east,trend_quad_annual_semi,7,-41737.91035287892,-41737.910507397515,0.005932420462534885,0.0059324201732735265,1,1
0HIS,north,trend,2,-40697.55998375774,-40697.56043844552,0.00834315042208007,0.008343149225005828,3,3
0HIS,north,trend_annual,4,-40872.94566775068,-40872.946150759744,0.007853891984593237,0.007853890787527695,2,2
0HIS,north,trend_annual_semi,6,-41044.93326325236,-41044.933775806,0.007401256649288987,0.007401255452210809,1,1
0HIS,north,trend_quad_annual_semi,7,-41154.14709420927,-41154.147626080536,0.007132364884445406,0.007132363687380214,0,0
0HIS,up,trend,2,-30996.04887686185,-30996.048874423173,0.17818462407961821,0.17818462421673859,3,3
0HIS,up,trend_annual,4,-33031.2568114483,-33031.256806785525,0.09327094872167938,0.09327094885891557,2,2
0HIS,up,trend_annual_semi,6,-33185.8002184204,-33185.80021349912,0.08838072648209172,0.08838072661934193,0,0
0HIS,up,trend_quad_annual_semi,7,-33183.56053485693,-33183.56052992708,0.08821851915104659,0.08821851928828339,1,1
0HJO,east,trend,2,-94506.1721584305,-94506.17215949083,0.06054695581866856,0.060546955810658665,3,3
0HJO,east,trend_annual,4,-103746.39072254227,-103746.39072590684,0.01907370021581751,0.01907370020781067,2,2
0HJO,east,trend_annual_semi,6,-103969.87035184367,-103969.8703553121,0.018507659967887634,0.018507659959878582,1,1
0HJO,east,trend_quad_annual_semi,7,-103986.94874828507,-103986.94875176492,0.018447564632244864,0.018447564624235527,0,0
0HJO,north,trend,2,-89072.85878136099,-89072.8587813428,0.11926075516534902,0.11926075516561939,3,3
0HJO,north,trend_annual,4,-89157.28596950178,-89157.28596948399,0.11774668811207299,0.11774668811233455,2,2
0HJO,north,trend_annual_semi,6,-89237.91147060241,-89237.91147058396,0.11630699662813679,0.11630699662840455,1,1
0HJO,north,trend_quad_annual_semi,7,-95647.29906205145,-95647.29906201042,0.05221854118475526,0.05221854118502252,0,0
0HJO,up,trend,2,-76061.2673683099,-76061.26736829526,0.6046908634544677,0.6046908634555729,3,3
0HJO,up,trend_annual,4,-80448.28037292314,-80448.28037289769,0.3490181590417263,0.34901815904283434,2,2
0HJO,up,trend_annual_semi,6,-80700.77563743974,-80700.77563741343,0.3374367382336615,0.33743673823476833,1,1
0HJO,up,trend_quad_annual_semi,7,-81928.69326526411,-81928.69326523344,0.28918137045571457,0.2891813704568215,0,0
0HJV,east,trend,2,-57579.67492181664,-57579.67492247877,0.017540808948096776,0.01754080894558013,3,3
0HJV,east,trend_annual,4,-61179.98269390838,-61179.98269535799,0.008010410786825108,0.008010410784308957,2,2
0HJV,east,trend_annual_semi,6,-61221.87808185158,-61221.878083319716,0.007909049311078694,0.007909049308562649,1,1
0HJV,east,trend_quad_annual_semi,7,-61361.66103310381,-61361.661034619894,0.007659070046918827,0.007659070044402725,0,0
0HJV,north,trend,2,-56650.27787620679,-56650.27787655294,0.021454110272854203,0.02145411027124502,3,3
0HJV,north,trend_annual,4,-59163.11224770983,-59163.11224830892,0.012400875307581112,0.012400875305971332,1,1
0HJV,north,trend_annual_semi,6,-59155.87318924765,-59155.873189848135,0.012375012093367097,0.012375012091756912,2,2
0HJV,north,trend_quad_annual_semi,7,-59944.03702871085,-59944.03702942451,0.010413135502947535,0.01041313550133728,0,0
0HJV,up,trend,2,-45363.35985868097,-45363.359858670156,0.24755157904685451,0.24755157904743486,3,3
0HJV,up,trend_annual,4,-48043.11561758851,-48043.115617569114,0.138006454676776,0.138006454677356,2,2
0HJV,up,trend_annual_semi,6,-48170.20036698228,-48170.200366962265,0.13376797458183898,0.13376797458241899,1,1
0HJV,up,trend_quad_annual_semi,7,-48194.817225214705,-48194.81722519454,0.1328133136564845,0.13281331365706495,0,0
0HLL,east,trend,2,-64189.76955764801,-64189.76955767994,0.03274923309127225,0.0327492330910768,3,3
0HLL,east,trend_annual,4,-72014.77139497685,-72014.771395115,0.007559303988217684,0.0075593039880224285,2,2
0HLL,east,trend_annual_semi,6,-72245.89467805937,-72245.89467820412,0.007216431728869628,0.007216431728674366,1,1
0HLL,east,trend_quad_annual_semi,7,-72609.86342296001,-72609.86342311515,0.006730917339981389,0.006730917339786169,0,0
0HLL,north,trend,2,-71517.67744123525,-71517.67743479203,0.008322153617499516,0.008322153627524101,3,3
0HLL,north,trend_annual,4,-71624.38149564479,-71624.38148905072,0.00813164172493652,0.008131641734960948,2,2
0HLL,north,trend_annual_semi,6,-72054.58037846742,-72054.58037129817,0.0074792085519727715,0.007479208561997111,0,0
0HLL,north,trend_quad_annual_semi,7,-72047.77420899583,-72047.77420182442,0.007476722194306602,0.00747672220433065,1,1
0HLL,up,trend,2,-52958.677966820935,-52958.67796682194,0.2673454015534046,0.26734540155335407,3,3
0HLL,up,trend_annual,4,-55316.364512140244,-55316.3645121418,0.17149604061982776,0.1714960406197777,2,2
0HLL,up,trend_annual_semi,6,-55386.61293203537,-55386.61293203696,0.16871608951568895,0.16871608951563885,1,1
0HLL,up,trend_quad_annual_semi,7,-55388.23438004453,-55388.23438004613,0.16839447916933922,0.16839447916928912,0,0
0HLM,east,trend,2,-36658.77057413747,-36658.7705748481,0.019572025730838043,0.019572025726301685,3,3
0HLM,east,trend_annual,4,-39289.41425095381,-39289.414252638635,0.008255332046047587,0.008255332041511139,2,2
0HLM,east,trend_annual_semi,6,-39747.28361309186,-39747.28361505747,0.007073000112059405,0.0070730001075248895,1,1
0HLM,east,trend_quad_annual_semi,7,-40226.79874697549,-40226.798749279944,0.006033146404239803,0.0060331463997051835,0,0
0HLM,north,trend,2,-39309.42839390812,-39309.42839310027,0.008244682152552394,0.00824468215472476,3,3
0HLM,north,trend_annual,4,-40212.92489753306,-40212.92489644267,0.006108303308122728,0.006108303310295082,2,2
0HLM,north,trend_annual_semi,6,-40507.85709012758,-40507.857088920275,0.005519116074010693,0.005519116076183976,0,0
0HLM,north,trend_quad_annual_semi,7,-40502.99675397744,-40502.99675276883,0.005513416665029427,0.005513416667202797,1,1
0HLM,up,trend,2,-29729.761689477855,-29729.76168947767,0.18755122360232052,0.1875512236023319,3,3
0HLM,up,trend_annual,4,-30959.716776339497,-30959.71677633922,0.12491776069322216,0.1249177606932336,2,2
0HLM,up,trend_annual_semi,6,-31088.33484980432,-31088.33484980325,0.11916021544594733,0.11916021544598876,0,0
0HLM,up,trend_quad_annual_semi,7,-31082.804607133716,-31082.804607132646,0.11906317452448721,0.1190631745245286,1,1
0HLO,east,trend,2,-47554.27792133923,-47554.27792134002,0.03972484648484347,0.03972484648483589,3,3
0HLO,east,trend_annual,4,-55180.43685138098,-55180.43685138608,0.00621196062047279,0.006211960620465102,2,2
0HLO,east,trend_annual_semi,6,-55406.116051202785,-55406.116051208206,0.005857045601997233,0.005857045601989524,1,1
0HLO,east,trend_quad_annual_semi,7,-55411.7688859055,-55411.768885910904,0.005837205708455211,0.005837205708447547,0,0
0HLO,north,trend,2,-52526.822068119174,-52526.82206876484,0.01187880407935777,0.011878804077495739,3,3
0HLO,north,trend_annual,4,-54299.6683685892,-54299.668369586354,0.007692972306226213,0.0076929723043638485,2,2
0HLO,north,trend_annual_semi,6,-54715.67931783011,-54715.67931893837,0.00692589807390755,0.006925898072044052,1,1
0HLO,north,trend_quad_annual_semi,7,-54801.981376584736,-54801.981377718635,0.0067686036996509324,0.006768603697787633,0,0
0HLO,up,trend,2,-40539.906221627425,-40539.906221693745,0.21808994806943294,0.2180899480659213,3,3
0HLO,up,trend_annual,4,-42542.76348483711,-42542.76348494539,0.13356893460352617,0.1335689346000149,2,2
0HLO,up,trend_annual_semi,6,-42588.14694917714,-42588.14694928719,0.13157251975920758,0.13157251975569229,1,1
0HLO,up,trend_quad_annual_semi,7,-42603.13593936105,-42603.135939471744,0.13082996043986594,0.13082996043634987,0,0
0HMS,east,trend,2,-69951.62913134602,-69951.62913113227,0.016178196223613703,0.01617819622424313,3,3
0HMS,east,trend_annual,4,-74675.36493094654,-74675.36493043986,0.006825943438060798,0.006825943438690335,2,2
0HMS,east,trend_annual_semi,6,-74722.29510592629,-74722.29510541358,0.006746700996540536,0.006746700997170152,1,1
0HMS,east,trend_quad_annual_semi,7,-74824.31536643452,-74824.31536591152,0.006612202642656625,0.006612202643286056,0,0
0HMS,north,trend,2,-69800.8932273323,-69800.89322768225,0.016628213851701934,0.016628213850642767,3,3
0HMS,north,trend_annual,4,-72982.56951157263,-72982.56951219907,0.009289155804735192,0.009289155803676018,2,2
0HMS,north,trend_annual_semi,6,-73737.63758975855,-73737.6375904796,0.008071003312185292,0.008071003311126042,1,1
0HMS,north,trend_quad_annual_semi,7,-73841.7981612966,-73841.79816203254,0.00790702346980501,0.007907023468745826,0,0
0HMS,up,trend,2,-53528.78502597633,-53528.78502612675,0.32146769616641785,0.3214676961576163,3,3
0HMS,up,trend_annual,4,-56392.93030560417,-56392.93030585825,0.19026918169078286,0.1902691816819834,2,2
0HMS,up,trend_annual_semi,6,-56450.175394651946,-56450.175394909464,0.18770759534782816,0.18770759533902986,1,1
0HMS,up,trend_quad_annual_semi,7,-56454.53418939286,-56454.53418965105,0.18726497890248947,0.18726497889368943,0,0
0HNA,east,trend,2,-48780.389772259194,-48780.38977222701,0.015438024181503864,0.0154380241816306,3,3
0HNA,east,trend_annual,4,-51931.658192366136,-51931.658192294104,0.006882095490884416,0.006882095491010854,2,2
0HNA,east,trend_annual_semi,6,-51937.30064344763,-51937.300643375136,0.006843256706949352,0.006843256707075868,1,1
0HNA,east,trend_quad_annual_semi,7,-51947.404503941056,-51947.40450386821,0.006811257002607355,0.0068112570027338976,0,0
0HNA,north,trend,2,-51156.534631994335,-51156.53463190395,0.008421843598336975,0.008421843598531105,3,3
0HNA,north,trend_annual,4,-52085.6569970812,-52085.65699696627,0.00661703770093235,0.006617037701126311,2,2
0HNA,north,trend_annual_semi,6,-52587.55557739471,-52587.555577263716,0.005797487825854474,0.005797487826048166,1,1
0HNA,north,trend_quad_annual_semi,7,-52735.88109685624,-52735.88109671985,0.005570506568449972,0.0055705065686437304,0,0
0HNA,up,trend,2,-38897.8263426362,-38897.82634265093,0.19195341343316474,0.1919534134324436,3,3
0HNA,up,trend_annual,4,-40273.64721820689,-40273.64721822791,0.1345784228463998,0.1345784228456785,2,2
0HNA,up,trend_annual_semi,6,-40336.994422827505,-40336.99442284898,0.13186396392508193,0.13186396392435965,0,0
0HNA,up,trend_quad_annual_semi,7,-40328.97222934852,-40328.97222937,0.131855492466423,0.13185549246570055,1,1
0HOA,east,trend,2,-61244.068887910915,-61244.06888792211,0.028668187146077505,0.0286681871460142,3,3
0HOA,east,trend_annual,4,-66956.46690902326,-66956.46690905788,0.00926011991324768,0.009260119913184437,2,2
0HOA,east,trend_annual_semi,6,-67042.32616500418,-67042.32616503946,0.009074033832744246,0.009074033832681103,1,1
0HOA,east,trend_quad_annual_semi,7,-67389.75023538365,-67389.75023542157,0.008458812439229016,0.008458812439165759,0,0
0HOA,north,trend,2,-66275.013315379,-66275.01331520917,0.010627992422288422,0.010627992422644391,3,3
0HOA,north,trend_annual,4,-66535.56616900532,-66535.56616882597,0.010061687514745133,0.010061687515101041,2,2
0HOA,north,trend_annual_semi,6,-66890.76844861826,-66890.76844842533,0.009349379247725517,0.009349379248081293,1,1
0HOA,north,trend_quad_annual_semi,7,-66948.3297832619,-66948.32978306637,0.009228291865704934,0.009228291866060844,0,0
0HOA,up,trend,2,-50272.151769522505,-50272.151769370525,0.24960365075309066,0.24960365076057264,3,3
0HOA,up,trend_annual,4,-52993.392758493486,-52993.39275823265,0.14544165593048372,0.14544165593796607,2,2
0HOA,up,trend_annual_semi,6,-53110.2019053151,-53110.201905047215,0.14165158456135976,0.14165158456884425,1,1
0HOA,up,trend_quad_annual_semi,7,-53178.1565007618,-53178.15650048992,0.13953067610112738,0.1395306761086098,0,0
0HOB,east,trend,2,-89174.85685535736,-89174.8568544892,0.039666772827821925,0.03966677283250529,3,3
0HOB,east,trend_annual,4,-99567.88872106897,-99567.88871749348,0.009627766765446737,0.009627766770128356,2,2
0HOB,east,trend_annual_semi,6,-99991.94596475067,-99991.94596095386,0.009066247135107031,0.00906624713978849,1,1
0HOB,east,trend_quad_annual_semi,7,-100352.56252023671,-100352.5625162446,0.008621888745908952,0.00862188875058997,0,0
0HOB,north,trend,2,-95132.62378150263,-95132.62378387486,0.017641676060176872,0.017641676054485293,3,3
0HOB,north,trend_annual,4,-95971.50127182037,-95971.5012744864,0.015701497269264043,0.015701497263571007,2,2
0HOB,north,trend_annual_semi,6,-96327.8626007925,-96327.86260359778,0.014922494354027012,0.014922494348333877,1,1
0HOB,north,trend_quad_annual_semi,7,-96918.68427090131,-96918.68427394389,0.013753699997046042,0.013753699991354952,0,0
0HOB,up,trend,2,-69801.23700452855,-69801.23700434125,0.5529707474232779,0.5529707474373624,3,3
0HOB,up,trend_annual,4,-74191.16673196574,-74191.1667316248,0.3036445809702793,0.30364458098435804,2,2
0HOB,up,trend_annual_semi,6,-74324.46880872473,-74324.46880837665,0.29746821499587844,0.2974682150099607,0,0
0HOB,up,trend_quad_annual_semi,7,-74321.69575218899,-74321.69575184064,0.2972203348173467,0.29722033483142724,1,1
0HOJ,east,trend,2,-54696.76945742455,-54696.76945752716,0.026801836190440246,0.026801836189834984,3,3
0HOJ,east,trend_annual,4,-61126.53611688955,-61126.53611731319,0.006486754057310218,0.006486754056705453,2,2
0HOJ,east,trend_annual_semi,6,-61258.55936440285,-61258.55936484064,0.006277684326405358,0.00627768432580053,1,1
0HOJ,east,trend_quad_annual_semi,7,-61341.15954292392,-61341.15954337069,0.006153185908196719,0.006153185907591724,0,0
0HOJ,north,trend,2,-59624.75139503819,-59624.75139595572,0.009060889848285432,0.00906088984645586,3,3
0HOJ,north,trend_annual,4,-59798.560339389915,-59798.560340347,0.008688588090017399,0.008688588088187354,2,2
0HOJ,north,trend_annual_semi,6,-60031.46590568144,-60031.46590669268,0.008223929618357294,0.008223929616527112,1,1
0HOJ,north,trend_quad_annual_semi,7,-60860.64787635549,-60860.64787757078,0.006839512020334589,0.0068395120185053716,0,0
0HOJ,up,trend,2,-45112.269845495866,-45112.26984553265,0.22090555983537738,0.22090555983358912,3,3
0HOJ,up,trend_annual,4,-46411.054733147896,-46411.05473319697,0.16537315506081451,0.1653731550590283,2,2
0HOJ,up,trend_annual_semi,6,-46449.00001018496,-46449.00001023464,0.16339117285787963,0.163391172856093,1,1
0HOJ,up,trend_quad_annual_semi,7,-46454.31994759756,-46454.31994764739,0.16289780833985307,0.16289780833806689,0,0
0HOL,east,trend,2,-13004.134628615711,-13004.134628786962,0.007881126788720234,0.007881126787492164,3,3
0HOL,east,trend_annual,4,-13926.747835710972,-13926.747836112545,0.003360956637244425,0.0033609566360163355,1,1
0HOL,east,trend_annual_semi,6,-13918.608342509198,-13918.608342913105,0.0033430686483459727,0.0033430686471173283,2,2
0HOL,east,trend_quad_annual_semi,7,-14207.520227015882,-14207.520227544637,0.002553925528817262,0.0025539255275885036,0,0
0HOL,north,trend,2,-13229.42585910912,-13229.42585912653,0.006420360810158434,0.006420360810056723,3,3
0HOL,north,trend_annual,4,-13439.988809881692,-13439.988809903041,0.005233794278205935,0.005233794278104268,2,2
0HOL,north,trend_annual_semi,6,-13596.87512628901,-13596.875126314546,0.004480076048349352,0.004480076048245254,0,0
0HOL,north,trend_quad_annual_semi,7,-13592.640286854305,-13592.640286879914,0.00446880926714752,0.004468809267043383,1,1
0HOL,up,trend,2,-10551.895788664904,-10551.895788665899,0.07339144760639194,0.07339144760632556,3,3
0HOL,up,trend_annual,4,-11100.628095904407,-11100.62809590606,0.043981239665794786,0.043981239665728616,2,2
0HOL,up,trend_annual_semi,6,-11188.251207408619,-11188.251207410334,0.04009655975536254,0.0400965597553,0,0
0HOL,up,trend_quad_annual_semi,7,-11184.912784568778,-11184.912784570492,0.03996311253022851,0.03996311253016619,1,1
0HOO,east,trend,2,-67789.84211838241,-67789.84211834062,0.03467107478865021,0.034671074788906645,3,3
0HOO,east,trend_annual,4,-74210.51871882605,-74210.51871869552,0.011094446004049605,0.011094446004305935,2,2
0HOO,east,trend_annual_semi,6,-74268.86678853062,-74268.86678839855,0.010946933075430772,0.010946933075686647,1,1
0HOO,east,trend_quad_annual_semi,7,-75254.45512121911,-75254.4551210615,0.009180574831384514,0.009180574831640614,0,0
0HOO,north,trend,2,-72331.65332503869,-72331.6533250296,0.01551869411586187,0.015518694115886814,3,3
0HOO,north,trend_annual,4,-75191.25538078503,-75191.25538076996,0.00932652893567161,0.009326528935696497,2,2
0HOO,north,trend_annual_semi,6,-75838.67969872749,-75838.67969871052,0.008291379326128279,0.008291379326153168,1,1
0HOO,north,trend_quad_annual_semi,7,-75935.33182062954,-75935.3318206123,0.008138294768192412,0.008138294768217253,0,0
0HOO,up,trend,2,-55303.74946732882,-55303.749467318514,0.31602889920815996,0.31602889920873634,3,3
0HOO,up,trend_annual,4,-58123.9072570805,-58123.90725706344,0.19125975777223633,0.19125975777281407,2,2
0HOO,up,trend_annual_semi,6,-58203.181724051436,-58203.18172403409,0.18801907393878062,0.18801907393935813,1,1
0HOO,up,trend_quad_annual_semi,7,-58219.88314159605,-58219.88314157864,0.18717767743058167,0.18717767743115854,0,0
0HOR,east,trend,2,-57347.30987295012,-57347.30987289146,0.030150579194198918,0.030150579194568164,3,3
0HOR,east,trend_annual,4,-62073.93087841625,-62073.93087825826,0.011199815807400261,0.011199815807769669,2,2
0HOR,east,trend_annual_semi,6,-62162.66906271455,-62162.6690625531,0.010955408831784587,0.010955408832153842,1,1
0HOR,east,trend_quad_annual_semi,7,-62456.56701588152,-62456.56701570953,0.01028521639948661,0.010285216399855912,0,0
0HOR,north,trend,2,-61371.545460261186,-61371.545460350506,0.013014595298382382,0.01301459529813967,3,3
0HOR,north,trend_annual,4,-61905.78150930361,-61905.7815094035,0.011599959245907742,0.011599959245665824,2,2
0HOR,north,trend_annual_semi,6,-62062.36733530616,-62062.367335409945,0.011187231791583822,0.01118723179134145,1,1
0HOR,north,trend_quad_annual_semi,7,-63266.77800516412,-63266.778005297725,0.008684685775199798,0.008684685774957544,0,0
0HOR,up,trend,2,-46757.32999123602,-46757.3299912514,0.2750783271869841,0.27507832718610126,3,3
0HOR,up,trend_annual,4,-49372.45825391952,-49372.45825394617,0.15878669543368468,0.158786695432801,2,2
0HOR,up,trend_annual_semi,6,-49472.14682043341,-49472.146820460744,0.15496691309466776,0.1549669130937834,1,1
0HOR,up,trend_quad_annual_semi,7,-49542.727416924114,-49542.72741695187,0.15243030565065085,0.15243030564976737,0,0
0HOS,east,trend,2,-87766.70069986419,-87766.70070014097,0.03710586599355546,0.037105865992130796,3,3
0HOS,east,trend_annual,4,-96977.84630223634,-96977.84630323193,0.010314823234258207,0.010314823232833694,2,2
0HOS,east,trend_annual_semi,6,-97268.6116877439,-97268.61168878329,0.009882681701104457,0.009882681699679582,1,1
0HOS,east,trend_quad_annual_semi,7,-97501.73638425996,-97501.7363853352,0.009556424711907808,0.009556424710482441,0,0
0HOS,north,trend,2,-95013.74086583561,-95013.74087683245,0.013578644615030618,0.013578644594317325,3,3
0HOS,north,trend_annual,4,-95300.62612770333,-95300.62613917494,0.013016768820868479,0.01301676880015505,2,2
0HOS,north,trend_annual_semi,6,-95647.8865281188,-95647.88654018549,0.012374075445227693,0.012374075424515508,1,1
0HOS,north,trend_quad_annual_semi,7,-95784.17399331553,-95784.1740056282,0.012127385860104041,0.012127385839390992,0,0
0HOS,up,trend,2,-70192.1809529672,-70192.1809531076,0.4248062861843382,0.4248062861760658,3,3
0HOS,up,trend_annual,4,-73560.61402329116,-73560.61402351558,0.26557969509548346,0.26557969508721596,2,2
0HOS,up,trend_annual_semi,6,-73796.86131556683,-73796.86131579928,0.2563847798464298,0.25638477983816266,0,0
0HOS,up,trend_quad_annual_semi,7,-73788.09662476556,-73788.096624998,0.2563805692269581,0.25638056921869173,1,1
0HOT,east,trend,2,-77577.32336205534,-77577.32336152735,0.07598431012813035,0.0759843101340259,3,3
0HOT,east,trend_annual,4,-79781.9358238963,-79781.93582316538,0.054814982984542356,0.054814982990430146,2,2
0HOT,east,trend_annual_semi,6,-79797.73969052026,-79797.73968978548,0.05454616328241073,0.054546163288300545,1,1
0HOT,east,trend_quad_annual_semi,7,-83399.78655451146,-83399.78655326227,0.0320862281664913,0.03208622817238134,0,0
0HOT,north,trend,2,-85415.72343615357,-85415.72343839917,0.024014743041500218,0.024014743033575498,3,3
0HOT,north,trend_annual,4,-85417.18726458978,-85417.18726684107,0.02394738236242633,0.023947382354503874,2,2
0HOT,north,trend_annual_semi,6,-85838.88015974996,-85838.88016215137,0.022450146127836072,0.022450146119913673,1,1
0HOT,north,trend_quad_annual_semi,7,-86643.33912775833,-86643.33913046429,0.019921197304213007,0.01992119729629151,0,0
0HOT,up,trend,2,-65870.03756602609,-65870.0375660196,0.42450405286439497,0.42450405286479964,3,3
0HOT,up,trend_annual,4,-68105.96890238581,-68105.96890237682,0.3048305095451886,0.30483050954559177,2,2
0HOT,up,trend_annual_semi,6,-68228.44423158042,-68228.44423157115,0.29861773260206004,0.2986177326024672,1,1
0HOT,up,trend_quad_annual_semi,7,-68398.01491393142,-68398.01491392199,0.2908910578183639,0.29089105781876684,0,0
0HRN,east,trend,2,-47296.008249747814,-47296.00824956341,0.029941992229134472,0.029941992230512027,3,3
0HRN,east,trend_annual,4,-50411.35762738483,-50411.357626982,0.013706078140172316,0.013706078141549886,2,2
0HRN,east,trend_annual_semi,6,-50430.10930836286,-50430.10930795638,0.013585745075946233,0.013585745077324057,1,1
0HRN,east,trend_quad_annual_semi,7,-50665.702062642806,-50665.70206221091,0.012783695723405715,0.01278369572478326,0,0
0HRN,north,trend,2,-50048.133619535714,-50048.13361946257,0.015068461107037074,0.015068461107312055,2,2
0HRN,north,trend_annual,4,-50036.952995775275,-50036.95299570207,0.015048129888243925,0.01504812988851877,3,3
0HRN,north,trend_annual_semi,6,-50090.33774142529,-50090.337741350675,0.014787680447071285,0.014787680447346567,0,0
0HRN,north,trend_quad_annual_semi,7,-50085.09771690266,-50085.097716828015,0.014776409421898135,0.014776409422173339,1,1
0HRN,up,trend,2,-39177.614525917656,-39177.61452591864,0.22696804888906003,0.22696804888900435,3,3
0HRN,up,trend_annual,4,-41215.33848827239,-41215.33848827405,0.13594567361053633,0.13594567361048018,2,2
0HRN,up,trend_annual_semi,6,-41300.82537196067,-41300.82537196238,0.13252701879282527,0.13252701879276893,0,0
0HRN,up,trend_quad_annual_semi,7,-41293.71103149719,-41293.71103149889,0.13248795066785551,0.13248795066779917,1,1
0HRO,east,trend,2,-102236.30378948303,-102236.30378867628,0.029378735961265716,0.02937873596417099,3,3
0HRO,east,trend_annual,4,-105049.65719193737,-105049.65719079603,0.02076367034706545,0.020763670349970398,2,2
0HRO,east,trend_annual_semi,6,-105058.30963896365,-105058.30963781875,0.020695911191702603,0.020695911194607106,1,1
0HRO,east,trend_quad_annual_semi,7,-107636.12193586801,-107636.1219342956,0.015072114234479617,0.015072114237384669,0,0
0HRO,north,trend,2,-93581.549750735,-93581.54975038613,0.08487357453772358,0.08487357454135304,3,3
0HRO,north,trend_annual,4,-94893.1366576755,-94893.13665726528,0.07210919858839075,0.07210919859201673,2,2
0HRO,north,trend_annual_semi,6,-94903.79410902072,-94903.7941086091,0.0718562185402653,0.07185621854389086,1,1
0HRO,north,trend_quad_annual_semi,7,-99961.58065641382,-99961.58065564642,0.03861282131945262,0.038612821323084766,0,0
0HRO,up,trend,2,-79178.12745476454,-79178.12745459727,0.49607186585795365,0.4960718658681256,3,3
0HRO,up,trend_annual,4,-82665.35614100486,-82665.35614074778,0.32280599287030065,0.3228059928804723,2,2
0HRO,up,trend_annual_semi,6,-82868.06090920072,-82868.06090893675,0.31418942295065877,0.3141894229608255,1,1
0HRO,up,trend_quad_annual_semi,7,-83515.0104268211,-83515.01042653508,0.289915515976184,0.2899155159863485,0,0
0HSA,east,trend,2,-79434.17767846062,-79434.17767806027,0.06580985661720859,0.06580985662104083,3,3
0HSA,east,trend_annual,4,-84140.24707408375,-84140.24707328728,0.03310485899016339,0.03310485899399856,2,2
0HSA,east,trend_annual_semi,6,-84444.62057951951,-84444.62057868557,0.031589891778716794,0.03158989178254869,1,1
0HSA,east,trend_quad_annual_semi,7,-84466.37233394511,-84466.37233310663,0.03144965811814451,0.031449658121980195,0,0
0HSA,north,trend,2,-85961.77779420382,-85961.7777913718,0.0254648868247758,0.025464886835265564,3,3
0HSA,north,trend_annual,4,-87152.62092643593,-87152.62092305967,0.02135992706363227,0.02135992707412198,2,2
0HSA,north,trend_annual_semi,6,-87560.32937825394,-87560.329374662,0.020078371318775146,0.020078371329265373,1,1
0HSA,north,trend_quad_annual_semi,7,-87623.79228627513,-87623.7922826453,0.019868330431821728,0.01986833044231173,0,0
0HSA,up,trend,2,-65433.579498790124,-65433.5794985088,0.5043246805214523,0.5043246805420889,3,3
0HSA,up,trend_annual,4,-69098.95069609354,-69098.9506956129,0.29515628526144444,0.2951562852820788,2,2
0HSA,up,trend_annual_semi,6,-69122.74243051594,-69122.74243003239,0.2933815589120672,0.29338155893270157,1,1
0HSA,up,trend_quad_annual_semi,7,-69312.9719682155,-69312.9719677177,0.28500852004828664,0.28500852006892274,0,0
0HST,east,trend,2,-57608.974248077124,-57608.97424806649,0.03998348066345485,0.03998348066354127,3,3
0HST,east,trend_annual,4,-61198.463801493046,-61198.46380147107,0.019201581180801338,0.019201581180887155,2,2
0HST,east,trend_annual_semi,6,-61241.72940951542,-61241.72940949322,0.018967668339614052,0.018967668339699692,1,1
0HST,east,trend_quad_annual_semi,7,-61276.70405049948,-61276.70405047709,0.018800699387787168,0.018800699387872755,0,0
0HST,north,trend,2,-57687.58445472222,-57687.58445527547,0.039349330183064274,0.0393493301786368,3,3
0HST,north,trend_annual,4,-57711.996949888104,-57711.99695044622,0.0390193024656712,0.03901930246124224,2,2
0HST,north,trend_annual_semi,6,-57785.19000947799,-57785.190010045975,0.03831008458398868,0.03831008457956332,1,1
0HST,north,trend_quad_annual_semi,7,-60112.14023908296,-60112.140239995664,0.023825071476441397,0.023825071472018927,0,0
0HST,up,trend,2,-49169.39194139282,-49169.391941358655,0.2224884596715463,0.22248845967309233,3,3
0HST,up,trend_annual,4,-51070.54110581526,-51070.541105764714,0.15062140901544752,0.15062140901699583,2,2
0HST,up,trend_annual_semi,6,-51164.69555022907,-51164.69555017733,0.1472546097727186,0.1472546097742685,1,1
0HST,up,trend_quad_annual_semi,7,-51387.8758615209,-51387.87586146674,0.14047714559006538,0.14047714559161292,0,0
0HSU,east,trend,2,-49416.459840304204,-49416.459840165,0.025276654263713737,0.025276654264567995,3,3
0HSU,east,trend_annual,4,-54311.398815269225,-54311.398814810396,0.0076710947573469775,0.007671094758201489,2,2
0HSU,east,trend_annual_semi,6,-54420.98664079036,-54420.98664031704,0.0074395654765182714,0.0074395654773731675,1,1
0HSU,east,trend_quad_annual_semi,7,-54469.16530188493,-54469.16530140542,0.007338210632029439,0.007338210632883726,0,0
0HSU,north,trend,2,-54792.46541916251,-54792.4654188693,0.0068531520580003315,0.006853152058488155,3,3
0HSU,north,trend_annual,4,-54989.82638726977,-54989.82638696101,0.006506179865538536,0.006506179866026241,2,2
0HSU,north,trend_annual_semi,6,-55158.609684593284,-55158.60968427042,0.006219778271812614,0.006219778272300135,1,1
0HSU,north,trend_quad_annual_semi,7,-55234.67877057403,-55234.678770244616,0.006093640465839375,0.006093640466326709,0,0
0HSU,up,trend,2,-39968.94178973527,-39968.94178972935,0.2505165104793095,0.25051651047966894,3,3
0HSU,up,trend_annual,4,-42105.48678397021,-42105.486783960216,0.14852875820168115,0.1485287582020416,2,2
0HSU,up,trend_annual_semi,6,-42251.468953938296,-42251.46895392775,0.14277871439659517,0.14277871439696055,1,1
0HSU,up,trend_quad_annual_semi,7,-42277.76117360063,-42277.76117359002,0.14158384688262426,0.14158384688298895,0,0
0HUD,east,trend,2,-77038.40026627654,-77038.40026640747,0.09030596045786365,0.09030596045613934,3,3
0HUD,east,trend_annual,4,-84624.96021535197,-84624.96021574875,0.029791726983844788,0.029791726982120802,2,2
0HUD,east,trend_annual_semi,6,-85252.49938872123,-85252.49938915748,0.027116335931641384,0.02711633592991621,1,1
0HUD,east,trend_quad_annual_semi,7,-86586.51697971504,-86586.51698024553,0.022293605460810856,0.02229360545908613,0,0
0HUD,north,trend,2,-75759.08859058406,-75759.08859071162,0.10882854242116462,0.1088285424191402,3,3
0HUD,north,trend_annual,4,-81574.89761295533,-81574.89761325427,0.046480868602747034,0.04648086860072073,2,2
0HUD,north,trend_annual_semi,6,-82244.92972123437,-82244.92972156496,0.04204537514852043,0.04204537514649334,1,1
0HUD,north,trend_quad_annual_semi,7,-84821.99533255678,-84821.99533303878,0.02883619362810675,0.028836193626079747,0,0
0HUD,up,trend,2,-66293.70843816445,-66293.70843784617,0.43275438877788075,0.43275438879796824,3,3
0HUD,up,trend_annual,4,-70000.11707354606,-70000.1170729983,0.2514049022748913,0.25140490229497436,2,2
0HUD,up,trend_annual_semi,6,-70109.1695405004,-70109.16953994235,0.2468015634877079,0.24680156350779373,1,1
0HUD,up,trend_quad_annual_semi,7,-70182.01816815896,-70182.01816759408,0.24387906596987038,0.24387906598996117,0,0
0HUS,east,trend,2,-15070.329052253008,-15070.329052253614,0.009090400036871034,0.009090400036866706,3,3
0HUS,east,trend_annual,4,-16058.28550143022,-16058.285501431586,0.004136714116602299,0.004136714116597861,2,2
0HUS,east,trend_annual_semi,6,-16119.674941929963,-16119.674941931722,0.003897929877677184,0.003897929877671799,1,1
0HUS,east,trend_quad_annual_semi,7,-17047.08545975243,-17047.08545975551,0.0018706875925462911,0.0018706875925417622,0,0
0HUS,north,trend,2,-15725.021729382232,-15725.02172966452,0.005435370740436096,0.005435370739230801,2,2
0HUS,north,trend_annual,4,-15723.347889482173,-15723.347889767336,0.005381734215446733,0.005381734214241181,3,3
0HUS,north,trend_annual_semi,6,-15749.424915962001,-15749.42491625813,0.005213722133187097,0.00521372213197426,1,1
0HUS,north,trend_quad_annual_semi,7,-16014.406254937105,-16014.406255303022,0.0042102542231049825,0.004210254221894764,0,0
0HUS,up,trend,2,-12316.299121777909,-12316.299121794826,0.07909391832900917,0.07909391832795809,3,3
0HUS,up,trend_annual,4,-12973.643496192064,-12973.643496220735,0.04666665244357822,0.04666665244252712,2,2
0HUS,up,trend_annual_semi,6,-12982.048216552128,-12982.048216582314,0.045841765784719934,0.04584176578363293,0,0
0HUS,up,trend_quad_annual_semi,7,-12977.62263867317,-12977.62263870336,0.04574379324159334,0.045743793240508424,1,1
0HVI,east,trend,2,-22974.97414400691,-22974.97414393725,0.04749165939657217,0.04749165939811452,3,3
0HVI,east,trend_annual,4,-27205.020295563118,-27205.020295059112,0.006562372942407512,0.006562372943949464,2,2
0HVI,east,trend_annual_semi,6,-27344.891895528574,-27344.891894986693,0.006104289446248931,0.006104289447791018,1,1
0HVI,east,trend_quad_annual_semi,7,-27361.263856678826,-27361.26385613076,0.006036249777232888,0.006036249778775197,0,0
0HVI,north,trend,2,-25630.809339994357,-25630.809340018248,0.013768763298994142,0.013768763298840782,3,3
0HVI,north,trend_annual,4,-26402.888887652716,-26402.88888768718,0.009538214445447776,0.00953821444529452,2,2
0HVI,north,trend_annual_semi,6,-26651.46564826301,-26651.46564830251,0.008433967920453297,0.008433967920297982,1,1
0HVI,north,trend_quad_annual_semi,7,-26827.19862435596,-26827.19862439897,0.0077428077606267074,0.00774280776047144,0,0
0HVI,up,trend,2,-20243.235853503087,-20243.235853486007,0.1697101137937898,0.1697101137951413,3,3
0HVI,up,trend_annual,4,-21401.008831371448,-21401.008831341904,0.09821756971379997,0.09821756971515266,2,2
0HVI,up,trend_annual_semi,6,-21450.560756332667,-21450.560756303134,0.09529064450954083,0.095290644510853,1,1
0HVI,up,trend_quad_annual_semi,7,-21658.65214355594,-21658.652143523203,0.08617181573022292,0.08617181573153801,0,0
0HYB,east,trend,2,-83597.00364717054,-83597.00364722328,0.10989876823563488,0.1098987682348633,3,3
0HYB,east,trend_annual,4,-88520.02557536631,-88520.02557546808,0.05692540706030307,0.056925407059531793,2,2
0HYB,east,trend_annual_semi,6,-88896.75706360982,-88896.75706371698,0.05401210459039117,0.0540121045896206,1,1
0HYB,east,trend_quad_annual_semi,7,-89191.51071904812,-89191.51071915968,0.051871894352416716,0.05187189435164631,0,0
0HYB,north,trend,2,-91685.7932732685,-91685.79327355101,0.03743603940841483,0.037436039407006697,3,3
0HYB,north,trend_annual,4,-92756.17592683568,-92756.17592716214,0.03238673435285254,0.03238673435144489,2,2
0HYB,north,trend_annual_semi,6,-92906.14331508595,-92906.1433154204,0.03167115268019327,0.03167115267878302,1,1
0HYB,north,trend_quad_annual_semi,7,-92969.8621470003,-92969.86214733757,0.031366320256654014,0.031366320255245536,0,0
0HYB,up,trend,2,-71604.74871521501,-71604.74871522422,0.5424984672169099,0.5424984672162436,3,3
0HYB,up,trend_annual,4,-75124.34179301474,-75124.34179302947,0.3387346880323907,0.3387346880317269,2,2
0HYB,up,trend_annual_semi,6,-75148.65997532704,-75148.65997534189,0.33683837399441824,0.33683837399375216,1,1
0HYB,up,trend_quad_annual_semi,7,-75528.360202359,-75528.36020237464,0.31985332109894304,0.319853321098278,0,0
0IDR,east,trend,2,-23688.04769727587,-23688.047697234484,0.010465258529138278,0.010465258529360045,3,3
0IDR,east,trend_annual,4,-25681.603426731544,-25681.603426615802,0.00374168381417599,0.0037416838143977333,2,2
0IDR,east,trend_annual_semi,6,-25780.409134165115,-25780.409134040012,0.0035295998171103763,0.0035295998173364754,0,0
0IDR,east,trend_quad_annual_semi,7,-25772.842352055533,-25772.842351930398,0.003529581130303031,0.003529581130529183,1,1
0IDR,north,trend,2,-20722.078306320396,-20722.078306002288,0.04778608952567829,0.04778608953346171,3,3
0IDR,north,trend_annual,4,-23236.495457546276,-23236.495456384677,0.013085583583990094,0.013085583591773082,2,2
0IDR,north,trend_annual_semi,6,-23677.575320919346,-23677.575319453274,0.01035950360089188,0.010359503608668523,1,1
0IDR,north,trend_quad_annual_semi,7,-23727.35782488789,-23727.35782337819,0.010059669513291906,0.010059669521068198,0,0
0IDR,up,trend,2,-18877.885395740297,-18877.885395739482,0.12285708725733259,0.12285708725738391,3,3
0IDR,up,trend_annual,4,-19785.380370903087,-19785.380370901777,0.07659985257913421,0.07659985257918558,2,2
0IDR,up,trend_annual_semi,6,-19807.631811418207,-19807.631811418032,0.07514670097256868,0.07514670097257534,1,1
0IDR,up,trend_quad_annual_semi,7,-19816.27168248321,-19816.271682483115,0.07452529397122191,0.07452529397122558,0,0
0JAK,east,trend,2,-72135.13581256416,-72135.13581253597,0.050948519945370904,0.05094851994560391,3,3
0JAK,east,trend_annual,4,-78660.60813462983,-78660.60813454815,0.017628447072528048,0.017628447072761573,2,2
0JAK,east,trend_annual_semi,6,-78765.82880552746,-78765.8288054442,0.01728113520534972,0.017281135205583092,1,1
0JAK,east,trend_quad_annual_semi,7,-79174.38282581253,-79174.38282572338,0.01615016115019378,0.016150161150427285,0,0
0JAK,north,trend,2,-74373.32742864388,-74373.32742917405,0.035437394243741295,0.035437394240693774,3,3
0JAK,north,trend_annual,4,-74795.64821096523,-74795.64821153451,0.03299755948744011,0.03299755948439307,2,2
0JAK,north,trend_annual_semi,6,-75481.0793310233,-75481.07933166136,0.029441979632791018,0.029441979629743868,1,1
0JAK,north,trend_quad_annual_semi,7,-75570.77743198555,-75570.77743263388,0.02897566820277595,0.028975668199728757,0,0
0JAK,up,trend,2,-59029.27585520597,-59029.27585520433,0.42694912101176374,0.42694912101187676,3,3
0JAK,up,trend_annual,4,-61724.534203872965,-61724.534203870455,0.27496580476948884,0.2749658047696007,2,2
0JAK,up,trend_annual_semi,6,-61739.986227986905,-61739.98622798439,0.27350210127016794,0.27350210127027996,1,1
0JAK,up,trend_quad_annual_semi,7,-61812.698189812436,-61812.69818980989,0.2699129431391514,0.2699129431392633,0,0
0JAM,east,trend,2,-51940.52370300362,-51940.523703042876,0.012944685582369088,0.012944685582245218,3,3
0JAM,east,trend_annual,4,-55238.320860118394,-55238.320860206506,0.005770048822239423,0.005770048822115477,1,1
0JAM,east,trend_annual_semi,6,-55234.52637299677,-55234.526373085064,0.005752010195812225,0.005752010195688421,2,2
0JAM,east,trend_quad_annual_semi,7,-55775.79896818793,-55775.79896828897,0.005030744389705876,0.005030744389581966,0,0
0JAM,north,trend,2,-54296.070332703894,-54296.07033373476,0.007289550430031912,0.007289550428199988,3,3
0JAM,north,trend_annual,4,-54528.93099862043,-54528.93099971636,0.006859387139844636,0.006859387138012017,2,2
0JAM,north,trend_annual_semi,6,-54700.8791610795,-54700.87916222691,0.0065511708465421795,0.006551170844709683,1,1
0JAM,north,trend_quad_annual_semi,7,-55076.68603362989,-55076.68603489003,0.005965543554616691,0.005965543552784065,0,0
0JAM,up,trend,2,-40063.19630542269,-40063.19630542054,0.2342015356468649,0.23420153564698773,3,3
0JAM,up,trend_annual,4,-42092.720012397076,-42092.72001239355,0.14221804273505684,0.142218042735179,2,2
0JAM,up,trend_annual_semi,6,-42149.82469595578,-42149.82469595227,0.13968418165371108,0.13968418165383056,1,1
0JAM,up,trend_quad_annual_semi,7,-42201.94642511369,-42201.94642511014,0.1376410926350326,0.13764109263515184,0,0
0JAR,east,trend,2,-83042.63164619183,-83042.63164671478,0.03886136637160529,0.038861366368648856,3,3
0JAR,east,trend_annual,4,-85053.84150476406,-85053.84150546636,0.02892909192806832,0.02892909192511272,2,2
0JAR,east,trend_annual_semi,6,-85193.59334977143,-85193.5933504901,0.028274109578572633,0.02827410957561658,1,1
0JAR,east,trend_quad_annual_semi,7,-85866.43283745358,-85866.43283824748,0.025604788378418425,0.02560478837546132,0,0
0JAR,north,trend,2,-79752.24372479696,-79752.24372612708,0.06271948150220338,0.06271948149006716,3,3
0JAR,north,trend_annual,4,-85168.75792834171,-85168.75793127337,0.028449488517189234,0.028449488505056,2,2
0JAR,north,trend_annual_semi,6,-86133.02488105623,-86133.02488443721,0.024662455455798586,0.024662455443668314,1,1
0JAR,north,trend_quad_annual_semi,7,-86474.92546712894,-86474.92547068693,0.02343565276813244,0.023435652756002175,0,0
0JAR,up,trend,2,-65116.08099247379,-65116.08099256893,0.5273572482405107,0.5273572482332116,3,3
0JAR,up,trend_annual,4,-69059.9453474731,-69059.9453476425,0.2963588520358207,0.2963588520285175,2,2
0JAR,up,trend_annual_semi,6,-69136.84431955479,-69136.8443197265,0.2923095735781617,0.2923095735708592,1,1
0JAR,up,trend_quad_annual_semi,7,-69261.62875408067,-69261.62875425573,0.2866823962443251,0.2866823962370238,0,0
0JAT,east,trend,2,-55144.89195106802,-55144.89195106789,0.029812159816585665,0.029812159816586498,3,3
0JAT,east,trend_annual,4,-58086.18281581649,-58086.182815816195,0.01570636369088447,0.01570636369088548,1,1
0JAT,east,trend_annual_semi,6,-58084.84742254886,-58084.84742254858,0.015653579119967478,0.015653579119968453,2,2
0JAT,east,trend_quad_annual_semi,7,-58150.03921035542,-58150.039210355135,0.01540587222211081,0.015405872222111774,0,0
0JAT,north,trend,2,-59987.89465244782,-59987.89465223931,0.010440985725704378,0.010440985726176027,3,3
0JAT,north,trend_annual,4,-60862.48493804474,-60862.4849377915,0.008607328813481132,0.008607328813953343,2,2
0JAT,north,trend_annual_semi,6,-61195.32307462688,-61195.32307435405,0.007979318792924125,0.007979318793395754,1,1
0JAT,north,trend_quad_annual_semi,7,-61382.31200919221,-61382.3120089075,0.007648551940535394,0.00764855194100714,0,0
0JAT,up,trend,2,-45425.9590866549,-45425.95908665114,0.2447909089650232,0.24479090896522238,3,3
0JAT,up,trend_annual,4,-47477.688285685734,-47477.68828567986,0.15637651895666574,0.15637651895686477,2,2
0JAT,up,trend_annual_semi,6,-47566.08133606827,-47566.08133606223,0.15285071697734828,0.1528507169775484,0,0
0JAT,up,trend_quad_annual_semi,7,-47565.64903373562,-47565.64903372956,0.1525858758102709,0.15258587581047137,1,1
0JAV,east,trend,2,-86308.83382678239,-86308.83382534471,0.053400484867444906,0.05340048487796168,3,3
0JAV,east,trend_annual,4,-93127.92549261649,-93127.9254889487,0.020931611349180368,0.020931611359697146,2,2
0JAV,east,trend_annual_semi,6,-93419.49077681037,-93419.49077298278,0.020063112145329076,0.020063112155848765,1,1
0JAV,east,trend_quad_annual_semi,7,-94410.69923789373,-94410.6992335051,0.017494426630899087,0.01749442664141644,0,0
0JAV,north,trend,2,-90602.78553060292,-90602.7855304217,0.029654303660786054,0.02965430366152224,3,3
0JAV,north,trend_annual,4,-91086.47958877405,-91086.4795885802,0.027685550786707428,0.02768555078744265,2,2
0JAV,north,trend_annual_semi,6,-91387.68231552788,-91387.68231532536,0.02650180485859767,0.026501804859332914,1,1
0JAV,north,trend_quad_annual_semi,7,-92979.92617619182,-92979.92617593931,0.02128236215404023,0.021282362154776427,0,0
0JAV,up,trend,2,-69939.06392518333,-69939.06392518083,0.5028309644932814,0.5028309644934543,3,3
0JAV,up,trend_annual,4,-73814.05835988173,-73814.05835987744,0.2950060146261789,0.29500601462635245,2,2
0JAV,up,trend_annual_semi,6,-73978.41917168882,-73978.4191716844,0.28773600377517616,0.2877360037753498,1,1
0JAV,up,trend_quad_annual_semi,7,-74011.95002672185,-74011.95002671743,0.2860685761939858,0.28606857619415904,0,0
0JFA,east,trend,2,-39675.09421076594,-39675.09421046874,0.03233794857839496,0.032337948581196985,3,3
0JFA,east,trend_annual,4,-45618.703465700455,-45618.70346401098,0.005689737951976622,0.005689737954779145,2,2
0JFA,east,trend_annual_semi,6,-45813.13340698088,-45813.133405183886,0.0053507275332941445,0.005350727536097409,0,0
0JFA,east,trend_quad_annual_semi,7,-45806.399428644254,-45806.399426846554,0.0053485341266597585,0.005348534129462974,1,1
0JFA,north,trend,2,-44625.156221186546,-44625.15622446471,0.007637533053665083,0.007637533046365634,3,3
0JFA,north,trend_annual,4,-44956.32835554624,-44956.3283591739,0.006901760127095299,0.0069017601197958085,2,2
0JFA,north,trend_annual_semi,6,-44984.24676739751,-44984.246771072445,0.0068133944828768205,0.006813394475576879,1,1
0JFA,north,trend_quad_annual_semi,7,-45214.684843633295,-45214.684847573,0.0063555857325520194,0.006355585725251972,0,0
0JFA,up,trend,2,-33252.30296029189,-33252.30296029113,0.21035052617370353,0.2103505261737503,3,3
0JFA,up,trend_annual,4,-35222.224948991774,-35222.2249489904,0.11788475471567224,0.11788475471571952,2,2
0JFA,up,trend_annual_semi,6,-35332.85007941334,-35332.85007941226,0.11360286522150423,0.11360286522153995,0,0
0JFA,up,trend_quad_annual_semi,7,-35328.49589234724,-35328.49589234615,0.11347753643326705,0.11347753643330263,1,1
0JNA,east,trend,2,-45011.15195251138,-45011.151952543034,0.030725133582936784,0.030725133582683334,3,3
0JNA,east,trend_annual,4,-49734.31880724502,-49734.31880735378,0.008933662481261798,0.008933662481008568,2,2
0JNA,east,trend_annual_semi,6,-49795.257517933875,-49795.25751804492,0.008755158503489605,0.008755158503236236,1,1
0JNA,east,trend_quad_annual_semi,7,-50078.86069549276,-50078.86069561249,0.008113907597207936,0.008113907596954737,0,0
0JNA,north,trend,2,-50035.5272181434,-50035.52721899904,0.008294784413637738,0.008294784411788023,3,3
0JNA,north,trend_annual,4,-50793.325869539076,-50793.32587058632,0.006778987333482648,0.006778987331632447,2,2
0JNA,north,trend_annual_semi,6,-50947.46566942923,-50947.46567052404,0.006484108019741579,0.006484108017891463,1,1
0JNA,north,trend_quad_annual_semi,7,-50951.45477510149,-50951.454776199906,0.006463454108151054,0.006463454106300749,0,0
0JNA,up,trend,2,-38010.58279903766,-38010.582799037686,0.19048458447015088,0.19048458447014954,3,3
0JNA,up,trend_annual,4,-39589.11518323626,-39589.11518323626,0.12569674424483102,0.12569674424483107,2,2
0JNA,up,trend_annual_semi,6,-39645.757162821414,-39645.75716282104,0.12332321293728914,0.12332321293730109,1,1
0JNA,up,trend_quad_annual_semi,7,-39728.34156403661,-39728.34156403622,0.12043795596812927,0.12043795596814123,0,0
0JOK,east,trend,2,-78216.84321646426,-78216.84321610758,0.08334466231997403,0.08334466232427744,3,3
0JOK,east,trend_annual,4,-80663.39776668232,-80663.39776617134,0.05833851968666663,0.05833851969098191,1,1
0JOK,east,trend_annual_semi,6,-80660.34907275476,-80660.34907224361,0.058215080755838595,0.05821508076014616,2,2
0JOK,east,trend_quad_annual_semi,7,-85912.6730610105,-85912.67305991419,0.027181588829643277,0.027181588833957025,0,0
0JOK,north,trend,2,-82913.20403664563,-82913.20403649949,0.04223041894874188,0.042230418949635334,3,3
0JOK,north,trend_annual,4,-83532.0220968375,-83532.02209667885,0.03851321372044664,0.038513213721331194,2,2
0JOK,north,trend_annual_semi,6,-83701.85458689011,-83701.85458672587,0.037481857588160084,0.037481857589051294,1,1
0JOK,north,trend_quad_annual_semi,7,-83885.21464063188,-83885.21464046338,0.03645337815527243,0.03645337815616158,0,0
0JOK,up,trend,2,-63700.11571114509,-63700.115711154955,0.6815854786390719,0.6815854786380984,3,3
0JOK,up,trend_annual,4,-66736.49895559649,-66736.49895561187,0.4380426450297811,0.4380426450288063,2,2
0JOK,up,trend_annual_semi,6,-66749.2597048026,-66749.259704818,0.4361165608248849,0.43611656082391215,1,1
0JOK,up,trend_quad_annual_semi,7,-68078.67885848907,-68078.6788585076,0.35930926994103385,0.3593092699400704,0,0
0JON,east,trend,2,-138384.7822446957,-138384.78224495007,0.09272515921531621,0.09272515921331347,3,3
0JON,east,trend_annual,4,-150295.96746422385,-150295.96746492415,0.033671578152179804,0.033671578150177614,2,2
0JON,east,trend_annual_semi,6,-150695.43238422903,-150695.43238495468,0.03249684898634109,0.032496848984338786,0,0
0JON,east,trend_quad_annual_semi,7,-150687.7275750677,-150687.72757579334,0.03249224369878388,0.03249224369678181,1,1
0JON,north,trend,2,-147169.07076379456,-147169.07076135522,0.04398086998123864,0.043980869990348205,3,3
0JON,north,trend_annual,4,-147525.8224006495,-147525.82239812973,0.04260069775523505,0.04260069776434965,2,2
0JON,north,trend_annual_semi,6,-147959.87302962388,-147959.87302700605,0.04099388638832348,0.040993886397435716,1,1
0JON,north,trend_quad_annual_semi,7,-149593.40349266765,-149593.40348965823,0.035656157418931085,0.03565615742804249,0,0
0JON,up,trend,2,-113000.04376845466,-113000.04376843206,0.8003828417094315,0.800382841710968,3,3
0JON,up,trend_annual,4,-116986.43579947222,-116986.43579944035,0.5696423252055045,0.5696423252070465,2,2
0JON,up,trend_annual_semi,6,-117130.70328128498,-117130.70328125266,0.5618117499920947,0.5618117499936371,1,1
0JON,up,trend_quad_annual_semi,7,-121197.24806872835,-121197.24806868246,0.39745249047715875,0.3974524904787078,0,0
0JOR,east,trend,2,-42692.992872642935,-42692.99287283387,0.04343056104416798,0.04343056104196081,3,3
0JOR,east,trend_annual,4,-44453.31156129984,-44453.311561606155,0.027064902425555207,0.0270649024233485,2,2
0JOR,east,trend_annual_semi,6,-45260.59709349057,-45260.597093871824,0.021736238518896396,0.021736238516690633,1,1
0JOR,east,trend_quad_annual_semi,7,-45262.804468914575,-45262.80446929696,0.021675928626422446,0.021675928624216273,0,0
0JOR,north,trend,2,-43658.31917602674,-43658.31917602099,0.033589806398270014,0.03358980639832138,3,3
0JOR,north,trend_annual,4,-45860.15537318054,-45860.15537317012,0.018611476675877443,0.01861147667592905,2,2
0JOR,north,trend_annual_semi,6,-46350.93961605787,-46350.9396160454,0.01626091826733219,0.016260918267386168,1,1
0JOR,north,trend_quad_annual_semi,7,-46769.542012377926,-46769.542012363956,0.014514589409183862,0.014514589409237829,0,0
0JOR,up,trend,2,-35353.42221449132,-35353.42221449557,0.3063522362903365,0.3063522362899894,3,3
0JOR,up,trend_annual,4,-37601.196100508685,-37601.19610051643,0.16768112139380165,0.16768112139345623,2,2
0JOR,up,trend_annual_semi,6,-37709.5728610203,-37709.57286102848,0.16220088188197795,0.16220088188162501,1,1
0JOR,up,trend_quad_annual_semi,7,-37714.387737918085,-37714.38773792629,0.16163861308786256,0.1616386130875096,0,0
0JTP,east,trend,2,-82887.64399181856,-82887.64399180558,0.05488780518198757,0.054887805182088675,3,3
0JTP,east,trend_annual,4,-90828.43392129357,-90828.43392125302,0.01774500487745312,0.017745004877555193,2,2
0JTP,east,trend_annual_semi,6,-90954.51848158868,-90954.51848154745,0.017386609154065716,0.01738660915416743,1,1
0JTP,east,trend_quad_annual_semi,7,-92272.56243933724,-92272.5624392875,0.014402956729186924,0.014402956729288562,0,0
0JTP,north,trend,2,-87636.09919845087,-87636.0992003288,0.02798196851326857,0.027981968505812832,3,3
0JTP,north,trend_annual,4,-91238.58643488682,-91238.58643802546,0.016741821836551023,0.016741821829095477,2,2
0JTP,north,trend_annual_semi,6,-92068.13634424527,-92068.13634778501,0.014845481108946207,0.014845481101490322,1,1
0JTP,north,trend_quad_annual_semi,7,-92126.54791887548,-92126.54792244885,0.014704457375225712,0.014704457367770467,0,0
0JTP,up,trend,2,-68924.24433065037,-68924.24433065476,0.39801006743756956,0.39801006743732165,3,3
0JTP,up,trend_annual,4,-73210.53020501604,-73210.53020502409,0.21611412645690814,0.21611412645666142,2,2
0JTP,up,trend_annual_semi,6,-73433.24832075856,-73433.24832076691,0.20886583637580802,0.2088658363755601,0,0
0JTP,up,trend_quad_annual_semi,7,-73428.08444560446,-73428.08444561278,0.20875631650892815,0.20875631650868123,1,1
0JUN,east,trend,2,-83950.90752624974,-83950.90752683459,0.03244796904446748,0.03244796904169668,3,3
0JUN,east,trend_annual,4,-86662.22532834252,-86662.22532921376,0.021784271610854104,0.02178427160808303,2,2
0JUN,east,trend_annual_semi,6,-86707.59983654298,-86707.59983742234,0.021584688974313107,0.021584688971541803,1,1
0JUN,east,trend_quad_annual_semi,7,-87212.53266685759,-87212.53266780476,0.020024792372234628,0.020024792369465347,0,0
0JUN,north,trend,2,-74489.24994346796,-74489.24994351788,0.12916664707728856,0.12916664707634706,3,3
0JUN,north,trend_annual,4,-85903.99970823746,-85903.99970850218,0.024334479562307554,0.024334479561367046,2,2
0JUN,north,trend_annual_semi,6,-86544.24799302472,-86544.24799331622,0.02210568213892046,0.022105682137979622,1,1
0JUN,north,trend_quad_annual_semi,7,-87455.04036335243,-87455.04036368514,0.019328165260434717,0.019328165259495787,0,0
0JUN,up,trend,2,-64697.32885811023,-64697.328858364,0.53957924099523,0.5395792409752374,3,3
0JUN,up,trend_annual,4,-69380.82358488678,-69380.82358539088,0.2716159025780524,0.2716159025580609,2,2
0JUN,up,trend_annual_semi,6,-69432.50889279402,-69432.50889330322,0.26887955333105357,0.26887955331106317,1,1
0JUN,up,trend_quad_annual_semi,7,-69494.91137058269,-69494.91137109722,0.2660975127121029,0.26609751269211274,0,0
0JUO,east,trend,2,-72250.11978518541,-72250.11978488276,0.04888283785301326,0.04888283785541733,3,3
0JUO,east,trend_annual,4,-80350.95422450533,-80350.95422337373,0.013068936768701387,0.013068936771104506,2,2
0JUO,east,trend_annual_semi,6,-80440.1506190779,-80440.15061792619,0.012844408953371932,0.012844408955775774,1,1
0JUO,east,trend_quad_annual_semi,7,-80515.55464393346,-80515.55464276625,0.012670012920778745,0.012670012923181808,0,0
0JUO,north,trend,2,-76236.60713520514,-76236.60713511253,0.025575589746134428,0.0255755897465193,3,3
0JUO,north,trend_annual,4,-78389.7929117677,-78389.79291163587,0.01797386793476232,0.017973867935147353,2,2
0JUO,north,trend_annual_semi,6,-78793.68431941443,-78793.68431927332,0.016784447285993424,0.016784447286378304,1,1
0JUO,north,trend_quad_annual_semi,7,-78913.25684282783,-78913.2568426837,0.016438150735620896,0.016438150736005887,0,0
0JUO,up,trend,2,-58387.75963817444,-58387.75963811429,0.46498427145460847,0.4649842714591528,3,3
0JUO,up,trend_annual,4,-61889.56544063451,-61889.56544052787,0.26247054210948406,0.2624705421140321,2,2
0JUO,up,trend_annual_semi,6,-61968.292071454234,-61968.292071345946,0.25840046971568575,0.2584004697202328,1,1
0JUO,up,trend_quad_annual_semi,7,-61990.5692003383,-61990.569200229475,0.257101999877107,0.2571019998816537,0,0
0KAB,east,trend,2,-80132.15090119363,-80132.15090118599,0.062361166797007636,0.06236116679707676,3,3
0KAB,east,trend_annual,4,-87405.15895639034,-87405.15895636824,0.021681829865151145,0.021681829865220596,2,2
0KAB,east,trend_annual_semi,6,-87568.98419900487,-87568.98419898225,0.021119007157947442,0.02111900715801672,1,1
0KAB,east,trend_quad_annual_semi,7,-88354.10226106818,-88354.10226104289,0.01882383375881787,0.01882383375888689,0,0
0KAB,north,trend,2,-87192.18236129828,-87192.18236141714,0.022418758844087644,0.022418758843701467,3,3
0KAB,north,trend_annual,4,-87712.29947603476,-87712.29947616327,0.0207380029385851,0.0207380029381989,2,2
0KAB,north,trend_annual_semi,6,-88317.33597102336,-88317.33597116412,0.018948644255217403,0.018948644254830897,1,1
0KAB,north,trend_quad_annual_semi,7,-88528.5037759347,-88528.50377608,0.018354080140704478,0.018354080140317995,0,0
0KAB,up,trend,2,-64493.16827722972,-64493.16827722088,0.6013237903338254,0.6013237903345947,3,3
0KAB,up,trend_annual,4,-68629.19298557428,-68629.19298555818,0.32938746132968477,0.32938746133045316,2,2
0KAB,up,trend_annual_semi,6,-68680.27086458464,-68680.27086456837,0.3261219703085282,0.32612197030929724,0,0
0KAB,up,trend_quad_annual_semi,7,-68678.45732421492,-68678.45732419864,0.3257901157585624,0.32579011575933103,1,1
0KAL,east,trend,2,-101094.50504793241,-101094.5050479135,0.06470370743696274,0.06470370743710543,3,3
0KAL,east,trend_annual,4,-112345.99038868316,-112345.9903886127,0.017379182090931103,0.017379182091073937,2,2
0KAL,east,trend_annual_semi,6,-112479.41295188504,-112479.41295181334,0.017074688795272464,0.017074688795415283,1,1
0KAL,east,trend_quad_annual_semi,7,-112858.0688355119,-112858.06883543685,0.016319690324555908,0.016319690324698766,0,0
0KAL,north,trend,2,-107669.39878489592,-107669.39879104074,0.030050766548057196,0.0300507665265179,3,3
0KAL,north,trend_annual,4,-107810.71513854472,-107810.71514480453,0.02949708714140241,0.029497087119864325,2,2
0KAL,north,trend_annual_semi,6,-108165.01861691465,-108165.01862345324,0.02824314920310913,0.028243149181568176,1,1
0KAL,north,trend_quad_annual_semi,7,-111480.97488916357,-111480.97489879683,0.019163432110504836,0.01916343208897141,0,0
0KAL,up,trend,2,-83250.66823313614,-83250.66823312768,0.5186440831661767,0.5186440831666883,3,3
0KAL,up,trend_annual,4,-86746.33973648684,-86746.33973647411,0.3442442794612235,0.34424427946173464,2,2
0KAL,up,trend_annual_semi,6,-86961.73949752602,-86961.73949751291,0.334994256837148,0.3349942568376605,1,1
0KAL,up,trend_quad_annual_semi,7,-87557.77758010155,-87557.77758008752,0.31216502513215094,0.3121650251326623,0,0
0KAR,east,trend,2,-127634.00405447812,-127634.00422925407,0.08460460756112641,0.08460460619865964,3,3
0KAR,east,trend_annual,4,-136754.74990976963,-136754.75031546687,0.036448014389657654,0.036448013027190286,2,2
0KAR,east,trend_annual_semi,6,-136827.4009871975,-136827.40139631936,0.036142899342796464,0.03614289798032991,1,1
0KAR,east,trend_quad_annual_semi,7,-137991.59470458378,-137991.59516042098,0.03243879295153265,0.032438791589069926,0,0
0KAR,north,trend,2,-137289.97708457464,-137289.97715051915,0.03475360467141751,0.03475360446024928,3,3
0KAR,north,trend_annual,4,-137385.4277712938,-137385.4278379329,0.03439035192537625,0.034390351714214173,2,2
0KAR,north,trend_annual_semi,6,-137771.06908393145,-137771.06915309938,0.033133025380324484,0.033133025169162306,1,1
0KAR,north,trend_quad_annual_semi,7,-137897.90172463557,-137897.90179467766,0.032720046425977665,0.03272004621481195,0,0
0KAR,up,trend,2,-104520.61606310168,-104520.61606282723,0.7117068161037767,0.711706816121775,3,3
0KAR,up,trend_annual,4,-108499.39636735832,-108499.3963669616,0.4924274702848068,0.49242747030280676,2,2
0KAR,up,trend_annual_semi,6,-108659.96556280924,-108659.96556240557,0.4843655518251043,0.4843655518431205,1,1
0KAR,up,trend_quad_annual_semi,7,-109647.21519142063,-109647.21519097863,0.44187105540752036,0.44187105542551575,0,0
0KAS,east,trend,2,-77791.97766333578,-77791.97766377409,0.060711164987362315,0.06071116498339131,3,3
0KAS,east,trend_annual,4,-80490.03134959008,-80490.0313502467,0.04048225261827472,0.04048225261430796,2,2
0KAS,east,trend_annual_semi,6,-80536.82593234688,-80536.82593301016,0.04009497382438956,0.04009497382042088,1,1
0KAS,east,trend_quad_annual_semi,7,-82700.82932547436,-82700.8293263916,0.028991389526550206,0.028991389522581866,0,0
0KAS,north,trend,2,-68946.20893898461,-68946.2089388494,0.22728269205280097,0.22728269205738633,3,3
0KAS,north,trend_annual,4,-68980.24393947888,-68980.2439393427,0.2255374064611571,0.2255374064657408,2,2
0KAS,north,trend_annual_semi,6,-69027.59203065166,-69027.59203051384,0.22336132259852665,0.2233613226031206,1,1
0KAS,north,trend_quad_annual_semi,7,-77056.90411642642,-77056.90411597025,0.06730604543419176,0.06730604543877358,0,0
0KAS,up,trend,2,-62767.987190189946,-62767.987190208114,0.5714515035737513,0.5714515035722019,3,3
0KAS,up,trend_annual,4,-67120.8337674703,-67120.83376750522,0.2976649480220727,0.2976649480205218,2,2
0KAS,up,trend_annual_semi,6,-67210.50379872964,-67210.5037987651,0.29293697019316395,0.29293697019161374,0,0
0KAS,up,trend_quad_annual_semi,7,-67206.04741941471,-67206.0474194502,0.29274671116043355,0.2927467111588824,1,1
0KAT,east,trend,2,-84755.983544405,-84755.9835443607,0.07434241244805093,0.07434241244849782,3,3
0KAT,east,trend_annual,4,-96191.65316919208,-96191.6531689821,0.015711657008153995,0.01571165700860168,2,2
0KAT,east,trend_annual_semi,6,-96570.02562292945,-96570.02562270798,0.014889250607735095,0.014889250608182596,1,1
0KAT,east,trend_quad_annual_semi,7,-96590.43273966736,-96590.43273944507,0.014830142297663058,0.01483014229811042,0,0
0KAT,north,trend,2,-83450.74406848068,-83450.74406953553,0.08874857235009373,0.08874857233738964,3,3
0KAT,north,trend_annual,4,-93005.81504614785,-93005.81505001463,0.024209199315835553,0.02420919930313212,2,2
0KAT,north,trend_annual_semi,6,-94144.66637646861,-94144.66638099214,0.020692463552433926,0.020692463539731695,1,1
0KAT,north,trend_quad_annual_semi,7,-95326.00266155573,-95326.00266687151,0.017606171506421887,0.017606171493721273,0,0
0KAT,up,trend,2,-70504.16109090335,-70504.16109090105,0.514247959838867,0.5142479598390264,3,3
0KAT,up,trend_annual,4,-74535.62396294408,-74535.62396294012,0.29684334767179954,0.29684334767195913,2,2
0KAT,up,trend_annual_semi,6,-74683.9733600045,-74683.97336000043,0.29022489092382053,0.29022489092398074,1,1
0KAT,up,trend_quad_annual_semi,7,-74781.9206947788,-74781.92069477469,0.28604692029652956,0.28604692029668954,0,0
0KBO,east,trend,2,-60462.114307348864,-60462.11430522323,0.04079244595449479,0.040792445971334954,3,3
0KBO,east,trend_annual,4,-64319.97587334721,-64319.97586883568,0.019219634799321282,0.019219634816161416,2,2
0KBO,east,trend_annual_semi,6,-64337.07196947487,-64337.071964933595,0.019092439730831787,0.01909243974767077,1,1
0KBO,east,trend_quad_annual_semi,7,-66806.70272916806,-66806.70272181815,0.011798819652491828,0.011798819669334,0,0
0KBO,north,trend,2,-68551.2147906821,-68551.21479036339,0.008478154053715922,0.008478154054240714,3,3
0KBO,north,trend_annual,4,-68911.72074913063,-68911.72074878763,0.007878663599467756,0.0078786635999926,2,2
0KBO,north,trend_annual_semi,6,-69224.82713044963,-69224.82713008377,0.007389273607395671,0.007389273607920729,0,0
0KBO,north,trend_quad_annual_semi,7,-69216.28109008071,-69216.28108971489,0.007389272864835954,0.00738927286536094,1,1
0KBO,up,trend,2,-50382.57929995739,-50382.579300008394,0.28889644168088885,0.2888964416780274,3,3
0KBO,up,trend_annual,4,-53226.11275590063,-53226.112755989394,0.16575303554011084,0.16575303553725326,2,2
0KBO,up,trend_annual_semi,6,-53395.64018210416,-53395.64018219628,0.15985304217818144,0.15985304217532165,0,0
0KBO,up,trend_quad_annual_semi,7,-53393.560064213925,-53393.56006430616,0.159652414622762,0.1596524146199017,1,1
0KEB,east,trend,2,-28696.432584746217,-28696.432584777598,0.020883404207790585,0.020883404207524096,3,3
0KEB,east,trend_annual,4,-29421.619555431862,-29421.619555474183,0.015451302466673034,0.015451302466407106,2,2
0KEB,east,trend_annual_semi,6,-29458.014205389904,-29458.01420543371,0.015127927844587297,0.015127927844317815,1,1
0KEB,east,trend_quad_annual_semi,7,-29568.12063337928,-29568.120633425253,0.01441963145857255,0.01441963145830297,0,0
0KEB,north,trend,2,-29102.766826884123,-29102.766826887586,0.0177025924165993,0.017702592416574358,3,3
0KEB,north,trend_annual,4,-29157.040169831038,-29157.040169834603,0.017206541580472398,0.017206541580447446,2,2
0KEB,north,trend_annual_semi,6,-29338.308220662962,-29338.308220666837,0.015882586494008887,0.015882586493983858,1,1
0KEB,north,trend_quad_annual_semi,7,-29348.3912443572,-29348.391244361097,0.015767451565998736,0.015767451565973745,0,0
0KEB,up,trend,2,-23107.129447866486,-23107.129447863776,0.2027458482270991,0.2027458482273224,3,3
0KEB,up,trend_annual,4,-23660.02424485975,-23660.024244856344,0.16089591768155723,0.16089591768178035,2,2
0KEB,up,trend_annual_semi,6,-23761.20122051445,-23761.20122051123,0.1534326876118245,0.15343268761202555,1,1
0KEB,up,trend_quad_annual_semi,7,-23767.76821560024,-23767.768215597,0.15253838703089623,0.15253838703109734,0,0
0KER,east,trend,2,-28086.074343171596,-28086.074343173354,0.02307916725244048,0.023079167252423816,3,3
0KER,east,trend_annual,4,-29204.037063156098,-29204.037063158892,0.014475350352331003,0.01447535035231437,2,2
0KER,east,trend_annual_semi,6,-29513.725493349284,-29513.72549335251,0.012661770523370152,0.01266177052335335,1,1
0KER,east,trend_quad_annual_semi,7,-29514.447558403048,-29514.447558406282,0.01261746578599633,0.012617465785979543,0,0
0KER,north,trend,2,-27779.937281987706,-27779.937282416904,0.026177825299290393,0.026177825294666723,3,3
0KER,north,trend_annual,4,-27860.37844413352,-27860.378444580027,0.025163465501511124,0.02516346549688739,2,2
0KER,north,trend_annual_semi,6,-27942.407781668902,-27942.407782134032,0.02417260728963189,0.024172607285004963,1,1
0KER,north,trend_quad_annual_semi,7,-28795.610151798857,-28795.610152461497,0.01696071674532072,0.016960716740695703,0,0
0KER,up,trend,2,-23250.543332464946,-23250.543332476125,0.168824686271477,0.16882468627070005,3,3
0KER,up,trend_annual,4,-24579.528643933954,-24579.52864395341,0.09708016801863663,0.09708016801785949,1,1
0KER,up,trend_annual_semi,6,-24579.788847183332,-24579.788847202864,0.09644895089141445,0.09644895089063923,0,0
0KER,up,trend_quad_annual_semi,7,-24572.68261934505,-24572.682619364597,0.09642159110601017,0.09642159110523466,2,2
0KIC,east,trend,2,-72919.03405241965,-72919.0340519656,0.05573912517749485,0.05573912518153064,3,3
0KIC,east,trend_annual,4,-76599.89971989022,-76599.89971907111,0.030905291518118782,0.03090529152215566,2,2
0KIC,east,trend_annual_semi,6,-76617.41044181255,-76617.41044098875,0.030733291204124765,0.030733291208162095,1,1
0KIC,east,trend_quad_annual_semi,7,-82010.29976554213,-82010.29976359296,0.012987396434374528,0.012987396438411302,0,0
0KIC,north,trend,2,-78133.48703380657,-78133.487033106,0.02426812479949817,0.024268124802209273,3,3
0KIC,north,trend_annual,4,-78304.18291532456,-78304.18291460261,0.02355069328685012,0.023550693289561386,2,2
0KIC,north,trend_annual_semi,6,-78624.1764349061,-78624.17643414413,0.02231678613644958,0.022316786139161222,1,1
0KIC,north,trend_quad_annual_semi,7,-80840.58274672493,-80840.58274563913,0.015650570517393714,0.015650570520103567,0,0
0KIC,up,trend,2,-60632.512828668,-60632.51282867443,0.3954176738856053,0.3954176738852003,3,3
0KIC,up,trend_annual,4,-64161.17013197149,-64161.17013198277,0.2246310957322712,0.22463109573186726,2,2
0KIC,up,trend_annual_semi,6,-64473.769151465705,-64473.76915147764,0.21311299500579892,0.2131129950053937,1,1
0KIC,up,trend_quad_annual_semi,7,-64683.2143399199,-64683.214339932194,0.20582559888100996,0.2058255988806063,0,0
0KIE,east,trend,2,-76972.1912531425,-76972.19125352101,0.02847128204338511,0.028471282041663347,3,3
0KIE,east,trend_annual,4,-79704.42234808758,-79704.42234867513,0.01834898411734555,0.018348984115623076,2,2
0KIE,east,trend_annual_semi,6,-79752.34844440669,-79752.34844500024,0.018158226643058457,0.018158226641336463,1,1
0KIE,east,trend_quad_annual_semi,7,-79892.06008983018,-79892.06009043806,0.017732610112104648,0.017732610110382425,0,0
0KIE,north,trend,2,-76510.59369162691,-76510.5936915726,0.030650388643385776,0.030650388643651705,3,3
0KIE,north,trend_annual,4,-77137.14867601209,-77137.14867595144,0.027653363046175924,0.027653363046443877,2,2
0KIE,north,trend_annual_semi,6,-77460.03673183134,-77460.03673176706,0.02618969994040638,0.02618969994067536,1,1
0KIE,north,trend_quad_annual_semi,7,-77528.16314578893,-77528.16314572433,0.025870025348605684,0.0258700253488727,0,0
0KIE,up,trend,2,-60240.04186441869,-60240.041864417304,0.4124810601677502,0.4124810601678415,3,3
0KIE,up,trend_annual,4,-62972.41848159196,-62972.41848158981,0.26582689327135145,0.2658268932714426,2,2
0KIE,up,trend_annual_semi,6,-63159.77929668195,-63159.77929667973,0.25726774434876326,0.2572677443488547,1,1
0KIE,up,trend_quad_annual_semi,7,-63172.58780551647,-63172.58780551424,0.25638347218580154,0.2563834721858928,0,0
0KIR,east,trend,2,-130484.08128808477,-130484.08128852127,0.11331258173974754,0.11331258173538392,3,3
0KIR,east,trend_annual,4,-137204.55043001022,-137204.55043080077,0.06252757150356388,0.06252757149920281,2,2
0KIR,east,trend_annual_semi,6,-137254.63411151612,-137254.63411231173,0.0621494444728996,0.062149444468537235,1,1
0KIR,east,trend_quad_annual_semi,7,-137577.50427777332,-137577.5042785927,0.060354403533500446,0.060354403529137526,0,0
0KIR,north,trend,2,-129240.47837203607,-129240.47837410227,0.12645212077197196,0.12645212074892168,3,3
0KIR,north,trend_annual,4,-129400.857557759,-129400.8575598577,0.12447034505574098,0.12447034503269479,2,2
0KIR,north,trend_annual_semi,6,-129617.31471010183,-129617.31471224358,0.12191498011436071,0.12191498009132462,1,1
0KIR,north,trend_quad_annual_semi,7,-131166.9704889337,-131166.97049139158,0.10624907228611025,0.10624907226307116,0,0
0KIR,up,trend,2,-100946.13300194721,-100946.1330019465,1.5346483456896842,1.5346483456897837,3,3
0KIR,up,trend_annual,4,-104721.7370710202,-104721.73707101915,1.0980781190396545,1.0980781190397555,2,2
0KIR,up,trend_annual_semi,6,-104874.24968645583,-104874.24968645479,1.0816192727784357,1.0816192727785356,1,1
0KIR,up,trend_quad_annual_semi,7,-107375.09538500202,-107375.09538500074,0.8667585951452876,0.8667585951453856,0,0
0KIS,east,trend,2,-19043.28959315958,-19043.289593157082,0.012900798578590776,0.012900798578610673,3,3
0KIS,east,trend_annual,4,-19930.13391734568,-19930.133917341318,0.00740205189410772,0.0074020518941276085,2,2
0KIS,east,trend_annual_semi,6,-20027.299049309913,-20027.29904930474,0.00690869344395612,0.006908693443978141,1,1
0KIS,east,trend_quad_annual_semi,7,-20038.843191367032,-20038.84319136175,0.0068285554344056825,0.006828555434427898,0,0
0KIS,north,trend,2,-18787.32094356474,-18787.320943562718,0.015104647718665208,0.015104647718684038,3,3
0KIS,north,trend_annual,4,-19239.583023456722,-19239.583023454023,0.01132752162136983,0.011327521621388673,2,2
0KIS,north,trend_annual_semi,6,-19319.10570076096,-19319.10570076052,0.010688077560002396,0.010688077560005275,0,0
0KIS,north,trend_quad_annual_semi,7,-19313.17379491705,-19313.1737949166,0.010678466396000362,0.010678466396003297,1,1
0KIS,up,trend,2,-14493.91529217087,-14493.915292169799,0.21280028467605266,0.21280028467619325,3,3
0KIS,up,trend_annual,4,-15935.968466881912,-15935.968466879283,0.08672429892003022,0.08672429892017074,2,2
0KIS,up,trend_annual_semi,6,-15991.033563946203,-15991.03356394319,0.08307111445354697,0.08307111445370122,0,0
0KIS,up,trend_quad_annual_semi,7,-15984.684855594915,-15984.684855591904,0.08301773049115649,0.08301773049131059,1,1
0KIV,east,trend,2,-56279.6297516127,-56279.62975169593,0.029115354981011383,0.02911535498049519,3,3
0KIV,east,trend_annual,4,-60285.910358641384,-60285.910358837435,0.012358652291418954,0.012358652290902893,1,1
0KIV,east,trend_annual_semi,6,-60277.304980412824,-60277.30498060918,0.012336815274541817,0.012336815274025853,2,2
0KIV,east,trend_quad_annual_semi,7,-60927.61218068802,-60927.61218091405,0.010721773977768124,0.010721773977251934,0,0
0KIV,north,trend,2,-58974.78980111211,-58974.78980050981,0.01639894000273636,0.0163989400048401,3,3
0KIV,north,trend_annual,4,-60021.80789429718,-60021.80789354186,0.013073774332590715,0.013073774334693998,2,2
0KIV,north,trend_annual_semi,6,-60344.66004741967,-60344.66004660799,0.012161093233053307,0.012161093235155723,1,1
0KIV,north,trend_quad_annual_semi,7,-60387.1709378599,-60387.17093703892,0.012029796103332647,0.012029796105436207,0,0
0KIV,up,trend,2,-45932.62806380318,-45932.628063801596,0.2637759115730505,0.26377591157313957,3,3
0KIV,up,trend_annual,4,-47413.98767859294,-47413.98767859074,0.1917092654964929,0.19170926549658235,2,2
0KIV,up,trend_annual_semi,6,-47760.73061787228,-47760.7306178699,0.17742091052558856,0.17742091052567857,1,1
0KIV,up,trend_quad_annual_semi,7,-47896.709491253874,-47896.70949125141,0.17204597813377834,0.17204597813386846,0,0
0KLI,east,trend,2,-91165.50611531385,-91165.50611405846,0.03160735443910777,0.031607354444486604,3,3
0KLI,east,trend_annual,4,-92731.075808725,-92731.07580716907,0.025501880122465796,0.025501880127844587,1,1
0KLI,east,trend_annual_semi,6,-92716.56730609361,-92716.56730453706,0.025490461826376137,0.025490461831754567,2,2
0KLI,east,trend_quad_annual_semi,7,-92862.73232992548,-92862.73232833586,0.024960222074051408,0.024960222079429897,0,0
0KLI,north,trend,2,-84425.94074296774,-84425.94074297759,0.0788053941176856,0.07880539411758034,3,3
0KLI,north,trend_annual,4,-91864.18561253046,-91864.18561255773,0.028681856504316164,0.028681856504210117,2,2
0KLI,north,trend_annual_semi,6,-92033.1080931593,-92033.10809318734,0.027964941800737466,0.02796494180063115,1,1
0KLI,north,trend_quad_annual_semi,7,-92584.84829898296,-92584.84829901347,0.025918381203890214,0.025918381203783075,0,0
0KLI,up,trend,2,-70845.6736537405,-70845.67365369231,0.49664444630315835,0.49664444630640214,3,3
0KLI,up,trend_annual,4,-74192.43429688111,-74192.43429680518,0.31475192304928623,0.31475192305252575,2,2
0KLI,up,trend_annual_semi,6,-74255.77253461264,-74255.77253453582,0.311308477799614,0.3113084778028558,1,1
0KLI,up,trend_quad_annual_semi,7,-74313.72621793613,-74313.72621785874,0.308499749727985,0.308499749731221,0,0
0KNA,east,trend,2,-93742.979540773,-93742.97954070555,0.17575993871802936,0.17575993871939563,3,3
0KNA,east,trend_annual,4,-106596.97980138398,-106596.97980108691,0.03986386564040957,0.03986386564177446,2,2
0KNA,east,trend_annual_semi,6,-106954.14969890886,-106954.14969860064,0.03817619968509624,0.03817619968645254,1,1
0KNA,east,trend_quad_annual_semi,7,-108488.16479851048,-108488.16479814026,0.031955864869469316,0.03195586487083288,0,0
0KNA,north,trend,2,-111084.51953094454,-111084.51953118407,0.023815216026837168,0.023815216026179677,3,3
0KNA,north,trend_annual,4,-112075.61753483518,-112075.61753510388,0.0211999713006004,0.021199971299943825,2,2
0KNA,north,trend_annual_semi,6,-112766.1337610295,-112766.13376132118,0.01953719633991447,0.01953719633925765,1,1
0KNA,north,trend_quad_annual_semi,7,-113211.65740190593,-113211.6574022134,0.01853987211097151,0.01853987211031449,0,0
0KNA,up,trend,2,-84518.93079405793,-84518.93079464081,0.5089182760433282,0.5089182760091373,3,3
0KNA,up,trend_annual,4,-89095.23485427849,-89095.23485526838,0.29968441360349257,0.2996844135693002,2,2
0KNA,up,trend_annual_semi,6,-89245.522113661,-89245.52211467041,0.29392285833916026,0.293922858304964,1,1
0KNA,up,trend_quad_annual_semi,7,-89737.20061064188,-89737.20061171094,0.27743898189389393,0.27743898185970817,0,0
0KNI,east,trend,2,-14685.748484029427,-14685.748484030131,0.005870481679855465,0.005870481679852024,3,3
0KNI,east,trend_annual,4,-16403.648285841216,-16403.64828584419,0.001389488395294029,0.001389488395290594,2,2
0KNI,east,trend_annual_semi,6,-16452.012272986805,-16452.012272989534,0.0013190337389304154,0.0013190337389274226,0,0
0KNI,east,trend_quad_annual_semi,7,-16448.44955634719,-16448.449556349926,0.0013151667863166537,0.0013151667863136628,1,1
0KNI,north,trend,2,-16153.397895563436,-16153.397895541195,0.0017314003334144225,0.0017314003334464628,3,3
0KNI,north,trend_annual,4,-16318.789371438505,-16318.7893714127,0.001491129247232232,0.0014911292472642424,2,2
0KNI,north,trend_annual_semi,6,-16352.097578093748,-16352.097578066743,0.001433362609156596,0.001433362609188798,0,0
0KNI,north,trend_quad_annual_semi,7,-16346.66992450857,-16346.669924481455,0.0014313795875803325,0.0014313795876126191,1,1
0KNI,up,trend,2,-11801.037838868435,-11801.03783887452,0.06470654463215375,0.06470654463182618,3,3
0KNI,up,trend_annual,4,-12321.68331719451,-12321.683317204006,0.04146763028724454,0.04146763028691695,2,2
0KNI,up,trend_annual_semi,6,-12339.35997998159,-12339.35997999232,0.0403829305226202,0.04038293052225968,1,1
0KNI,up,trend_quad_annual_semi,7,-12346.37737276423,-12346.377372774978,0.039911684868424474,0.03991168486806758,0,0
0KOB,east,trend,2,-inf,-12654.611462391145,0.0,0.006043838013369007,0,3
0KOB,east,trend_annual,4,-inf,-14319.259880689699,0.0,0.0012219027000769924,1,2
0KOB,east,trend_annual_semi,6,-inf,-14337.101640848747,0.0,0.0011855022432879217,2,1
0KOB,east,trend_quad_annual_semi,7,-inf,-14342.637540304346,0.0,0.0011714812248211771,3,0
0KOB,north,trend,2,-10845.466618047285,-14015.684440572952,0.03385322718653483,0.0016533098752332471,0,3
0KOB,north,trend_annual,4,-10838.732418668984,-14159.544566839655,0.03362256077024055,0.0014226467665691227,1,2
0KOB,north,trend_annual_semi,6,-10828.433522209625,-14234.563815094269,0.03350702784380899,0.0013071139182459152,2,0
0KOB,north,trend_quad_annual_semi,7,-10821.477133765064,-14227.61081714451,0.03350702283375591,0.0013071095020838596,3,1
0KOB,up,trend,2,-10401.3378085035,-10401.3821778292,0.05167706940393568,0.0516748857579549,3,3
0KOB,up,trend_annual,4,-10901.31634652165,-10901.391816897498,0.03167708511105527,0.031674808353336935,2,2
0KOB,up,trend_annual_semi,6,-10935.401009152452,-10935.47972188174,0.03026165519956603,0.03025938673461944,0,0
0KOB,up,trend_quad_annual_semi,7,-10931.87175684152,-10931.952070139225,0.030163039505608502,0.030160732457487533,1,1
0KOL,east,trend,2,-54009.44906780998,-54009.44906780497,0.2098232936328599,0.20982329363305735,3,3
0KOL,east,trend_annual,4,-65399.190454684554,-65399.190454641874,0.02465374130370273,0.024653741303900245,2,2
0KOL,east,trend_annual_semi,6,-65730.91592611154,-65730.91592606594,0.023090809059941417,0.02309080906013905,1,1
0KOL,east,trend_quad_annual_semi,7,-65748.36189262173,-65748.36189257595,0.022978267769865078,0.02297826777006259,0,0
0KOL,north,trend,2,-62493.25647899951,-62493.256478468276,0.04267702031460837,0.04267702031886432,3,3
0KOL,north,trend_annual,4,-67704.09782799655,-67704.09782657992,0.01599449693183455,0.015994496936088003,2,2
0KOL,north,trend_annual_semi,6,-68075.81974701586,-68075.81974549175,0.014868464112983006,0.014868464117237027,1,1
0KOL,north,trend_quad_annual_semi,7,-68239.62984853645,-68239.62984696224,0.014394998100060494,0.014394998104314426,0,0
0KOL,up,trend,2,-51408.97980758291,-51408.97980757828,0.3418709761015414,0.34187097610183836,3,3
0KOL,up,trend_annual,4,-54680.154612335115,-54680.15461232657,0.18440554557578884,0.18440554557608463,2,2
0KOL,up,trend_annual_semi,6,-54728.64797528202,-54728.64797527337,0.18214672419211,0.18214672419240566,1,1
0KOL,up,trend_quad_annual_semi,7,-54762.875109614804,-54762.87510960607,0.18068886185946204,0.18068886185975813,0,0
